Timestamp,User Count,Type,Name,Requests/s,Failures/s,50%,66%,75%,80%,90%,95%,98%,99%,99.9%,99.99%,100%,Total Request Count,Total Failure Count,Total Median Response Time,Total Average Response Time,Total Min Response Time,Total Max Response Time,Total Average Content Size
1777032124,0,,Aggregated,0.000000,0.000000,N/A,N/A,N/A,N/A,N/A,N/A,N/A,N/A,N/A,N/A,N/A,0,0,0,0.0,0,0,0
1777032125,10,,Aggregated,0.000000,0.000000,930,950,950,980,980,980,980,980,980,980,980,5,0,930,923.9929417992244,868.5438329994213,981.0655839974061,0.0
1777032126,20,,Aggregated,0.000000,0.000000,280,440,490,510,950,1000,1000,1000,1000,1000,1000,63,0,280,434.35287042770403,244.06591700972058,1047.2513749991776,0.0
1777032127,30,,Aggregated,0.000000,0.000000,390,420,440,440,510,950,1000,1000,1000,1000,1000,136,0,390,398.05408335290423,244.06591700972058,1047.2513749991776,0.0
1777032128,40,,Aggregated,6.500000,0.000000,390,440,500,510,520,530,1000,1000,1000,1000,1000,214,0,390,419.64183354676294,244.06591700972058,1047.2513749991776,0.0
1777032129,50,,Aggregated,26.000000,0.000000,440,510,520,520,630,630,980,1000,1000,1000,1000,292,0,440,457.9871857808129,244.06591700972058,1047.2513749991776,0.0
1777032130,60,,Aggregated,37.750000,0.000000,510,520,630,640,650,820,930,1000,1000,1000,1000,368,0,510,506.05247780699955,244.06591700972058,1047.2513749991776,0.0
1777032131,70,,Aggregated,45.800000,0.000000,510,630,650,770,900,980,1000,1100,1100,1100,1100,432,0,510,566.425811250021,244.06591700972058,1096.0781250032596,0.0
1777032132,80,,Aggregated,51.166667,0.000000,630,750,840,870,950,1000,1000,1100,1100,1100,1100,516,0,630,618.7188943699449,244.06591700972058,1096.0781250032596,0.0
1777032133,90,,Aggregated,52.571429,0.000000,640,840,910,970,1000,1000,1000,1100,1100,1100,1100,595,0,640,672.8191212114356,244.06591700972058,1096.0781250032596,0.0
1777032134,100,,Aggregated,56.250000,0.000000,690,910,1000,1000,1100,1100,1100,1100,1100,1100,1100,673,0,690,725.1248386518405,244.06591700972058,1148.6849999928381,0.0
1777032135,100,,Aggregated,58.777778,0.000000,820,1000,1000,1100,1100,1300,1300,1300,1300,1300,1300,754,0,820,780.0580170659046,244.06591700972058,1271.004249996622,0.0
1777032136,100,,Aggregated,60.900000,0.000000,870,1000,1100,1100,1300,1300,1300,1300,1300,1300,1300,833,0,870,824.7574921375943,244.06591700972058,1274.2245419940446,0.0
1777032137,100,,Aggregated,68.800000,0.000000,920,1100,1100,1200,1300,1300,1300,1300,1300,1300,1300,911,0,920,864.5864409446093,244.06591700972058,1304.4166670006234,0.0
1777032138,100,,Aggregated,75.500000,0.000000,1000,1100,1200,1300,1300,1300,1300,1300,1300,1300,1300,992,0,1000,896.8783180821887,244.06591700972058,1304.4166670006234,0.0
1777032139,100,,Aggregated,76.700000,0.000000,1000,1200,1200,1300,1300,1300,1300,1300,1300,1300,1300,1074,0,1000,922.2826799352326,244.06591700972058,1304.4166670006234,0.0
1777032140,100,,Aggregated,77.400000,0.000000,1000,1200,1200,1300,1300,1300,1300,1300,1300,1300,1300,1155,0,1000,943.560326694714,244.06591700972058,1304.4166670006234,0.0
1777032141,100,,Aggregated,77.600000,0.000000,1100,1200,1200,1300,1300,1300,1300,1300,1300,1300,1300,1234,0,1100,964.3534550594967,244.06591700972058,1337.9572499979986,0.0
1777032142,100,,Aggregated,78.000000,0.000000,1100,1200,1200,1300,1300,1300,1300,1300,1300,1300,1300,1314,0,1100,981.0830162331945,244.06591700972058,1337.9572499979986,0.0
1777032143,100,,Aggregated,79.900000,0.000000,1200,1200,1300,1300,1300,1300,1300,1300,1300,1300,1300,1395,0,1200,996.756158600975,244.06591700972058,1337.9572499979986,0.0
1777032144,100,,Aggregated,79.700000,0.000000,1200,1200,1300,1300,1300,1300,1300,1300,1300,1300,1300,1471,0,1200,1010.01786120352,244.06591700972058,1337.9572499979986,0.0
1777032145,100,,Aggregated,79.800000,0.000000,1200,1200,1300,1300,1300,1300,1300,1300,1300,1300,1300,1555,0,1200,1024.3393222613665,244.06591700972058,1337.9572499979986,0.0
1777032146,100,,Aggregated,79.800000,0.000000,1200,1200,1300,1300,1300,1300,1300,1300,1300,1300,1300,1636,0,1200,1033.549895374334,244.06591700972058,1337.9572499979986,0.0
1777032147,100,,Aggregated,79.600000,0.000000,1200,1200,1300,1300,1300,1300,1300,1300,1300,1300,1300,1717,0,1200,1043.281373007796,244.06591700972058,1337.9572499979986,0.0
1777032148,100,,Aggregated,79.900000,0.000000,1200,1200,1300,1300,1300,1300,1300,1300,1300,1300,1300,1799,0,1200,1051.830911456516,244.06591700972058,1337.9572499979986,0.0
1777032149,100,,Aggregated,80.200000,0.000000,1200,1200,1300,1300,1300,1300,1300,1300,1300,1300,1300,1878,0,1200,1059.856409106674,244.06591700972058,1337.9572499979986,0.0
1777032150,100,,Aggregated,80.400000,0.000000,1200,1200,1300,1300,1300,1300,1300,1300,1400,1400,1400,1958,0,1200,1068.3974828750358,244.06591700972058,1414.304792007897,0.0
1777032151,100,,Aggregated,80.400000,0.000000,1200,1200,1300,1300,1300,1300,1300,1300,1400,1400,1400,2036,0,1200,1076.166255999696,244.06591700972058,1414.304792007897,0.0
1777032152,100,,Aggregated,80.200000,0.000000,1200,1300,1300,1300,1300,1300,1300,1300,1400,1400,1400,2115,0,1200,1083.284811901824,244.06591700972058,1414.304792007897,0.0
1777032153,100,,Aggregated,80.200000,0.000000,1200,1300,1300,1300,1300,1300,1300,1300,1400,1400,1400,2195,0,1200,1089.4387882115504,244.06591700972058,1414.304792007897,0.0
1777032154,100,,Aggregated,79.900000,0.000000,1200,1300,1300,1300,1300,1300,1300,1300,1400,1400,1400,2274,0,1200,1095.5818442719074,244.06591700972058,1414.304792007897,0.0
1777032155,100,,Aggregated,79.900000,0.000000,1200,1300,1300,1300,1300,1300,1300,1300,1400,1400,1400,2354,0,1200,1101.0503812286922,244.06591700972058,1414.304792007897,0.0
1777032156,100,,Aggregated,79.700000,0.000000,1200,1300,1300,1300,1300,1300,1300,1300,1400,1400,1400,2432,0,1200,1106.230295586899,244.06591700972058,1414.304792007897,0.0
1777032157,100,,Aggregated,80.000000,0.000000,1200,1300,1300,1300,1300,1300,1300,1300,1400,1400,1400,2511,0,1200,1111.5388694027754,244.06591700972058,1414.304792007897,0.0
1777032158,100,,Aggregated,79.700000,0.000000,1200,1300,1300,1300,1300,1300,1300,1300,1400,1400,1400,2592,0,1200,1116.2112306262704,244.06591700972058,1414.304792007897,0.0
1777032159,100,,Aggregated,79.500000,0.000000,1200,1300,1300,1300,1300,1300,1300,1300,1400,1400,1400,2675,0,1200,1119.8040133619763,244.06591700972058,1414.304792007897,0.0
1777032160,100,,Aggregated,79.100000,0.000000,1200,1300,1300,1300,1300,1300,1300,1300,1400,1400,1400,2755,0,1200,1122.2309949296698,244.06591700972058,1414.304792007897,0.0
1777032161,100,,Aggregated,79.400000,0.000000,1200,1300,1300,1300,1300,1300,1300,1300,1400,1400,1400,2837,0,1200,1125.5371187237145,244.06591700972058,1414.304792007897,0.0
1777032162,100,,Aggregated,79.600000,0.000000,1200,1300,1300,1300,1300,1300,1300,1300,1400,1400,1400,2916,0,1200,1128.8791700748461,244.06591700972058,1414.304792007897,0.0
1777032163,100,,Aggregated,79.600000,0.000000,1200,1300,1300,1300,1300,1300,1300,1300,1400,1400,1400,2996,0,1200,1132.567887843876,244.06591700972058,1414.304792007897,0.0
1777032164,100,,Aggregated,80.000000,0.000000,1200,1300,1300,1300,1300,1300,1300,1300,1400,1400,1400,3071,0,1200,1136.0839553677201,244.06591700972058,1414.304792007897,0.0
1777032165,100,,Aggregated,79.800000,0.000000,1200,1300,1300,1300,1300,1300,1300,1300,1400,1400,1400,3149,0,1200,1140.2825674846608,244.06591700972058,1414.304792007897,0.0
1777032166,100,,Aggregated,80.000000,0.000000,1200,1300,1300,1300,1300,1300,1300,1300,1400,1400,1400,3228,0,1200,1143.9197229220088,244.06591700972058,1414.304792007897,0.0
1777032167,100,,Aggregated,79.600000,0.000000,1200,1300,1300,1300,1300,1300,1300,1300,1400,1400,1400,3308,0,1200,1146.5607295357433,244.06591700972058,1414.304792007897,0.0
1777032168,100,,Aggregated,79.300000,0.000000,1200,1300,1300,1300,1300,1300,1300,1300,1400,1400,1400,3389,0,1200,1149.0375207687212,244.06591700972058,1414.304792007897,0.0
1777032169,100,,Aggregated,79.500000,0.000000,1200,1300,1300,1300,1300,1300,1300,1300,1400,1400,1400,3469,0,1200,1151.4400900389514,244.06591700972058,1414.304792007897,0.0
1777032170,100,,Aggregated,79.700000,0.000000,1200,1300,1300,1300,1300,1300,1300,1300,1400,1400,1400,3546,0,1200,1153.8139329329117,244.06591700972058,1414.304792007897,0.0
1777032171,100,,Aggregated,79.400000,0.000000,1200,1300,1300,1300,1300,1300,1300,1300,1400,1400,1400,3624,0,1200,1156.9773553780708,244.06591700972058,1414.304792007897,0.0
1777032172,100,,Aggregated,79.200000,0.000000,1300,1300,1300,1300,1300,1300,1300,1300,1400,1400,1400,3704,0,1300,1159.7200615129686,244.06591700972058,1414.304792007897,0.0
1777032173,100,,Aggregated,78.900000,0.000000,1300,1300,1300,1300,1300,1300,1300,1300,1400,1400,1400,3781,0,1300,1161.4813115400523,244.06591700972058,1414.304792007897,0.0
1777032174,100,,Aggregated,78.500000,0.000000,1300,1300,1300,1300,1300,1300,1300,1300,1400,1400,1400,3858,0,1300,1164.0540255046644,244.06591700972058,1414.304792007897,0.0
1777032175,100,,Aggregated,78.700000,0.000000,1300,1300,1300,1300,1300,1300,1300,1300,1400,1400,1400,3937,0,1300,1166.6431168569927,244.06591700972058,1414.304792007897,0.0
1777032176,100,,Aggregated,78.500000,0.000000,1300,1300,1300,1300,1300,1300,1300,1300,1400,1400,1400,4016,0,1300,1168.6387568847078,244.06591700972058,1414.304792007897,0.0
1777032177,100,,Aggregated,78.500000,0.000000,1300,1300,1300,1300,1300,1300,1300,1300,1400,1400,1400,4095,0,1300,1170.7026152883875,244.06591700972058,1414.304792007897,0.0
1777032178,100,,Aggregated,78.700000,0.000000,1300,1300,1300,1300,1300,1300,1300,1300,1400,1400,1400,4173,0,1300,1172.7435119870354,244.06591700972058,1414.304792007897,0.0
1777032179,100,,Aggregated,78.600000,0.000000,1300,1300,1300,1300,1300,1300,1300,1300,1400,1400,1400,4252,0,1300,1174.5104508704026,244.06591700972058,1414.304792007897,0.0
1777032180,100,,Aggregated,78.300000,0.000000,1300,1300,1300,1300,1300,1300,1300,1300,1400,1400,1400,4331,0,1300,1176.0262022968986,244.06591700972058,1414.304792007897,0.0
1777032181,100,,Aggregated,78.300000,0.000000,1300,1300,1300,1300,1300,1300,1300,1300,1400,1400,1400,4412,0,1300,1178.1238913725817,244.06591700972058,1441.7212920088787,0.0
1777032182,100,,Aggregated,78.300000,0.000000,1300,1300,1300,1300,1300,1300,1300,1300,1400,1400,1400,4489,0,1300,1179.1255562824063,244.06591700972058,1441.7212920088787,0.0
1777032183,100,,Aggregated,78.300000,0.000000,1300,1300,1300,1300,1300,1300,1300,1300,1400,1400,1400,4569,0,1300,1181.0918113166629,244.06591700972058,1441.7212920088787,0.0
1777032184,100,,Aggregated,78.700000,0.000000,1300,1300,1300,1300,1300,1300,1300,1300,1400,1400,1400,4648,0,1300,1182.0795645141527,244.06591700972058,1441.7212920088787,0.0
1777032185,100,,Aggregated,78.400000,0.000000,1300,1300,1300,1300,1300,1300,1300,1300,1400,1400,1400,4727,0,1300,1183.8860696324864,244.06591700972058,1441.7212920088787,0.0
1777032186,100,,Aggregated,78.600000,0.000000,1300,1300,1300,1300,1300,1300,1300,1300,1400,1400,1400,4814,0,1300,1184.6497123728195,244.06591700972058,1441.7212920088787,0.0
1777032187,100,,Aggregated,78.900000,0.000000,1300,1300,1300,1300,1300,1300,1300,1300,1400,1400,1400,4894,0,1300,1184.276505411876,244.06591700972058,1441.7212920088787,0.0
1777032188,100,,Aggregated,79.000000,0.000000,1300,1300,1300,1300,1300,1300,1300,1300,1400,1400,1400,4977,0,1300,1185.3191495772137,244.06591700972058,1441.7212920088787,0.0
1777032189,100,,Aggregated,79.700000,0.000000,1300,1300,1300,1300,1300,1300,1300,1300,1400,1400,1400,5055,0,1300,1186.136526216571,244.06591700972058,1441.7212920088787,0.0
1777032190,100,,Aggregated,79.900000,0.000000,1300,1300,1300,1300,1300,1300,1300,1300,1400,1400,1400,5134,0,1300,1187.3353210743755,244.06591700972058,1441.7212920088787,0.0
1777032191,100,,Aggregated,80.100000,0.000000,1300,1300,1300,1300,1300,1300,1300,1300,1400,1400,1400,5213,0,1300,1188.5783848898568,244.06591700972058,1441.7212920088787,0.0
1777032192,100,,Aggregated,80.000000,0.000000,1300,1300,1300,1300,1300,1300,1300,1300,1400,1400,1400,5295,0,1300,1189.7755160079043,244.06591700972058,1441.7212920088787,0.0
1777032193,100,,Aggregated,80.100000,0.000000,1300,1300,1300,1300,1300,1300,1300,1300,1400,1400,1400,5376,0,1300,1190.017841814333,244.06591700972058,1441.7212920088787,0.0
1777032194,100,,Aggregated,80.000000,0.000000,1300,1300,1300,1300,1300,1300,1300,1300,1400,1400,1400,5455,0,1300,1190.8726409354522,244.06591700972058,1441.7212920088787,0.0
1777032195,100,,Aggregated,80.400000,0.000000,1300,1300,1300,1300,1300,1300,1300,1300,1400,1400,1400,5534,0,1300,1192.2300137431946,244.06591700972058,1441.7212920088787,0.0
1777032196,100,,Aggregated,80.500000,0.000000,1300,1300,1300,1300,1300,1300,1300,1300,1400,1400,1400,5611,0,1300,1193.2137105253512,244.06591700972058,1441.7212920088787,0.0
1777032197,100,,Aggregated,80.500000,0.000000,1300,1300,1300,1300,1300,1300,1300,1300,1400,1400,1400,5690,0,1300,1194.667910794517,244.06591700972058,1441.7212920088787,0.0
1777032198,100,,Aggregated,80.300000,0.000000,1300,1300,1300,1300,1300,1300,1300,1300,1400,1400,1400,5769,0,1300,1195.670790887974,244.06591700972058,1441.7212920088787,0.0
1777032199,100,,Aggregated,79.400000,0.000000,1300,1300,1300,1300,1300,1300,1300,1300,1400,1400,1400,5851,0,1300,1196.2400923718637,244.06591700972058,1441.7212920088787,0.0
1777032200,100,,Aggregated,79.400000,0.000000,1300,1300,1300,1300,1300,1300,1300,1300,1400,1400,1400,5934,0,1300,1196.5574301492713,244.06591700972058,1441.7212920088787,0.0
1777032201,100,,Aggregated,79.200000,0.000000,1300,1300,1300,1300,1300,1300,1300,1300,1400,1400,1400,6015,0,1300,1196.7985294268947,244.06591700972058,1441.7212920088787,0.0
1777032202,100,,Aggregated,79.400000,0.000000,1300,1300,1300,1300,1300,1300,1300,1300,1400,1400,1400,6098,0,1300,1197.0853819768463,244.06591700972058,1441.7212920088787,0.0
1777032203,100,,Aggregated,79.900000,0.000000,1300,1300,1300,1300,1300,1300,1300,1300,1400,1400,1400,6178,0,1300,1197.6216722919653,244.06591700972058,1441.7212920088787,0.0
1777032204,100,,Aggregated,80.000000,0.000000,1300,1300,1300,1300,1300,1300,1300,1300,1400,1400,1400,6256,0,1300,1198.3904142296483,244.06591700972058,1441.7212920088787,0.0
1777032205,100,,Aggregated,80.200000,0.000000,1300,1300,1300,1300,1300,1300,1300,1300,1400,1400,1400,6334,0,1300,1199.523746099414,244.06591700972058,1441.7212920088787,0.0
1777032206,100,,Aggregated,80.100000,0.000000,1300,1300,1300,1300,1300,1300,1300,1300,1400,1400,1400,6414,0,1300,1200.3425485004282,244.06591700972058,1441.7212920088787,0.0
1777032207,100,,Aggregated,79.900000,0.000000,1300,1300,1300,1300,1300,1300,1300,1300,1400,1400,1400,6493,0,1300,1201.0862311405822,244.06591700972058,1441.7212920088787,0.0
1777032208,100,,Aggregated,79.800000,0.000000,1300,1300,1300,1300,1300,1300,1300,1300,1400,1400,1400,6572,0,1300,1201.868377073773,244.06591700972058,1441.7212920088787,0.0
1777032209,100,,Aggregated,80.200000,0.000000,1300,1300,1300,1300,1300,1300,1300,1300,1400,1400,1400,6649,0,1300,1202.834285388152,244.06591700972058,1441.7212920088787,0.0
1777032210,100,,Aggregated,80.200000,0.000000,1300,1300,1300,1300,1300,1300,1300,1300,1400,1400,1400,6726,0,1300,1203.8829502806734,244.06591700972058,1441.7212920088787,0.0
1777032211,100,,Aggregated,80.100000,0.000000,1300,1300,1300,1300,1300,1300,1300,1300,1400,1400,1400,6810,0,1300,1204.8493096557747,244.06591700972058,1441.7212920088787,0.0
1777032212,100,,Aggregated,79.600000,0.000000,1300,1300,1300,1300,1300,1300,1300,1300,1400,1400,1400,6887,0,1300,1204.9460919670137,244.06591700972058,1441.7212920088787,0.0
1777032213,100,,Aggregated,79.100000,0.000000,1300,1300,1300,1300,1300,1300,1300,1300,1400,1400,1400,6966,0,1300,1205.8093942959817,244.06591700972058,1441.7212920088787,0.0
1777032214,100,,Aggregated,79.400000,0.000000,1300,1300,1300,1300,1300,1300,1300,1300,1400,1400,1400,7047,0,1300,1206.4076025668828,244.06591700972058,1441.7212920088787,0.0
1777032215,100,,Aggregated,78.800000,0.000000,1300,1300,1300,1300,1300,1300,1300,1300,1400,1400,1400,7125,0,1300,1206.7981730401177,244.06591700972058,1441.7212920088787,0.0
1777032216,100,,Aggregated,78.600000,0.000000,1300,1300,1300,1300,1300,1300,1300,1300,1400,1400,1400,7206,0,1300,1207.3315391320962,244.06591700972058,1441.7212920088787,0.0
1777032217,100,,Aggregated,79.000000,0.000000,1300,1300,1300,1300,1300,1300,1300,1300,1400,1400,1400,7292,0,1300,1207.7391489113938,244.06591700972058,1441.7212920088787,0.0
1777032218,100,,Aggregated,79.200000,0.000000,1300,1300,1300,1300,1300,1300,1300,1300,1400,1400,1400,7373,0,1300,1207.3060856610464,244.06591700972058,1441.7212920088787,0.0
1777032219,100,,Aggregated,79.000000,0.000000,1300,1300,1300,1300,1300,1300,1300,1300,1400,1400,1400,7455,0,1300,1207.5334206679975,244.06591700972058,1441.7212920088787,0.0
1777032221,100,,Aggregated,79.700000,0.000000,1300,1300,1300,1300,1300,1300,1300,1300,1400,1400,1400,7535,0,1300,1207.7592907816643,244.06591700972058,1441.7212920088787,0.0
1777032222,100,,Aggregated,80.500000,0.000000,1300,1300,1300,1300,1300,1300,1300,1300,1400,1400,1400,7617,0,1300,1208.1268378186833,244.06591700972058,1441.7212920088787,0.0
1777032223,100,,Aggregated,80.700000,0.000000,1300,1300,1300,1300,1300,1300,1300,1300,1400,1400,1400,7695,0,1300,1208.6141190748504,244.06591700972058,1441.7212920088787,0.0
1777032224,100,,Aggregated,80.400000,0.000000,1300,1300,1300,1300,1300,1300,1300,1300,1400,1400,1400,7773,0,1300,1209.3328159110915,244.06591700972058,1441.7212920088787,0.0
1777032225,100,,Aggregated,80.500000,0.000000,1300,1300,1300,1300,1300,1300,1300,1300,1400,1400,1400,7854,0,1300,1209.8634693356194,244.06591700972058,1441.7212920088787,0.0
1777032226,100,,Aggregated,80.500000,0.000000,1300,1300,1300,1300,1300,1300,1300,1300,1400,1400,1400,7928,0,1300,1210.3332194328848,244.06591700972058,1441.7212920088787,0.0
1777032227,100,,Aggregated,80.500000,0.000000,1300,1300,1300,1300,1300,1300,1300,1300,1400,1400,1400,8021,0,1300,1210.6575018754436,244.06591700972058,1441.7212920088787,0.0
1777032228,100,,Aggregated,80.100000,0.000000,1300,1300,1300,1300,1300,1300,1300,1300,1400,1400,1400,8100,0,1300,1209.9679197833382,244.06591700972058,1441.7212920088787,0.0
1777032229,100,,Aggregated,81.400000,0.000000,1300,1300,1300,1300,1300,1300,1300,1300,1400,1400,1400,8178,0,1300,1210.5574833134044,244.06591700972058,1441.7212920088787,0.0
1777032230,100,,Aggregated,80.600000,0.000000,1300,1300,1300,1300,1300,1300,1300,1300,1400,1400,1400,8256,0,1300,1211.3173465509954,244.06591700972058,1441.7212920088787,0.0
1777032231,100,,Aggregated,80.400000,0.000000,1300,1300,1300,1300,1300,1300,1300,1300,1400,1400,1400,8333,0,1300,1212.0217748203534,244.06591700972058,1441.7212920088787,0.0
1777032232,100,,Aggregated,79.900000,0.000000,1300,1300,1300,1300,1300,1300,1300,1300,1400,1500,1500,8407,0,1300,1213.1568158519153,244.06591700972058,1452.3990829911781,0.0
1777032233,100,,Aggregated,79.700000,0.000000,1300,1300,1300,1300,1300,1300,1300,1400,1400,1500,1500,8481,0,1300,1214.1372027121938,244.06591700972058,1452.3990829911781,0.0
1777032234,100,,Aggregated,79.000000,0.000000,1300,1300,1300,1300,1300,1300,1300,1400,1400,1500,1500,8558,0,1300,1215.231850567427,244.06591700972058,1452.3990829911781,0.0
1777032235,100,,Aggregated,78.500000,0.000000,1300,1300,1300,1300,1300,1300,1300,1400,1400,1500,1500,8635,0,1300,1216.0293179630708,244.06591700972058,1452.3990829911781,0.0
1777032236,100,,Aggregated,78.400000,0.000000,1300,1300,1300,1300,1300,1300,1300,1400,1400,1500,1500,8713,0,1300,1216.6790004526692,244.06591700972058,1452.3990829911781,0.0
1777032237,100,,Aggregated,78.000000,0.000000,1300,1300,1300,1300,1300,1300,1300,1400,1400,1500,1500,8795,0,1300,1217.2255427118976,244.06591700972058,1452.3990829911781,0.0
1777032238,100,,Aggregated,78.200000,0.000000,1300,1300,1300,1300,1300,1300,1300,1400,1400,1500,1500,8873,0,1300,1217.4761681260243,244.06591700972058,1452.3990829911781,0.0
1777032239,100,,Aggregated,77.200000,0.000000,1300,1300,1300,1300,1300,1300,1300,1400,1400,1500,1500,8950,0,1300,1218.0201028340991,244.06591700972058,1452.3990829911781,0.0
1777032240,100,,Aggregated,77.200000,0.000000,1300,1300,1300,1300,1300,1300,1300,1400,1400,1500,1500,9027,0,1300,1218.7317402919218,244.06591700972058,1452.3990829911781,0.0
1777032241,100,,Aggregated,77.000000,0.000000,1300,1300,1300,1300,1300,1300,1300,1400,1400,1500,1500,9106,0,1300,1219.2638497588644,244.06591700972058,1452.3990829911781,0.0
1777032242,100,,Aggregated,77.000000,0.000000,1300,1300,1300,1300,1300,1300,1300,1400,1400,1500,1500,9188,0,1300,1219.990509408592,244.06591700972058,1452.3990829911781,0.0
1777032243,100,,Aggregated,77.100000,0.000000,1300,1300,1300,1300,1300,1300,1300,1400,1400,1500,1500,9267,0,1300,1219.8518518788267,244.06591700972058,1452.3990829911781,0.0
1777032244,100,,Aggregated,77.800000,0.000000,1300,1300,1300,1300,1300,1300,1300,1400,1400,1500,1500,9346,0,1300,1220.1847191740978,244.06591700972058,1452.3990829911781,0.0
1777032245,100,,Aggregated,78.400000,0.000000,1300,1300,1300,1300,1300,1300,1300,1400,1400,1500,1500,9424,0,1300,1220.648432594675,244.06591700972058,1452.3990829911781,0.0
1777032246,100,,Aggregated,78.600000,0.000000,1300,1300,1300,1300,1300,1300,1300,1400,1400,1500,1500,9503,0,1300,1221.048420869645,244.06591700972058,1452.3990829911781,0.0
1777032247,100,,Aggregated,78.700000,0.000000,1300,1300,1300,1300,1300,1300,1300,1400,1400,1500,1500,9576,0,1300,1221.6908104489505,244.06591700972058,1452.3990829911781,0.0
1777032248,100,,Aggregated,78.900000,0.000000,1300,1300,1300,1300,1300,1300,1300,1400,1400,1500,1500,9654,0,1300,1222.6353301379922,244.06591700972058,1452.3990829911781,0.0
1777032249,100,,Aggregated,77.900000,0.000000,1300,1300,1300,1300,1300,1300,1300,1400,1400,1500,1500,9732,0,1300,1223.216064215905,244.06591700972058,1452.3990829911781,0.0
1777032250,100,,Aggregated,77.900000,0.000000,1300,1300,1300,1300,1300,1300,1300,1400,1400,1500,1500,9808,0,1300,1223.8327263789884,244.06591700972058,1452.3990829911781,0.0
1777032251,100,,Aggregated,78.000000,0.000000,1300,1300,1300,1300,1300,1300,1300,1400,1400,1500,1500,9886,0,1300,1224.4405237280168,244.06591700972058,1452.3990829911781,0.0
1777032252,100,,Aggregated,77.800000,0.000000,1300,1300,1300,1300,1300,1300,1300,1400,1400,1500,1500,9966,0,1300,1224.6864142827753,244.06591700972058,1452.3990829911781,0.0
1777032253,100,,Aggregated,77.800000,0.000000,1300,1300,1300,1300,1300,1300,1300,1400,1400,1400,1500,10042,0,1300,1224.9955553455654,244.06591700972058,1452.3990829911781,0.0
1777032254,100,,Aggregated,77.700000,0.000000,1300,1300,1300,1300,1300,1300,1300,1400,1400,1400,1500,10122,0,1300,1225.8062736022684,244.06591700972058,1452.3990829911781,0.0
1777032255,100,,Aggregated,77.400000,0.000000,1300,1300,1300,1300,1300,1300,1300,1400,1400,1400,1500,10204,0,1300,1225.6413753046083,244.06591700972058,1452.3990829911781,0.0
1777032256,100,,Aggregated,77.200000,0.000000,1300,1300,1300,1300,1300,1300,1300,1400,1400,1400,1500,10282,0,1300,1225.9825282233294,244.06591700972058,1452.3990829911781,0.0
1777032257,100,,Aggregated,77.800000,0.000000,1300,1300,1300,1300,1300,1300,1300,1400,1400,1400,1500,10358,0,1300,1226.5273455560234,244.06591700972058,1452.3990829911781,0.0
1777032258,100,,Aggregated,77.600000,0.000000,1300,1300,1300,1300,1300,1300,1300,1400,1400,1400,1500,10428,0,1300,1227.0220171431124,244.06591700972058,1452.3990829911781,0.0
1777032259,100,,Aggregated,78.100000,0.000000,1300,1300,1300,1300,1300,1300,1300,1400,1400,1400,1500,10523,0,1300,1227.1643149709669,244.06591700972058,1452.3990829911781,0.0
1777032260,100,,Aggregated,77.600000,0.000000,1300,1300,1300,1300,1300,1300,1300,1400,1400,1400,1500,10601,0,1300,1226.8248057514845,244.06591700972058,1452.3990829911781,0.0
1777032261,100,,Aggregated,78.900000,0.000000,1300,1300,1300,1300,1300,1300,1300,1400,1400,1400,1500,10681,0,1300,1227.2044237961265,244.06591700972058,1452.3990829911781,0.0
1777032262,100,,Aggregated,79.200000,0.000000,1300,1300,1300,1300,1300,1300,1300,1400,1400,1400,1500,10758,0,1300,1227.607940089927,244.06591700972058,1452.3990829911781,0.0
1777032263,100,,Aggregated,79.200000,0.000000,1300,1300,1300,1300,1300,1300,1300,1400,1400,1400,1500,10840,0,1300,1227.8429423114703,244.06591700972058,1452.3990829911781,0.0
1777032264,100,,Aggregated,78.900000,0.000000,1300,1300,1300,1300,1300,1300,1300,1400,1400,1400,1500,10922,0,1300,1227.8435365762969,244.06591700972058,1452.3990829911781,0.0
1777032265,100,,Aggregated,79.500000,0.000000,1300,1300,1300,1300,1300,1300,1300,1400,1400,1400,1500,11001,0,1300,1228.0218648293223,244.06591700972058,1452.3990829911781,0.0
1777032266,100,,Aggregated,79.900000,0.000000,1300,1300,1300,1300,1300,1300,1300,1400,1400,1400,1500,11077,0,1300,1228.213700022691,244.06591700972058,1452.3990829911781,0.0
1777032267,100,,Aggregated,79.500000,0.000000,1300,1300,1300,1300,1300,1300,1300,1400,1400,1400,1500,11170,0,1300,1227.8713361331509,244.06591700972058,1452.3990829911781,0.0
1777032268,100,,Aggregated,78.800000,0.000000,1300,1300,1300,1300,1300,1300,1300,1400,1400,1400,1500,11251,0,1300,1227.4497913765292,244.06591700972058,1452.3990829911781,0.0
1777032269,100,,Aggregated,80.900000,0.000000,1300,1300,1300,1300,1300,1300,1300,1400,1400,1400,1500,11330,0,1300,1227.655913627747,244.06591700972058,1452.3990829911781,0.0
1777032270,100,,Aggregated,81.600000,0.000000,1300,1300,1300,1300,1300,1300,1300,1400,1400,1400,1500,11407,0,1300,1228.0038567970855,244.06591700972058,1452.3990829911781,0.0
1777032271,100,,Aggregated,80.400000,0.000000,1300,1300,1300,1300,1300,1300,1300,1400,1400,1400,1500,11486,0,1300,1228.4426386821663,244.06591700972058,1452.3990829911781,0.0
1777032272,100,,Aggregated,80.300000,0.000000,1300,1300,1300,1300,1300,1300,1300,1400,1400,1400,1500,11565,0,1300,1228.6942849572238,244.06591700972058,1452.3990829911781,0.0
1777032273,100,,Aggregated,80.200000,0.000000,1300,1300,1300,1300,1300,1300,1300,1400,1400,1400,1500,11644,0,1300,1228.9904072120653,244.06591700972058,1452.3990829911781,0.0
1777032274,100,,Aggregated,80.500000,0.000000,1300,1300,1300,1300,1300,1300,1300,1400,1400,1400,1500,11734,0,1300,1228.3185858963104,244.06591700972058,1452.3990829911781,0.0
1777032275,100,,Aggregated,79.900000,0.000000,1300,1300,1300,1300,1300,1300,1300,1400,1400,1400,1500,11812,0,1300,1228.312026349671,244.06591700972058,1452.3990829911781,0.0
1777032276,100,,Aggregated,81.100000,0.000000,1300,1300,1300,1300,1300,1300,1300,1400,1400,1400,1500,11894,0,1300,1228.4210024762256,244.06591700972058,1452.3990829911781,0.0
1777032277,100,,Aggregated,80.900000,0.000000,1300,1300,1300,1300,1300,1300,1300,1400,1400,1400,1500,11974,0,1300,1228.5142455179746,244.06591700972058,1452.3990829911781,0.0
1777032278,100,,Aggregated,82.100000,0.000000,1300,1300,1300,1300,1300,1300,1300,1400,1400,1400,1500,12056,0,1300,1228.5884447163398,244.06591700972058,1452.3990829911781,0.0
1777032279,100,,Aggregated,80.300000,0.000000,1300,1300,1300,1300,1300,1300,1300,1400,1400,1400,1500,12137,0,1300,1228.5980489072454,244.06591700972058,1452.3990829911781,0.0
1777032280,100,,Aggregated,80.400000,0.000000,1300,1300,1300,1300,1300,1300,1300,1400,1400,1400,1500,12218,0,1300,1228.6741223645556,244.06591700972058,1452.3990829911781,0.0
1777032281,100,,Aggregated,80.600000,0.000000,1300,1300,1300,1300,1300,1300,1300,1400,1400,1400,1500,12298,0,1300,1228.753909481309,244.06591700972058,1452.3990829911781,0.0
1777032282,100,,Aggregated,81.000000,0.000000,1300,1300,1300,1300,1300,1300,1300,1400,1400,1400,1500,12377,0,1300,1228.9400790754748,244.06591700972058,1452.3990829911781,0.0
1777032283,100,,Aggregated,81.200000,0.000000,1300,1300,1300,1300,1300,1300,1300,1400,1400,1400,1500,12458,0,1300,1229.1391588109782,244.06591700972058,1452.3990829911781,0.0
1777032284,100,,Aggregated,81.000000,0.000000,1300,1300,1300,1300,1300,1300,1300,1400,1400,1400,1500,12535,0,1300,1229.2844291926665,244.06591700972058,1452.3990829911781,0.0
1777032285,100,,Aggregated,81.600000,0.000000,1300,1300,1300,1300,1300,1300,1300,1400,1400,1400,1500,12613,0,1300,1229.6345543433843,244.06591700972058,1452.3990829911781,0.0
1777032286,100,,Aggregated,79.800000,0.000000,1300,1300,1300,1300,1300,1300,1300,1400,1400,1400,1500,12690,0,1300,1230.012519725069,244.06591700972058,1452.3990829911781,0.0
1777032287,100,,Aggregated,80.000000,0.000000,1300,1300,1300,1300,1300,1300,1300,1400,1400,1400,1500,12773,0,1300,1230.3210070412701,244.06591700972058,1452.3990829911781,0.0
1777032288,100,,Aggregated,79.500000,0.000000,1300,1300,1300,1300,1300,1300,1300,1400,1400,1400,1500,12850,0,1300,1230.3570427413279,244.06591700972058,1452.3990829911781,0.0
1777032289,100,,Aggregated,79.500000,0.000000,1300,1300,1300,1300,1300,1300,1300,1400,1400,1400,1500,12925,0,1300,1230.7307090020165,244.06591700972058,1452.3990829911781,0.0
1777032290,100,,Aggregated,79.300000,0.000000,1300,1300,1300,1300,1300,1300,1300,1400,1400,1400,1500,13006,0,1300,1231.0373051100314,244.06591700972058,1452.3990829911781,0.0
1777032291,100,,Aggregated,78.800000,0.000000,1300,1300,1300,1300,1300,1300,1300,1400,1400,1400,1500,13088,0,1300,1231.3326109449183,244.06591700972058,1452.3990829911781,0.0
1777032292,100,,Aggregated,78.900000,0.000000,1300,1300,1300,1300,1300,1300,1300,1400,1400,1400,1500,13167,0,1300,1231.2745064111848,244.06591700972058,1452.3990829911781,0.0
1777032293,100,,Aggregated,78.600000,0.000000,1300,1300,1300,1300,1300,1300,1300,1400,1400,1400,1500,13247,0,1300,1231.3856115947153,244.06591700972058,1452.3990829911781,0.0
1777032294,100,,Aggregated,78.900000,0.000000,1300,1300,1300,1300,1300,1300,1300,1400,1400,1400,1500,13325,0,1300,1231.552944196711,244.06591700972058,1452.3990829911781,0.0
1777032295,100,,Aggregated,78.700000,0.000000,1300,1300,1300,1300,1300,1300,1300,1400,1400,1400,1500,13403,0,1300,1231.8957573124078,244.06591700972058,1452.3990829911781,0.0
1777032296,100,,Aggregated,79.100000,0.000000,1300,1300,1300,1300,1300,1300,1300,1400,1400,1400,1500,13484,0,1300,1232.1460697990344,244.06591700972058,1452.3990829911781,0.0
1777032297,100,,Aggregated,78.800000,0.000000,1300,1300,1300,1300,1300,1300,1300,1400,1400,1400,1500,13562,0,1300,1232.280911744953,244.06591700972058,1452.3990829911781,0.0
1777032298,100,,Aggregated,79.100000,0.000000,1300,1300,1300,1300,1300,1300,1300,1400,1400,1400,1500,13642,0,1300,1232.4747245914884,244.06591700972058,1452.3990829911781,0.0
1777032299,100,,Aggregated,79.000000,0.000000,1300,1300,1300,1300,1300,1300,1300,1400,1400,1400,1500,13721,0,1300,1232.644348155383,244.06591700972058,1452.3990829911781,0.0
1777032300,100,,Aggregated,79.000000,0.000000,1300,1300,1300,1300,1300,1300,1300,1400,1400,1400,1500,13800,0,1300,1232.8347836626099,244.06591700972058,1452.3990829911781,0.0
1777032301,100,,Aggregated,79.300000,0.000000,1300,1300,1300,1300,1300,1300,1300,1400,1400,1400,1500,13880,0,1300,1232.9822162080736,244.06591700972058,1452.3990829911781,0.0
1777032302,100,,Aggregated,79.000000,0.000000,1300,1300,1300,1300,1300,1300,1300,1400,1400,1400,1500,13961,0,1300,1233.0392278467184,244.06591700972058,1452.3990829911781,0.0
1777032303,100,,Aggregated,79.300000,0.000000,1300,1300,1300,1300,1300,1300,1300,1400,1400,1400,1500,14044,0,1300,1233.0433391518827,244.06591700972058,1452.3990829911781,0.0
1777032304,100,,Aggregated,79.300000,0.000000,1300,1300,1300,1300,1300,1300,1300,1400,1400,1400,1500,14126,0,1300,1232.8287310519647,244.06591700972058,1452.3990829911781,0.0
1777032305,100,,Aggregated,79.100000,0.000000,1300,1300,1300,1300,1300,1300,1300,1400,1400,1400,1500,14206,0,1300,1232.898538053568,244.06591700972058,1452.3990829911781,0.0
1777032306,100,,Aggregated,79.900000,0.000000,1300,1300,1300,1300,1300,1300,1300,1400,1400,1400,1500,14285,0,1300,1233.1074428188958,244.06591700972058,1452.3990829911781,0.0
1777032307,100,,Aggregated,80.000000,0.000000,1300,1300,1300,1300,1300,1300,1300,1400,1400,1400,1500,14357,0,1300,1233.3515281741263,244.06591700972058,1452.3990829911781,0.0
1777032308,100,,Aggregated,79.900000,0.000000,1300,1300,1300,1300,1300,1300,1300,1400,1400,1400,1500,14443,0,1300,1233.5258321879144,244.06591700972058,1452.3990829911781,0.0
1777032309,100,,Aggregated,79.700000,0.000000,1300,1300,1300,1300,1300,1300,1300,1400,1400,1400,1500,14520,0,1300,1233.7499685632233,244.06591700972058,1452.3990829911781,0.0
1777032310,100,,Aggregated,80.000000,0.000000,1300,1300,1300,1300,1300,1300,1300,1400,1400,1400,1500,14596,0,1300,1234.079048209024,244.06591700972058,1452.3990829911781,0.0
1777032311,100,,Aggregated,79.700000,0.000000,1300,1300,1300,1300,1300,1300,1300,1400,1400,1400,1500,14676,0,1300,1234.3285273907065,244.06591700972058,1452.3990829911781,0.0
1777032312,100,,Aggregated,79.500000,0.000000,1300,1300,1300,1300,1300,1300,1300,1400,1400,1400,1500,14756,0,1300,1234.4814719031572,244.06591700972058,1452.3990829911781,0.0
1777032313,100,,Aggregated,79.400000,0.000000,1300,1300,1300,1300,1300,1300,1300,1400,1400,1400,1500,14835,0,1300,1234.6141270661885,244.06591700972058,1452.3990829911781,0.0
1777032314,100,,Aggregated,79.300000,0.000000,1300,1300,1300,1300,1300,1300,1300,1400,1400,1400,1500,14914,0,1300,1234.7200736350364,244.06591700972058,1452.3990829911781,0.0
1777032315,100,,Aggregated,79.400000,0.000000,1300,1300,1300,1300,1300,1300,1300,1400,1400,1400,1500,14992,0,1300,1234.9407284711144,244.06591700972058,1452.3990829911781,0.0
1777032316,100,,Aggregated,78.700000,0.000000,1300,1300,1300,1300,1300,1300,1300,1400,1400,1400,1500,15069,0,1300,1235.2811576407187,244.06591700972058,1452.3990829911781,0.0
1777032317,100,,Aggregated,78.600000,0.000000,1300,1300,1300,1300,1300,1300,1300,1400,1400,1400,1500,15149,0,1300,1235.4897203520331,244.06591700972058,1452.3990829911781,0.0
1777032318,100,,Aggregated,78.300000,0.000000,1300,1300,1300,1300,1300,1300,1300,1400,1400,1400,1500,15229,0,1300,1235.6012113091424,244.06591700972058,1452.3990829911781,0.0
1777032319,100,,Aggregated,78.600000,0.000000,1300,1300,1300,1300,1300,1300,1300,1400,1400,1400,1500,15310,0,1300,1235.5525911510138,244.06591700972058,1452.3990829911781,0.0
1777032320,100,,Aggregated,78.400000,0.000000,1300,1300,1300,1300,1300,1300,1300,1400,1400,1400,1500,15390,0,1300,1235.6785661857025,244.06591700972058,1452.3990829911781,0.0
1777032321,100,,Aggregated,78.900000,0.000000,1300,1300,1300,1300,1300,1300,1300,1400,1400,1400,1500,15472,0,1300,1235.7295831030858,244.06591700972058,1452.3990829911781,0.0
1777032322,100,,Aggregated,79.100000,0.000000,1300,1300,1300,1300,1300,1300,1300,1400,1400,1400,1500,15552,0,1300,1235.6575740916226,244.06591700972058,1452.3990829911781,0.0
1777032323,100,,Aggregated,79.300000,0.000000,1300,1300,1300,1300,1300,1300,1300,1400,1400,1400,1500,15636,0,1300,1235.6993847867045,244.06591700972058,1452.3990829911781,0.0
1777032324,100,,Aggregated,79.500000,0.000000,1300,1300,1300,1300,1300,1300,1300,1400,1400,1400,1500,15715,0,1300,1235.50366961648,244.06591700972058,1452.3990829911781,0.0
1777032325,100,,Aggregated,79.700000,0.000000,1300,1300,1300,1300,1300,1300,1300,1400,1400,1400,1500,15795,0,1300,1235.7415739038236,244.06591700972058,1452.3990829911781,0.0
1777032326,100,,Aggregated,79.900000,0.000000,1300,1300,1300,1300,1300,1300,1300,1400,1400,1400,1500,15873,0,1300,1235.779252794676,244.06591700972058,1452.3990829911781,0.0
1777032327,100,,Aggregated,80.100000,0.000000,1300,1300,1300,1300,1300,1300,1300,1400,1400,1400,1500,15950,0,1300,1236.0660433945372,244.06591700972058,1452.3990829911781,0.0
1777032328,100,,Aggregated,80.400000,0.000000,1300,1300,1300,1300,1300,1300,1300,1400,1400,1400,1500,16028,0,1300,1236.3683983014646,244.06591700972058,1452.3990829911781,0.0
1777032329,100,,Aggregated,80.000000,0.000000,1300,1300,1300,1300,1300,1300,1300,1400,1400,1400,1500,16106,0,1300,1236.5872884519981,244.06591700972058,1452.3990829911781,0.0
1777032330,100,,Aggregated,79.800000,0.000000,1300,1300,1300,1300,1300,1300,1300,1400,1400,1400,1500,16185,0,1300,1236.761093981954,244.06591700972058,1452.3990829911781,0.0
1777032331,100,,Aggregated,79.400000,0.000000,1300,1300,1300,1300,1300,1300,1300,1400,1400,1400,1500,16262,0,1300,1236.9807580002466,244.06591700972058,1452.3990829911781,0.0
1777032332,100,,Aggregated,79.500000,0.000000,1300,1300,1300,1300,1300,1300,1300,1400,1400,1400,1500,16341,0,1300,1237.2080997169085,244.06591700972058,1452.3990829911781,0.0
1777032333,100,,Aggregated,79.100000,0.000000,1300,1300,1300,1300,1300,1300,1300,1400,1400,1400,1500,16418,0,1300,1237.3902055782016,244.06591700972058,1452.3990829911781,0.0
1777032334,100,,Aggregated,78.700000,0.000000,1300,1300,1300,1300,1300,1300,1300,1400,1400,1400,1500,16497,0,1300,1237.5836350152142,244.06591700972058,1452.3990829911781,0.0
1777032335,100,,Aggregated,78.400000,0.000000,1300,1300,1300,1300,1300,1300,1300,1400,1400,1400,1500,16577,0,1300,1237.7446237692006,244.06591700972058,1452.3990829911781,0.0
1777032336,100,,Aggregated,78.100000,0.000000,1300,1300,1300,1300,1300,1300,1300,1400,1400,1400,1500,16657,0,1300,1237.8347969882375,244.06591700972058,1452.3990829911781,0.0
1777032337,100,,Aggregated,78.100000,0.000000,1300,1300,1300,1300,1300,1300,1300,1400,1400,1400,1500,16738,0,1300,1237.8610043523734,244.06591700972058,1452.3990829911781,0.0
1777032338,100,,Aggregated,78.100000,0.000000,1300,1300,1300,1300,1300,1300,1300,1400,1400,1400,1500,16820,0,1300,1237.8555572294886,244.06591700972058,1452.3990829911781,0.0
1777032339,100,,Aggregated,78.600000,0.000000,1300,1300,1300,1300,1300,1300,1300,1400,1400,1400,1500,16901,0,1300,1237.8653319881682,244.06591700972058,1452.3990829911781,0.0
1777032340,100,,Aggregated,78.900000,0.000000,1300,1300,1300,1300,1300,1300,1300,1400,1400,1400,1500,16978,0,1300,1237.8434423234196,244.06591700972058,1452.3990829911781,0.0
1777032341,100,,Aggregated,79.400000,0.000000,1300,1300,1300,1300,1300,1300,1300,1400,1400,1400,1500,17057,0,1300,1238.1622903557518,244.06591700972058,1452.3990829911781,0.0
1777032342,100,,Aggregated,79.200000,0.000000,1300,1300,1300,1300,1300,1300,1300,1400,1400,1400,1500,17136,0,1300,1238.3368791271002,244.06591700972058,1452.3990829911781,0.0
1777032343,100,,Aggregated,79.200000,0.000000,1300,1300,1300,1300,1300,1300,1300,1400,1400,1400,1500,17216,0,1300,1238.453698220258,244.06591700972058,1452.3990829911781,0.0
1777032344,100,,Aggregated,79.300000,0.000000,1300,1300,1300,1300,1300,1300,1300,1400,1400,1400,1500,17299,0,1300,1238.4417309199969,244.06591700972058,1452.3990829911781,0.0
1777032345,100,,Aggregated,79.400000,0.000000,1300,1300,1300,1300,1300,1300,1300,1400,1400,1400,1500,17375,0,1300,1238.459831207252,244.06591700972058,1452.3990829911781,0.0
1777032346,100,,Aggregated,79.700000,0.000000,1300,1300,1300,1300,1300,1300,1300,1400,1400,1400,1500,17455,0,1300,1238.7241442100817,244.06591700972058,1452.3990829911781,0.0
1777032347,100,,Aggregated,79.700000,0.000000,1300,1300,1300,1300,1300,1300,1300,1400,1400,1400,1500,17536,0,1300,1238.7907259057345,244.06591700972058,1452.3990829911781,0.0
1777032348,100,,Aggregated,79.500000,0.000000,1300,1300,1300,1300,1300,1300,1300,1400,1400,1400,1500,17616,0,1300,1238.7683524699153,244.06591700972058,1452.3990829911781,0.0
1777032349,100,,Aggregated,79.400000,0.000000,1300,1300,1300,1300,1300,1300,1300,1400,1400,1400,1500,17697,0,1300,1238.798908863256,244.06591700972058,1452.3990829911781,0.0
1777032350,100,,Aggregated,79.400000,0.000000,1300,1300,1300,1300,1300,1300,1300,1400,1400,1400,1500,17777,0,1300,1238.8380823573195,244.06591700972058,1452.3990829911781,0.0
1777032351,100,,Aggregated,79.300000,0.000000,1300,1300,1300,1300,1300,1300,1300,1400,1400,1400,1500,17856,0,1300,1238.9341160222345,244.06591700972058,1452.3990829911781,0.0
1777032352,100,,Aggregated,79.500000,0.000000,1300,1300,1300,1300,1300,1300,1300,1400,1400,1400,1500,17935,0,1300,1239.0030032609402,244.06591700972058,1452.3990829911781,0.0
1777032353,100,,Aggregated,79.600000,0.000000,1300,1300,1300,1300,1300,1300,1300,1400,1400,1400,1500,18014,0,1300,1239.1249821199601,244.06591700972058,1452.3990829911781,0.0
1777032354,100,,Aggregated,79.800000,0.000000,1300,1300,1300,1300,1300,1300,1300,1400,1400,1400,1500,18092,0,1300,1239.277789632655,244.06591700972058,1452.3990829911781,0.0
1777032355,100,,Aggregated,79.700000,0.000000,1300,1300,1300,1300,1300,1300,1300,1400,1400,1400,1500,18176,0,1300,1239.39525833269,244.06591700972058,1452.3990829911781,0.0
1777032356,100,,Aggregated,79.300000,0.000000,1300,1300,1300,1300,1300,1300,1300,1400,1400,1400,1500,18255,0,1300,1239.213109631985,244.06591700972058,1452.3990829911781,0.0
1777032357,100,,Aggregated,79.700000,0.000000,1300,1300,1300,1300,1300,1300,1300,1400,1400,1400,1500,18334,0,1300,1239.3853354967791,244.06591700972058,1452.3990829911781,0.0
1777032358,100,,Aggregated,79.900000,0.000000,1300,1300,1300,1300,1300,1300,1300,1400,1400,1400,1500,18413,0,1300,1239.5433228425466,244.06591700972058,1452.3990829911781,0.0
1777032359,100,,Aggregated,79.800000,0.000000,1300,1300,1300,1300,1300,1300,1300,1400,1400,1400,1500,18493,0,1300,1239.6367572889037,244.06591700972058,1452.3990829911781,0.0
1777032360,100,,Aggregated,79.500000,0.000000,1300,1300,1300,1300,1300,1300,1300,1400,1400,1400,1500,18569,0,1300,1239.8173048248505,244.06591700972058,1452.3990829911781,0.0
1777032361,100,,Aggregated,79.300000,0.000000,1300,1300,1300,1300,1300,1300,1300,1400,1400,1400,1500,18646,0,1300,1240.0744055653074,244.06591700972058,1452.3990829911781,0.0
1777032362,100,,Aggregated,79.000000,0.000000,1300,1300,1300,1300,1300,1300,1300,1400,1400,1400,1500,18726,0,1300,1240.2557208098233,244.06591700972058,1452.3990829911781,0.0
1777032363,100,,Aggregated,79.000000,0.000000,1300,1300,1300,1300,1300,1300,1300,1400,1400,1400,1500,18806,0,1300,1240.311266225447,244.06591700972058,1452.3990829911781,0.0
1777032364,100,,Aggregated,78.700000,0.000000,1300,1300,1300,1300,1300,1300,1300,1400,1400,1400,1500,18884,0,1300,1240.396032757454,244.06591700972058,1452.3990829911781,0.0
1777032365,100,,Aggregated,78.800000,0.000000,1300,1300,1300,1300,1300,1300,1300,1400,1400,1500,1500,18974,0,1300,1240.8658344472813,244.06591700972058,1521.055041012005,0.0
1777032366,100,,Aggregated,78.900000,0.000000,1300,1300,1300,1300,1300,1300,1300,1400,1400,1500,1500,19054,0,1300,1240.0841424028392,244.06591700972058,1521.055041012005,0.0
1777032367,100,,Aggregated,77.000000,0.000000,1300,1300,1300,1300,1300,1300,1300,1400,1400,1500,1500,19132,0,1300,1239.9433538796632,244.06591700972058,1521.055041012005,0.0
1777032368,100,,Aggregated,79.700000,0.000000,1300,1300,1300,1300,1300,1300,1300,1400,1400,1500,1500,19210,0,1300,1240.1620772995147,244.06591700972058,1521.055041012005,0.0
1777032369,100,,Aggregated,79.800000,0.000000,1300,1300,1300,1300,1300,1300,1300,1400,1400,1500,1500,19290,0,1300,1240.3262786357539,244.06591700972058,1521.055041012005,0.0
1777032370,100,,Aggregated,79.600000,0.000000,1300,1300,1300,1300,1300,1300,1300,1400,1400,1500,1500,19366,0,1300,1240.447018864902,244.06591700972058,1521.055041012005,0.0
1777032371,100,,Aggregated,79.600000,0.000000,1300,1300,1300,1300,1300,1300,1300,1400,1400,1500,1500,19444,0,1300,1240.7419020458065,244.06591700972058,1521.055041012005,0.0
1777032372,100,,Aggregated,79.600000,0.000000,1300,1300,1300,1300,1300,1300,1300,1400,1400,1500,1500,19524,0,1300,1240.8482401107683,244.06591700972058,1521.055041012005,0.0
1777032373,100,,Aggregated,79.500000,0.000000,1300,1300,1300,1300,1300,1300,1300,1400,1400,1500,1500,19605,0,1300,1240.87902201187,244.06591700972058,1521.055041012005,0.0
1777032374,100,,Aggregated,79.700000,0.000000,1300,1300,1300,1300,1300,1300,1300,1400,1400,1500,1500,19673,0,1300,1240.926135820855,244.06591700972058,1521.055041012005,0.0
1777032375,100,,Aggregated,79.800000,0.000000,1300,1300,1300,1300,1300,1300,1300,1400,1400,1500,1500,19762,0,1300,1241.0852239652158,244.06591700972058,1521.055041012005,0.0
1777032376,100,,Aggregated,79.800000,0.000000,1300,1300,1300,1300,1300,1300,1300,1400,1400,1500,1500,19839,0,1300,1241.2557146569209,244.06591700972058,1521.055041012005,0.0
1777032377,100,,Aggregated,81.300000,0.000000,1300,1300,1300,1300,1300,1300,1300,1400,1400,1500,1500,19917,0,1300,1241.4638590124346,244.06591700972058,1521.055041012005,0.0
1777032378,100,,Aggregated,78.400000,0.000000,1300,1300,1300,1300,1300,1300,1300,1400,1400,1500,1500,19994,0,1300,1241.6625698598396,244.06591700972058,1521.055041012005,0.0
1777032379,100,,Aggregated,78.100000,0.000000,1300,1300,1300,1300,1300,1300,1300,1400,1400,1500,1500,20073,0,1300,1241.825172021355,244.06591700972058,1521.055041012005,0.0
1777032380,100,,Aggregated,78.200000,0.000000,1300,1300,1300,1300,1300,1300,1300,1400,1400,1500,1500,20151,0,1300,1241.9278835697817,244.06591700972058,1521.055041012005,0.0
1777032381,100,,Aggregated,78.100000,0.000000,1300,1300,1300,1300,1300,1300,1300,1400,1400,1500,1500,20230,0,1300,1242.0771789328564,244.06591700972058,1521.055041012005,0.0
1777032382,100,,Aggregated,78.300000,0.000000,1300,1300,1300,1300,1300,1300,1300,1400,1400,1500,1500,20309,0,1300,1242.229289618034,244.06591700972058,1521.055041012005,0.0
1777032383,100,,Aggregated,78.400000,0.000000,1300,1300,1300,1300,1300,1300,1300,1400,1400,1500,1500,20385,0,1300,1242.3815445783,244.06591700972058,1521.055041012005,0.0
1777032384,100,,Aggregated,78.100000,0.000000,1300,1300,1300,1300,1300,1300,1300,1400,1400,1500,1500,20455,0,1300,1242.595847519758,244.06591700972058,1521.055041012005,0.0
1777032385,100,,Aggregated,77.900000,0.000000,1300,1300,1300,1300,1300,1300,1300,1400,1400,1500,1500,20537,0,1300,1242.7260213303605,244.06591700972058,1521.055041012005,0.0
1777032386,100,,Aggregated,77.800000,0.000000,1300,1300,1300,1300,1300,1300,1300,1400,1500,1500,1500,20613,0,1300,1243.2130786546657,244.06591700972058,1521.055041012005,0.0
1777032387,100,,Aggregated,78.300000,0.000000,1300,1300,1300,1300,1300,1300,1300,1400,1500,1600,1600,20671,0,1300,1243.4746322813912,244.06591700972058,1586.5452909929445,0.0
1777032388,100,,Aggregated,76.500000,0.000000,1300,1300,1300,1300,1300,1300,1300,1400,1500,1600,1600,20793,0,1300,1242.7199723651552,244.06591700972058,1586.5452909929445,0.0
1777032389,100,,Aggregated,77.900000,0.000000,1300,1300,1300,1300,1300,1300,1300,1400,1500,1600,1600,20871,0,1300,1242.2901890888174,244.06591700972058,1586.5452909929445,0.0
1777032390,100,,Aggregated,79.300000,0.000000,1300,1300,1300,1300,1300,1300,1300,1400,1500,1600,1600,20949,0,1300,1242.4472387688086,244.06591700972058,1586.5452909929445,0.0
1777032391,100,,Aggregated,79.800000,0.000000,1300,1300,1300,1300,1300,1300,1300,1400,1500,1600,1600,21028,0,1300,1242.6383930043623,244.06591700972058,1586.5452909929445,0.0
1777032392,100,,Aggregated,79.600000,0.000000,1300,1300,1300,1300,1300,1300,1300,1400,1500,1600,1600,21103,0,1300,1242.760260358517,244.06591700972058,1586.5452909929445,0.0
1777032393,100,,Aggregated,79.500000,0.000000,1300,1300,1300,1300,1300,1300,1300,1400,1500,1600,1600,21180,0,1300,1243.110044630021,244.06591700972058,1586.5452909929445,0.0
1777032394,100,,Aggregated,79.600000,0.000000,1300,1300,1300,1300,1300,1300,1300,1400,1500,1600,1600,21259,0,1300,1243.2308007243967,244.06591700972058,1586.5452909929445,0.0
1777032395,100,,Aggregated,79.100000,0.000000,1300,1300,1300,1300,1300,1300,1300,1400,1500,1600,1600,21337,0,1300,1243.3533945522804,244.06591700972058,1586.5452909929445,0.0
1777032396,100,,Aggregated,79.400000,0.000000,1300,1300,1300,1300,1300,1300,1300,1400,1500,1600,1600,21417,0,1300,1243.465396539573,244.06591700972058,1586.5452909929445,0.0
1777032397,100,,Aggregated,78.700000,0.000000,1300,1300,1300,1300,1300,1300,1300,1400,1500,1600,1600,21497,0,1300,1243.4497285037937,244.06591700972058,1586.5452909929445,0.0
1777032398,100,,Aggregated,80.700000,0.000000,1300,1300,1300,1300,1300,1300,1300,1400,1500,1600,1600,21580,0,1300,1243.464589988044,244.06591700972058,1586.5452909929445,0.0
1777032399,100,,Aggregated,79.700000,0.000000,1300,1300,1300,1300,1300,1300,1300,1400,1500,1600,1600,21659,0,1300,1243.39705055949,244.06591700972058,1586.5452909929445,0.0
1777032400,100,,Aggregated,78.600000,0.000000,1300,1300,1300,1300,1300,1300,1300,1400,1500,1600,1600,21741,0,1300,1243.4125513518736,244.06591700972058,1586.5452909929445,0.0
1777032401,100,,Aggregated,78.500000,0.000000,1300,1300,1300,1300,1300,1300,1300,1400,1500,1600,1600,21821,0,1300,1243.3647613798203,244.06591700972058,1586.5452909929445,0.0
1777032402,100,,Aggregated,78.800000,0.000000,1300,1300,1300,1300,1300,1300,1300,1400,1500,1600,1600,21892,0,1300,1243.4360004065898,244.06591700972058,1586.5452909929445,0.0
1777032403,100,,Aggregated,79.300000,0.000000,1300,1300,1300,1300,1300,1300,1300,1400,1500,1600,1600,21974,0,1300,1243.5401564169929,244.06591700972058,1586.5452909929445,0.0
1777032404,100,,Aggregated,79.400000,0.000000,1300,1300,1300,1300,1300,1300,1300,1400,1500,1600,1600,22061,0,1300,1243.5575756154267,244.06591700972058,1586.5452909929445,0.0
1777032405,100,,Aggregated,80.000000,0.000000,1300,1300,1300,1300,1300,1300,1300,1400,1500,1600,1600,22138,0,1300,1243.6194356925612,244.06591700972058,1586.5452909929445,0.0
1777032406,100,,Aggregated,80.000000,0.000000,1300,1300,1300,1300,1300,1300,1300,1400,1500,1600,1600,22217,0,1300,1243.7644901064002,244.06591700972058,1586.5452909929445,0.0
1777032407,100,,Aggregated,79.900000,0.000000,1300,1300,1300,1300,1300,1300,1300,1400,1500,1600,1600,22295,0,1300,1243.8579959792285,244.06591700972058,1586.5452909929445,0.0
1777032408,100,,Aggregated,79.800000,0.000000,1300,1300,1300,1300,1300,1300,1300,1400,1500,1600,1600,22372,0,1300,1244.0095988300084,244.06591700972058,1586.5452909929445,0.0
1777032409,100,,Aggregated,79.600000,0.000000,1300,1300,1300,1300,1300,1300,1300,1400,1500,1600,1600,22451,0,1300,1244.1370020202648,244.06591700972058,1586.5452909929445,0.0
1777032410,100,,Aggregated,79.300000,0.000000,1300,1300,1300,1300,1300,1300,1300,1400,1500,1600,1600,22528,0,1300,1244.2778311687198,244.06591700972058,1586.5452909929445,0.0
1777032411,100,,Aggregated,79.000000,0.000000,1300,1300,1300,1300,1300,1300,1300,1400,1500,1600,1600,22609,0,1300,1244.3978534794946,244.06591700972058,1586.5452909929445,0.0
1777032412,100,,Aggregated,78.700000,0.000000,1300,1300,1300,1300,1300,1300,1300,1400,1500,1600,1600,22692,0,1300,1244.4483013829933,244.06591700972058,1586.5452909929445,0.0
1777032413,100,,Aggregated,78.400000,0.000000,1300,1300,1300,1300,1300,1300,1300,1400,1500,1600,1600,22774,0,1300,1244.219941052601,244.06591700972058,1586.5452909929445,0.0
1777032414,100,,Aggregated,78.500000,0.000000,1300,1300,1300,1300,1300,1300,1300,1400,1500,1600,1600,22853,0,1300,1244.1988506318178,244.06591700972058,1586.5452909929445,0.0
1777032415,100,,Aggregated,79.000000,0.000000,1300,1300,1300,1300,1300,1300,1300,1400,1500,1600,1600,22933,0,1300,1244.2680706402143,244.06591700972058,1586.5452909929445,0.0
1777032416,100,,Aggregated,79.000000,0.000000,1300,1300,1300,1300,1300,1300,1300,1400,1500,1600,1600,23012,0,1300,1244.319389745351,244.06591700972058,1586.5452909929445,0.0
1777032417,100,,Aggregated,79.300000,0.000000,1300,1300,1300,1300,1300,1300,1300,1400,1500,1600,1600,23092,0,1300,1244.3579308486496,244.06591700972058,1586.5452909929445,0.0
1777032418,100,,Aggregated,79.300000,0.000000,1300,1300,1300,1300,1300,1300,1300,1400,1500,1600,1600,23169,0,1300,1244.4561422118782,244.06591700972058,1586.5452909929445,0.0
1777032419,100,,Aggregated,79.500000,0.000000,1300,1300,1300,1300,1300,1300,1300,1400,1500,1600,1600,23249,0,1300,1244.5862301257705,244.06591700972058,1586.5452909929445,0.0
1777032420,100,,Aggregated,79.600000,0.000000,1300,1300,1300,1300,1300,1300,1300,1400,1500,1600,1600,23328,0,1300,1244.6260790441086,244.06591700972058,1586.5452909929445,0.0
1777032421,100,,Aggregated,79.400000,0.000000,1300,1300,1300,1300,1300,1300,1300,1400,1500,1600,1600,23407,0,1300,1244.7066148491901,244.06591700972058,1586.5452909929445,0.0
1777032422,100,,Aggregated,79.800000,0.000000,1300,1300,1300,1300,1300,1300,1300,1400,1500,1600,1600,23485,0,1300,1244.7910259519263,244.06591700972058,1586.5452909929445,0.0
1777032423,100,,Aggregated,79.700000,0.000000,1300,1300,1300,1300,1300,1300,1300,1400,1500,1600,1600,23565,0,1300,1244.8849343968168,244.06591700972058,1586.5452909929445,0.0
1777032424,100,,Aggregated,79.600000,0.000000,1300,1300,1300,1300,1300,1300,1300,1400,1500,1600,1600,23645,0,1300,1244.9334732455056,244.06591700972058,1586.5452909929445,0.0
1777032425,100,,Aggregated,79.000000,0.000000,1300,1300,1300,1300,1300,1300,1300,1400,1500,1600,1600,23723,0,1300,1244.9687193797606,244.06591700972058,1586.5452909929445,0.0
1777032426,100,,Aggregated,78.900000,0.000000,1300,1300,1300,1300,1300,1300,1300,1400,1500,1600,1600,23804,0,1300,1245.0265320785186,244.06591700972058,1586.5452909929445,0.0
1777032427,100,,Aggregated,79.000000,0.000000,1300,1300,1300,1300,1300,1300,1300,1400,1500,1600,1600,23882,0,1300,1245.065625026924,244.06591700972058,1586.5452909929445,0.0
1777032428,100,,Aggregated,79.100000,0.000000,1300,1300,1300,1300,1300,1300,1300,1400,1500,1600,1600,23963,0,1300,1245.1228326022203,244.06591700972058,1586.5452909929445,0.0
1777032429,100,,Aggregated,78.900000,0.000000,1300,1300,1300,1300,1300,1300,1300,1400,1500,1600,1600,24040,0,1300,1245.1961436365202,244.06591700972058,1586.5452909929445,0.0
1777032430,100,,Aggregated,79.200000,0.000000,1300,1300,1300,1300,1300,1300,1300,1400,1500,1600,1600,24119,0,1300,1245.3311176208354,244.06591700972058,1586.5452909929445,0.0
1777032431,100,,Aggregated,79.200000,0.000000,1300,1300,1300,1300,1300,1300,1300,1400,1500,1600,1600,24197,0,1300,1245.433056151295,244.06591700972058,1586.5452909929445,0.0
1777032432,100,,Aggregated,78.900000,0.000000,1300,1300,1300,1300,1300,1300,1300,1400,1500,1600,1600,24278,0,1300,1245.5041863100314,244.06591700972058,1586.5452909929445,0.0
1777032433,100,,Aggregated,78.900000,0.000000,1300,1300,1300,1300,1300,1300,1300,1400,1500,1600,1600,24355,0,1300,1245.5630384410613,244.06591700972058,1586.5452909929445,0.0
1777032434,100,,Aggregated,78.900000,0.000000,1300,1300,1300,1300,1300,1300,1300,1400,1500,1600,1600,24434,0,1300,1245.6916723785723,244.06591700972058,1586.5452909929445,0.0
1777032435,100,,Aggregated,78.800000,0.000000,1300,1300,1300,1300,1300,1300,1300,1400,1500,1600,1600,24513,0,1300,1245.7798283099196,244.06591700972058,1586.5452909929445,0.0
1777032436,100,,Aggregated,78.800000,0.000000,1300,1300,1300,1300,1300,1300,1300,1400,1500,1600,1600,24595,0,1300,1245.7745934463967,244.06591700972058,1586.5452909929445,0.0
1777032437,100,,Aggregated,78.600000,0.000000,1300,1300,1300,1300,1300,1300,1300,1400,1500,1600,1600,24675,0,1300,1245.7576087715518,244.06591700972058,1586.5452909929445,0.0
1777032438,100,,Aggregated,78.800000,0.000000,1300,1300,1300,1300,1300,1300,1300,1400,1500,1600,1600,24755,0,1300,1245.7812892422996,244.06591700972058,1586.5452909929445,0.0
1777032439,100,,Aggregated,78.900000,0.000000,1300,1300,1300,1300,1300,1300,1300,1400,1500,1600,1600,24835,0,1300,1245.8453844768712,244.06591700972058,1586.5452909929445,0.0
1777032440,100,,Aggregated,78.700000,0.000000,1300,1300,1300,1300,1300,1300,1300,1400,1500,1600,1600,24921,0,1300,1245.593506715462,244.06591700972058,1586.5452909929445,0.0
1777032441,100,,Aggregated,79.100000,0.000000,1300,1300,1300,1300,1300,1300,1300,1400,1500,1600,1600,24997,0,1300,1245.5804370568062,244.06591700972058,1586.5452909929445,0.0
1777032442,100,,Aggregated,79.900000,0.000000,1300,1300,1300,1300,1300,1300,1300,1400,1500,1600,1600,25075,0,1300,1245.771865170568,244.06591700972058,1586.5452909929445,0.0
1777032443,100,,Aggregated,79.900000,0.000000,1300,1300,1300,1300,1300,1300,1300,1400,1500,1600,1600,25153,0,1300,1245.9022290525975,244.06591700972058,1586.5452909929445,0.0
1777032444,100,,Aggregated,79.600000,0.000000,1300,1300,1300,1300,1300,1300,1300,1400,1500,1600,1600,25231,0,1300,1246.013726451944,244.06591700972058,1586.5452909929445,0.0
1777032445,100,,Aggregated,79.800000,0.000000,1300,1300,1300,1300,1300,1300,1300,1400,1500,1600,1600,25309,0,1300,1246.1218359436964,244.06591700972058,1586.5452909929445,0.0
1777032446,100,,Aggregated,79.500000,0.000000,1300,1300,1300,1300,1300,1300,1300,1400,1500,1600,1600,25388,0,1300,1246.2482232280568,244.06591700972058,1586.5452909929445,0.0
1777032447,100,,Aggregated,79.600000,0.000000,1300,1300,1300,1300,1300,1300,1300,1400,1500,1600,1600,25467,0,1300,1246.296241849917,244.06591700972058,1586.5452909929445,0.0
1777032448,100,,Aggregated,79.200000,0.000000,1300,1300,1300,1300,1300,1300,1300,1400,1500,1600,1600,25548,0,1300,1246.3348409442904,244.06591700972058,1586.5452909929445,0.0
1777032449,100,,Aggregated,79.200000,0.000000,1300,1300,1300,1300,1300,1300,1300,1400,1500,1600,1600,25626,0,1300,1246.369972336793,244.06591700972058,1586.5452909929445,0.0
1777032450,100,,Aggregated,79.200000,0.000000,1300,1300,1300,1300,1300,1300,1300,1400,1500,1600,1600,25707,0,1300,1246.3970256975038,244.06591700972058,1586.5452909929445,0.0
1777032451,100,,Aggregated,79.000000,0.000000,1300,1300,1300,1300,1300,1300,1300,1400,1500,1600,1600,25787,0,1300,1246.407662419621,244.06591700972058,1586.5452909929445,0.0
1777032452,100,,Aggregated,78.400000,0.000000,1300,1300,1300,1300,1300,1300,1300,1400,1500,1600,1600,25867,0,1300,1246.3739214388531,244.06591700972058,1586.5452909929445,0.0
1777032453,100,,Aggregated,78.600000,0.000000,1300,1300,1300,1300,1300,1300,1300,1400,1500,1600,1600,25947,0,1300,1246.4070320359112,244.06591700972058,1586.5452909929445,0.0
1777032454,100,,Aggregated,79.200000,0.000000,1300,1300,1300,1300,1300,1300,1300,1400,1500,1600,1600,26024,0,1300,1246.4698921614583,244.06591700972058,1586.5452909929445,0.0
1777032455,100,,Aggregated,79.200000,0.000000,1300,1300,1300,1300,1300,1300,1300,1400,1500,1600,1600,26114,0,1300,1246.454009140301,244.06591700972058,1586.5452909929445,0.0
1777032456,100,,Aggregated,79.300000,0.000000,1300,1300,1300,1300,1300,1300,1300,1400,1500,1600,1600,26192,0,1300,1246.142807712693,244.06591700972058,1586.5452909929445,0.0
1777032457,100,,Aggregated,78.800000,0.000000,1300,1300,1300,1300,1300,1300,1300,1400,1500,1600,1600,26270,0,1300,1246.2666606708337,244.06591700972058,1586.5452909929445,0.0
1777032458,100,,Aggregated,80.500000,0.000000,1300,1300,1300,1300,1300,1300,1300,1400,1500,1600,1600,26346,0,1300,1246.4317928634243,244.06591700972058,1586.5452909929445,0.0
1777032459,100,,Aggregated,80.200000,0.000000,1300,1300,1300,1300,1300,1300,1300,1400,1500,1600,1600,26425,0,1300,1246.5925065889387,244.06591700972058,1586.5452909929445,0.0
1777032460,100,,Aggregated,79.900000,0.000000,1300,1300,1300,1300,1300,1300,1300,1400,1500,1600,1600,26502,0,1300,1246.7033017772164,244.06591700972058,1586.5452909929445,0.0
1777032461,100,,Aggregated,79.700000,0.000000,1300,1300,1300,1300,1300,1300,1300,1400,1500,1600,1600,26578,0,1300,1246.858784003567,244.06591700972058,1586.5452909929445,0.0
1777032462,100,,Aggregated,79.500000,0.000000,1300,1300,1300,1300,1300,1300,1300,1400,1500,1600,1600,26654,0,1300,1247.0606673372433,244.06591700972058,1586.5452909929445,0.0
1777032463,100,,Aggregated,79.200000,0.000000,1300,1300,1300,1300,1300,1300,1300,1400,1500,1600,1600,26730,0,1300,1247.2556442523728,244.06591700972058,1586.5452909929445,0.0
1777032464,100,,Aggregated,78.600000,0.000000,1300,1300,1300,1300,1300,1300,1300,1400,1500,1600,1600,26807,0,1300,1247.4624327893082,244.06591700972058,1586.5452909929445,0.0
1777032465,100,,Aggregated,78.300000,0.000000,1300,1300,1300,1300,1300,1300,1300,1400,1500,1600,1600,26884,0,1300,1247.596552140345,244.06591700972058,1586.5452909929445,0.0
1777032466,100,,Aggregated,78.000000,0.000000,1300,1300,1300,1300,1300,1300,1300,1400,1500,1600,1600,26964,0,1300,1247.8116133359306,244.06591700972058,1586.5452909929445,0.0
1777032467,100,,Aggregated,78.400000,0.000000,1300,1300,1300,1300,1300,1300,1300,1400,1500,1600,1600,27042,0,1300,1247.7730979108046,244.06591700972058,1586.5452909929445,0.0
1777032468,100,,Aggregated,76.600000,0.000000,1300,1300,1300,1300,1300,1300,1300,1400,1500,1600,1600,27117,0,1300,1247.8929923568974,244.06591700972058,1586.5452909929445,0.0
1777032469,100,,Aggregated,77.100000,0.000000,1300,1300,1300,1300,1300,1300,1300,1400,1500,1600,1600,27197,0,1300,1248.0347452685958,244.06591700972058,1586.5452909929445,0.0
1777032470,100,,Aggregated,77.100000,0.000000,1300,1300,1300,1300,1300,1300,1300,1400,1500,1600,1600,27274,0,1300,1248.1240603728459,244.06591700972058,1586.5452909929445,0.0
1777032471,100,,Aggregated,77.000000,0.000000,1300,1300,1300,1300,1300,1300,1300,1400,1500,1600,1600,27353,0,1300,1248.23490975626,244.06591700972058,1586.5452909929445,0.0
1777032472,100,,Aggregated,77.100000,0.000000,1300,1300,1300,1300,1300,1300,1300,1400,1500,1600,1600,27433,0,1300,1248.2875313407571,244.06591700972058,1586.5452909929445,0.0
1777032473,100,,Aggregated,77.200000,0.000000,1300,1300,1300,1300,1300,1300,1300,1400,1500,1600,1600,27512,0,1300,1248.3376244631409,244.06591700972058,1586.5452909929445,0.0
1777032474,100,,Aggregated,77.400000,0.000000,1300,1300,1300,1300,1300,1300,1300,1400,1500,1600,1600,27592,0,1300,1248.368308165298,244.06591700972058,1586.5452909929445,0.0
1777032475,100,,Aggregated,77.800000,0.000000,1300,1300,1300,1300,1300,1300,1300,1400,1500,1600,1600,27670,0,1300,1248.422018629669,244.06591700972058,1586.5452909929445,0.0
1777032476,100,,Aggregated,78.200000,0.000000,1300,1300,1300,1300,1300,1300,1300,1400,1500,1600,1600,27746,0,1300,1248.5517850737008,244.06591700972058,1586.5452909929445,0.0
1777032477,100,,Aggregated,78.300000,0.000000,1300,1300,1300,1300,1300,1300,1300,1400,1500,1600,1600,27834,0,1300,1248.653317513036,244.06591700972058,1586.5452909929445,0.0
1777032478,100,,Aggregated,78.400000,0.000000,1300,1300,1300,1300,1300,1300,1300,1400,1500,1600,1600,27915,0,1300,1248.29265044431,244.06591700972058,1586.5452909929445,0.0
1777032479,100,,Aggregated,77.200000,0.000000,1300,1300,1300,1300,1300,1300,1300,1400,1500,1600,1600,27994,0,1300,1248.3136199612743,244.06591700972058,1586.5452909929445,0.0
1777032480,100,,Aggregated,79.300000,0.000000,1300,1300,1300,1300,1300,1300,1300,1400,1500,1600,1600,28064,0,1300,1248.4526240567934,244.06591700972058,1586.5452909929445,0.0
1777032481,100,,Aggregated,79.600000,0.000000,1300,1300,1300,1300,1300,1300,1400,1400,1500,1600,1600,28137,0,1300,1248.875395553712,244.06591700972058,1586.5452909929445,0.0
1777032482,100,,Aggregated,79.400000,0.000000,1300,1300,1300,1300,1300,1300,1400,1400,1500,1600,1600,28214,0,1300,1249.1848436112493,244.06591700972058,1586.5452909929445,0.0
1777032483,100,,Aggregated,78.600000,0.000000,1300,1300,1300,1300,1300,1300,1400,1400,1500,1600,1600,28293,0,1300,1249.2729234225362,244.06591700972058,1586.5452909929445,0.0
1777032484,100,,Aggregated,78.100000,0.000000,1300,1300,1300,1300,1300,1300,1400,1400,1500,1600,1600,28373,0,1300,1249.3079977448938,244.06591700972058,1586.5452909929445,0.0
1777032485,100,,Aggregated,78.000000,0.000000,1300,1300,1300,1300,1300,1300,1400,1400,1500,1600,1600,28452,0,1300,1249.3248263423966,244.06591700972058,1586.5452909929445,0.0
1777032486,100,,Aggregated,78.000000,0.000000,1300,1300,1300,1300,1300,1300,1400,1400,1500,1600,1600,28532,0,1300,1249.4110148900822,244.06591700972058,1586.5452909929445,0.0
1777032487,100,,Aggregated,78.000000,0.000000,1300,1300,1300,1300,1300,1300,1400,1400,1500,1600,1600,28608,0,1300,1249.4397509485068,244.06591700972058,1586.5452909929445,0.0
1777032488,100,,Aggregated,78.200000,0.000000,1300,1300,1300,1300,1300,1300,1400,1400,1500,1600,1600,28687,0,1300,1249.5706365399624,244.06591700972058,1586.5452909929445,0.0
1777032489,100,,Aggregated,79.000000,0.000000,1300,1300,1300,1300,1300,1300,1400,1400,1500,1600,1600,28766,0,1300,1249.6354546296966,244.06591700972058,1586.5452909929445,0.0
1777032490,100,,Aggregated,77.000000,0.000000,1300,1300,1300,1300,1300,1300,1400,1400,1500,1600,1600,28846,0,1300,1249.6729397664087,244.06591700972058,1586.5452909929445,0.0
1777032491,100,,Aggregated,77.000000,0.000000,1300,1300,1300,1300,1300,1300,1400,1400,1500,1600,1600,28926,0,1300,1249.6639409700879,244.06591700972058,1586.5452909929445,0.0
1777032492,100,,Aggregated,77.200000,0.000000,1300,1300,1300,1300,1300,1300,1400,1400,1500,1600,1600,29004,0,1300,1249.705609318463,244.06591700972058,1586.5452909929445,0.0
1777032493,100,,Aggregated,78.200000,0.000000,1300,1300,1300,1300,1300,1300,1400,1400,1500,1600,1600,29081,0,1300,1249.795274234268,244.06591700972058,1586.5452909929445,0.0
1777032494,100,,Aggregated,78.800000,0.000000,1300,1300,1300,1300,1300,1300,1400,1400,1500,1600,1600,29158,0,1300,1249.9212577567275,244.06591700972058,1586.5452909929445,0.0
1777032495,100,,Aggregated,78.700000,0.000000,1300,1300,1300,1300,1300,1300,1400,1400,1500,1600,1600,29237,0,1300,1250.0322272593185,244.06591700972058,1586.5452909929445,0.0
1777032496,100,,Aggregated,78.500000,0.000000,1300,1300,1300,1300,1300,1300,1400,1400,1500,1600,1600,29320,0,1300,1250.0009098767625,244.06591700972058,1586.5452909929445,0.0
1777032497,100,,Aggregated,78.300000,0.000000,1300,1300,1300,1300,1300,1300,1400,1400,1500,1600,1600,29400,0,1300,1249.976075231077,244.06591700972058,1586.5452909929445,0.0
1777032498,100,,Aggregated,78.700000,0.000000,1300,1300,1300,1300,1300,1300,1400,1400,1500,1600,1600,29479,0,1300,1249.973028568428,244.06591700972058,1586.5452909929445,0.0
1777032499,100,,Aggregated,78.700000,0.000000,1300,1300,1300,1300,1300,1300,1400,1400,1500,1600,1600,29559,0,1300,1250.0151930615964,244.06591700972058,1586.5452909929445,0.0
1777032500,100,,Aggregated,79.100000,0.000000,1300,1300,1300,1300,1300,1300,1400,1400,1500,1600,1600,29638,0,1300,1250.020888164271,244.06591700972058,1586.5452909929445,0.0
1777032501,100,,Aggregated,79.100000,0.000000,1300,1300,1300,1300,1300,1300,1400,1400,1500,1600,1600,29719,0,1300,1250.0455826881694,244.06591700972058,1586.5452909929445,0.0
1777032502,100,,Aggregated,79.200000,0.000000,1300,1300,1300,1300,1300,1300,1400,1400,1500,1600,1600,29799,0,1300,1250.006034185603,244.06591700972058,1586.5452909929445,0.0
1777032503,100,,Aggregated,79.100000,0.000000,1300,1300,1300,1300,1300,1300,1400,1400,1500,1600,1600,29878,0,1300,1250.0172827603515,244.06591700972058,1586.5452909929445,0.0
1777032504,100,,Aggregated,79.300000,0.000000,1300,1300,1300,1300,1300,1300,1400,1400,1500,1600,1600,29960,0,1300,1250.0076921237546,244.06591700972058,1586.5452909929445,0.0
1777032505,100,,Aggregated,79.500000,0.000000,1300,1300,1300,1300,1300,1300,1400,1400,1500,1600,1600,30041,0,1300,1249.9873658774554,244.06591700972058,1586.5452909929445,0.0
1777032506,100,,Aggregated,79.800000,0.000000,1300,1300,1300,1300,1300,1300,1400,1400,1500,1600,1600,30120,0,1300,1249.9916994877706,244.06591700972058,1586.5452909929445,0.0
1777032507,100,,Aggregated,80.100000,0.000000,1300,1300,1300,1300,1300,1300,1400,1400,1500,1600,1600,30202,0,1300,1249.9573695929294,244.06591700972058,1586.5452909929445,0.0
1777032508,100,,Aggregated,79.800000,0.000000,1300,1300,1300,1300,1300,1300,1400,1400,1500,1600,1600,30287,0,1300,1249.9003691803277,244.06591700972058,1586.5452909929445,0.0
1777032509,100,,Aggregated,80.100000,0.000000,1300,1300,1300,1300,1300,1300,1400,1400,1500,1600,1600,30361,0,1300,1249.792404385054,244.06591700972058,1586.5452909929445,0.0
1777032510,100,,Aggregated,80.200000,0.000000,1300,1300,1300,1300,1300,1300,1400,1400,1500,1600,1600,30434,0,1300,1250.0754204367693,244.06591700972058,1586.5452909929445,0.0
1777032511,100,,Aggregated,80.500000,0.000000,1300,1300,1300,1300,1300,1300,1400,1400,1500,1600,1600,30509,0,1300,1250.3373224619843,244.06591700972058,1586.5452909929445,0.0
1777032512,100,,Aggregated,79.800000,0.000000,1300,1300,1300,1300,1300,1300,1400,1400,1500,1600,1600,30587,0,1300,1250.518547774632,244.06591700972058,1586.5452909929445,0.0
1777032513,100,,Aggregated,79.300000,0.000000,1300,1300,1300,1300,1300,1300,1400,1400,1500,1600,1600,30665,0,1300,1250.605165474764,244.06591700972058,1586.5452909929445,0.0
1777032514,100,,Aggregated,78.700000,0.000000,1300,1300,1300,1300,1300,1300,1400,1400,1500,1600,1600,30742,0,1300,1250.6869254760456,244.06591700972058,1586.5452909929445,0.0
1777032515,100,,Aggregated,78.500000,0.000000,1300,1300,1300,1300,1300,1300,1400,1400,1500,1600,1600,30819,0,1300,1250.7808782522995,244.06591700972058,1586.5452909929445,0.0
1777032516,100,,Aggregated,78.200000,0.000000,1300,1300,1300,1300,1300,1300,1400,1400,1500,1600,1600,30897,0,1300,1250.9311386739657,244.06591700972058,1586.5452909929445,0.0
1777032517,100,,Aggregated,78.100000,0.000000,1300,1300,1300,1300,1300,1300,1400,1400,1500,1600,1600,30974,0,1300,1251.0279939284744,244.06591700972058,1586.5452909929445,0.0
1777032518,100,,Aggregated,77.700000,0.000000,1300,1300,1300,1300,1300,1300,1400,1400,1500,1600,1600,31052,0,1300,1251.1624740565046,244.06591700972058,1586.5452909929445,0.0
1777032519,100,,Aggregated,77.400000,0.000000,1300,1300,1300,1300,1300,1300,1400,1400,1500,1600,1600,31131,0,1300,1251.2300682424152,244.06591700972058,1586.5452909929445,0.0
1777032520,100,,Aggregated,76.800000,0.000000,1300,1300,1300,1300,1300,1300,1400,1400,1500,1600,1600,31210,0,1300,1251.2563271291135,244.06591700972058,1586.5452909929445,0.0
1777032521,100,,Aggregated,76.400000,0.000000,1300,1300,1300,1300,1300,1300,1400,1400,1500,1600,1600,31289,0,1300,1251.4328778163165,244.06591700972058,1586.5452909929445,0.0
1777032522,100,,Aggregated,77.100000,0.000000,1300,1300,1300,1300,1300,1300,1400,1400,1500,1600,1600,31372,0,1300,1251.2801252814515,244.06591700972058,1586.5452909929445,0.0
1777032523,100,,Aggregated,77.300000,0.000000,1300,1300,1300,1300,1300,1300,1400,1400,1500,1600,1600,31451,0,1300,1251.2253274839513,244.06591700972058,1586.5452909929445,0.0
1777032524,100,,Aggregated,78.300000,0.000000,1300,1300,1300,1300,1300,1300,1400,1400,1500,1600,1600,31528,0,1300,1251.3249773360724,244.06591700972058,1586.5452909929445,0.0
1777032525,100,,Aggregated,78.400000,0.000000,1300,1300,1300,1300,1300,1300,1400,1400,1500,1600,1600,31607,0,1300,1251.4010738518914,244.06591700972058,1586.5452909929445,0.0
1777032526,100,,Aggregated,78.400000,0.000000,1300,1300,1300,1300,1300,1300,1400,1400,1500,1600,1600,31688,0,1300,1251.4258248018737,244.06591700972058,1586.5452909929445,0.0
1777032527,100,,Aggregated,78.400000,0.000000,1300,1300,1300,1300,1300,1300,1400,1400,1500,1600,1600,31762,0,1300,1251.490313772108,244.06591700972058,1586.5452909929445,0.0
1777032528,100,,Aggregated,78.700000,0.000000,1300,1300,1300,1300,1300,1300,1400,1400,1500,1600,1600,31851,0,1300,1251.5076430629065,244.06591700972058,1586.5452909929445,0.0
1777032529,100,,Aggregated,78.900000,0.000000,1300,1300,1300,1300,1300,1300,1400,1400,1500,1600,1600,31937,0,1300,1251.1284284707606,244.06591700972058,1586.5452909929445,0.0
1777032530,100,,Aggregated,78.800000,0.000000,1300,1300,1300,1300,1300,1300,1400,1400,1500,1600,1600,32017,0,1300,1251.0305056711645,244.06591700972058,1586.5452909929445,0.0
1777032531,100,,Aggregated,80.300000,0.000000,1300,1300,1300,1300,1300,1300,1400,1400,1500,1600,1600,32097,0,1300,1251.0680079196718,244.06591700972058,1586.5452909929445,0.0
1777032532,100,,Aggregated,80.400000,0.000000,1300,1300,1300,1300,1300,1300,1400,1400,1500,1600,1600,32176,0,1300,1251.075029191965,244.06591700972058,1586.5452909929445,0.0
1777032533,100,,Aggregated,80.700000,0.000000,1300,1300,1300,1300,1300,1300,1400,1400,1500,1600,1600,32256,0,1300,1251.0894951415135,244.06591700972058,1586.5452909929445,0.0
1777032534,100,,Aggregated,80.200000,0.000000,1300,1300,1300,1300,1300,1300,1400,1400,1500,1600,1600,32333,0,1300,1251.1522195600064,244.06591700972058,1586.5452909929445,0.0
1777032535,100,,Aggregated,80.300000,0.000000,1300,1300,1300,1300,1300,1300,1400,1400,1500,1600,1600,32410,0,1300,1251.2623150104484,244.06591700972058,1586.5452909929445,0.0
1777032536,100,,Aggregated,80.400000,0.000000,1300,1300,1300,1300,1300,1300,1400,1400,1500,1600,1600,32485,0,1300,1251.4165193802241,244.06591700972058,1586.5452909929445,0.0
1777032537,100,,Aggregated,80.200000,0.000000,1300,1300,1300,1300,1300,1300,1400,1400,1500,1600,1600,32560,0,1300,1251.6585743289172,244.06591700972058,1586.5452909929445,0.0
1777032538,100,,Aggregated,79.900000,0.000000,1300,1300,1300,1300,1300,1300,1400,1400,1500,1600,1600,32634,0,1300,1251.8012575184941,244.06591700972058,1586.5452909929445,0.0
1777032539,100,,Aggregated,78.800000,0.000000,1300,1300,1300,1300,1300,1300,1400,1400,1500,1600,1600,32712,0,1300,1251.9816550917249,244.06591700972058,1586.5452909929445,0.0
1777032540,100,,Aggregated,79.400000,0.000000,1300,1300,1300,1300,1300,1300,1400,1400,1500,1600,1600,32791,0,1300,1252.0329627497963,244.06591700972058,1586.5452909929445,0.0
1777032541,100,,Aggregated,77.500000,0.000000,1300,1300,1300,1300,1300,1300,1400,1400,1500,1600,1600,32870,0,1300,1252.1044373589446,244.06591700972058,1586.5452909929445,0.0
1777032542,100,,Aggregated,77.300000,0.000000,1300,1300,1300,1300,1300,1300,1400,1400,1500,1600,1600,32947,0,1300,1252.136044821487,244.06591700972058,1586.5452909929445,0.0
1777032543,100,,Aggregated,77.100000,0.000000,1300,1300,1300,1300,1300,1300,1400,1400,1500,1600,1600,33024,0,1300,1252.2607020885287,244.06591700972058,1586.5452909929445,0.0
1777032544,100,,Aggregated,77.100000,0.000000,1300,1300,1300,1300,1300,1300,1400,1400,1500,1600,1600,33100,0,1300,1252.377193036847,244.06591700972058,1586.5452909929445,0.0
1777032545,100,,Aggregated,76.800000,0.000000,1300,1300,1300,1300,1300,1300,1400,1400,1500,1600,1600,33177,0,1300,1252.5604188777359,244.06591700972058,1586.5452909929445,0.0
1777032546,100,,Aggregated,76.700000,0.000000,1300,1300,1300,1300,1300,1300,1400,1400,1500,1600,1600,33255,0,1300,1252.598804626721,244.06591700972058,1586.5452909929445,0.0
1777032547,100,,Aggregated,76.500000,0.000000,1300,1300,1300,1300,1300,1300,1400,1400,1500,1600,1600,33333,0,1300,1252.6814526152357,244.06591700972058,1586.5452909929445,0.0
1777032548,100,,Aggregated,76.900000,0.000000,1300,1300,1300,1300,1300,1300,1400,1400,1500,1600,1600,33410,0,1300,1252.773966291999,244.06591700972058,1586.5452909929445,0.0
1777032549,100,,Aggregated,77.500000,0.000000,1300,1300,1300,1300,1300,1300,1400,1400,1500,1600,1600,33488,0,1300,1252.8659045025893,244.06591700972058,1586.5452909929445,0.0
1777032550,100,,Aggregated,77.400000,0.000000,1300,1300,1300,1300,1300,1300,1400,1400,1500,1600,1600,33565,0,1300,1252.9564406607376,244.06591700972058,1586.5452909929445,0.0
1777032551,100,,Aggregated,77.600000,0.000000,1300,1300,1300,1300,1300,1300,1400,1400,1500,1600,1600,33641,0,1300,1253.0966566214324,244.06591700972058,1586.5452909929445,0.0
1777032552,100,,Aggregated,77.400000,0.000000,1300,1300,1300,1300,1300,1300,1400,1400,1500,1600,1600,33719,0,1300,1253.1962240572545,244.06591700972058,1586.5452909929445,0.0
1777032553,100,,Aggregated,77.300000,0.000000,1300,1300,1300,1300,1300,1300,1400,1400,1500,1600,1600,33796,0,1300,1253.298851102633,244.06591700972058,1586.5452909929445,0.0
1777032554,100,,Aggregated,77.000000,0.000000,1300,1300,1300,1300,1300,1300,1400,1400,1500,1600,1600,33877,0,1300,1253.3392958236145,244.06591700972058,1586.5452909929445,0.0
1777032555,100,,Aggregated,77.000000,0.000000,1300,1300,1300,1300,1300,1300,1400,1400,1500,1600,1600,33953,0,1300,1253.351950638752,244.06591700972058,1586.5452909929445,0.0
1777032556,100,,Aggregated,77.100000,0.000000,1300,1300,1300,1300,1300,1300,1400,1400,1500,1600,1600,34029,0,1300,1253.5062676747923,244.06591700972058,1586.5452909929445,0.0
1777032557,100,,Aggregated,77.700000,0.000000,1300,1300,1300,1300,1300,1300,1400,1400,1500,1600,1600,34104,0,1300,1253.69594836481,244.06591700972058,1586.5452909929445,0.0
1777032558,100,,Aggregated,77.200000,0.000000,1300,1300,1300,1300,1300,1300,1400,1400,1500,1600,1600,34180,0,1300,1253.8572703199643,244.06591700972058,1586.5452909929445,0.0
1777032559,100,,Aggregated,77.200000,0.000000,1300,1300,1300,1300,1300,1300,1400,1400,1500,1600,1600,34256,0,1300,1253.9727231614763,244.06591700972058,1586.5452909929445,0.0
1777032560,100,,Aggregated,76.600000,0.000000,1300,1300,1300,1300,1300,1300,1400,1400,1500,1600,1600,34334,0,1300,1254.0915329167165,244.06591700972058,1586.5452909929445,0.0
1777032561,100,,Aggregated,76.800000,0.000000,1300,1300,1300,1300,1300,1300,1400,1400,1500,1600,1600,34412,0,1300,1254.1440964862995,244.06591700972058,1586.5452909929445,0.0
1777032562,100,,Aggregated,76.700000,0.000000,1300,1300,1300,1300,1300,1300,1400,1400,1500,1600,1600,34498,0,1300,1254.1512488957758,244.06591700972058,1586.5452909929445,0.0
1777032563,100,,Aggregated,76.800000,0.000000,1300,1300,1300,1300,1300,1300,1400,1400,1500,1600,1600,34576,0,1300,1253.9830477073267,244.06591700972058,1586.5452909929445,0.0
1777032564,100,,Aggregated,76.700000,0.000000,1300,1300,1300,1300,1300,1300,1400,1400,1500,1600,1600,34656,0,1300,1254.0486184592473,244.06591700972058,1586.5452909929445,0.0
1777032565,100,,Aggregated,78.000000,0.000000,1300,1300,1300,1300,1300,1300,1400,1400,1500,1600,1600,34737,0,1300,1254.060824357332,244.06591700972058,1586.5452909929445,0.0
1777032566,100,,Aggregated,77.800000,0.000000,1300,1300,1300,1300,1300,1300,1400,1400,1500,1600,1600,34817,0,1300,1254.0294874030985,244.06591700972058,1586.5452909929445,0.0
1777032567,100,,Aggregated,77.700000,0.000000,1300,1300,1300,1300,1300,1300,1400,1400,1500,1600,1600,34894,0,1300,1254.0691283981096,244.06591700972058,1586.5452909929445,0.0
1777032568,100,,Aggregated,78.300000,0.000000,1300,1300,1300,1300,1300,1300,1400,1400,1500,1600,1600,34975,0,1300,1254.0897317331999,244.06591700972058,1586.5452909929445,0.0
1777032569,100,,Aggregated,78.600000,0.000000,1300,1300,1300,1300,1300,1300,1400,1400,1500,1600,1600,35056,0,1300,1254.0582283498889,244.06591700972058,1586.5452909929445,0.0
1777032570,100,,Aggregated,79.100000,0.000000,1300,1300,1300,1300,1300,1300,1400,1400,1500,1600,1600,35135,0,1300,1254.08973271768,244.06591700972058,1586.5452909929445,0.0
1777032571,100,,Aggregated,79.400000,0.000000,1300,1300,1300,1300,1300,1300,1400,1400,1500,1600,1600,35216,0,1300,1254.0687956122995,244.06591700972058,1586.5452909929445,0.0
1777032572,100,,Aggregated,79.700000,0.000000,1300,1300,1300,1300,1300,1300,1400,1400,1500,1600,1600,35296,0,1300,1254.029205283847,244.06591700972058,1586.5452909929445,0.0
1777032573,100,,Aggregated,80.000000,0.000000,1300,1300,1300,1300,1300,1300,1400,1400,1500,1600,1600,35379,0,1300,1254.0403383806379,244.06591700972058,1586.5452909929445,0.0
1777032574,100,,Aggregated,80.500000,0.000000,1300,1300,1300,1300,1300,1300,1400,1400,1500,1600,1600,35461,0,1300,1253.90879459904,244.06591700972058,1586.5452909929445,0.0
1777032575,100,,Aggregated,79.400000,0.000000,1300,1300,1300,1300,1300,1300,1400,1400,1500,1600,1600,35539,0,1300,1253.9072606006796,244.06591700972058,1586.5452909929445,0.0
1777032576,100,,Aggregated,80.200000,0.000000,1300,1300,1300,1300,1300,1300,1400,1400,1500,1600,1600,35618,0,1300,1253.9284749163205,244.06591700972058,1586.5452909929445,0.0
1777032577,100,,Aggregated,80.200000,0.000000,1300,1300,1300,1300,1300,1300,1400,1400,1500,1600,1600,35696,0,1300,1253.9794726702848,244.06591700972058,1586.5452909929445,0.0
1777032578,100,,Aggregated,80.000000,0.000000,1300,1300,1300,1300,1300,1300,1400,1400,1500,1600,1600,35778,0,1300,1253.9670086814958,244.06591700972058,1586.5452909929445,0.0
1777032579,100,,Aggregated,80.000000,0.000000,1300,1300,1300,1300,1300,1300,1400,1400,1500,1600,1600,35858,0,1300,1253.9640578352821,244.06591700972058,1586.5452909929445,0.0
1777032580,100,,Aggregated,80.100000,0.000000,1300,1300,1300,1300,1300,1300,1400,1400,1500,1600,1600,35938,0,1300,1253.939330375384,244.06591700972058,1586.5452909929445,0.0
1777032581,100,,Aggregated,79.900000,0.000000,1300,1300,1300,1300,1300,1300,1400,1400,1500,1600,1600,36018,0,1300,1253.9054301307838,244.06591700972058,1586.5452909929445,0.0
1777032582,100,,Aggregated,80.100000,0.000000,1300,1300,1300,1300,1300,1300,1400,1400,1500,1600,1600,36096,0,1300,1253.9425769635855,244.06591700972058,1586.5452909929445,0.0
1777032583,100,,Aggregated,80.200000,0.000000,1300,1300,1300,1300,1300,1300,1400,1400,1500,1600,1600,36174,0,1300,1254.0186863491633,244.06591700972058,1586.5452909929445,0.0
1777032584,100,,Aggregated,79.900000,0.000000,1300,1300,1300,1300,1300,1300,1400,1400,1500,1600,1600,36254,0,1300,1254.0610845157125,244.06591700972058,1586.5452909929445,0.0
1777032585,100,,Aggregated,79.800000,0.000000,1300,1300,1300,1300,1300,1300,1400,1400,1500,1600,1600,36330,0,1300,1254.1139584617285,244.06591700972058,1586.5452909929445,0.0
1777032586,100,,Aggregated,79.200000,0.000000,1300,1300,1300,1300,1300,1300,1400,1400,1500,1600,1600,36408,0,1300,1254.228614267346,244.06591700972058,1586.5452909929445,0.0
1777032587,100,,Aggregated,79.200000,0.000000,1300,1300,1300,1300,1300,1300,1400,1400,1500,1600,1600,36488,0,1300,1254.2438038588161,244.06591700972058,1586.5452909929445,0.0
1777032588,100,,Aggregated,78.900000,0.000000,1300,1300,1300,1300,1300,1300,1400,1400,1500,1600,1600,36567,0,1300,1254.2457156541548,244.06591700972058,1586.5452909929445,0.0
1777032589,100,,Aggregated,78.900000,0.000000,1300,1300,1300,1300,1300,1300,1400,1400,1500,1600,1600,36644,0,1300,1254.2973272498218,244.06591700972058,1586.5452909929445,0.0
1777032590,100,,Aggregated,78.900000,0.000000,1300,1300,1300,1300,1300,1300,1400,1400,1500,1600,1600,36722,0,1300,1254.3924397099718,244.06591700972058,1586.5452909929445,0.0
1777032591,100,,Aggregated,78.800000,0.000000,1300,1300,1300,1300,1300,1300,1400,1400,1500,1600,1600,36799,0,1300,1254.4841287564786,244.06591700972058,1586.5452909929445,0.0
1777032592,100,,Aggregated,78.500000,0.000000,1300,1300,1300,1300,1300,1300,1400,1400,1500,1600,1600,36876,0,1300,1254.5574525432708,244.06591700972058,1586.5452909929445,0.0
1777032593,100,,Aggregated,78.000000,0.000000,1300,1300,1300,1300,1300,1300,1400,1400,1500,1600,1600,36954,0,1300,1254.6333261134585,244.06591700972058,1586.5452909929445,0.0
1777032594,100,,Aggregated,78.000000,0.000000,1300,1300,1300,1300,1300,1300,1400,1400,1500,1600,1600,37031,0,1300,1254.7115208405055,244.06591700972058,1586.5452909929445,0.0
1777032595,100,,Aggregated,77.900000,0.000000,1300,1300,1300,1300,1300,1300,1400,1400,1500,1600,1600,37109,0,1300,1254.802692930524,244.06591700972058,1586.5452909929445,0.0
1777032596,100,,Aggregated,77.900000,0.000000,1300,1300,1300,1300,1300,1300,1400,1400,1500,1600,1600,37185,0,1300,1254.8874272826906,244.06591700972058,1586.5452909929445,0.0
1777032597,100,,Aggregated,77.500000,0.000000,1300,1300,1300,1300,1300,1300,1400,1400,1500,1600,1600,37263,0,1300,1254.9915963724848,244.06591700972058,1586.5452909929445,0.0
1777032598,100,,Aggregated,77.700000,0.000000,1300,1300,1300,1300,1300,1300,1400,1400,1500,1600,1600,37338,0,1300,1255.0939998864148,244.06591700972058,1586.5452909929445,0.0
1777032599,100,,Aggregated,77.500000,0.000000,1300,1300,1300,1300,1300,1300,1400,1400,1500,1600,1600,37420,0,1300,1255.1522809785133,244.06591700972058,1586.5452909929445,0.0
1777032600,100,,Aggregated,77.300000,0.000000,1300,1300,1300,1300,1300,1300,1400,1400,1500,1600,1600,37507,0,1300,1255.106315423653,244.06591700972058,1586.5452909929445,0.0
1777032601,100,,Aggregated,77.000000,0.000000,1300,1300,1300,1300,1300,1300,1400,1400,1500,1600,1600,37586,0,1300,1254.9102173153294,244.06591700972058,1586.5452909929445,0.0
1777032602,100,,Aggregated,77.000000,0.000000,1300,1300,1300,1300,1300,1300,1400,1400,1500,1600,1600,37667,0,1300,1254.9039582021678,244.06591700972058,1586.5452909929445,0.0
1777032603,100,,Aggregated,78.400000,0.000000,1300,1300,1300,1300,1300,1300,1400,1400,1500,1600,1600,37750,0,1300,1254.8283987961845,244.06591700972058,1586.5452909929445,0.0
1777032604,100,,Aggregated,78.600000,0.000000,1300,1300,1300,1300,1300,1300,1400,1400,1500,1600,1600,37827,0,1300,1254.769414751422,244.06591700972058,1586.5452909929445,0.0
1777032605,100,,Aggregated,79.000000,0.000000,1300,1300,1300,1300,1300,1300,1400,1400,1500,1600,1600,37907,0,1300,1254.839199009339,244.06591700972058,1586.5452909929445,0.0
1777032606,100,,Aggregated,79.400000,0.000000,1300,1300,1300,1300,1300,1300,1400,1400,1500,1600,1600,37986,0,1300,1254.860179712315,244.06591700972058,1586.5452909929445,0.0
1777032607,100,,Aggregated,79.500000,0.000000,1300,1300,1300,1300,1300,1300,1400,1400,1500,1600,1600,38061,0,1300,1254.9241351649716,244.06591700972058,1586.5452909929445,0.0
1777032608,100,,Aggregated,79.700000,0.000000,1300,1300,1300,1300,1300,1300,1400,1400,1500,1600,1600,38145,0,1300,1254.9167618715944,244.06591700972058,1586.5452909929445,0.0
1777032609,100,,Aggregated,79.900000,0.000000,1300,1300,1300,1300,1300,1300,1400,1400,1500,1600,1600,38224,0,1300,1254.9044146415329,244.06591700972058,1586.5452909929445,0.0
1777032610,100,,Aggregated,80.000000,0.000000,1300,1300,1300,1300,1300,1300,1400,1400,1500,1600,1600,38303,0,1300,1254.9268389541778,244.06591700972058,1586.5452909929445,0.0
1777032611,100,,Aggregated,80.600000,0.000000,1300,1300,1300,1300,1300,1300,1400,1400,1500,1600,1600,38381,0,1300,1254.965998380342,244.06591700972058,1586.5452909929445,0.0
1777032612,100,,Aggregated,80.600000,0.000000,1300,1300,1300,1300,1300,1300,1400,1400,1500,1600,1600,38461,0,1300,1255.009875593665,244.06591700972058,1586.5452909929445,0.0
1777032613,100,,Aggregated,79.500000,0.000000,1300,1300,1300,1300,1300,1300,1400,1400,1500,1600,1600,38538,0,1300,1255.0340140477708,244.06591700972058,1586.5452909929445,0.0
1777032614,100,,Aggregated,79.200000,0.000000,1300,1300,1300,1300,1300,1300,1400,1400,1500,1600,1600,38618,0,1300,1255.0775853391185,244.06591700972058,1586.5452909929445,0.0
1777032615,100,,Aggregated,79.000000,0.000000,1300,1300,1300,1300,1300,1300,1400,1400,1500,1600,1600,38696,0,1300,1255.1458201161138,244.06591700972058,1586.5452909929445,0.0
1777032616,100,,Aggregated,78.700000,0.000000,1300,1300,1300,1300,1300,1300,1400,1400,1500,1600,1600,38778,0,1300,1255.1049299732103,244.06591700972058,1586.5452909929445,0.0
1777032617,100,,Aggregated,78.800000,0.000000,1300,1300,1300,1300,1300,1300,1400,1400,1500,1600,1600,38854,0,1300,1255.1081654098464,244.06591700972058,1586.5452909929445,0.0
1777032618,100,,Aggregated,78.900000,0.000000,1300,1300,1300,1300,1300,1300,1400,1400,1500,1600,1600,38927,0,1300,1255.2526058659068,244.06591700972058,1586.5452909929445,0.0
1777032619,100,,Aggregated,79.100000,0.000000,1300,1300,1300,1300,1300,1300,1400,1400,1500,1600,1600,39003,0,1300,1255.4401338958587,244.06591700972058,1586.5452909929445,0.0
1777032620,100,,Aggregated,78.800000,0.000000,1300,1300,1300,1300,1300,1300,1400,1400,1500,1600,1600,39079,0,1300,1255.5791400200153,244.06591700972058,1586.5452909929445,0.0
1777032621,100,,Aggregated,78.000000,0.000000,1300,1300,1300,1300,1300,1300,1400,1400,1500,1600,1600,39155,0,1300,1255.6986384094548,244.06591700972058,1586.5452909929445,0.0
1777032622,100,,Aggregated,77.700000,0.000000,1300,1300,1300,1300,1300,1300,1400,1400,1500,1600,1600,39237,0,1300,1255.736022346236,244.06591700972058,1586.5452909929445,0.0
1777032623,100,,Aggregated,77.400000,0.000000,1300,1300,1300,1300,1300,1300,1400,1400,1500,1600,1600,39318,0,1300,1255.661372776854,244.06591700972058,1586.5452909929445,0.0
1777032624,100,,Aggregated,77.400000,0.000000,1300,1300,1300,1300,1300,1300,1400,1400,1500,1600,1600,39398,0,1300,1255.6629463374384,244.06591700972058,1586.5452909929445,0.0
1777032625,100,,Aggregated,77.700000,0.000000,1300,1300,1300,1300,1300,1300,1400,1400,1500,1600,1600,39475,0,1300,1255.7041906051006,244.06591700972058,1586.5452909929445,0.0
1777032626,100,,Aggregated,77.500000,0.000000,1300,1300,1300,1300,1300,1300,1400,1400,1500,1600,1600,39555,0,1300,1255.747580395861,244.06591700972058,1586.5452909929445,0.0
1777032627,100,,Aggregated,77.900000,0.000000,1300,1300,1300,1300,1300,1300,1400,1400,1500,1600,1600,39633,0,1300,1255.76027584062,244.06591700972058,1586.5452909929445,0.0
1777032628,100,,Aggregated,77.500000,0.000000,1300,1300,1300,1300,1300,1300,1400,1400,1500,1600,1600,39713,0,1300,1255.783418773934,244.06591700972058,1586.5452909929445,0.0
1777032629,100,,Aggregated,77.500000,0.000000,1300,1300,1300,1300,1300,1300,1400,1400,1500,1600,1600,39794,0,1300,1255.7680779299958,244.06591700972058,1586.5452909929445,0.0
1777032630,100,,Aggregated,77.800000,0.000000,1300,1300,1300,1300,1300,1300,1400,1400,1500,1600,1600,39872,0,1300,1255.779981448467,244.06591700972058,1586.5452909929445,0.0
1777032631,100,,Aggregated,78.500000,0.000000,1300,1300,1300,1300,1300,1300,1400,1400,1500,1600,1600,39949,0,1300,1255.8355006076793,244.06591700972058,1586.5452909929445,0.0
1777032632,100,,Aggregated,79.000000,0.000000,1300,1300,1300,1300,1300,1300,1400,1400,1500,1600,1600,40027,0,1300,1255.8864648974009,244.06591700972058,1586.5452909929445,0.0
1777032633,100,,Aggregated,79.100000,0.000000,1300,1300,1300,1300,1300,1300,1400,1400,1500,1600,1600,40107,0,1300,1255.9484359845726,244.06591700972058,1586.5452909929445,0.0
1777032634,100,,Aggregated,79.200000,0.000000,1300,1300,1300,1300,1300,1300,1400,1400,1500,1600,1600,40186,0,1300,1255.9476524306283,244.06591700972058,1586.5452909929445,0.0
1777032635,100,,Aggregated,78.800000,0.000000,1300,1300,1300,1300,1300,1300,1400,1400,1500,1600,1600,40266,0,1300,1255.9494549442763,244.06591700972058,1586.5452909929445,0.0
1777032636,100,,Aggregated,79.000000,0.000000,1300,1300,1300,1300,1300,1300,1400,1400,1500,1600,1600,40349,0,1300,1255.9514380445673,244.06591700972058,1586.5452909929445,0.0
1777032637,100,,Aggregated,78.700000,0.000000,1300,1300,1300,1300,1300,1300,1400,1400,1500,1600,1600,40428,0,1300,1255.844185083065,244.06591700972058,1586.5452909929445,0.0
1777032638,100,,Aggregated,79.000000,0.000000,1300,1300,1300,1300,1300,1300,1400,1400,1500,1600,1600,40504,0,1300,1255.914214646508,244.06591700972058,1586.5452909929445,0.0
1777032639,100,,Aggregated,79.400000,0.000000,1300,1300,1300,1300,1300,1300,1400,1400,1500,1600,1600,40584,0,1300,1255.9831021019172,244.06591700972058,1586.5452909929445,0.0
1777032640,100,,Aggregated,79.300000,0.000000,1300,1300,1300,1300,1300,1300,1400,1400,1500,1600,1600,40665,0,1300,1255.9606178122021,244.06591700972058,1586.5452909929445,0.0
1777032641,100,,Aggregated,78.800000,0.000000,1300,1300,1300,1300,1300,1300,1400,1400,1500,1600,1600,40744,0,1300,1255.9527468297474,244.06591700972058,1586.5452909929445,0.0
1777032642,100,,Aggregated,78.900000,0.000000,1300,1300,1300,1300,1300,1300,1400,1400,1500,1600,1600,40824,0,1300,1255.9643667276182,244.06591700972058,1586.5452909929445,0.0
1777032643,100,,Aggregated,79.200000,0.000000,1300,1300,1300,1300,1300,1300,1400,1400,1500,1600,1600,40903,0,1300,1255.9418604003426,244.06591700972058,1586.5452909929445,0.0
1777032644,100,,Aggregated,79.300000,0.000000,1300,1300,1300,1300,1300,1300,1400,1400,1500,1600,1600,40984,0,1300,1255.9668094895867,244.06591700972058,1586.5452909929445,0.0
1777032645,100,,Aggregated,79.500000,0.000000,1300,1300,1300,1300,1300,1300,1400,1400,1500,1600,1600,41065,0,1300,1255.9032406233835,244.06591700972058,1586.5452909929445,0.0
1777032646,100,,Aggregated,79.300000,0.000000,1300,1300,1300,1300,1300,1300,1400,1400,1500,1600,1600,41146,0,1300,1255.8921354999782,244.06591700972058,1586.5452909929445,0.0
1777032647,100,,Aggregated,79.700000,0.000000,1300,1300,1300,1300,1300,1300,1400,1400,1500,1600,1600,41226,0,1300,1255.854552116968,244.06591700972058,1586.5452909929445,0.0
1777032648,100,,Aggregated,79.800000,0.000000,1300,1300,1300,1300,1300,1300,1400,1400,1500,1600,1600,41305,0,1300,1255.8633334986862,244.06591700972058,1586.5452909929445,0.0
1777032649,100,,Aggregated,79.400000,0.000000,1300,1300,1300,1300,1300,1300,1400,1400,1500,1600,1600,41386,0,1300,1255.8470580750543,244.06591700972058,1586.5452909929445,0.0
1777032650,100,,Aggregated,79.600000,0.000000,1300,1300,1300,1300,1300,1300,1400,1400,1500,1600,1600,41463,0,1300,1255.8438526315083,244.06591700972058,1586.5452909929445,0.0
1777032651,100,,Aggregated,80.000000,0.000000,1300,1300,1300,1300,1300,1300,1400,1400,1500,1600,1600,41549,0,1300,1255.7749196560258,244.06591700972058,1586.5452909929445,0.0
1777032652,100,,Aggregated,80.000000,0.000000,1300,1300,1300,1300,1300,1300,1400,1400,1500,1600,1600,41628,0,1300,1255.7453591851222,244.06591700972058,1586.5452909929445,0.0
1777032653,100,,Aggregated,79.300000,0.000000,1300,1300,1300,1300,1300,1300,1400,1400,1500,1600,1600,41707,0,1300,1255.7671017123555,244.06591700972058,1586.5452909929445,0.0
1777032654,100,,Aggregated,80.300000,0.000000,1300,1300,1300,1300,1300,1300,1400,1400,1500,1600,1600,41786,0,1300,1255.7990823089124,244.06591700972058,1586.5452909929445,0.0
1777032655,100,,Aggregated,80.300000,0.000000,1300,1300,1300,1300,1300,1300,1400,1400,1500,1600,1600,41867,0,1300,1255.7924374851862,244.06591700972058,1586.5452909929445,0.0
1777032656,100,,Aggregated,80.400000,0.000000,1300,1300,1300,1300,1300,1300,1400,1400,1500,1600,1600,41949,0,1300,1255.7206872140277,244.06591700972058,1586.5452909929445,0.0
1777032657,100,,Aggregated,80.000000,0.000000,1300,1300,1300,1300,1300,1300,1400,1400,1500,1600,1600,42028,0,1300,1255.7236806183316,244.06591700972058,1586.5452909929445,0.0
1777032658,100,,Aggregated,80.000000,0.000000,1300,1300,1300,1300,1300,1300,1400,1400,1500,1600,1600,42109,0,1300,1255.7130025654426,244.06591700972058,1586.5452909929445,0.0
1777032659,100,,Aggregated,80.200000,0.000000,1300,1300,1300,1300,1300,1300,1400,1400,1500,1600,1600,42185,0,1300,1255.7131936062362,244.06591700972058,1586.5452909929445,0.0
1777032660,100,,Aggregated,80.000000,0.000000,1300,1300,1300,1300,1300,1300,1400,1400,1500,1600,1600,42256,0,1300,1255.854815682604,244.06591700972058,1586.5452909929445,0.0
1777032661,100,,Aggregated,80.200000,0.000000,1300,1300,1300,1300,1300,1300,1400,1400,1500,1600,1600,42334,0,1300,1256.0732563244458,244.06591700972058,1586.5452909929445,0.0
1777032662,100,,Aggregated,79.700000,0.000000,1300,1300,1300,1300,1300,1300,1400,1400,1500,1600,1600,42412,0,1300,1256.1413378021116,244.06591700972058,1586.5452909929445,0.0
1777032663,100,,Aggregated,79.500000,0.000000,1300,1300,1300,1300,1300,1300,1400,1400,1500,1600,1600,42487,0,1300,1256.2060964928608,244.06591700972058,1586.5452909929445,0.0
1777032664,100,,Aggregated,78.300000,0.000000,1300,1300,1300,1300,1300,1300,1400,1400,1500,1600,1600,42566,0,1300,1256.3021887065536,244.06591700972058,1586.5452909929445,0.0
1777032665,100,,Aggregated,78.100000,0.000000,1300,1300,1300,1300,1300,1300,1400,1400,1500,1600,1600,42644,0,1300,1256.3265456332706,244.06591700972058,1586.5452909929445,0.0
1777032666,100,,Aggregated,77.900000,0.000000,1300,1300,1300,1300,1300,1300,1400,1400,1500,1600,1600,42723,0,1300,1256.3681790922958,244.06591700972058,1586.5452909929445,0.0
1777032667,100,,Aggregated,77.800000,0.000000,1300,1300,1300,1300,1300,1300,1400,1400,1500,1600,1600,42806,0,1300,1256.3724162691929,244.06591700972058,1586.5452909929445,0.0
1777032668,100,,Aggregated,77.600000,0.000000,1300,1300,1300,1300,1300,1300,1400,1400,1500,1600,1600,42885,0,1300,1256.2975006497634,244.06591700972058,1586.5452909929445,0.0
1777032669,100,,Aggregated,77.200000,0.000000,1300,1300,1300,1300,1300,1300,1400,1400,1500,1600,1600,42963,0,1300,1256.325360523242,244.06591700972058,1586.5452909929445,0.0
1777032670,100,,Aggregated,77.700000,0.000000,1300,1300,1300,1300,1300,1300,1400,1400,1500,1600,1600,43041,0,1300,1256.4095852779453,244.06591700972058,1586.5452909929445,0.0
1777032671,100,,Aggregated,77.500000,0.000000,1300,1300,1300,1300,1300,1300,1400,1400,1500,1600,1600,43125,0,1300,1256.4129740480232,244.06591700972058,1586.5452909929445,0.0
1777032672,100,,Aggregated,77.700000,0.000000,1300,1300,1300,1300,1300,1300,1400,1400,1500,1600,1600,43204,0,1300,1256.3260865271486,244.06591700972058,1586.5452909929445,0.0
1777032673,100,,Aggregated,78.300000,0.000000,1300,1300,1300,1300,1300,1300,1400,1400,1500,1600,1600,43281,0,1300,1256.3511986000296,244.06591700972058,1586.5452909929445,0.0
1777032675,100,,Aggregated,79.000000,0.000000,1300,1300,1300,1300,1300,1300,1400,1400,1500,1600,1600,43357,0,1300,1256.435632834649,244.06591700972058,1586.5452909929445,0.0
1777032676,100,,Aggregated,79.100000,0.000000,1300,1300,1300,1300,1300,1300,1400,1400,1500,1600,1600,43436,0,1300,1256.4856088753293,244.06591700972058,1586.5452909929445,0.0
1777032677,100,,Aggregated,79.200000,0.000000,1300,1300,1300,1300,1300,1300,1400,1400,1500,1600,1600,43513,0,1300,1256.5545203967965,244.06591700972058,1586.5452909929445,0.0
1777032678,100,,Aggregated,79.000000,0.000000,1300,1300,1300,1300,1300,1300,1400,1400,1500,1600,1600,43591,0,1300,1256.6149184452036,244.06591700972058,1586.5452909929445,0.0
1777032679,100,,Aggregated,78.900000,0.000000,1300,1300,1300,1300,1300,1300,1400,1400,1500,1600,1600,43672,0,1300,1256.627870790297,244.06591700972058,1586.5452909929445,0.0
1777032680,100,,Aggregated,78.400000,0.000000,1300,1300,1300,1300,1300,1300,1400,1400,1500,1600,1600,43751,0,1300,1256.625705965437,244.06591700972058,1586.5452909929445,0.0
1777032681,100,,Aggregated,78.500000,0.000000,1300,1300,1300,1300,1300,1300,1400,1400,1500,1600,1600,43829,0,1300,1256.6456403842835,244.06591700972058,1586.5452909929445,0.0
1777032682,100,,Aggregated,78.600000,0.000000,1300,1300,1300,1300,1300,1300,1400,1400,1500,1600,1600,43911,0,1300,1256.662634893892,244.06591700972058,1586.5452909929445,0.0
1777032683,100,,Aggregated,78.700000,0.000000,1300,1300,1300,1300,1300,1300,1400,1400,1500,1600,1600,43992,0,1300,1256.5734667123736,244.06591700972058,1586.5452909929445,0.0
1777032684,100,,Aggregated,78.300000,0.000000,1300,1300,1300,1300,1300,1300,1400,1400,1500,1600,1600,44072,0,1300,1256.5572604390256,244.06591700972058,1586.5452909929445,0.0
1777032685,100,,Aggregated,78.700000,0.000000,1300,1300,1300,1300,1300,1300,1400,1400,1500,1600,1600,44154,0,1300,1256.5474589707997,244.06591700972058,1586.5452909929445,0.0
1777032686,100,,Aggregated,78.900000,0.000000,1300,1300,1300,1300,1300,1300,1400,1400,1500,1600,1600,44234,0,1300,1256.4992423508538,244.06591700972058,1586.5452909929445,0.0
1777032687,100,,Aggregated,79.500000,0.000000,1300,1300,1300,1300,1300,1300,1400,1400,1500,1600,1600,44318,0,1300,1256.4457902482882,244.06591700972058,1586.5452909929445,0.0
1777032688,100,,Aggregated,79.600000,0.000000,1300,1300,1300,1300,1300,1300,1400,1400,1500,1600,1600,44399,0,1300,1256.3703435787659,244.06591700972058,1586.5452909929445,0.0
1777032689,100,,Aggregated,80.300000,0.000000,1300,1300,1300,1300,1300,1300,1400,1400,1500,1600,1600,44479,0,1300,1256.3255133239645,244.06591700972058,1586.5452909929445,0.0
1777032690,100,,Aggregated,80.600000,0.000000,1300,1300,1300,1300,1300,1300,1400,1400,1500,1600,1600,44555,0,1300,1256.3641408701967,244.06591700972058,1586.5452909929445,0.0
1777032691,100,,Aggregated,80.600000,0.000000,1300,1300,1300,1300,1300,1300,1400,1400,1500,1600,1600,44635,0,1300,1256.4255614262693,244.06591700972058,1586.5452909929445,0.0
1777032692,100,,Aggregated,80.200000,0.000000,1300,1300,1300,1300,1300,1300,1400,1400,1500,1600,1600,44716,0,1300,1256.3994231418847,244.06591700972058,1586.5452909929445,0.0
1777032693,100,,Aggregated,80.400000,0.000000,1300,1300,1300,1300,1300,1300,1400,1400,1500,1600,1600,44796,0,1300,1256.379026407794,244.06591700972058,1586.5452909929445,0.0
1777032694,100,,Aggregated,80.500000,0.000000,1300,1300,1300,1300,1300,1300,1400,1400,1500,1600,1600,44874,0,1300,1256.402867069697,244.06591700972058,1586.5452909929445,0.0
1777032695,100,,Aggregated,80.200000,0.000000,1300,1300,1300,1300,1300,1300,1400,1400,1500,1600,1600,44952,0,1300,1256.4340015833682,244.06591700972058,1586.5452909929445,0.0
1777032696,100,,Aggregated,80.200000,0.000000,1300,1300,1300,1300,1300,1300,1400,1400,1500,1600,1600,45024,0,1300,1256.479909140227,244.06591700972058,1586.5452909929445,0.0
1777032697,100,,Aggregated,79.700000,0.000000,1300,1300,1300,1300,1300,1300,1400,1400,1500,1600,1600,45113,0,1300,1256.4448427117577,244.06591700972058,1586.5452909929445,0.0
1777032698,100,,Aggregated,79.200000,0.000000,1300,1300,1300,1300,1300,1300,1400,1400,1500,1600,1600,45190,0,1300,1256.4511297569948,244.06591700972058,1586.5452909929445,0.0
1777032699,100,,Aggregated,79.300000,0.000000,1300,1300,1300,1300,1300,1300,1400,1400,1500,1600,1600,45269,0,1300,1256.5310556600455,244.06591700972058,1586.5452909929445,0.0
1777032700,100,,Aggregated,78.900000,0.000000,1300,1300,1300,1300,1300,1300,1400,1400,1500,1600,1600,45349,0,1300,1256.533701689643,244.06591700972058,1586.5452909929445,0.0
1777032701,100,,Aggregated,78.700000,0.000000,1300,1300,1300,1300,1300,1300,1400,1400,1500,1600,1600,45429,0,1300,1256.527528470352,244.06591700972058,1586.5452909929445,0.0
1777032702,100,,Aggregated,79.200000,0.000000,1300,1300,1300,1300,1300,1300,1400,1400,1500,1600,1600,45509,0,1300,1256.5235911836253,244.06591700972058,1586.5452909929445,0.0
1777032703,100,,Aggregated,79.200000,0.000000,1300,1300,1300,1300,1300,1300,1400,1400,1500,1600,1600,45587,0,1300,1256.5260705119135,244.06591700972058,1586.5452909929445,0.0
1777032704,100,,Aggregated,79.100000,0.000000,1300,1300,1300,1300,1300,1300,1400,1400,1500,1600,1600,45665,0,1300,1256.5635356264652,244.06591700972058,1586.5452909929445,0.0
1777032705,100,,Aggregated,78.900000,0.000000,1300,1300,1300,1300,1300,1300,1400,1400,1500,1600,1600,45745,0,1300,1256.6080642048637,244.06591700972058,1586.5452909929445,0.0
1777032706,100,,Aggregated,78.900000,0.000000,1300,1300,1300,1300,1300,1300,1400,1400,1500,1600,1600,45824,0,1300,1256.616865432753,244.06591700972058,1586.5452909929445,0.0
1777032707,100,,Aggregated,79.000000,0.000000,1300,1300,1300,1300,1300,1300,1400,1400,1500,1600,1600,45900,0,1300,1256.6595842893557,244.06591700972058,1586.5452909929445,0.0
1777032708,100,,Aggregated,79.400000,0.000000,1300,1300,1300,1300,1300,1300,1400,1400,1500,1600,1600,45977,0,1300,1256.7359747230441,244.06591700972058,1586.5452909929445,0.0
1777032709,100,,Aggregated,78.600000,0.000000,1300,1300,1300,1300,1300,1300,1400,1400,1500,1600,1600,46069,0,1300,1256.8204571813012,244.06591700972058,1586.5452909929445,0.0
1777032710,100,,Aggregated,78.600000,0.000000,1300,1300,1300,1300,1300,1300,1400,1400,1500,1600,1600,46154,0,1300,1256.3791608828558,244.06591700972058,1586.5452909929445,0.0
1777032711,100,,Aggregated,79.600000,0.000000,1300,1300,1300,1300,1300,1300,1400,1400,1500,1600,1600,46230,0,1300,1256.3458962427687,244.06591700972058,1586.5452909929445,0.0
1777032712,100,,Aggregated,80.300000,0.000000,1300,1300,1300,1300,1300,1300,1400,1400,1500,1600,1600,46302,0,1300,1256.4961330326166,244.06591700972058,1586.5452909929445,0.0
1777032713,100,,Aggregated,80.000000,0.000000,1300,1300,1300,1300,1300,1300,1400,1400,1500,1600,1600,46378,0,1300,1256.6892562989176,244.06591700972058,1586.5452909929445,0.0
1777032714,100,,Aggregated,79.100000,0.000000,1300,1300,1300,1300,1300,1300,1400,1400,1500,1600,1600,46456,0,1300,1256.774645643516,244.06591700972058,1586.5452909929445,0.0
1777032715,100,,Aggregated,79.000000,0.000000,1300,1300,1300,1300,1300,1300,1400,1400,1500,1600,1600,46533,0,1300,1256.808048960183,244.06591700972058,1586.5452909929445,0.0
1777032716,100,,Aggregated,78.800000,0.000000,1300,1300,1300,1300,1300,1300,1400,1400,1500,1600,1600,46610,0,1300,1256.8948229960781,244.06591700972058,1586.5452909929445,0.0
1777032717,100,,Aggregated,78.700000,0.000000,1300,1300,1300,1300,1300,1300,1400,1400,1500,1600,1600,46685,0,1300,1256.9865240016106,244.06591700972058,1586.5452909929445,0.0
1777032718,100,,Aggregated,78.400000,0.000000,1300,1300,1300,1300,1300,1300,1400,1400,1500,1600,1600,46764,0,1300,1257.0618424174415,244.06591700972058,1586.5452909929445,0.0
1777032719,100,,Aggregated,78.200000,0.000000,1300,1300,1300,1300,1300,1300,1400,1400,1500,1600,1600,46844,0,1300,1257.0766713118496,244.06591700972058,1586.5452909929445,0.0
1777032720,100,,Aggregated,78.300000,0.000000,1300,1300,1300,1300,1300,1300,1400,1400,1500,1600,1600,46925,0,1300,1257.0576828293063,244.06591700972058,1586.5452909929445,0.0
1777032721,100,,Aggregated,77.600000,0.000000,1300,1300,1300,1300,1300,1300,1400,1400,1500,1600,1600,47006,0,1300,1257.0210404384177,244.06591700972058,1586.5452909929445,0.0
1777032722,100,,Aggregated,76.900000,0.000000,1300,1300,1300,1300,1300,1300,1400,1400,1500,1600,1600,47086,0,1300,1256.9929964820158,244.06591700972058,1586.5452909929445,0.0
1777032723,100,,Aggregated,77.300000,0.000000,1300,1300,1300,1300,1300,1300,1400,1400,1500,1600,1600,47166,0,1300,1256.9864165273966,244.06591700972058,1586.5452909929445,0.0
1777032724,100,,Aggregated,78.200000,0.000000,1300,1300,1300,1300,1300,1300,1400,1400,1500,1600,1600,47246,0,1300,1256.999586052559,244.06591700972058,1586.5452909929445,0.0
1777032725,100,,Aggregated,78.400000,0.000000,1300,1300,1300,1300,1300,1300,1400,1400,1500,1600,1600,47326,0,1300,1256.9652616692779,244.06591700972058,1586.5452909929445,0.0
1777032726,100,,Aggregated,78.900000,0.000000,1300,1300,1300,1300,1300,1300,1400,1400,1500,1600,1600,47407,0,1300,1256.9364492175055,244.06591700972058,1586.5452909929445,0.0
1777032727,100,,Aggregated,79.100000,0.000000,1300,1300,1300,1300,1300,1300,1400,1400,1500,1600,1600,47489,0,1300,1256.9037356435854,244.06591700972058,1586.5452909929445,0.0
1777032728,100,,Aggregated,79.600000,0.000000,1300,1300,1300,1300,1300,1300,1400,1400,1500,1600,1600,47570,0,1300,1256.8458606468607,244.06591700972058,1586.5452909929445,0.0
1777032729,100,,Aggregated,80.200000,0.000000,1300,1300,1300,1300,1300,1300,1400,1400,1500,1600,1600,47649,0,1300,1256.8515175067512,244.06591700972058,1586.5452909929445,0.0
1777032730,100,,Aggregated,80.500000,0.000000,1300,1300,1300,1300,1300,1300,1400,1400,1500,1600,1600,47728,0,1300,1256.8667550828693,244.06591700972058,1586.5452909929445,0.0
1777032731,100,,Aggregated,80.300000,0.000000,1300,1300,1300,1300,1300,1300,1400,1400,1500,1600,1600,47806,0,1300,1256.8878976141705,244.06591700972058,1586.5452909929445,0.0
1777032732,100,,Aggregated,80.100000,0.000000,1300,1300,1300,1300,1300,1300,1400,1400,1500,1600,1600,47887,0,1300,1256.9126602672977,244.06591700972058,1586.5452909929445,0.0
1777032733,100,,Aggregated,79.900000,0.000000,1300,1300,1300,1300,1300,1300,1400,1400,1500,1600,1600,47970,0,1300,1256.8430318066949,244.06591700972058,1586.5452909929445,0.0
1777032734,100,,Aggregated,79.900000,0.000000,1300,1300,1300,1300,1300,1300,1400,1400,1500,1600,1600,48050,0,1300,1256.7628768369657,244.06591700972058,1586.5452909929445,0.0
1777032735,100,,Aggregated,80.300000,0.000000,1300,1300,1300,1300,1300,1300,1400,1400,1500,1600,1600,48131,0,1300,1256.7675485058933,244.06591700972058,1586.5452909929445,0.0
1777032736,100,,Aggregated,80.400000,0.000000,1300,1300,1300,1300,1300,1300,1400,1400,1500,1600,1600,48212,0,1300,1256.7252713097175,244.06591700972058,1586.5452909929445,0.0
1777032737,100,,Aggregated,80.300000,0.000000,1300,1300,1300,1300,1300,1300,1400,1400,1500,1600,1600,48288,0,1300,1256.7567914984704,244.06591700972058,1586.5452909929445,0.0
1777032738,100,,Aggregated,80.300000,0.000000,1300,1300,1300,1300,1300,1300,1400,1400,1500,1600,1600,48368,0,1300,1256.808178354844,244.06591700972058,1586.5452909929445,0.0
1777032739,100,,Aggregated,79.800000,0.000000,1300,1300,1300,1300,1300,1300,1400,1400,1500,1600,1600,48447,0,1300,1256.8079727700178,244.06591700972058,1586.5452909929445,0.0
1777032740,100,,Aggregated,79.600000,0.000000,1300,1300,1300,1300,1300,1300,1400,1400,1500,1600,1600,48524,0,1300,1256.8457347893634,244.06591700972058,1586.5452909929445,0.0
1777032741,100,,Aggregated,79.600000,0.000000,1300,1300,1300,1300,1300,1300,1400,1400,1500,1600,1600,48602,0,1300,1256.8862300815408,244.06591700972058,1586.5452909929445,0.0
1777032742,100,,Aggregated,79.600000,0.000000,1300,1300,1300,1300,1300,1300,1400,1400,1500,1600,1600,48680,0,1300,1256.9319046153037,244.06591700972058,1586.5452909929445,0.0
1777032743,100,,Aggregated,79.500000,0.000000,1300,1300,1300,1300,1300,1300,1400,1400,1500,1600,1600,48747,0,1300,1256.9964546238116,244.06591700972058,1586.5452909929445,0.0
1777032744,100,,Aggregated,79.300000,0.000000,1300,1300,1300,1300,1300,1300,1400,1400,1500,1600,1600,48836,0,1300,1257.076227771744,244.06591700972058,1586.5452909929445,0.0
1777032745,100,,Aggregated,78.500000,0.000000,1300,1300,1300,1300,1300,1300,1400,1400,1500,1600,1600,48913,0,1300,1257.0780031443148,244.06591700972058,1586.5452909929445,0.0
1777032746,100,,Aggregated,78.300000,0.000000,1300,1300,1300,1300,1300,1300,1400,1400,1500,1600,1600,48991,0,1300,1257.1483615061702,244.06591700972058,1586.5452909929445,0.0
1777032747,100,,Aggregated,78.100000,0.000000,1300,1300,1300,1300,1300,1300,1400,1400,1500,1600,1600,49072,0,1300,1257.179490593063,244.06591700972058,1586.5452909929445,0.0
1777032748,100,,Aggregated,77.700000,0.000000,1300,1300,1300,1300,1300,1300,1400,1400,1500,1600,1600,49152,0,1300,1257.1419375052446,244.06591700972058,1586.5452909929445,0.0
1777032749,100,,Aggregated,78.000000,0.000000,1300,1300,1300,1300,1300,1300,1400,1400,1500,1600,1600,49229,0,1300,1257.141795107392,244.06591700972058,1586.5452909929445,0.0
1777032750,100,,Aggregated,78.300000,0.000000,1300,1300,1300,1300,1300,1300,1400,1400,1500,1600,1600,49308,0,1300,1257.18641517449,244.06591700972058,1586.5452909929445,0.0
1777032751,100,,Aggregated,78.200000,0.000000,1300,1300,1300,1300,1300,1300,1400,1400,1500,1600,1600,49389,0,1300,1257.200514117675,244.06591700972058,1586.5452909929445,0.0
1777032752,100,,Aggregated,78.200000,0.000000,1300,1300,1300,1300,1300,1300,1400,1400,1500,1600,1600,49465,0,1300,1257.2084672800324,244.06591700972058,1586.5452909929445,0.0
1777032753,100,,Aggregated,78.400000,0.000000,1300,1300,1300,1300,1300,1300,1400,1400,1500,1600,1600,49544,0,1300,1257.2759665458566,244.06591700972058,1586.5452909929445,0.0
1777032754,100,,Aggregated,78.300000,0.000000,1300,1300,1300,1300,1300,1300,1400,1400,1500,1600,1600,49623,0,1300,1257.2949898376546,244.06591700972058,1586.5452909929445,0.0
1777032755,100,,Aggregated,78.600000,0.000000,1300,1300,1300,1300,1300,1300,1400,1400,1500,1600,1600,49702,0,1300,1257.3493890555685,244.06591700972058,1586.5452909929445,0.0
1777032756,100,,Aggregated,78.500000,0.000000,1300,1300,1300,1300,1300,1300,1400,1400,1500,1600,1600,49787,0,1300,1257.2154593822256,244.06591700972058,1586.5452909929445,0.0
1777032757,100,,Aggregated,78.500000,0.000000,1300,1300,1300,1300,1300,1300,1400,1400,1500,1600,1600,49866,0,1300,1257.209485506334,244.06591700972058,1586.5452909929445,0.0
1777032758,100,,Aggregated,79.500000,0.000000,1300,1300,1300,1300,1300,1300,1400,1400,1500,1600,1600,49942,0,1300,1257.2410993378096,244.06591700972058,1586.5452909929445,0.0
1777032759,100,,Aggregated,79.400000,0.000000,1300,1300,1300,1300,1300,1300,1400,1400,1500,1600,1600,50023,0,1300,1257.2872731385735,244.06591700972058,1586.5452909929445,0.0
1777032760,100,,Aggregated,79.000000,0.000000,1300,1300,1300,1300,1300,1300,1400,1400,1500,1600,1600,50099,0,1300,1257.327194643803,244.06591700972058,1586.5452909929445,0.0
1777032761,100,,Aggregated,79.000000,0.000000,1300,1300,1300,1300,1300,1300,1400,1400,1500,1600,1600,50182,0,1300,1257.3289778115636,244.06591700972058,1586.5452909929445,0.0
1777032762,100,,Aggregated,78.700000,0.000000,1300,1300,1300,1300,1300,1300,1400,1400,1500,1600,1600,50259,0,1300,1257.3197671569433,244.06591700972058,1586.5452909929445,0.0
1777032763,100,,Aggregated,79.100000,0.000000,1300,1300,1300,1300,1300,1300,1400,1400,1500,1600,1600,50335,0,1300,1257.3789496489283,244.06591700972058,1586.5452909929445,0.0
1777032764,100,,Aggregated,79.200000,0.000000,1300,1300,1300,1300,1300,1300,1400,1400,1500,1600,1600,50411,0,1300,1257.4688521154087,244.06591700972058,1586.5452909929445,0.0
1777032765,100,,Aggregated,79.000000,0.000000,1300,1300,1300,1300,1300,1300,1400,1400,1500,1600,1600,50491,0,1300,1257.5296782560051,244.06591700972058,1586.5452909929445,0.0
1777032766,100,,Aggregated,78.700000,0.000000,1300,1300,1300,1300,1300,1300,1400,1400,1500,1600,1600,50569,0,1300,1257.5441696129637,244.06591700972058,1586.5452909929445,0.0
1777032767,100,,Aggregated,78.900000,0.000000,1300,1300,1300,1300,1300,1300,1400,1400,1500,1600,1600,50649,0,1300,1257.5561867837089,244.06591700972058,1586.5452909929445,0.0
1777032768,100,,Aggregated,78.000000,0.000000,1300,1300,1300,1300,1300,1300,1400,1400,1500,1600,1600,50728,0,1300,1257.5723372954592,244.06591700972058,1586.5452909929445,0.0
1777032769,100,,Aggregated,78.100000,0.000000,1300,1300,1300,1300,1300,1300,1400,1400,1500,1600,1600,50809,0,1300,1257.6191753115604,244.06591700972058,1586.5452909929445,0.0
1777032770,100,,Aggregated,78.200000,0.000000,1300,1300,1300,1300,1300,1300,1400,1400,1500,1600,1600,50894,0,1300,1257.5014733733847,244.06591700972058,1586.5452909929445,0.0
1777032771,100,,Aggregated,78.000000,0.000000,1300,1300,1300,1300,1300,1300,1400,1400,1500,1600,1600,50973,0,1300,1257.4182179820896,244.06591700972058,1586.5452909929445,0.0
1777032772,100,,Aggregated,79.500000,0.000000,1300,1300,1300,1300,1300,1300,1400,1400,1500,1600,1600,51052,0,1300,1257.436675396987,244.06591700972058,1586.5452909929445,0.0
1777032773,100,,Aggregated,79.000000,0.000000,1300,1300,1300,1300,1300,1300,1400,1400,1500,1600,1600,51133,0,1300,1257.431672361723,244.06591700972058,1586.5452909929445,0.0
1777032774,100,,Aggregated,79.100000,0.000000,1300,1300,1300,1300,1300,1300,1400,1400,1500,1600,1600,51212,0,1300,1257.4103440046476,244.06591700972058,1586.5452909929445,0.0
1777032775,100,,Aggregated,79.500000,0.000000,1300,1300,1300,1300,1300,1300,1400,1400,1500,1600,1600,51292,0,1300,1257.4474611523042,244.06591700972058,1586.5452909929445,0.0
1777032776,100,,Aggregated,79.800000,0.000000,1300,1300,1300,1300,1300,1300,1400,1400,1500,1600,1600,51372,0,1300,1257.4136836263713,244.06591700972058,1586.5452909929445,0.0
1777032777,100,,Aggregated,79.900000,0.000000,1300,1300,1300,1300,1300,1300,1400,1400,1500,1600,1600,51452,0,1300,1257.4069706685848,244.06591700972058,1586.5452909929445,0.0
1777032778,100,,Aggregated,80.100000,0.000000,1300,1300,1300,1300,1300,1300,1400,1400,1500,1600,1600,51532,0,1300,1257.4065406941136,244.06591700972058,1586.5452909929445,0.0
1777032779,100,,Aggregated,80.100000,0.000000,1300,1300,1300,1300,1300,1300,1400,1400,1500,1600,1600,51614,0,1300,1257.376823330532,244.06591700972058,1586.5452909929445,0.0
1777032780,100,,Aggregated,80.200000,0.000000,1300,1300,1300,1300,1300,1300,1400,1400,1500,1600,1600,51694,0,1300,1257.3308606948417,244.06591700972058,1586.5452909929445,0.0
1777032781,100,,Aggregated,80.800000,0.000000,1300,1300,1300,1300,1300,1300,1400,1400,1500,1600,1600,51776,0,1300,1257.3009240447736,244.06591700972058,1586.5452909929445,0.0
1777032782,100,,Aggregated,79.800000,0.000000,1300,1300,1300,1300,1300,1300,1400,1400,1500,1600,1600,51858,0,1300,1257.2496673923247,244.06591700972058,1586.5452909929445,0.0
1777032783,100,,Aggregated,80.000000,0.000000,1300,1300,1300,1300,1300,1300,1400,1400,1500,1600,1600,51940,0,1300,1257.1980857625585,244.06591700972058,1586.5452909929445,0.0
1777032784,100,,Aggregated,80.300000,0.000000,1300,1300,1300,1300,1300,1300,1400,1400,1500,1600,1600,52025,0,1300,1257.1036390943252,244.06591700972058,1586.5452909929445,0.0
1777032785,100,,Aggregated,80.500000,0.000000,1300,1300,1300,1300,1300,1300,1400,1400,1500,1600,1600,52107,0,1300,1257.0127277526094,244.06591700972058,1586.5452909929445,0.0
1777032786,100,,Aggregated,81.000000,0.000000,1300,1300,1300,1300,1300,1300,1400,1400,1500,1600,1600,52188,0,1300,1256.94383578051,244.06591700972058,1586.5452909929445,0.0
1777032787,100,,Aggregated,81.200000,0.000000,1300,1300,1300,1300,1300,1300,1400,1400,1500,1600,1600,52267,0,1300,1256.9391815184356,244.06591700972058,1586.5452909929445,0.0
1777032788,100,,Aggregated,81.400000,0.000000,1300,1300,1300,1300,1300,1300,1400,1400,1500,1600,1600,52349,0,1300,1256.9133681407873,244.06591700972058,1586.5452909929445,0.0
1777032789,100,,Aggregated,81.300000,0.000000,1300,1300,1300,1300,1300,1300,1400,1400,1500,1600,1600,52430,0,1300,1256.869693855504,244.06591700972058,1586.5452909929445,0.0
1777032790,100,,Aggregated,81.600000,0.000000,1300,1300,1300,1300,1300,1300,1400,1400,1500,1600,1600,52509,0,1300,1256.8626976528606,244.06591700972058,1586.5452909929445,0.0
1777032791,100,,Aggregated,81.500000,0.000000,1300,1300,1300,1300,1300,1300,1400,1400,1500,1600,1600,52589,0,1300,1256.8632400663462,244.06591700972058,1586.5452909929445,0.0
1777032792,100,,Aggregated,81.500000,0.000000,1300,1300,1300,1300,1300,1300,1400,1400,1500,1600,1600,52671,0,1300,1256.8485635220534,244.06591700972058,1586.5452909929445,0.0
1777032793,100,,Aggregated,81.200000,0.000000,1300,1300,1300,1300,1300,1300,1400,1400,1500,1600,1600,52754,0,1300,1256.8316876070833,244.06591700972058,1586.5452909929445,0.0
1777032794,100,,Aggregated,81.200000,0.000000,1300,1300,1300,1300,1300,1300,1400,1400,1500,1600,1600,52834,0,1300,1256.7536772687124,244.06591700972058,1586.5452909929445,0.0
1777032795,100,,Aggregated,80.800000,0.000000,1300,1300,1300,1300,1300,1300,1400,1400,1500,1600,1600,52914,0,1300,1256.7313221097277,244.06591700972058,1586.5452909929445,0.0
1777032796,100,,Aggregated,80.900000,0.000000,1300,1300,1300,1300,1300,1300,1400,1400,1500,1600,1600,52994,0,1300,1256.707284279563,244.06591700972058,1586.5452909929445,0.0
1777032797,100,,Aggregated,80.700000,0.000000,1300,1300,1300,1300,1300,1300,1400,1400,1500,1600,1600,53071,0,1300,1256.7356874177447,244.06591700972058,1586.5452909929445,0.0
1777032798,100,,Aggregated,80.500000,0.000000,1300,1300,1300,1300,1300,1300,1400,1400,1500,1600,1600,53153,0,1300,1256.7964431449807,244.06591700972058,1586.5452909929445,0.0
1777032799,100,,Aggregated,80.400000,0.000000,1300,1300,1300,1300,1300,1300,1400,1400,1500,1600,1600,53232,0,1300,1256.733899781243,244.06591700972058,1586.5452909929445,0.0
1777032800,100,,Aggregated,79.900000,0.000000,1300,1300,1300,1300,1300,1300,1400,1400,1500,1600,1600,53309,0,1300,1256.75668521867,244.06591700972058,1586.5452909929445,0.0
1777032801,100,,Aggregated,80.000000,0.000000,1300,1300,1300,1300,1300,1300,1400,1400,1500,1600,1600,53386,0,1300,1256.8232226588445,244.06591700972058,1586.5452909929445,0.0
1777032802,100,,Aggregated,79.800000,0.000000,1300,1300,1300,1300,1300,1300,1400,1400,1500,1600,1600,53465,0,1300,1256.8770256839819,244.06591700972058,1586.5452909929445,0.0
1777032803,100,,Aggregated,79.600000,0.000000,1300,1300,1300,1300,1300,1300,1400,1400,1500,1600,1600,53546,0,1300,1257.006761433012,244.06591700972058,1586.5452909929445,0.0
1777032804,100,,Aggregated,79.200000,0.000000,1300,1300,1300,1300,1300,1300,1400,1400,1500,1600,1600,53633,0,1300,1256.7552289911266,244.06591700972058,1586.5452909929445,0.0
1777032805,100,,Aggregated,78.200000,0.000000,1300,1300,1300,1300,1300,1300,1400,1400,1500,1600,1600,53710,0,1300,1256.7174952829682,244.06591700972058,1586.5452909929445,0.0
1777032806,100,,Aggregated,79.700000,0.000000,1300,1300,1300,1300,1300,1300,1400,1400,1500,1600,1600,53787,0,1300,1256.7679541708094,244.06591700972058,1586.5452909929445,0.0
1777032807,100,,Aggregated,79.400000,0.000000,1300,1300,1300,1300,1300,1300,1400,1400,1500,1600,1600,53865,0,1300,1256.8122057037644,244.06591700972058,1586.5452909929445,0.0
1777032808,100,,Aggregated,79.200000,0.000000,1300,1300,1300,1300,1300,1300,1400,1400,1500,1600,1600,53943,0,1300,1256.8595119862314,244.06591700972058,1586.5452909929445,0.0
1777032809,100,,Aggregated,79.200000,0.000000,1300,1300,1300,1300,1300,1300,1400,1400,1500,1600,1600,54021,0,1300,1256.8977705273005,244.06591700972058,1586.5452909929445,0.0
1777032810,100,,Aggregated,79.200000,0.000000,1300,1300,1300,1300,1300,1300,1400,1400,1500,1600,1600,54100,0,1300,1256.9358445423543,244.06591700972058,1586.5452909929445,0.0
1777032811,100,,Aggregated,78.800000,0.000000,1300,1300,1300,1300,1300,1300,1400,1400,1500,1600,1600,54176,0,1300,1256.971020455614,244.06591700972058,1586.5452909929445,0.0
1777032812,100,,Aggregated,78.800000,0.000000,1300,1300,1300,1300,1300,1300,1400,1400,1500,1600,1600,54254,0,1300,1257.0352098316332,244.06591700972058,1586.5452909929445,0.0
1777032813,100,,Aggregated,78.900000,0.000000,1300,1300,1300,1300,1300,1300,1400,1400,1500,1600,1600,54332,0,1300,1257.1016042448728,244.06591700972058,1586.5452909929445,0.0
1777032814,100,,Aggregated,78.800000,0.000000,1300,1300,1300,1300,1300,1300,1400,1400,1500,1600,1600,54410,0,1300,1257.1119754494287,244.06591700972058,1586.5452909929445,0.0
1777032815,100,,Aggregated,79.800000,0.000000,1300,1300,1300,1300,1300,1300,1400,1400,1500,1600,1600,54489,0,1300,1257.1364399656518,244.06591700972058,1586.5452909929445,0.0
1777032816,100,,Aggregated,77.700000,0.000000,1300,1300,1300,1300,1300,1300,1400,1400,1500,1600,1600,54568,0,1300,1257.1495569908266,244.06591700972058,1586.5452909929445,0.0
1777032817,100,,Aggregated,77.800000,0.000000,1300,1300,1300,1300,1300,1300,1400,1400,1500,1600,1600,54646,0,1300,1257.1816099738035,244.06591700972058,1586.5452909929445,0.0
1777032818,100,,Aggregated,77.900000,0.000000,1300,1300,1300,1300,1300,1300,1400,1400,1500,1600,1600,54724,0,1300,1257.2148271263884,244.06591700972058,1586.5452909929445,0.0
1777032819,100,,Aggregated,77.900000,0.000000,1300,1300,1300,1300,1300,1300,1400,1400,1500,1600,1600,54803,0,1300,1257.2414576816127,244.06591700972058,1586.5452909929445,0.0
1777032820,100,,Aggregated,78.000000,0.000000,1300,1300,1300,1300,1300,1300,1400,1400,1500,1600,1600,54886,0,1300,1257.2433193406061,244.06591700972058,1586.5452909929445,0.0
1777032821,100,,Aggregated,78.000000,0.000000,1300,1300,1300,1300,1300,1300,1400,1400,1500,1600,1600,54962,0,1300,1257.198319360768,244.06591700972058,1586.5452909929445,0.0
1777032822,100,,Aggregated,78.500000,0.000000,1300,1300,1300,1300,1300,1300,1400,1400,1500,1600,1600,55037,0,1300,1257.3018102722995,244.06591700972058,1586.5452909929445,0.0
1777032823,100,,Aggregated,78.500000,0.000000,1300,1300,1300,1300,1300,1300,1400,1400,1500,1600,1600,55115,0,1300,1257.3856078970612,244.06591700972058,1586.5452909929445,0.0
1777032824,100,,Aggregated,78.200000,0.000000,1300,1300,1300,1300,1300,1300,1400,1400,1500,1600,1600,55193,0,1300,1257.4028187397223,244.06591700972058,1586.5452909929445,0.0
1777032825,100,,Aggregated,78.100000,0.000000,1300,1300,1300,1300,1300,1300,1400,1400,1500,1600,1600,55269,0,1300,1257.4598963297242,244.06591700972058,1586.5452909929445,0.0
1777032826,100,,Aggregated,78.300000,0.000000,1300,1300,1300,1300,1300,1300,1400,1400,1500,1600,1600,55349,0,1300,1257.505295600002,244.06591700972058,1586.5452909929445,0.0
1777032827,100,,Aggregated,77.900000,0.000000,1300,1300,1300,1300,1300,1300,1400,1400,1500,1600,1600,55429,0,1300,1257.4997686807021,244.06591700972058,1586.5452909929445,0.0
1777032828,100,,Aggregated,77.900000,0.000000,1300,1300,1300,1300,1300,1300,1400,1400,1500,1600,1600,55510,0,1300,1257.4837834622706,244.06591700972058,1586.5452909929445,0.0
1777032829,100,,Aggregated,78.200000,0.000000,1300,1300,1300,1300,1300,1300,1400,1400,1500,1600,1600,55589,0,1300,1257.4982867292572,244.06591700972058,1586.5452909929445,0.0
1777032830,100,,Aggregated,78.400000,0.000000,1300,1300,1300,1300,1300,1300,1400,1400,1500,1600,1600,55671,0,1300,1257.478764316803,244.06591700972058,1586.5452909929445,0.0
1777032831,100,,Aggregated,78.300000,0.000000,1300,1300,1300,1300,1300,1300,1400,1400,1500,1600,1600,55750,0,1300,1257.4489391388272,244.06591700972058,1586.5452909929445,0.0
1777032832,100,,Aggregated,78.200000,0.000000,1300,1300,1300,1300,1300,1300,1400,1400,1500,1600,1600,55828,0,1300,1257.4801988874851,244.06591700972058,1586.5452909929445,0.0
1777032833,100,,Aggregated,78.500000,0.000000,1300,1300,1300,1300,1300,1300,1400,1400,1500,1600,1600,55908,0,1300,1257.4943843320732,244.06591700972058,1586.5452909929445,0.0
1777032834,100,,Aggregated,78.900000,0.000000,1300,1300,1300,1300,1300,1300,1400,1400,1500,1600,1600,55991,0,1300,1257.4798458909393,244.06591700972058,1586.5452909929445,0.0
1777032835,100,,Aggregated,79.100000,0.000000,1300,1300,1300,1300,1300,1300,1400,1400,1500,1600,1600,56072,0,1300,1257.4275732969854,244.06591700972058,1586.5452909929445,0.0
1777032836,100,,Aggregated,79.000000,0.000000,1300,1300,1300,1300,1300,1300,1400,1400,1500,1600,1600,56158,0,1300,1257.2777454962159,244.06591700972058,1586.5452909929445,0.0
1777032837,100,,Aggregated,79.000000,0.000000,1300,1300,1300,1300,1300,1300,1400,1400,1500,1600,1600,56237,0,1300,1257.2390274514555,244.06591700972058,1586.5452909929445,0.0
1777032838,100,,Aggregated,80.800000,0.000000,1300,1300,1300,1300,1300,1300,1400,1400,1500,1600,1600,56316,0,1300,1257.269419478914,244.06591700972058,1586.5452909929445,0.0
1777032839,100,,Aggregated,80.500000,0.000000,1300,1300,1300,1300,1300,1300,1400,1400,1500,1600,1600,56394,0,1300,1257.2970488549222,244.06591700972058,1586.5452909929445,0.0
1777032840,100,,Aggregated,80.400000,0.000000,1300,1300,1300,1300,1300,1300,1400,1400,1500,1600,1600,56473,0,1300,1257.3210648400213,244.06591700972058,1586.5452909929445,0.0
1777032841,100,,Aggregated,80.400000,0.000000,1300,1300,1300,1300,1300,1300,1400,1400,1500,1600,1600,56554,0,1300,1257.3023602221522,244.06591700972058,1586.5452909929445,0.0
1777032842,100,,Aggregated,80.000000,0.000000,1300,1300,1300,1300,1300,1300,1400,1400,1500,1600,1600,56634,0,1300,1257.288247090292,244.06591700972058,1586.5452909929445,0.0
1777032843,100,,Aggregated,80.300000,0.000000,1300,1300,1300,1300,1300,1300,1400,1400,1500,1600,1600,56713,0,1300,1257.2923478861562,244.06591700972058,1586.5452909929445,0.0
1777032844,100,,Aggregated,80.400000,0.000000,1300,1300,1300,1300,1300,1300,1400,1400,1500,1600,1600,56792,0,1300,1257.3048511351865,244.06591700972058,1586.5452909929445,0.0
1777032845,100,,Aggregated,80.400000,0.000000,1300,1300,1300,1300,1300,1300,1400,1400,1500,1600,1600,56872,0,1300,1257.3100507426773,244.06591700972058,1586.5452909929445,0.0
1777032846,100,,Aggregated,80.300000,0.000000,1300,1300,1300,1300,1300,1300,1400,1400,1500,1600,1600,56953,0,1300,1257.3134710902593,244.06591700972058,1586.5452909929445,0.0
1777032847,100,,Aggregated,80.800000,0.000000,1300,1300,1300,1300,1300,1300,1400,1400,1500,1600,1600,57031,0,1300,1257.3097005430661,244.06591700972058,1586.5452909929445,0.0
1777032848,100,,Aggregated,79.100000,0.000000,1300,1300,1300,1300,1300,1300,1400,1400,1500,1600,1600,57110,0,1300,1257.333902146657,244.06591700972058,1586.5452909929445,0.0
1777032849,100,,Aggregated,79.300000,0.000000,1300,1300,1300,1300,1300,1300,1400,1400,1500,1600,1600,57188,0,1300,1257.3541809793949,244.06591700972058,1586.5452909929445,0.0
1777032850,100,,Aggregated,79.200000,0.000000,1300,1300,1300,1300,1300,1300,1400,1400,1500,1600,1600,57271,0,1300,1257.3694386713105,244.06591700972058,1586.5452909929445,0.0
1777032851,100,,Aggregated,79.300000,0.000000,1300,1300,1300,1300,1300,1300,1400,1400,1500,1600,1600,57351,0,1300,1257.3083821064265,244.06591700972058,1586.5452909929445,0.0
1777032852,100,,Aggregated,79.600000,0.000000,1300,1300,1300,1300,1300,1300,1400,1400,1500,1600,1600,57430,0,1300,1257.299784231182,244.06591700972058,1586.5452909929445,0.0
1777032853,100,,Aggregated,79.400000,0.000000,1300,1300,1300,1300,1300,1300,1400,1400,1500,1600,1600,57508,0,1300,1257.3308722210793,244.06591700972058,1586.5452909929445,0.0
1777032854,100,,Aggregated,79.400000,0.000000,1300,1300,1300,1300,1300,1300,1400,1400,1500,1600,1600,57583,0,1300,1257.3741428985586,244.06591700972058,1586.5452909929445,0.0
1777032855,100,,Aggregated,79.300000,0.000000,1300,1300,1300,1300,1300,1300,1400,1400,1500,1600,1600,57662,0,1300,1257.451897938774,244.06591700972058,1586.5452909929445,0.0
1777032856,100,,Aggregated,79.100000,0.000000,1300,1300,1300,1300,1300,1300,1400,1400,1500,1600,1600,57742,0,1300,1257.4611485500068,244.06591700972058,1586.5452909929445,0.0
1777032857,100,,Aggregated,78.900000,0.000000,1300,1300,1300,1300,1300,1300,1400,1400,1500,1600,1600,57820,0,1300,1257.4820099279564,244.06591700972058,1586.5452909929445,0.0
1777032858,100,,Aggregated,78.700000,0.000000,1300,1300,1300,1300,1300,1300,1400,1400,1500,1600,1600,57897,0,1300,1257.5268715807622,244.06591700972058,1586.5452909929445,0.0
1777032859,100,,Aggregated,78.600000,0.000000,1300,1300,1300,1300,1300,1300,1400,1400,1500,1600,1600,57976,0,1300,1257.550326755769,244.06591700972058,1586.5452909929445,0.0
1777032860,100,,Aggregated,78.600000,0.000000,1300,1300,1300,1300,1300,1300,1400,1400,1500,1600,1600,58053,0,1300,1257.5928804639802,244.06591700972058,1586.5452909929445,0.0
1777032861,100,,Aggregated,78.600000,0.000000,1300,1300,1300,1300,1300,1300,1400,1400,1500,1600,1600,58136,0,1300,1257.6341647028073,244.06591700972058,1586.5452909929445,0.0
1777032862,100,,Aggregated,78.200000,0.000000,1300,1300,1300,1300,1300,1300,1400,1400,1500,1600,1600,58214,0,1300,1257.566537508046,244.06591700972058,1586.5452909929445,0.0
1777032863,100,,Aggregated,77.100000,0.000000,1300,1300,1300,1300,1300,1300,1400,1400,1500,1600,1600,58293,0,1300,1257.5974442750141,244.06591700972058,1586.5452909929445,0.0
1777032864,100,,Aggregated,78.300000,0.000000,1300,1300,1300,1300,1300,1300,1400,1400,1500,1600,1600,58372,0,1300,1257.6143001709281,244.06591700972058,1586.5452909929445,0.0
1777032865,100,,Aggregated,78.200000,0.000000,1300,1300,1300,1300,1300,1300,1400,1400,1500,1600,1600,58450,0,1300,1257.6317568847642,244.06591700972058,1586.5452909929445,0.0
1777032866,100,,Aggregated,78.500000,0.000000,1300,1300,1300,1300,1300,1300,1400,1400,1500,1600,1600,58529,0,1300,1257.6454400175548,244.06591700972058,1586.5452909929445,0.0
1777032867,100,,Aggregated,78.600000,0.000000,1300,1300,1300,1300,1300,1300,1400,1400,1500,1600,1600,58608,0,1300,1257.6659974142863,244.06591700972058,1586.5452909929445,0.0
1777032868,100,,Aggregated,78.700000,0.000000,1300,1300,1300,1300,1300,1300,1400,1400,1500,1600,1600,58687,0,1300,1257.6907373196875,244.06591700972058,1586.5452909929445,0.0
1777032869,100,,Aggregated,78.800000,0.000000,1300,1300,1300,1300,1300,1300,1400,1400,1500,1600,1600,58764,0,1300,1257.7045570182183,244.06591700972058,1586.5452909929445,0.0
1777032870,100,,Aggregated,78.600000,0.000000,1300,1300,1300,1300,1300,1300,1400,1400,1500,1600,1600,58842,0,1300,1257.7474920080813,244.06591700972058,1586.5452909929445,0.0
1777032871,100,,Aggregated,78.800000,0.000000,1300,1300,1300,1300,1300,1300,1400,1400,1500,1600,1600,58921,0,1300,1257.7831326012204,244.06591700972058,1586.5452909929445,0.0
1777032872,100,,Aggregated,78.800000,0.000000,1300,1300,1300,1300,1300,1300,1400,1400,1500,1600,1600,59001,0,1300,1257.7890435607444,244.06591700972058,1586.5452909929445,0.0
1777032873,100,,Aggregated,79.600000,0.000000,1300,1300,1300,1300,1300,1300,1400,1400,1500,1600,1600,59080,0,1300,1257.776402289345,244.06591700972058,1586.5452909929445,0.0
1777032874,100,,Aggregated,78.400000,0.000000,1300,1300,1300,1300,1300,1300,1400,1400,1500,1600,1600,59159,0,1300,1257.8025407258174,244.06591700972058,1586.5452909929445,0.0
1777032875,100,,Aggregated,78.800000,0.000000,1300,1300,1300,1300,1300,1300,1400,1400,1500,1600,1600,59237,0,1300,1257.8386342137637,244.06591700972058,1586.5452909929445,0.0
1777032876,100,,Aggregated,78.500000,0.000000,1300,1300,1300,1300,1300,1300,1400,1400,1500,1600,1600,59315,0,1300,1257.8653361777256,244.06591700972058,1586.5452909929445,0.0
1777032877,100,,Aggregated,78.400000,0.000000,1300,1300,1300,1300,1300,1300,1400,1400,1500,1600,1600,59394,0,1300,1257.8954917354406,244.06591700972058,1586.5452909929445,0.0
1777032878,100,,Aggregated,78.400000,0.000000,1300,1300,1300,1300,1300,1300,1400,1400,1500,1600,1600,59476,0,1300,1257.8748290046867,244.06591700972058,1586.5452909929445,0.0
1777032879,100,,Aggregated,78.300000,0.000000,1300,1300,1300,1300,1300,1300,1400,1400,1500,1600,1600,59555,0,1300,1257.8485060961068,244.06591700972058,1586.5452909929445,0.0
1777032880,100,,Aggregated,78.900000,0.000000,1300,1300,1300,1300,1300,1300,1400,1400,1500,1600,1600,59633,0,1300,1257.8821237096017,244.06591700972058,1586.5452909929445,0.0
1777032881,100,,Aggregated,78.800000,0.000000,1300,1300,1300,1300,1300,1300,1400,1400,1500,1600,1600,59711,0,1300,1257.917973533716,244.06591700972058,1586.5452909929445,0.0
1777032882,100,,Aggregated,78.800000,0.000000,1300,1300,1300,1300,1300,1300,1400,1400,1500,1600,1600,59789,0,1300,1257.946829791093,244.06591700972058,1586.5452909929445,0.0
1777032883,100,,Aggregated,78.800000,0.000000,1300,1300,1300,1300,1300,1300,1400,1400,1500,1600,1600,59870,0,1300,1257.976580892077,244.06591700972058,1586.5452909929445,0.0
1777032884,100,,Aggregated,78.800000,0.000000,1300,1300,1300,1300,1300,1300,1400,1400,1500,1600,1600,59946,0,1300,1257.9611903353948,244.06591700972058,1586.5452909929445,0.0
1777032885,100,,Aggregated,78.700000,0.000000,1300,1300,1300,1300,1300,1300,1400,1400,1500,1600,1600,60023,0,1300,1258.0298840356618,244.06591700972058,1586.5452909929445,0.0
1777032886,100,,Aggregated,78.800000,0.000000,1300,1300,1300,1300,1300,1300,1400,1400,1500,1600,1600,60099,0,1300,1258.1367286902525,244.06591700972058,1586.5452909929445,0.0
1777032887,100,,Aggregated,78.600000,0.000000,1300,1300,1300,1300,1300,1300,1400,1400,1500,1600,1600,60198,0,1300,1257.9399789583604,244.06591700972058,1586.5452909929445,0.0
1777032888,100,,Aggregated,77.900000,0.000000,1300,1300,1300,1300,1300,1300,1400,1400,1500,1600,1600,60277,0,1300,1257.7706297731547,244.06591700972058,1586.5452909929445,0.0
1777032889,100,,Aggregated,79.400000,0.000000,1300,1300,1300,1300,1300,1300,1400,1400,1500,1600,1600,60356,0,1300,1257.7695084015927,244.06591700972058,1586.5452909929445,0.0
1777032890,100,,Aggregated,79.800000,0.000000,1300,1300,1300,1300,1300,1300,1400,1400,1500,1600,1600,60432,0,1300,1257.806854674157,244.06591700972058,1586.5452909929445,0.0
1777032891,100,,Aggregated,79.800000,0.000000,1300,1300,1300,1300,1300,1300,1400,1400,1500,1600,1600,60512,0,1300,1257.8483021329282,244.06591700972058,1586.5452909929445,0.0
1777032892,100,,Aggregated,79.800000,0.000000,1300,1300,1300,1300,1300,1300,1400,1400,1500,1600,1600,60590,0,1300,1257.8664164218478,244.06591700972058,1586.5452909929445,0.0
1777032893,100,,Aggregated,79.800000,0.000000,1300,1300,1300,1300,1300,1300,1400,1400,1500,1600,1600,60667,0,1300,1257.9069408808032,244.06591700972058,1586.5452909929445,0.0
1777032894,100,,Aggregated,79.800000,0.000000,1300,1300,1300,1300,1300,1300,1400,1400,1500,1600,1600,60746,0,1300,1257.9359389904987,244.06591700972058,1586.5452909929445,0.0
1777032895,100,,Aggregated,79.500000,0.000000,1300,1300,1300,1300,1300,1300,1400,1400,1500,1600,1600,60825,0,1300,1257.9411976901895,244.06591700972058,1586.5452909929445,0.0
1777032896,100,,Aggregated,79.500000,0.000000,1300,1300,1300,1300,1300,1300,1400,1400,1500,1600,1600,60905,0,1300,1257.954174492566,244.06591700972058,1586.5452909929445,0.0
1777032897,100,,Aggregated,80.000000,0.000000,1300,1300,1300,1300,1300,1300,1400,1400,1500,1600,1600,60983,0,1300,1257.9691037770474,244.06591700972058,1586.5452909929445,0.0
1777032898,100,,Aggregated,80.800000,0.000000,1300,1300,1300,1300,1300,1300,1400,1400,1500,1600,1600,61061,0,1300,1258.0042695421228,244.06591700972058,1586.5452909929445,0.0
1777032899,100,,Aggregated,79.200000,0.000000,1300,1300,1300,1300,1300,1300,1400,1400,1500,1600,1600,61130,0,1300,1258.0646880004679,244.06591700972058,1586.5452909929445,0.0
1777032900,100,,Aggregated,78.200000,0.000000,1300,1300,1300,1300,1300,1300,1400,1400,1500,1600,1600,61224,0,1300,1258.031894451924,244.06591700972058,1586.5452909929445,0.0
1777032901,100,,Aggregated,77.900000,0.000000,1300,1300,1300,1300,1300,1300,1400,1400,1500,1600,1600,61304,0,1300,1257.9436741227912,244.06591700972058,1586.5452909929445,0.0
1777032902,100,,Aggregated,79.000000,0.000000,1300,1300,1300,1300,1300,1300,1400,1400,1500,1600,1600,61381,0,1300,1257.9683422225864,244.06591700972058,1586.5452909929445,0.0
1777032903,100,,Aggregated,78.900000,0.000000,1300,1300,1300,1300,1300,1300,1400,1400,1500,1600,1600,61461,0,1300,1257.9940501294416,244.06591700972058,1586.5452909929445,0.0
1777032904,100,,Aggregated,79.000000,0.000000,1300,1300,1300,1300,1300,1300,1400,1400,1500,1600,1600,61539,0,1300,1257.9972744946886,244.06591700972058,1586.5452909929445,0.0
1777032905,100,,Aggregated,79.100000,0.000000,1300,1300,1300,1300,1300,1300,1400,1400,1500,1600,1600,61618,0,1300,1258.0123944464863,244.06591700972058,1586.5452909929445,0.0
1777032906,100,,Aggregated,79.200000,0.000000,1300,1300,1300,1300,1300,1300,1400,1400,1500,1600,1600,61696,0,1300,1258.0209999230365,244.06591700972058,1586.5452909929445,0.0
1777032907,100,,Aggregated,79.100000,0.000000,1300,1300,1300,1300,1300,1300,1400,1400,1500,1600,1600,61780,0,1300,1258.0258034666347,244.06591700972058,1586.5452909929445,0.0
1777032908,100,,Aggregated,79.000000,0.000000,1300,1300,1300,1300,1300,1300,1400,1400,1500,1600,1600,61858,0,1300,1257.9846079409247,244.06591700972058,1586.5452909929445,0.0
1777032909,100,,Aggregated,79.300000,0.000000,1300,1300,1300,1300,1300,1300,1400,1400,1500,1600,1600,61936,0,1300,1258.0164867936546,244.06591700972058,1586.5452909929445,0.0
1777032910,100,,Aggregated,79.700000,0.000000,1300,1300,1300,1300,1300,1300,1400,1400,1500,1600,1600,62015,0,1300,1258.0454925194676,244.06591700972058,1586.5452909929445,0.0
1777032911,100,,Aggregated,79.800000,0.000000,1300,1300,1300,1300,1300,1300,1400,1400,1500,1600,1600,62094,0,1300,1258.0576053747513,244.06591700972058,1586.5452909929445,0.0
1777032912,100,,Aggregated,78.800000,0.000000,1300,1300,1300,1300,1300,1300,1400,1400,1500,1600,1600,62169,0,1300,1258.1223161746673,244.06591700972058,1586.5452909929445,0.0
1777032913,100,,Aggregated,79.000000,0.000000,1300,1300,1300,1300,1300,1300,1400,1400,1500,1600,1600,62240,0,1300,1258.1944784164518,244.06591700972058,1586.5452909929445,0.0
1777032914,100,,Aggregated,78.600000,0.000000,1300,1300,1300,1300,1300,1300,1400,1400,1500,1600,1600,62318,0,1300,1258.321484448265,244.06591700972058,1586.5452909929445,0.0
1777032915,100,,Aggregated,78.600000,0.000000,1300,1300,1300,1300,1300,1300,1400,1400,1500,1600,1600,62397,0,1300,1258.3641848048128,244.06591700972058,1586.5452909929445,0.0
1777032916,100,,Aggregated,77.800000,0.000000,1300,1300,1300,1300,1300,1300,1400,1400,1500,1600,1600,62480,0,1300,1258.337896501101,244.06591700972058,1586.5452909929445,0.0
1777032917,100,,Aggregated,77.700000,0.000000,1300,1300,1300,1300,1300,1300,1400,1400,1500,1600,1600,62560,0,1300,1258.3376070614918,244.06591700972058,1586.5452909929445,0.0
1777032918,100,,Aggregated,77.900000,0.000000,1300,1300,1300,1300,1300,1300,1400,1400,1500,1600,1600,62637,0,1300,1258.320023850615,244.06591700972058,1586.5452909929445,0.0
1777032919,100,,Aggregated,77.900000,0.000000,1300,1300,1300,1300,1300,1300,1400,1400,1500,1600,1600,62715,0,1300,1258.3667037513353,244.06591700972058,1586.5452909929445,0.0
1777032920,100,,Aggregated,77.700000,0.000000,1300,1300,1300,1300,1300,1300,1400,1400,1500,1600,1600,62797,0,1300,1258.3709351656921,244.06591700972058,1586.5452909929445,0.0
1777032921,100,,Aggregated,77.700000,0.000000,1300,1300,1300,1300,1300,1300,1400,1400,1500,1600,1600,62877,0,1300,1258.3406106753337,244.06591700972058,1586.5452909929445,0.0
1777032922,100,,Aggregated,77.900000,0.000000,1300,1300,1300,1300,1300,1300,1400,1400,1500,1600,1600,62962,0,1300,1258.286657156523,244.06591700972058,1586.5452909929445,0.0
1777032923,100,,Aggregated,78.000000,0.000000,1300,1300,1300,1300,1300,1300,1400,1400,1500,1600,1600,63042,0,1300,1258.2215019142957,244.06591700972058,1586.5452909929445,0.0
1777032924,100,,Aggregated,78.800000,0.000000,1300,1300,1300,1300,1300,1300,1400,1400,1500,1600,1600,63123,0,1300,1258.202616609857,244.06591700972058,1586.5452909929445,0.0
1777032925,100,,Aggregated,79.100000,0.000000,1300,1300,1300,1300,1300,1300,1400,1400,1500,1600,1600,63190,0,1300,1258.330197581562,244.06591700972058,1638.2162499940023,0.0
1777032926,100,,Aggregated,80.100000,0.000000,1300,1300,1300,1300,1300,1300,1400,1400,1500,1600,1600,63286,0,1300,1258.0876539521687,244.06591700972058,1638.2162499940023,0.0
1777032927,100,,Aggregated,79.800000,0.000000,1300,1300,1300,1300,1300,1300,1400,1400,1500,1600,1600,63355,0,1300,1258.2279387264296,244.06591700972058,1638.2162499940023,0.0
1777032928,100,,Aggregated,81.600000,0.000000,1300,1300,1300,1300,1300,1300,1400,1400,1500,1600,1600,63431,0,1300,1258.3467548775832,244.06591700972058,1638.2162499940023,0.0
1777032929,100,,Aggregated,79.500000,0.000000,1300,1300,1300,1300,1300,1300,1400,1400,1500,1600,1600,63509,0,1300,1258.402436603081,244.06591700972058,1638.2162499940023,0.0
1777032930,100,,Aggregated,79.300000,0.000000,1300,1300,1300,1300,1300,1300,1400,1400,1500,1600,1600,63586,0,1300,1258.4357394967608,244.06591700972058,1638.2162499940023,0.0
1777032931,100,,Aggregated,79.200000,0.000000,1300,1300,1300,1300,1300,1300,1400,1400,1500,1600,1600,63658,0,1300,1258.4685959052447,244.06591700972058,1638.2162499940023,0.0
1777032932,100,,Aggregated,79.000000,0.000000,1300,1300,1300,1300,1300,1300,1400,1400,1500,1600,1600,63744,0,1300,1258.5072007616086,244.06591700972058,1638.2162499940023,0.0
1777032933,100,,Aggregated,78.900000,0.000000,1300,1300,1300,1300,1300,1300,1400,1400,1500,1600,1600,63820,0,1300,1258.5332944899087,244.06591700972058,1638.2162499940023,0.0
1777032934,100,,Aggregated,78.200000,0.000000,1300,1300,1300,1300,1300,1300,1400,1400,1500,1600,1600,63898,0,1300,1258.578240441361,244.06591700972058,1638.2162499940023,0.0
1777032935,100,,Aggregated,77.800000,0.000000,1300,1300,1300,1300,1300,1300,1400,1400,1500,1600,1600,63976,0,1300,1258.6160742408722,244.06591700972058,1638.2162499940023,0.0
1777032936,100,,Aggregated,77.500000,0.000000,1300,1300,1300,1300,1300,1300,1400,1400,1500,1600,1600,64052,0,1300,1258.6698992381966,244.06591700972058,1638.2162499940023,0.0
1777032937,100,,Aggregated,77.800000,0.000000,1300,1300,1300,1300,1300,1300,1400,1400,1500,1600,1600,64131,0,1300,1258.6943832533718,244.06591700972058,1638.2162499940023,0.0
1777032938,100,,Aggregated,75.500000,0.000000,1300,1300,1300,1300,1300,1300,1400,1400,1500,1600,1600,64211,0,1300,1258.727785894676,244.06591700972058,1638.2162499940023,0.0
1777032939,100,,Aggregated,77.500000,0.000000,1300,1300,1300,1300,1300,1300,1400,1400,1500,1600,1600,64277,0,1300,1258.8196764698405,244.06591700972058,1638.2162499940023,0.0
1777032940,100,,Aggregated,77.600000,0.000000,1300,1300,1300,1300,1300,1300,1400,1400,1500,1600,1600,64382,0,1300,1258.6313354204583,244.06591700972058,1638.2162499940023,0.0
1777032941,100,,Aggregated,77.000000,0.000000,1300,1300,1300,1300,1300,1300,1400,1400,1500,1600,1600,64462,0,1300,1258.4899956699142,244.06591700972058,1638.2162499940023,0.0
1777032942,100,,Aggregated,78.400000,0.000000,1300,1300,1300,1300,1300,1300,1400,1400,1500,1600,1600,64542,0,1300,1258.493408316042,244.06591700972058,1638.2162499940023,0.0
1777032943,100,,Aggregated,79.200000,0.000000,1300,1300,1300,1300,1300,1300,1400,1400,1500,1600,1600,64625,0,1300,1258.4476037883942,244.06591700972058,1638.2162499940023,0.0
1777032944,100,,Aggregated,79.400000,0.000000,1300,1300,1300,1300,1300,1300,1400,1400,1500,1600,1600,64701,0,1300,1258.4417019551327,244.06591700972058,1638.2162499940023,0.0
1777032945,100,,Aggregated,79.900000,0.000000,1300,1300,1300,1300,1300,1300,1400,1400,1500,1600,1600,64777,0,1300,1258.508366935054,244.06591700972058,1638.2162499940023,0.0
1777032946,100,,Aggregated,80.200000,0.000000,1300,1300,1300,1300,1300,1300,1400,1400,1500,1600,1600,64858,0,1300,1258.530643073314,244.06591700972058,1638.2162499940023,0.0
1777032947,100,,Aggregated,79.900000,0.000000,1300,1300,1300,1300,1300,1300,1400,1400,1500,1600,1600,64941,0,1300,1258.4927648826456,244.06591700972058,1638.2162499940023,0.0
1777032948,100,,Aggregated,80.100000,0.000000,1300,1300,1300,1300,1300,1300,1400,1400,1500,1600,1600,65022,0,1300,1258.4431921804892,244.06591700972058,1638.2162499940023,0.0
1777032949,100,,Aggregated,80.300000,0.000000,1300,1300,1300,1300,1300,1300,1400,1400,1500,1600,1600,65102,0,1300,1258.4244919254666,244.06591700972058,1638.2162499940023,0.0
1777032950,100,,Aggregated,80.800000,0.000000,1300,1300,1300,1300,1300,1300,1400,1400,1500,1600,1600,65183,0,1300,1258.4020159294696,244.06591700972058,1638.2162499940023,0.0
1777032951,100,,Aggregated,81.700000,0.000000,1300,1300,1300,1300,1300,1300,1400,1400,1500,1600,1600,65264,0,1300,1258.3797916143126,244.06591700972058,1638.2162499940023,0.0
1777032952,100,,Aggregated,80.700000,0.000000,1300,1300,1300,1300,1300,1300,1400,1400,1500,1600,1600,65345,0,1300,1258.3523675331776,244.06591700972058,1638.2162499940023,0.0
1777032953,100,,Aggregated,80.000000,0.000000,1300,1300,1300,1300,1300,1300,1400,1400,1500,1600,1600,65424,0,1300,1258.363610233577,244.06591700972058,1638.2162499940023,0.0
1777032954,100,,Aggregated,80.200000,0.000000,1300,1300,1300,1300,1300,1300,1400,1400,1500,1600,1600,65500,0,1300,1258.3774612506822,244.06591700972058,1638.2162499940023,0.0
1777032955,100,,Aggregated,80.000000,0.000000,1300,1300,1300,1300,1300,1300,1400,1400,1500,1600,1600,65576,0,1300,1258.4316088362298,244.06591700972058,1638.2162499940023,0.0
1777032956,100,,Aggregated,79.800000,0.000000,1300,1300,1300,1300,1300,1300,1400,1400,1500,1600,1600,65654,0,1300,1258.5199236496128,244.06591700972058,1638.2162499940023,0.0
1777032957,100,,Aggregated,79.900000,0.000000,1300,1300,1300,1300,1300,1300,1400,1400,1500,1600,1600,65731,0,1300,1258.5336741041774,244.06591700972058,1638.2162499940023,0.0
1777032958,100,,Aggregated,79.400000,0.000000,1300,1300,1300,1300,1300,1300,1400,1400,1500,1600,1600,65809,0,1300,1258.5815787524457,244.06591700972058,1638.2162499940023,0.0
1777032959,100,,Aggregated,79.300000,0.000000,1300,1300,1300,1300,1300,1300,1400,1400,1500,1600,1600,65886,0,1300,1258.6121625603882,244.06591700972058,1638.2162499940023,0.0
1777032960,100,,Aggregated,78.600000,0.000000,1300,1300,1300,1300,1300,1300,1400,1400,1500,1600,1600,65964,0,1300,1258.6600757407318,244.06591700972058,1638.2162499940023,0.0
1777032961,100,,Aggregated,78.500000,0.000000,1300,1300,1300,1300,1300,1300,1400,1400,1500,1600,1600,66040,0,1300,1258.7077069673467,244.06591700972058,1638.2162499940023,0.0
1777032962,100,,Aggregated,78.000000,0.000000,1300,1300,1300,1300,1300,1300,1400,1400,1500,1600,1600,66116,0,1300,1258.791979881943,244.06591700972058,1638.2162499940023,0.0
1777032963,100,,Aggregated,77.700000,0.000000,1300,1300,1300,1300,1300,1300,1400,1400,1500,1600,1600,66185,0,1300,1258.841073082989,244.06591700972058,1638.2162499940023,0.0
1777032964,100,,Aggregated,77.000000,0.000000,1300,1300,1300,1300,1300,1300,1400,1400,1500,1600,1600,66275,0,1300,1258.866192846105,244.06591700972058,1638.2162499940023,0.0
1777032965,100,,Aggregated,76.700000,0.000000,1300,1300,1300,1300,1300,1300,1400,1400,1500,1600,1600,66351,0,1300,1258.8530277219006,244.06591700972058,1638.2162499940023,0.0
1777032966,100,,Aggregated,76.800000,0.000000,1300,1300,1300,1300,1300,1300,1400,1400,1500,1600,1600,66427,0,1300,1258.910961350955,244.06591700972058,1638.2162499940023,0.0
1777032967,100,,Aggregated,77.100000,0.000000,1300,1300,1300,1300,1300,1300,1400,1400,1500,1600,1600,66505,0,1300,1258.9619558872998,244.06591700972058,1638.2162499940023,0.0
1777032968,100,,Aggregated,77.500000,0.000000,1300,1300,1300,1300,1300,1300,1400,1400,1500,1600,1600,66583,0,1300,1258.9996575470163,244.06591700972058,1638.2162499940023,0.0
1777032969,100,,Aggregated,77.100000,0.000000,1300,1300,1300,1300,1300,1300,1400,1400,1500,1600,1600,66659,0,1300,1259.0472812653647,244.06591700972058,1638.2162499940023,0.0
1777032970,100,,Aggregated,77.300000,0.000000,1300,1300,1300,1300,1300,1300,1400,1400,1500,1600,1600,66736,0,1300,1259.0921232411154,244.06591700972058,1638.2162499940023,0.0
1777032971,100,,Aggregated,77.200000,0.000000,1300,1300,1300,1300,1300,1300,1400,1400,1500,1600,1600,66812,0,1300,1259.1441717169216,244.06591700972058,1638.2162499940023,0.0
1777032972,100,,Aggregated,77.200000,0.000000,1300,1300,1300,1300,1300,1300,1400,1400,1500,1600,1600,66891,0,1300,1259.1936689795932,244.06591700972058,1638.2162499940023,0.0
1777032973,100,,Aggregated,77.200000,0.000000,1300,1300,1300,1300,1300,1300,1400,1400,1500,1600,1600,66970,0,1300,1259.2153832357142,244.06591700972058,1638.2162499940023,0.0
1777032974,100,,Aggregated,77.400000,0.000000,1300,1300,1300,1300,1300,1300,1400,1400,1500,1600,1600,67048,0,1300,1259.222095751681,244.06591700972058,1638.2162499940023,0.0
1777032975,100,,Aggregated,77.500000,0.000000,1300,1300,1300,1300,1300,1300,1400,1400,1500,1600,1600,67126,0,1300,1259.2512063333688,244.06591700972058,1638.2162499940023,0.0
1777032976,100,,Aggregated,77.500000,0.000000,1300,1300,1300,1300,1300,1300,1400,1400,1500,1600,1600,67203,0,1300,1259.2930690067528,244.06591700972058,1638.2162499940023,0.0
1777032977,100,,Aggregated,77.300000,0.000000,1300,1300,1300,1300,1300,1300,1400,1400,1500,1600,1600,67282,0,1300,1259.324835793151,244.06591700972058,1638.2162499940023,0.0
1777032978,100,,Aggregated,77.300000,0.000000,1300,1300,1300,1300,1300,1300,1400,1400,1500,1600,1600,67358,0,1300,1259.3501741607636,244.06591700972058,1638.2162499940023,0.0
1777032979,100,,Aggregated,77.500000,0.000000,1300,1300,1300,1300,1300,1300,1400,1400,1500,1600,1600,67436,0,1300,1259.4159236768744,244.06591700972058,1638.2162499940023,0.0
1777032980,100,,Aggregated,77.500000,0.000000,1300,1300,1300,1300,1300,1300,1400,1400,1500,1600,1600,67514,0,1300,1259.4252076463656,244.06591700972058,1638.2162499940023,0.0
1777032981,100,,Aggregated,77.300000,0.000000,1300,1300,1300,1300,1300,1300,1400,1400,1500,1600,1600,67592,0,1300,1259.4686829536133,244.06591700972058,1638.2162499940023,0.0
1777032982,100,,Aggregated,77.700000,0.000000,1300,1300,1300,1300,1300,1300,1400,1400,1500,1600,1600,67671,0,1300,1259.490515266194,244.06591700972058,1638.2162499940023,0.0
1777032983,100,,Aggregated,77.600000,0.000000,1300,1300,1300,1300,1300,1300,1400,1400,1500,1600,1600,67749,0,1300,1259.4995647296287,244.06591700972058,1638.2162499940023,0.0
1777032984,100,,Aggregated,77.800000,0.000000,1300,1300,1300,1300,1300,1300,1400,1400,1500,1600,1600,67828,0,1300,1259.5153620646447,244.06591700972058,1638.2162499940023,0.0
1777032985,100,,Aggregated,78.000000,0.000000,1300,1300,1300,1300,1300,1300,1400,1400,1500,1600,1600,67913,0,1300,1259.5235430691712,244.06591700972058,1638.2162499940023,0.0
1777032986,100,,Aggregated,77.700000,0.000000,1300,1300,1300,1300,1300,1300,1400,1400,1500,1600,1600,67995,0,1300,1259.4149133232534,244.06591700972058,1638.2162499940023,0.0
1777032987,100,,Aggregated,77.900000,0.000000,1300,1300,1300,1300,1300,1300,1400,1400,1500,1600,1600,68079,0,1300,1259.3556261231586,244.06591700972058,1638.2162499940023,0.0
1777032988,100,,Aggregated,78.800000,0.000000,1300,1300,1300,1300,1300,1300,1400,1400,1500,1600,1600,68160,0,1300,1259.3080737059945,244.06591700972058,1638.2162499940023,0.0
1777032989,100,,Aggregated,79.300000,0.000000,1300,1300,1300,1300,1300,1300,1400,1400,1500,1600,1600,68242,0,1300,1259.2613496339147,244.06591700972058,1638.2162499940023,0.0
1777032990,100,,Aggregated,79.600000,0.000000,1300,1300,1300,1300,1300,1300,1400,1400,1500,1600,1600,68324,0,1300,1259.207220060062,244.06591700972058,1638.2162499940023,0.0
1777032991,100,,Aggregated,80.300000,0.000000,1300,1300,1300,1300,1300,1300,1400,1400,1500,1600,1600,68406,0,1300,1259.1565453538099,244.06591700972058,1638.2162499940023,0.0
1777032992,100,,Aggregated,80.400000,0.000000,1300,1300,1300,1300,1300,1300,1400,1400,1500,1600,1600,68488,0,1300,1259.130567541828,244.06591700972058,1638.2162499940023,0.0
1777032993,100,,Aggregated,81.000000,0.000000,1300,1300,1300,1300,1300,1300,1400,1400,1500,1600,1600,68570,0,1300,1259.0734516954603,244.06591700972058,1638.2162499940023,0.0
1777032994,100,,Aggregated,81.200000,0.000000,1300,1300,1300,1300,1300,1300,1400,1400,1500,1600,1600,68652,0,1300,1259.015917064379,244.06591700972058,1638.2162499940023,0.0
1777032995,100,,Aggregated,81.600000,0.000000,1300,1300,1300,1300,1300,1300,1400,1400,1500,1600,1600,68734,0,1300,1258.9762661990974,244.06591700972058,1638.2162499940023,0.0
1777032996,100,,Aggregated,82.000000,0.000000,1300,1300,1300,1300,1300,1300,1400,1400,1500,1600,1600,68812,0,1300,1258.9724244913505,244.06591700972058,1638.2162499940023,0.0
1777032997,100,,Aggregated,82.400000,0.000000,1300,1300,1300,1300,1300,1300,1400,1400,1500,1600,1600,68891,0,1300,1258.9829432335835,244.06591700972058,1638.2162499940023,0.0
1777032998,100,,Aggregated,81.800000,0.000000,1300,1300,1300,1300,1300,1300,1400,1400,1500,1600,1600,68971,0,1300,1258.9939396154437,244.06591700972058,1638.2162499940023,0.0
1777032999,100,,Aggregated,81.400000,0.000000,1300,1300,1300,1300,1300,1300,1400,1400,1500,1600,1600,69049,0,1300,1258.9915693686899,244.06591700972058,1638.2162499940023,0.0
1777033000,100,,Aggregated,81.100000,0.000000,1300,1300,1300,1300,1300,1300,1400,1400,1500,1600,1600,69127,0,1300,1259.0308576684895,244.06591700972058,1638.2162499940023,0.0
1777033001,100,,Aggregated,80.900000,0.000000,1300,1300,1300,1300,1300,1300,1400,1400,1500,1600,1600,69208,0,1300,1259.0524343134127,244.06591700972058,1638.2162499940023,0.0
1777033002,100,,Aggregated,80.400000,0.000000,1300,1300,1300,1300,1300,1300,1400,1400,1500,1600,1600,69290,0,1300,1259.000685685304,244.06591700972058,1638.2162499940023,0.0
1777033003,100,,Aggregated,80.100000,0.000000,1300,1300,1300,1300,1300,1300,1400,1400,1500,1600,1600,69372,0,1300,1258.9625111603943,244.06591700972058,1638.2162499940023,0.0
1777033004,100,,Aggregated,80.200000,0.000000,1300,1300,1300,1300,1300,1300,1400,1400,1500,1600,1600,69450,0,1300,1258.9523037438858,244.06591700972058,1638.2162499940023,0.0
1777033005,100,,Aggregated,79.900000,0.000000,1300,1300,1300,1300,1300,1300,1400,1400,1500,1600,1600,69529,0,1300,1258.9628253950711,244.06591700972058,1638.2162499940023,0.0
1777033006,100,,Aggregated,79.800000,0.000000,1300,1300,1300,1300,1300,1300,1400,1400,1500,1600,1600,69608,0,1300,1258.9753700786691,244.06591700972058,1638.2162499940023,0.0
1777033007,100,,Aggregated,79.500000,0.000000,1300,1300,1300,1300,1300,1300,1400,1400,1500,1600,1600,69688,0,1300,1258.9636822996497,244.06591700972058,1638.2162499940023,0.0
1777033008,100,,Aggregated,79.300000,0.000000,1300,1300,1300,1300,1300,1300,1400,1400,1500,1600,1600,69772,0,1300,1258.9290027884397,244.06591700972058,1638.2162499940023,0.0
1777033009,100,,Aggregated,79.400000,0.000000,1300,1300,1300,1300,1300,1300,1400,1400,1500,1600,1600,69854,0,1300,1258.8695601315608,244.06591700972058,1638.2162499940023,0.0
1777033010,100,,Aggregated,79.700000,0.000000,1300,1300,1300,1300,1300,1300,1400,1400,1500,1600,1600,69932,0,1300,1258.8421347244916,244.06591700972058,1638.2162499940023,0.0
1777033011,100,,Aggregated,80.000000,0.000000,1300,1300,1300,1300,1300,1300,1400,1400,1500,1600,1600,70006,0,1300,1258.9070800599543,244.06591700972058,1638.2162499940023,0.0
1777033012,100,,Aggregated,80.500000,0.000000,1300,1300,1300,1300,1300,1300,1400,1400,1500,1600,1600,70086,0,1300,1258.973796281985,244.06591700972058,1638.2162499940023,0.0
1777033013,100,,Aggregated,80.200000,0.000000,1300,1300,1300,1300,1300,1300,1400,1400,1500,1600,1600,70166,0,1300,1258.9638002494132,244.06591700972058,1638.2162499940023,0.0
1777033014,100,,Aggregated,79.600000,0.000000,1300,1300,1300,1300,1300,1300,1400,1400,1500,1600,1600,70246,0,1300,1258.9539960491034,244.06591700972058,1638.2162499940023,0.0
1777033015,100,,Aggregated,79.500000,0.000000,1300,1300,1300,1300,1300,1300,1400,1400,1500,1600,1600,70326,0,1300,1258.9435835041293,244.06591700972058,1638.2162499940023,0.0
1777033016,100,,Aggregated,79.400000,0.000000,1300,1300,1300,1300,1300,1300,1400,1400,1500,1600,1600,70403,0,1300,1258.945840273899,244.06591700972058,1638.2162499940023,0.0
1777033017,100,,Aggregated,79.400000,0.000000,1300,1300,1300,1300,1300,1300,1400,1400,1500,1600,1600,70483,0,1300,1258.9756683392643,244.06591700972058,1638.2162499940023,0.0
1777033018,100,,Aggregated,79.600000,0.000000,1300,1300,1300,1300,1300,1300,1400,1400,1500,1600,1600,70562,0,1300,1259.0298233471312,244.06591700972058,1638.2162499940023,0.0
1777033019,100,,Aggregated,79.400000,0.000000,1300,1300,1300,1300,1300,1300,1400,1400,1500,1600,1600,70651,0,1300,1258.8762241649265,244.06591700972058,1638.2162499940023,0.0
1777033020,100,,Aggregated,79.000000,0.000000,1300,1300,1300,1300,1300,1300,1400,1400,1500,1600,1600,70731,0,1300,1258.824820626403,244.06591700972058,1638.2162499940023,0.0
1777033021,100,,Aggregated,79.300000,0.000000,1300,1300,1300,1300,1300,1300,1400,1400,1500,1600,1600,70808,0,1300,1258.8313517466672,244.06591700972058,1638.2162499940023,0.0
