Timestamp,User Count,Type,Name,Requests/s,Failures/s,50%,66%,75%,80%,90%,95%,98%,99%,99.9%,99.99%,100%,Total Request Count,Total Failure Count,Total Median Response Time,Total Average Response Time,Total Min Response Time,Total Max Response Time,Total Average Content Size
1776941310,0,,Aggregated,0.000000,0.000000,N/A,N/A,N/A,N/A,N/A,N/A,N/A,N/A,N/A,N/A,N/A,0,0,0,0.0,0,0,0
1776941311,10,,Aggregated,0.000000,0.000000,220,450,480,480,510,770,770,770,770,770,770,20,0,210,314.508145900254,186.456667004677,770.5567500015604,234.75
1776941312,20,,Aggregated,0.000000,0.000000,200,220,250,450,610,610,1600,1600,1600,1600,1600,78,0,200,306.1437115898932,180.57170800602762,1614.207291000639,238.67948717948718
1776941313,30,,Aggregated,0.000000,0.000000,200,220,240,250,480,610,660,1600,1600,1600,1600,168,0,200,269.3391168453932,180.57170800602762,1614.207291000639,240.57738095238096
1776941314,40,,Aggregated,13.500000,0.000000,220,240,320,350,450,600,660,1600,3900,3900,3900,274,0,220,293.06761768615627,180.57170800602762,3903.845500004536,241.8832116788321
1776941315,50,,Aggregated,31.333333,0.000000,230,330,350,350,400,600,660,1600,3900,3900,3900,391,0,230,304.24745639392665,180.57170800602762,3903.845500004536,241.03324808184144
1776941316,60,,Aggregated,48.000000,0.000000,260,350,370,380,490,600,740,1600,3900,3900,3900,500,0,250,332.27540348008915,180.57170800602762,3903.845500004536,240.866
1776941317,70,,Aggregated,59.600000,0.000000,330,350,380,410,600,700,1600,1600,5600,5600,5600,600,0,330,375.0439050634789,180.57170800602762,5611.173125005735,240.745
1776941318,80,,Aggregated,69.166667,0.000000,340,360,420,500,710,1000,1600,2100,5600,5600,5600,685,0,340,418.6042068746127,178.11600000277394,5611.173125005735,240.4014598540146
1776941319,90,,Aggregated,73.571429,0.000000,350,380,490,590,930,1100,1900,2800,5800,5800,5800,813,0,350,472.64506360898275,178.11600000277394,5825.875500006077,240.27183271832718
1776941320,100,,Aggregated,76.375000,0.000000,360,480,570,610,920,1100,2100,2900,5800,5800,5800,979,0,360,504.71168713904655,178.11600000277394,5825.875500006077,240.34014300306436
1776941321,100,,Aggregated,77.555556,0.000000,350,450,570,610,920,1000,2100,3000,5800,5800,5800,1044,0,350,501.7018190911129,178.11600000277394,5833.717582994723,240.132183908046
1776941322,100,,Aggregated,86.100000,0.000000,360,500,590,690,1000,1800,1900,2900,5800,5800,5800,1197,0,360,562.2968386266524,178.11600000277394,5833.717582994723,239.62238930659984
1776941323,100,,Aggregated,99.500000,0.000000,370,550,620,700,950,1800,1800,2800,5800,5800,5800,1369,0,370,564.2942659482356,178.11600000277394,5833.717582994723,239.4945215485756
1776941324,100,,Aggregated,103.800000,0.000000,390,550,610,690,940,1800,1800,2700,5800,8100,8100,1546,0,390,567.68658305377,178.11600000277394,8103.775832998508,239.40426908150064
1776941325,100,,Aggregated,112.800000,0.000000,420,560,650,750,930,1800,1800,2800,8100,12000,12000,1683,0,420,585.6331897065791,178.11600000277394,12340.642082999693,239.4058229352347
1776941326,100,,Aggregated,120.100000,0.000000,460,560,670,810,930,1800,1800,2700,8100,12000,12000,1833,0,460,591.350763199785,178.11600000277394,12340.642082999693,239.56519367157665
1776941327,100,,Aggregated,124.900000,0.000000,480,570,700,850,930,1600,1800,2100,8000,12000,12000,2018,0,480,595.4517361408857,176.91770900273696,12340.642082999693,239.3577799801784
1776941328,100,,Aggregated,127.600000,0.000000,500,570,740,860,940,1200,1800,2100,8100,16000,16000,2173,0,500,606.1619777553157,176.91770900273696,16480.653583996173,239.38610216290843
1776941329,100,,Aggregated,135.700000,0.000000,500,610,820,870,940,1200,1800,2100,8100,16000,16000,2299,0,500,610.399985155862,176.91770900273696,16480.653583996173,239.32666376685515
1776941330,100,,Aggregated,141.000000,0.000000,510,610,740,850,940,1100,1800,2100,8100,16000,16000,2423,0,510,605.2592052531419,176.91770900273696,16480.653583996173,239.21873710276517
1776941331,100,,Aggregated,148.000000,0.000000,520,630,820,880,950,1400,1800,2100,8100,16000,16000,2551,0,520,620.4362933976493,176.91770900273696,16480.653583996173,239.19717757742063
1776941332,100,,Aggregated,148.800000,0.000000,520,630,840,880,990,1400,1800,2100,8100,16000,16000,2658,0,520,627.3601092307827,176.91770900273696,16480.653583996173,239.17795334838223
1776941333,100,,Aggregated,148.700000,0.000000,520,650,830,880,980,1400,1800,1900,8100,16000,16000,2814,0,520,629.61440117818,176.91770900273696,16480.653583996173,239.13326226012794
1776941334,100,,Aggregated,149.100000,0.000000,520,660,840,880,980,1400,1800,2100,8100,16000,16000,2963,0,520,636.3147807102342,176.91770900273696,16480.653583996173,239.09146135673305
1776941335,100,,Aggregated,146.900000,0.000000,520,670,840,880,980,1400,1800,2100,8000,16000,16000,3149,0,520,636.2276049934854,176.91770900273696,16480.653583996173,239.17021276595744
1776941336,100,,Aggregated,143.800000,0.000000,520,680,840,870,960,1400,1800,2100,8100,17000,17000,3302,0,520,638.5043329286743,176.91770900273696,16661.9481250018,239.09812235009085
1776941337,100,,Aggregated,145.100000,0.000000,520,690,840,860,950,1400,1800,2100,8100,17000,17000,3481,0,520,638.3711000659213,176.91770900273696,16661.9481250018,239.0925021545533
1776941338,100,,Aggregated,147.300000,0.000000,520,700,840,880,940,1300,1800,1900,8100,17000,17000,3632,0,520,637.2538252003003,176.91770900273696,16661.9481250018,239.11398678414096
1776941339,100,,Aggregated,144.600000,0.000000,520,700,840,870,940,1200,1800,1900,8100,17000,17000,3792,0,520,635.4502072878303,173.74462499719812,16661.9481250018,239.06935654008439
1776941340,100,,Aggregated,147.200000,0.000000,530,710,840,870,950,1200,1800,1900,8100,17000,17000,3934,0,530,635.7639292797334,173.74462499719812,16661.9481250018,239.16776817488562
1776941341,100,,Aggregated,147.400000,0.000000,530,710,840,870,940,1200,1800,1900,8000,17000,17000,4098,0,530,636.6344044134835,173.74462499719812,16661.9481250018,239.18789653489506
1776941342,100,,Aggregated,144.900000,0.000000,530,710,850,870,950,1200,1800,1800,8000,17000,17000,4260,0,530,637.1576127355546,173.74462499719812,16661.9481250018,239.30140845070423
1776941343,100,,Aggregated,149.400000,0.000000,540,770,850,880,960,1400,1800,1800,8000,17000,17000,4396,0,540,644.673193386592,173.74462499719812,16661.9481250018,239.23566878980893
1776941344,100,,Aggregated,154.200000,0.000000,540,780,850,870,950,1400,1800,1800,8000,17000,17000,4540,0,540,642.8490474045026,173.74462499719812,16661.9481250018,239.2308370044053
1776941345,100,,Aggregated,157.900000,0.000000,540,780,850,880,950,1300,1800,1800,8000,17000,17000,4666,0,540,643.4175524728901,173.74462499719812,16661.9481250018,239.22096013716245
1776941346,100,,Aggregated,156.700000,0.000000,540,800,860,880,960,1400,1800,1800,8000,17000,17000,4804,0,540,648.3589531131365,173.74462499719812,16661.9481250018,239.23355537052456
1776941347,100,,Aggregated,154.400000,0.000000,550,810,860,880,970,1400,1800,1800,8000,17000,17000,4930,0,550,652.1170748230273,173.74462499719812,16661.9481250018,239.2026369168357
1776941348,100,,Aggregated,150.200000,0.000000,550,800,860,880,970,1400,1800,1800,6300,17000,17000,5019,0,550,648.5277433838488,173.74462499719812,16661.9481250018,239.17254433154014
1776941349,100,,Aggregated,149.000000,0.000000,550,800,860,880,980,1400,1800,1800,6300,17000,17000,5195,0,550,657.0864622551646,173.74462499719812,16661.9481250018,239.19923002887393
1776941350,100,,Aggregated,143.700000,0.000000,550,810,860,880,970,1400,1800,1800,6300,17000,17000,5346,0,550,656.4674007838657,173.74462499719812,16661.9481250018,239.14777403666292
1776941351,100,,Aggregated,137.200000,0.000000,550,800,860,880,970,1400,1800,1800,6300,17000,17000,5520,0,550,653.8084361736493,173.74462499719812,16661.9481250018,239.14891304347827
1776941352,100,,Aggregated,139.800000,0.000000,550,810,860,880,980,1400,1800,1800,6300,17000,17000,5666,0,550,657.5325124374438,173.74462499719812,16661.9481250018,239.1523120367102
1776941353,100,,Aggregated,137.000000,0.000000,550,800,860,880,970,1400,1800,1800,6300,17000,17000,5804,0,550,655.6798088400298,173.74462499719812,16661.9481250018,239.10699517574088
1776941355,100,,Aggregated,142.200000,0.000000,550,810,860,880,980,1400,1800,1800,6300,17000,17000,5934,0,550,656.4164172788217,173.74462499719812,16661.9481250018,239.1474553420964
1776941356,100,,Aggregated,139.600000,0.000000,550,810,860,880,970,1400,1800,1800,5800,17000,17000,6115,0,550,655.3861438486485,173.74462499719812,16661.9481250018,239.18315617334423
1776941357,100,,Aggregated,140.600000,0.000000,560,810,860,880,970,1400,1800,1800,5800,17000,17000,6282,0,560,653.9282927842179,173.74462499719812,16661.9481250018,239.1953199617956
1776941358,100,,Aggregated,139.200000,0.000000,550,810,860,880,970,1400,1800,1800,5800,17000,17000,6427,0,550,652.9359611825815,173.74462499719812,16661.9481250018,239.18328924848296
1776941359,100,,Aggregated,144.900000,0.000000,550,800,860,880,970,1400,1800,1800,5800,17000,17000,6617,0,550,651.7444722467,173.74462499719812,16661.9481250018,239.19223212936376
1776941360,100,,Aggregated,147.400000,0.000000,560,800,860,880,980,1400,1800,1800,5800,17000,17000,6755,0,560,653.0662719990304,173.74462499719812,16661.9481250018,239.17512953367876
1776941361,100,,Aggregated,149.700000,0.000000,560,810,860,890,990,1400,1800,1800,5800,17000,17000,6914,0,560,656.0187158885527,173.74462499719812,16661.9481250018,239.19149551634365
1776941362,100,,Aggregated,159.300000,0.000000,560,810,860,890,990,1400,1800,1800,5800,17000,17000,6955,0,560,656.8128719842467,173.74462499719812,16661.9481250018,239.17886412652769
1776941363,100,,Aggregated,156.800000,0.000000,560,810,870,890,1000,1400,1800,1800,5800,17000,17000,7156,0,560,660.4578753059584,173.74462499719812,16661.9481250018,239.16615427613192
1776941364,100,,Aggregated,156.800000,0.000000,560,810,870,890,990,1400,1700,1800,5800,17000,17000,7300,0,560,659.0722723840287,173.74462499719812,16661.9481250018,239.15602739726026
1776941365,100,,Aggregated,143.500000,0.000000,560,810,870,890,990,1300,1700,1800,5800,17000,17000,7460,0,560,657.8820424184097,173.74462499719812,16661.9481250018,239.2285522788204
1776941366,100,,Aggregated,149.600000,0.000000,560,810,870,900,1000,1300,1700,1800,5800,17000,17000,7620,0,560,658.7249211438744,173.23600000236183,16661.9481250018,239.28083989501312
1776941367,100,,Aggregated,149.600000,0.000000,560,810,870,900,990,1300,1700,1800,5800,17000,17000,7756,0,560,659.1123792750606,173.23600000236183,16661.9481250018,239.27256317689532
1776941368,100,,Aggregated,150.400000,0.000000,560,810,870,900,990,1300,1700,1800,5800,17000,17000,7922,0,560,658.1860721033084,173.23600000236183,16661.9481250018,239.28010603382984
1776941369,100,,Aggregated,147.400000,0.000000,570,810,870,900,980,1300,1700,1800,5700,17000,17000,8075,0,570,657.9050808297671,173.23600000236183,16661.9481250018,239.28495356037152
1776941370,100,,Aggregated,147.400000,0.000000,560,810,870,900,980,1300,1700,1800,5700,17000,17000,8235,0,560,657.5582232633107,173.23600000236183,16661.9481250018,239.27443837279904
1776941371,100,,Aggregated,149.200000,0.000000,570,820,870,900,980,1300,1700,1800,5700,17000,17000,8367,0,570,657.8842238995346,173.23600000236183,16661.9481250018,239.30261742560057
1776941372,100,,Aggregated,148.000000,0.000000,570,820,870,900,980,1300,1700,1800,5700,17000,17000,8550,0,570,657.6476817781828,173.23600000236183,16661.9481250018,239.33812865497077
1776941373,100,,Aggregated,145.300000,0.000000,570,820,870,900,980,1300,1600,1800,5700,17000,17000,8701,0,570,657.0458673136923,173.23600000236183,16661.9481250018,239.30674635099413
1776941374,100,,Aggregated,154.900000,0.000000,570,820,870,900,980,1300,1600,1800,5700,17000,17000,8853,0,570,656.1178394699466,173.23600000236183,16661.9481250018,239.2773071275274
1776941375,100,,Aggregated,152.800000,0.000000,570,820,870,900,980,1300,1600,1800,5700,17000,17000,8963,0,570,656.6127068040181,173.23600000236183,16661.9481250018,239.23217672654246
1776941376,100,,Aggregated,155.200000,0.000000,570,820,870,900,990,1300,1600,1800,5600,17000,17000,9091,0,570,659.4574354533507,173.23600000236183,16661.9481250018,239.28049719502806
1776941377,100,,Aggregated,150.000000,0.000000,570,820,870,900,990,1300,1600,1800,5600,17000,17000,9150,0,570,659.1232576092258,173.23600000236183,16661.9481250018,239.24502732240438
1776941378,100,,Aggregated,145.700000,0.000000,580,820,870,900,1000,1300,1800,1800,5600,17000,17000,9343,0,580,665.7772160662903,173.23600000236183,16661.9481250018,239.22016482928396
1776941379,100,,Aggregated,138.200000,0.000000,580,820,880,900,990,1300,1800,1800,5600,17000,17000,9488,0,580,665.0804091228281,173.23600000236183,16661.9481250018,239.2337689713322
1776941380,100,,Aggregated,138.800000,0.000000,580,830,880,900,990,1300,1800,1800,5600,17000,17000,9643,0,580,665.7990126130218,173.23600000236183,16661.9481250018,239.27398112620554
1776941381,100,,Aggregated,138.800000,0.000000,580,830,880,900,990,1300,1800,1800,5600,17000,17000,9773,0,580,665.0850886031241,173.23600000236183,16661.9481250018,239.26675534636243
1776941382,100,,Aggregated,141.000000,0.000000,580,830,880,900,990,1300,1800,1800,5600,17000,17000,9948,0,580,665.2065183456356,173.23600000236183,16661.9481250018,239.29613992762364
1776941383,100,,Aggregated,140.600000,0.000000,580,820,880,900,980,1300,1800,1800,4700,16000,17000,10111,0,580,663.9245755240244,173.23600000236183,16661.9481250018,239.28256354465432
1776941384,100,,Aggregated,144.400000,0.000000,580,820,870,890,980,1300,1800,1800,4700,16000,17000,10298,0,580,663.1044493559352,173.23600000236183,16661.9481250018,239.28471547873374
1776941385,100,,Aggregated,142.800000,0.000000,580,820,870,890,980,1300,1700,1800,4700,16000,17000,10458,0,580,661.9327701490158,173.23600000236183,16661.9481250018,239.27796901893288
1776941386,100,,Aggregated,142.800000,0.000000,580,820,870,890,980,1300,1700,1800,4700,16000,17000,10604,0,580,661.5573481323441,173.23600000236183,16661.9481250018,239.2893247831007
1776941387,100,,Aggregated,141.400000,0.000000,580,820,870,890,980,1300,1700,1800,4700,16000,17000,10757,0,580,661.1641520571086,173.23600000236183,16661.9481250018,239.29376220135725
1776941388,100,,Aggregated,152.800000,0.000000,580,820,870,900,980,1200,1700,1800,4700,16000,17000,10929,0,580,660.334905276635,173.23600000236183,16661.9481250018,239.28410650562722
1776941389,100,,Aggregated,161.900000,0.000000,580,820,880,900,980,1200,1700,1800,4300,16000,17000,11065,0,580,660.6400343405685,173.23600000236183,16661.9481250018,239.29227293267058
1776941390,100,,Aggregated,159.500000,0.000000,580,830,880,900,990,1200,1700,1800,4300,16000,17000,11200,0,580,662.0671249864631,173.23600000236183,16661.9481250018,239.31580357142857
1776941391,100,,Aggregated,157.100000,0.000000,580,830,880,900,990,1200,1700,1800,4300,16000,17000,11335,0,580,663.1982609481544,173.23600000236183,16661.9481250018,239.32633436259374
1776941392,100,,Aggregated,157.000000,0.000000,580,830,880,900,1000,1200,1700,1800,4300,16000,17000,11478,0,580,664.0759913148077,173.23600000236183,16661.9481250018,239.2874194110472
1776941393,100,,Aggregated,154.900000,0.000000,590,830,880,900,1000,1200,1700,1800,4300,16000,17000,11610,0,590,663.3514403621335,173.23600000236183,16661.9481250018,239.26916451335055
1776941394,100,,Aggregated,151.400000,0.000000,590,830,880,900,1000,1200,1700,1800,4300,16000,17000,11812,0,590,663.305870878207,173.23600000236183,16661.9481250018,239.2398408398239
1776941395,100,,Aggregated,151.200000,0.000000,590,830,880,900,1000,1200,1600,1800,4300,16000,17000,11943,0,590,663.1836812236759,173.23600000236183,16661.9481250018,239.21527254458678
1776941396,100,,Aggregated,147.500000,0.000000,590,830,880,900,1000,1200,1600,1800,3900,16000,17000,12119,0,590,662.1555720408678,173.23600000236183,16661.9481250018,239.19663338559286
1776941397,100,,Aggregated,146.800000,0.000000,590,830,880,900,990,1200,1600,1800,3900,16000,17000,12262,0,590,661.7166894526414,173.23600000236183,16661.9481250018,239.2299787962812
1776941398,100,,Aggregated,146.600000,0.000000,590,830,880,900,990,1200,1600,1800,3900,16000,17000,12459,0,590,661.4376096078524,173.23600000236183,16661.9481250018,239.23083714583834
1776941399,100,,Aggregated,148.100000,0.000000,590,830,870,900,990,1200,1600,1800,3900,16000,17000,12598,0,590,660.7018300611412,173.23600000236183,16661.9481250018,239.24940466740753
1776941400,100,,Aggregated,150.100000,0.000000,580,820,870,900,990,1200,1600,1800,3900,16000,17000,12763,0,580,659.3977296634199,173.23600000236183,16661.9481250018,239.22110788999453
1776941401,100,,Aggregated,149.900000,0.000000,580,830,870,900,980,1200,1600,1800,3900,16000,17000,12903,0,580,658.8640159930425,173.23600000236183,16661.9481250018,239.2221188870805
1776941402,100,,Aggregated,154.400000,0.000000,580,820,870,900,980,1100,1600,1800,3700,16000,17000,13112,0,580,658.8723436436277,173.23600000236183,16661.9481250018,239.20782489322758
1776941403,100,,Aggregated,157.300000,0.000000,580,820,870,900,980,1100,1600,1800,3700,16000,17000,13202,0,580,658.4494230527405,173.23600000236183,16661.9481250018,239.1930010604454
1776941404,100,,Aggregated,157.900000,0.000000,580,830,870,900,990,1200,1600,1800,3700,16000,17000,13359,0,580,660.4749899769668,173.23600000236183,16661.9481250018,239.21363874541507
1776941405,100,,Aggregated,158.100000,0.000000,590,830,880,900,990,1200,1600,1800,3700,16000,17000,13477,0,590,660.8224545595665,173.23600000236183,16661.9481250018,239.18817244193812
1776941406,100,,Aggregated,158.000000,0.000000,590,830,870,900,990,1200,1600,1800,3700,16000,17000,13651,0,590,661.3443648641321,173.23600000236183,16661.9481250018,239.18958318071935
1776941407,100,,Aggregated,154.900000,0.000000,590,820,870,900,990,1200,1600,1800,3700,16000,17000,13765,0,590,660.7519907950059,173.23600000236183,16661.9481250018,239.19353432618962
1776941408,100,,Aggregated,153.000000,0.000000,590,820,880,900,990,1200,1600,1800,3700,16000,17000,13920,0,590,661.4632462469309,173.23600000236183,16661.9481250018,239.21336206896552
1776941409,100,,Aggregated,149.600000,0.000000,590,830,880,900,990,1200,1600,1800,3700,16000,17000,14067,0,590,661.9912124309532,173.23600000236183,16661.9481250018,239.19869197412385
1776941410,100,,Aggregated,147.900000,0.000000,590,830,880,900,990,1200,1600,1800,3700,16000,17000,14238,0,590,661.7769311193405,172.5389589992119,16661.9481250018,239.1826099171232
1776941411,100,,Aggregated,150.800000,0.000000,590,830,880,900,990,1200,1600,1800,3700,16000,17000,14411,0,590,661.7237259545645,172.5389589992119,16661.9481250018,239.16487405454166
1776941412,100,,Aggregated,148.800000,0.000000,590,830,870,900,990,1200,1600,1800,3700,16000,17000,14549,0,590,661.3529970404308,172.5389589992119,16661.9481250018,239.1635851261255
1776941413,100,,Aggregated,145.400000,0.000000,590,830,870,900,980,1200,1500,1800,3700,16000,17000,14712,0,590,660.3424224318399,172.5389589992119,16661.9481250018,239.16707449700925
1776941414,100,,Aggregated,146.200000,0.000000,590,830,870,900,980,1200,1500,1800,3700,16000,17000,14886,0,590,660.5420668812509,172.5389589992119,16661.9481250018,239.1471852747548
1776941415,100,,Aggregated,149.900000,0.000000,590,830,870,900,980,1200,1500,1800,3300,16000,17000,15034,0,590,660.1258501319845,172.5389589992119,16661.9481250018,239.13955035253426
1776941416,100,,Aggregated,149.400000,0.000000,590,830,870,900,980,1200,1500,1800,3300,16000,17000,15182,0,590,660.0833217333186,172.5389589992119,16661.9481250018,239.13851929917007
1776941417,100,,Aggregated,152.800000,0.000000,590,830,870,900,980,1100,1500,1800,3300,16000,17000,15339,0,590,660.072307514584,172.5389589992119,16661.9481250018,239.11402307842755
1776941418,100,,Aggregated,154.500000,0.000000,590,830,870,900,980,1200,1500,1800,3300,16000,17000,15449,0,590,660.4453447556609,172.5389589992119,16661.9481250018,239.1155414589941
1776941419,100,,Aggregated,156.600000,0.000000,590,830,870,900,990,1200,1500,1800,3300,16000,17000,15593,0,590,660.5717535113943,172.5389589992119,16661.9481250018,239.12890399538253
1776941420,100,,Aggregated,155.100000,0.000000,590,830,870,900,990,1200,1500,1800,3300,16000,17000,15742,0,590,661.415654650374,172.5389589992119,16661.9481250018,239.14788463981705
1776941421,100,,Aggregated,151.000000,0.000000,590,830,870,900,990,1200,1500,1800,3300,16000,17000,15821,0,590,660.64487725992,172.5389589992119,16661.9481250018,239.14341697743507
1776941422,100,,Aggregated,149.300000,0.000000,590,830,870,900,990,1200,1600,1800,3300,16000,17000,15981,0,590,663.9603012902948,172.5389589992119,16661.9481250018,239.1778361804643
1776941423,100,,Aggregated,143.300000,0.000000,590,830,880,900,990,1200,1600,1800,3000,16000,17000,16133,0,590,664.0073631046432,172.5389589992119,16661.9481250018,239.16642905845163
1776941424,100,,Aggregated,144.300000,0.000000,590,830,870,900,990,1200,1600,1800,3000,16000,17000,16307,0,590,663.2364501909158,172.5389589992119,16661.9481250018,239.1833568406206
1776941425,100,,Aggregated,139.900000,0.000000,590,830,870,900,990,1200,1600,1800,3000,16000,17000,16468,0,590,662.6973934409929,172.5389589992119,16661.9481250018,239.1961986883653
1776941426,100,,Aggregated,145.300000,0.000000,590,830,870,900,990,1200,1600,1800,3000,16000,17000,16623,0,590,662.52213407786,172.5389589992119,16661.9481250018,239.2011069000782
1776941427,100,,Aggregated,143.600000,0.000000,590,830,880,900,990,1200,1600,1800,3000,16000,17000,16764,0,590,662.9798046502775,172.5389589992119,16661.9481250018,239.1942257217848
1776941428,100,,Aggregated,145.400000,0.000000,590,830,880,900,990,1200,1600,1800,3000,16000,17000,16922,0,590,662.9108464642632,172.5389589992119,16661.9481250018,239.20629949178584
1776941429,100,,Aggregated,143.900000,0.000000,590,830,880,900,990,1200,1600,1800,3000,16000,17000,17083,0,590,662.9641978327726,172.5389589992119,16661.9481250018,239.20523327284434
1776941430,100,,Aggregated,145.900000,0.000000,590,830,870,900,990,1200,1600,1800,3000,16000,17000,17227,0,590,661.8669353941641,172.5389589992119,16661.9481250018,239.20531723457364
1776941431,100,,Aggregated,144.900000,0.000000,590,830,870,900,980,1200,1600,1800,3000,16000,17000,17425,0,590,661.6885458241195,172.5389589992119,16661.9481250018,239.20803443328552
1776941432,100,,Aggregated,149.100000,0.000000,590,830,870,900,980,1200,1600,1800,3000,16000,17000,17515,0,590,662.0990218849137,172.5389589992119,16661.9481250018,239.22489294890093
1776941433,100,,Aggregated,156.200000,0.000000,590,830,870,900,990,1200,1600,1800,3000,16000,17000,17677,0,590,662.6588815753947,172.5389589992119,16661.9481250018,239.21717485998755
1776941434,100,,Aggregated,152.500000,0.000000,590,830,880,900,990,1200,1600,1800,3000,16000,17000,17846,0,590,663.6901066074876,172.5389589992119,16661.9481250018,239.23422615712204
1776941435,100,,Aggregated,155.200000,0.000000,590,830,870,900,990,1200,1600,1800,3000,16000,17000,17936,0,590,662.372786445429,172.5389589992119,16661.9481250018,239.23974130240856
1776941436,100,,Aggregated,147.900000,0.000000,590,830,870,900,990,1200,1600,1800,3000,16000,17000,18120,0,590,662.9932057380377,172.5389589992119,16661.9481250018,239.2296357615894
1776941437,100,,Aggregated,149.300000,0.000000,590,830,870,900,990,1200,1600,1800,3000,16000,17000,18291,0,590,662.9728356258937,172.5389589992119,16661.9481250018,239.20348805423433
1776941438,100,,Aggregated,148.300000,0.000000,590,830,870,900,990,1200,1600,1800,3000,16000,17000,18441,0,590,662.584571980437,172.5389589992119,16661.9481250018,239.19912152269399
1776941439,100,,Aggregated,148.300000,0.000000,590,830,870,900,980,1200,1500,1800,3000,16000,17000,18625,0,590,662.4652557370308,172.5389589992119,16661.9481250018,239.1889932885906
1776941440,100,,Aggregated,147.600000,0.000000,590,830,870,900,980,1200,1500,1800,3000,16000,17000,18772,0,590,662.0785708953306,172.5389589992119,16661.9481250018,239.19827402514383
1776941441,100,,Aggregated,152.800000,0.000000,590,830,870,900,980,1200,1500,1800,3000,16000,17000,18920,0,590,661.8944026652831,172.5389589992119,16661.9481250018,239.19862579281184
1776941442,100,,Aggregated,151.000000,0.000000,590,830,870,900,980,1200,1500,1800,2900,16000,17000,19062,0,590,661.5112254753548,170.4797919956036,16661.9481250018,239.1937886895394
1776941443,100,,Aggregated,152.200000,0.000000,590,830,870,900,980,1100,1500,1800,2900,16000,17000,19224,0,590,661.3369577879313,170.4797919956036,16661.9481250018,239.20833333333334
1776941444,100,,Aggregated,156.100000,0.000000,590,830,870,900,980,1100,1500,1800,2900,16000,17000,19379,0,590,660.7798749898453,170.4797919956036,16661.9481250018,239.1959337427112
1776941445,100,,Aggregated,155.400000,0.000000,590,830,870,900,980,1100,1500,1800,2900,16000,17000,19540,0,590,660.6161289897248,170.4797919956036,16661.9481250018,239.2007164790174
1776941446,100,,Aggregated,161.600000,0.000000,590,830,870,900,980,1100,1500,1800,2900,16000,17000,19672,0,590,660.7220195098239,170.4797919956036,16661.9481250018,239.18676291175274
1776941447,100,,Aggregated,158.300000,0.000000,590,830,870,900,980,1200,1500,1800,2900,16000,17000,19805,0,590,662.1153926391438,170.4797919956036,16661.9481250018,239.16702852814944
1776941448,100,,Aggregated,155.300000,0.000000,590,830,870,900,980,1200,1500,1800,2900,16000,17000,19962,0,590,662.3512843490755,170.4797919956036,16661.9481250018,239.1785392245266
1776941449,100,,Aggregated,153.800000,0.000000,590,830,870,900,980,1200,1500,1800,2900,12000,17000,20095,0,590,662.1855880741574,170.4797919956036,16661.9481250018,239.18586713112714
1776941450,100,,Aggregated,151.900000,0.000000,590,830,870,900,980,1200,1500,1800,2900,12000,17000,20252,0,590,662.0472322456149,170.4797919956036,16661.9481250018,239.17993284613866
1776941451,100,,Aggregated,148.100000,0.000000,590,830,870,900,980,1200,1500,1800,2900,12000,17000,20422,0,590,662.2277820053471,170.4797919956036,16661.9481250018,239.16423464890804
1776941452,100,,Aggregated,151.100000,0.000000,590,830,870,900,980,1200,1500,1800,2900,12000,17000,20573,0,590,661.115248792409,170.4797919956036,16661.9481250018,239.1439751130122
1776941453,100,,Aggregated,150.000000,0.000000,590,830,870,900,990,1200,1500,1800,2900,12000,17000,20728,0,590,662.3579011135758,170.4797919956036,16661.9481250018,239.11810111925897
1776941454,100,,Aggregated,150.400000,0.000000,590,830,870,900,980,1200,1500,1800,2900,12000,17000,20917,0,590,661.5996511486944,170.4797919956036,16661.9481250018,239.11373523927907
1776941455,100,,Aggregated,143.900000,0.000000,590,830,870,900,980,1200,1500,1800,2900,12000,17000,21035,0,590,660.8164638102795,170.4797919956036,16661.9481250018,239.1182315188971
1776941456,100,,Aggregated,146.000000,0.000000,590,830,870,900,980,1200,1500,1800,2900,12000,17000,21209,0,590,660.5343028404077,170.4797919956036,16661.9481250018,239.11891178273373
1776941457,100,,Aggregated,149.200000,0.000000,590,830,870,900,990,1200,1500,1800,2900,12000,17000,21350,0,590,662.1011027143448,170.4797919956036,16661.9481250018,239.15161592505854
1776941458,100,,Aggregated,151.700000,0.000000,590,830,870,900,990,1200,1500,1800,2900,12000,17000,21480,0,590,662.3095903707283,170.4797919956036,16661.9481250018,239.1498137802607
1776941459,100,,Aggregated,150.100000,0.000000,590,830,870,900,990,1200,1500,1800,2900,12000,17000,21647,0,590,662.381338532234,170.4797919956036,16661.9481250018,239.14787268443663
1776941460,100,,Aggregated,152.400000,0.000000,590,830,870,900,990,1200,1500,1800,2900,12000,17000,21811,0,590,661.966178700161,170.4797919956036,16661.9481250018,239.14712759616708
1776941461,100,,Aggregated,153.600000,0.000000,590,830,870,900,990,1200,1500,1800,2900,12000,17000,21898,0,590,661.8951189228341,170.4797919956036,16661.9481250018,239.1343045026943
1776941462,100,,Aggregated,150.300000,0.000000,590,830,870,900,990,1200,1500,1800,2900,12000,17000,22031,0,590,662.550276895974,170.4797919956036,16661.9481250018,239.11697154010258
1776941463,100,,Aggregated,148.000000,0.000000,590,830,870,900,990,1200,1500,1800,2900,12000,17000,22206,0,590,663.2555305058636,170.4797919956036,16661.9481250018,239.114158335585
1776941464,100,,Aggregated,147.400000,0.000000,590,830,870,900,990,1200,1500,1800,2900,12000,17000,22363,0,590,662.6005717306339,170.4797919956036,16661.9481250018,239.09918168403166
1776941465,100,,Aggregated,150.800000,0.000000,590,830,870,900,990,1200,1500,1800,2900,12000,17000,22506,0,590,662.5058107130158,170.4797919956036,16661.9481250018,239.10343908291122
1776941466,100,,Aggregated,146.900000,0.000000,590,830,870,900,990,1200,1500,1800,2900,12000,17000,22685,0,590,662.2374750931936,170.4797919956036,16661.9481250018,239.10284328851665
1776941467,100,,Aggregated,147.900000,0.000000,590,830,870,900,990,1200,1500,1800,2900,12000,17000,22847,0,590,662.5708902168385,170.4797919956036,16661.9481250018,239.10999255919813
1776941468,100,,Aggregated,146.600000,0.000000,590,830,870,900,990,1200,1500,1800,2900,12000,17000,23008,0,590,662.3044519691028,170.4797919956036,16661.9481250018,239.10974443671768
1776941469,100,,Aggregated,147.800000,0.000000,590,830,870,900,990,1200,1500,1800,2900,12000,17000,23171,0,590,661.7175889776473,170.4797919956036,16661.9481250018,239.10685771006862
1776941470,100,,Aggregated,151.800000,0.000000,590,830,870,900,990,1200,1500,1800,2900,12000,17000,23341,0,590,661.481198423288,170.4797919956036,16661.9481250018,239.10783599674392
1776941471,100,,Aggregated,153.300000,0.000000,590,820,870,900,990,1200,1500,1800,2900,12000,17000,23504,0,590,660.9718411200207,170.4797919956036,16661.9481250018,239.11929884275017
1776941472,100,,Aggregated,152.700000,0.000000,590,820,870,900,990,1200,1500,1800,2900,12000,17000,23592,0,590,659.9485933763533,170.4797919956036,16661.9481250018,239.12046456425907
1776941473,100,,Aggregated,155.400000,0.000000,590,820,870,900,990,1200,1500,1800,2900,12000,17000,23761,0,590,661.2389224385734,170.4797919956036,16661.9481250018,239.1173351289929
1776941474,100,,Aggregated,156.800000,0.000000,590,820,870,900,990,1200,1500,1800,2900,12000,17000,23919,0,590,660.9976268856503,170.4797919956036,16661.9481250018,239.1186922530206
1776941475,100,,Aggregated,156.800000,0.000000,590,820,870,900,990,1200,1500,1800,2800,12000,17000,24056,0,590,661.2522552750615,170.4797919956036,16661.9481250018,239.12470901230463
1776941476,100,,Aggregated,154.600000,0.000000,590,830,870,900,1000,1200,1500,1800,2800,12000,17000,24210,0,590,662.428698343366,170.4797919956036,16661.9481250018,239.13345724907063
1776941477,100,,Aggregated,151.600000,0.000000,590,830,870,900,1000,1200,1500,1800,2800,12000,17000,24274,0,590,661.9730863431615,170.4797919956036,16661.9481250018,239.131745900964
1776941478,100,,Aggregated,149.100000,0.000000,590,830,880,900,1000,1200,1600,1800,2800,12000,17000,24408,0,590,664.2206577479446,170.4797919956036,16661.9481250018,239.15908718452965
1776941479,100,,Aggregated,150.400000,0.000000,590,830,880,900,1000,1200,1500,1800,2800,12000,17000,24603,0,590,663.9190351673676,170.4797919956036,16661.9481250018,239.15774499044832
1776941480,100,,Aggregated,139.100000,0.000000,590,830,880,900,1000,1200,1500,1800,2800,12000,17000,24746,0,590,663.7915246039651,170.4797919956036,16661.9481250018,239.16568334276246
1776941481,100,,Aggregated,141.900000,0.000000,590,830,880,900,1000,1200,1500,1800,2800,12000,17000,24912,0,590,663.2100374008397,170.4797919956036,16661.9481250018,239.1878612716763
1776941482,100,,Aggregated,142.000000,0.000000,590,830,880,900,1000,1200,1500,1800,2800,12000,17000,25048,0,590,663.8294276046261,170.4797919956036,16661.9481250018,239.1931890769722
1776941483,100,,Aggregated,143.500000,0.000000,590,830,880,900,1000,1200,1500,1800,2800,12000,17000,25177,0,590,664.3650437607633,170.4797919956036,16661.9481250018,239.19664773404298
1776941484,100,,Aggregated,135.000000,0.000000,590,830,880,900,1000,1200,1500,1800,2800,12000,17000,25333,0,590,664.5559514653537,170.4797919956036,16661.9481250018,239.2161607389571
1776941485,100,,Aggregated,138.200000,0.000000,590,830,880,900,1000,1200,1500,1800,2800,12000,17000,25497,0,590,664.1237476392037,170.4797919956036,16661.9481250018,239.2273208612778
1776941486,100,,Aggregated,140.100000,0.000000,590,830,880,900,1000,1200,1500,1800,2800,12000,17000,25644,0,590,664.1952207848906,170.4797919956036,16661.9481250018,239.2120184058649
1776941487,100,,Aggregated,141.400000,0.000000,590,830,880,900,1000,1200,1500,1800,2800,12000,17000,25782,0,590,663.9102164093446,170.4797919956036,16661.9481250018,239.20708246063145
1776941488,100,,Aggregated,144.800000,0.000000,590,830,880,900,1000,1200,1500,1800,2800,12000,17000,25935,0,590,664.0190305411876,170.4797919956036,16661.9481250018,239.21052631578948
1776941489,100,,Aggregated,145.800000,0.000000,590,830,880,900,1000,1200,1500,1800,2700,12000,17000,26093,0,590,663.8216861930689,170.4797919956036,16661.9481250018,239.22082550875714
1776941490,100,,Aggregated,153.300000,0.000000,590,830,880,900,1000,1200,1500,1800,2700,12000,17000,26211,0,590,664.2040500123153,170.4797919956036,16661.9481250018,239.21498607454885
1776941491,100,,Aggregated,148.700000,0.000000,590,830,880,900,1000,1200,1500,1800,2700,12000,17000,26355,0,590,664.6717210711731,170.4797919956036,16661.9481250018,239.2284196547145
1776941492,100,,Aggregated,147.600000,0.000000,590,830,880,900,1000,1200,1500,1800,2700,12000,17000,26506,0,590,664.7783951069866,170.4797919956036,16661.9481250018,239.22100656455143
1776941493,100,,Aggregated,142.300000,0.000000,590,830,880,900,1000,1200,1500,1800,2700,12000,17000,26658,0,590,664.5888072073983,170.4797919956036,16661.9481250018,239.2138945157176
1776941494,100,,Aggregated,149.900000,0.000000,590,830,880,900,1000,1200,1500,1800,2700,12000,17000,26809,0,590,664.5815099697795,170.4797919956036,16661.9481250018,239.1975829012645
1776941495,100,,Aggregated,150.000000,0.000000,590,830,880,900,1000,1200,1500,1800,2700,12000,17000,26969,0,590,664.3474922683381,170.4797919956036,16661.9481250018,239.20293670510586
1776941496,100,,Aggregated,149.300000,0.000000,590,830,880,900,1000,1200,1500,1800,2700,12000,17000,27154,0,590,664.0576842214671,170.4797919956036,16661.9481250018,239.2019591956986
1776941497,100,,Aggregated,147.900000,0.000000,590,830,880,900,1000,1200,1500,1800,2700,12000,17000,27299,0,590,663.860283220657,170.4797919956036,16661.9481250018,239.19938459284222
1776941498,100,,Aggregated,148.100000,0.000000,590,830,880,900,1000,1200,1500,1800,2700,12000,17000,27385,0,590,663.1674225768013,170.4797919956036,16661.9481250018,239.19886799342706
1776941499,100,,Aggregated,146.400000,0.000000,590,830,880,900,1000,1200,1600,1800,2700,12000,17000,27491,0,590,666.4476111717545,170.4797919956036,16661.9481250018,239.19326324979085
1776941500,100,,Aggregated,149.000000,0.000000,590,830,880,900,1000,1200,1600,1800,2700,12000,17000,27632,0,590,667.0381329443284,170.4797919956036,16661.9481250018,239.19756079907353
1776941501,100,,Aggregated,140.200000,0.000000,590,830,880,900,1000,1200,1600,1800,2700,12000,17000,27784,0,590,666.709400865523,170.4797919956036,16661.9481250018,239.1911891736251
1776941502,100,,Aggregated,137.600000,0.000000,590,830,880,900,1000,1200,1600,1800,2700,12000,17000,27948,0,590,666.6586287885949,170.4797919956036,16661.9481250018,239.19400314870472
1776941503,100,,Aggregated,143.400000,0.000000,590,830,880,900,1000,1200,1600,1800,2700,12000,17000,28113,0,590,666.2945362692938,170.4797919956036,16661.9481250018,239.19165510617864
1776941504,100,,Aggregated,140.500000,0.000000,590,830,880,900,1000,1200,1600,1800,2700,12000,17000,28240,0,590,666.3240310794125,170.4797919956036,16661.9481250018,239.19433427762038
1776941505,100,,Aggregated,140.500000,0.000000,590,830,880,900,1000,1200,1600,1800,2700,12000,17000,28369,0,590,666.5880620901198,170.4797919956036,16661.9481250018,239.19486058726073
1776941506,100,,Aggregated,140.300000,0.000000,590,830,880,900,1000,1200,1600,1800,2700,12000,17000,28512,0,590,666.6841299572684,170.4797919956036,16661.9481250018,239.19409371492705
1776941507,100,,Aggregated,142.100000,0.000000,590,830,880,900,1000,1200,1600,1800,2700,12000,17000,28683,0,590,667.1991053940892,170.4797919956036,16661.9481250018,239.20283791793048
1776941508,100,,Aggregated,139.000000,0.000000,590,830,880,900,1000,1200,1600,1800,2700,12000,17000,28835,0,590,667.0358570436146,170.4797919956036,16661.9481250018,239.2108548638807
1776941509,100,,Aggregated,138.800000,0.000000,590,830,880,900,1000,1200,1600,1800,2700,12000,17000,28976,0,590,666.7065635492364,170.4797919956036,16661.9481250018,239.2097943125345
1776941510,100,,Aggregated,135.200000,0.000000,590,830,880,900,1000,1200,1600,1800,2700,12000,17000,29139,0,590,666.3327581889102,170.4797919956036,16661.9481250018,239.19091252273586
1776941511,100,,Aggregated,145.300000,0.000000,590,830,880,900,1000,1200,1500,1800,2700,12000,17000,29259,0,590,666.4892581000232,170.4797919956036,16661.9481250018,239.19132574592433
1776941512,100,,Aggregated,153.100000,0.000000,590,830,880,900,1000,1200,1500,1800,2700,12000,17000,29454,0,590,666.220430525686,170.4797919956036,16661.9481250018,239.17797243158824
1776941513,100,,Aggregated,152.500000,0.000000,590,830,880,900,1000,1200,1500,1800,2700,12000,17000,29621,0,590,666.25130803182,170.4797919956036,16661.9481250018,239.178589514196
1776941514,100,,Aggregated,151.600000,0.000000,590,830,880,900,1000,1200,1500,1800,2700,12000,17000,29773,0,590,666.0966756026776,170.4797919956036,16661.9481250018,239.1959493500823
1776941515,100,,Aggregated,150.800000,0.000000,590,830,880,900,1000,1200,1500,1800,2700,12000,17000,29916,0,590,665.9180118057403,170.4797919956036,16661.9481250018,239.19665062174087
1776941516,100,,Aggregated,152.100000,0.000000,590,830,880,900,1000,1200,1500,1800,2700,8100,17000,30080,0,590,665.7448697272783,170.4797919956036,16661.9481250018,239.20295877659575
1776941517,100,,Aggregated,148.900000,0.000000,590,830,880,900,1000,1200,1500,1800,2700,8100,17000,30250,0,590,665.3266832593572,170.4797919956036,16661.9481250018,239.1994049586777
1776941518,100,,Aggregated,150.500000,0.000000,590,830,880,900,1000,1200,1500,1800,2700,8100,17000,30368,0,590,665.7625637311498,170.4797919956036,16661.9481250018,239.2086406743941
1776941519,100,,Aggregated,155.200000,0.000000,590,830,880,900,1000,1200,1500,1800,2700,8100,17000,30491,0,590,665.9716002172306,170.4797919956036,16661.9481250018,239.20747105703322
1776941520,100,,Aggregated,157.300000,0.000000,590,830,880,900,1000,1200,1500,1800,2700,8100,17000,30678,0,590,666.2518811083703,170.4797919956036,16661.9481250018,239.21272573179476
1776941521,100,,Aggregated,155.200000,0.000000,590,830,880,900,1000,1200,1500,1800,2700,8100,17000,30809,0,590,666.5295964563475,170.4797919956036,16661.9481250018,239.21104222792042
1776941522,100,,Aggregated,149.500000,0.000000,590,830,880,900,1000,1200,1500,1800,2700,8100,17000,30964,0,590,666.2291396681206,170.4797919956036,16661.9481250018,239.21680015501875
1776941523,100,,Aggregated,146.500000,0.000000,590,830,880,900,1000,1200,1500,1800,2500,8100,17000,31034,0,590,666.7532108767707,170.4797919956036,16661.9481250018,239.21669781529934
1776941524,100,,Aggregated,149.100000,0.000000,590,830,880,900,1000,1200,1500,1800,2500,8100,17000,31177,0,590,667.478741821301,170.4797919956036,16661.9481250018,239.21714725599
1776941525,100,,Aggregated,146.800000,0.000000,600,830,880,900,1000,1200,1500,1800,2500,8100,17000,31350,0,600,667.7340734891759,170.4797919956036,16661.9481250018,239.20832535885168
1776941526,100,,Aggregated,140.900000,0.000000,600,830,880,910,1000,1200,1500,1800,2500,8100,17000,31504,0,600,667.8660796753951,170.4797919956036,16661.9481250018,239.2127031488065
1776941527,100,,Aggregated,143.600000,0.000000,600,830,880,910,1000,1200,1500,1800,2500,8100,17000,31633,0,600,668.0472785240302,170.4797919956036,16661.9481250018,239.22150918344767
1776941528,100,,Aggregated,142.500000,0.000000,590,830,880,910,1000,1200,1500,1800,2500,8100,17000,31786,0,590,667.8684181090914,170.4797919956036,16661.9481250018,239.21440256716792
1776941529,100,,Aggregated,140.200000,0.000000,590,830,880,910,1000,1200,1500,1800,2500,8100,17000,31959,0,590,667.6093173784699,170.4797919956036,16661.9481250018,239.22544510153634
1776941530,100,,Aggregated,139.600000,0.000000,600,830,880,910,1000,1200,1500,1800,2400,8100,17000,32097,0,600,668.0330453162139,170.4797919956036,16661.9481250018,239.23961740972678
1776941531,100,,Aggregated,140.600000,0.000000,590,830,880,910,1000,1200,1500,1800,2400,8100,17000,32236,0,590,667.1424145188155,170.4797919956036,16661.9481250018,239.24060057079043
1776941532,100,,Aggregated,142.900000,0.000000,590,830,880,910,1000,1200,1500,1800,2400,8100,17000,32355,0,590,667.5651796814868,170.4797919956036,16661.9481250018,239.22602379848556
1776941533,100,,Aggregated,145.400000,0.000000,590,830,880,910,1000,1200,1500,1800,2400,8100,17000,32470,0,590,668.4014281313079,170.4797919956036,16661.9481250018,239.22513089005236
1776941534,100,,Aggregated,141.400000,0.000000,600,830,880,910,1000,1200,1500,1800,2400,8100,17000,32521,0,600,668.3830607787748,170.4797919956036,16661.9481250018,239.22121090987363
1776941535,100,,Aggregated,145.100000,0.000000,600,830,880,910,1000,1200,1600,1800,2400,8100,17000,32655,0,600,670.9288162727784,170.4797919956036,16661.9481250018,239.21684274996173
1776941536,100,,Aggregated,140.900000,0.000000,600,830,880,910,1000,1200,1600,1800,2400,8100,17000,32835,0,600,670.6023580974747,170.4797919956036,16661.9481250018,239.21486218973655
1776941537,100,,Aggregated,132.700000,0.000000,600,830,880,910,1000,1200,1600,1800,2400,8100,17000,33010,0,600,670.2031676072279,170.4797919956036,16661.9481250018,239.21832777946076
1776941538,100,,Aggregated,134.200000,0.000000,600,830,880,910,1000,1200,1600,1800,2400,8100,17000,33193,0,600,669.7881154323361,170.4797919956036,16661.9481250018,239.22995812370078
1776941539,100,,Aggregated,135.200000,0.000000,600,830,880,910,1000,1200,1600,1800,2400,8100,17000,33332,0,600,669.7978064773938,170.4797919956036,16661.9481250018,239.2386895475819
1776941540,100,,Aggregated,135.300000,0.000000,590,830,880,910,1000,1200,1600,1800,2400,8100,17000,33500,0,590,669.2446396419248,170.4797919956036,16661.9481250018,239.2394328358209
1776941541,100,,Aggregated,137.600000,0.000000,590,830,880,910,1000,1200,1600,1800,2400,8100,17000,33660,0,590,669.0906954548566,170.4797919956036,16661.9481250018,239.22768865121807
1776941542,100,,Aggregated,137.500000,0.000000,590,830,880,910,1000,1200,1600,1800,2400,8100,17000,33838,0,590,668.8549212242319,170.4797919956036,16661.9481250018,239.22841184467168
1776941543,100,,Aggregated,138.200000,0.000000,590,830,880,910,1000,1200,1600,1800,2400,8100,17000,33994,0,590,668.4750267168188,170.4797919956036,16661.9481250018,239.23254103665352
1776941544,100,,Aggregated,143.100000,0.000000,590,830,880,910,1000,1200,1500,1800,2300,8100,17000,34167,0,590,668.2808771306071,170.4797919956036,16661.9481250018,239.23244651271696
1776941545,100,,Aggregated,146.300000,0.000000,590,830,880,910,1000,1200,1500,1800,2300,8100,17000,34333,0,590,667.97510287748,170.4797919956036,16661.9481250018,239.23487606675792
1776941546,100,,Aggregated,155.300000,0.000000,590,830,880,910,1000,1200,1500,1800,2300,8100,17000,34414,0,590,667.4515417780701,170.4797919956036,16661.9481250018,239.23911780089497
1776941547,100,,Aggregated,164.000000,0.000000,590,830,880,910,1000,1200,1600,1800,2300,8100,17000,34517,0,590,668.6319099877019,170.4797919956036,16661.9481250018,239.2373323289973
1776941548,100,,Aggregated,163.800000,0.000000,590,830,880,910,1000,1200,1600,1800,2400,8100,17000,34594,0,590,669.2917715826591,170.4797919956036,16661.9481250018,239.23856738162686
1776941549,100,,Aggregated,156.300000,0.000000,590,830,880,910,1000,1200,1600,1800,2400,8100,17000,34729,0,590,671.3278976697719,170.4797919956036,16661.9481250018,239.23409830401107
1776941550,100,,Aggregated,153.000000,0.000000,590,830,880,910,1000,1200,1600,1800,2400,8100,17000,34796,0,590,671.1629968197924,170.4797919956036,16661.9481250018,239.2479020577078
1776941551,100,,Aggregated,141.000000,0.000000,590,830,880,910,1000,1200,1700,1800,2400,8100,17000,34958,0,590,672.425126002561,170.4797919956036,16661.9481250018,239.25187367698382
1776941552,100,,Aggregated,138.400000,0.000000,590,830,880,910,1000,1200,1700,1800,2400,8100,17000,35074,0,590,674.0732756994511,170.4797919956036,16661.9481250018,239.24764783030164
1776941553,100,,Aggregated,128.000000,0.000000,590,830,880,910,1000,1200,1700,1800,2400,8100,17000,35219,0,590,673.7874391948836,170.4797919956036,16661.9481250018,239.25551548879866
1776941554,100,,Aggregated,127.600000,0.000000,590,830,880,910,1000,1200,1700,1800,2400,8100,17000,35361,0,590,673.6621116250285,170.4797919956036,16661.9481250018,239.25361273719633
1776941555,100,,Aggregated,119.900000,0.000000,590,830,880,910,1000,1200,1700,1800,2400,8100,17000,35462,0,590,673.2404259676183,170.4797919956036,16661.9481250018,239.25407478427613
1776941556,100,,Aggregated,119.900000,0.000000,590,830,880,910,1000,1200,1700,1800,2400,8100,17000,35661,0,590,673.748377206855,170.4797919956036,16661.9481250018,239.2478057261434
1776941557,100,,Aggregated,119.400000,0.000000,600,830,880,910,1000,1200,1700,1800,2400,8100,17000,35808,0,600,674.0003333761057,170.4797919956036,16661.9481250018,239.24913427167112
1776941558,100,,Aggregated,119.900000,0.000000,600,830,880,910,1000,1200,1700,1800,2400,8100,17000,35963,0,600,673.6508438113215,170.4797919956036,16661.9481250018,239.24655896337902
1776941559,100,,Aggregated,127.100000,0.000000,600,830,880,910,1000,1200,1700,1800,2400,8100,17000,36108,0,600,673.3660410593384,170.4797919956036,16661.9481250018,239.2442671984048
1776941560,100,,Aggregated,126.900000,0.000000,600,830,880,910,1000,1200,1700,1800,2400,8100,17000,36289,0,600,673.2727448615731,170.4797919956036,16661.9481250018,239.24202926506655
1776941561,100,,Aggregated,136.300000,0.000000,600,830,880,910,1000,1200,1700,1800,2400,8100,17000,36432,0,600,673.2240756326207,170.4797919956036,16661.9481250018,239.2570816864295
1776941562,100,,Aggregated,137.800000,0.000000,600,830,880,910,1000,1200,1700,1800,2400,8100,17000,36526,0,600,673.3355208366556,170.4797919956036,16661.9481250018,239.2483710233806
1776941563,100,,Aggregated,149.500000,0.000000,600,830,880,910,1000,1200,1700,1800,2400,8100,17000,36634,0,600,673.9135100270978,170.4797919956036,16661.9481250018,239.24662881476223
1776941564,100,,Aggregated,147.200000,0.000000,600,830,880,910,1000,1200,1700,1800,2400,8100,17000,36704,0,600,673.6453670965744,170.4797919956036,16661.9481250018,239.2425893635571
1776941565,100,,Aggregated,144.900000,0.000000,600,830,880,910,1000,1200,1700,1900,2400,8100,17000,36869,0,600,675.436908205447,170.4797919956036,16661.9481250018,239.24364642382488
1776941566,100,,Aggregated,142.400000,0.000000,600,830,880,910,1000,1200,1700,1900,2400,8100,17000,37042,0,600,675.5579447811041,170.4797919956036,16661.9481250018,239.2449111819016
1776941567,100,,Aggregated,132.800000,0.000000,600,830,880,910,1000,1200,1700,1900,2400,8100,17000,37184,0,600,675.387189774598,170.4797919956036,16661.9481250018,239.23502043889846
1776941568,100,,Aggregated,138.900000,0.000000,600,830,880,910,1000,1200,1700,1900,2400,8100,17000,37364,0,600,675.2078393983414,170.4797919956036,16661.9481250018,239.23964243656997
1776941569,100,,Aggregated,135.400000,0.000000,600,830,880,910,1000,1200,1700,1900,2400,8100,17000,37510,0,600,674.9976994497368,170.4797919956036,16661.9481250018,239.25105305251932
1776941570,100,,Aggregated,136.900000,0.000000,600,830,880,910,1000,1200,1700,1900,2400,8100,17000,37653,0,600,674.7145492374467,170.4797919956036,16661.9481250018,239.24420364911163
1776941571,100,,Aggregated,139.700000,0.000000,600,830,880,910,1000,1200,1700,1900,2400,8100,17000,37829,0,600,674.3769029090536,170.4797919956036,16661.9481250018,239.2459753099474
1776941572,100,,Aggregated,142.800000,0.000000,600,830,880,910,1000,1200,1700,1900,2400,8100,17000,37998,0,600,673.9580193195059,170.4797919956036,16661.9481250018,239.2384862361177
1776941573,100,,Aggregated,137.800000,0.000000,600,830,880,910,1000,1200,1700,1900,2400,8100,17000,38179,0,600,674.0160988659878,170.4797919956036,16661.9481250018,239.24869692763036
1776941574,100,,Aggregated,139.700000,0.000000,600,830,880,910,1000,1200,1700,1900,2400,8100,17000,38320,0,600,673.9703919325822,170.4797919956036,16661.9481250018,239.26471816283924
1776941575,100,,Aggregated,147.400000,0.000000,600,830,880,910,1000,1200,1700,1900,2400,8100,17000,38465,0,600,673.7428722635532,170.4797919956036,16661.9481250018,239.25706486416223
1776941576,100,,Aggregated,153.000000,0.000000,600,830,880,910,1000,1200,1700,1900,2400,8100,17000,38579,0,600,674.0278034055189,170.4797919956036,16661.9481250018,239.25052489696466
1776941577,100,,Aggregated,161.300000,0.000000,600,830,880,910,1000,1200,1700,1900,2400,8100,17000,38711,0,600,674.3339664995358,170.4797919956036,16661.9481250018,239.25819534499237
1776941578,100,,Aggregated,153.900000,0.000000,600,830,880,910,1000,1200,1700,1900,2400,8100,17000,38835,0,600,674.6219292961113,170.4797919956036,16661.9481250018,239.25149993562508
1776941579,100,,Aggregated,153.200000,0.000000,600,830,880,910,1000,1200,1700,1900,2400,8100,17000,39029,0,600,674.6831387218077,170.4797919956036,16661.9481250018,239.24930180122473
1776941580,100,,Aggregated,152.600000,0.000000,600,830,880,910,1000,1200,1700,1900,2400,8100,17000,39164,0,600,674.4634930508224,170.4797919956036,16661.9481250018,239.23940353385763
1776941582,100,,Aggregated,147.100000,0.000000,600,830,880,910,1000,1200,1700,1900,2400,8100,17000,39314,0,600,674.2647156094633,170.4797919956036,16661.9481250018,239.24520527038715
1776941583,100,,Aggregated,149.300000,0.000000,600,830,880,910,1000,1200,1700,1900,2400,8100,17000,39460,0,600,674.1779854624043,170.4797919956036,16661.9481250018,239.24812468322352
1776941584,100,,Aggregated,149.300000,0.000000,600,830,880,910,1000,1200,1700,1900,2400,8100,17000,39622,0,600,674.0847702447511,170.4797919956036,16661.9481250018,239.24615112816113
1776941585,100,,Aggregated,148.500000,0.000000,600,830,880,910,1000,1200,1700,1900,2400,8100,17000,39776,0,600,674.101223218211,170.4797919956036,16661.9481250018,239.25575724054707
1776941586,100,,Aggregated,144.200000,0.000000,600,830,880,910,1000,1200,1700,1900,2400,8100,17000,39943,0,600,673.8277634049417,170.4797919956036,16661.9481250018,239.2567408557194
1776941587,100,,Aggregated,145.000000,0.000000,600,830,880,910,1000,1200,1700,1900,2400,8000,17000,40032,0,600,673.2109089409116,170.4797919956036,16661.9481250018,239.25339728217426
1776941588,100,,Aggregated,145.000000,0.000000,600,830,880,910,1000,1200,1700,1900,2400,8000,17000,40179,0,600,674.2761412774232,170.4797919956036,16661.9481250018,239.25431195400583
1776941589,100,,Aggregated,147.100000,0.000000,600,830,880,910,1000,1200,1700,1800,2400,8000,17000,40354,0,600,674.3459563511057,170.4797919956036,16661.9481250018,239.26827575952817
1776941590,100,,Aggregated,146.800000,0.000000,600,830,880,910,1000,1200,1700,1800,2400,8000,17000,40511,0,600,674.3178910099361,170.4797919956036,16661.9481250018,239.2656315568611
1776941591,100,,Aggregated,146.800000,0.000000,600,830,880,910,1000,1200,1700,1800,2400,8000,17000,40638,0,600,674.4060636205677,170.4797919956036,16661.9481250018,239.26613022294404
1776941592,100,,Aggregated,151.900000,0.000000,600,830,880,910,1000,1200,1700,1800,2400,8000,17000,40809,0,600,674.6159396635707,170.4797919956036,16661.9481250018,239.26038373888113
1776941593,100,,Aggregated,147.400000,0.000000,600,830,880,910,1000,1200,1700,1800,2400,8000,17000,40892,0,600,674.9777794837046,170.4797919956036,16661.9481250018,239.2578744008608
1776941594,100,,Aggregated,149.500000,0.000000,600,830,880,910,1000,1200,1700,1900,2400,8000,17000,41054,0,600,675.4905750035489,170.4797919956036,16661.9481250018,239.2438495639889
1776941595,100,,Aggregated,143.900000,0.000000,600,830,880,910,1000,1200,1700,1800,2400,8000,17000,41208,0,600,675.0765595987123,170.4797919956036,16661.9481250018,239.2459959231217
1776941596,100,,Aggregated,142.400000,0.000000,600,830,880,910,1000,1200,1700,1800,2400,8000,17000,41360,0,600,674.823159620473,170.4797919956036,16661.9481250018,239.2438588007737
1776941597,100,,Aggregated,142.400000,0.000000,600,830,880,910,1000,1200,1700,1800,2400,8000,17000,41537,0,600,674.8075652346523,170.4797919956036,16661.9481250018,239.24927173363508
1776941598,100,,Aggregated,142.400000,0.000000,600,830,880,910,1000,1200,1700,1800,2400,8000,17000,41667,0,600,674.250115672636,170.4797919956036,16661.9481250018,239.24597403220776
1776941599,100,,Aggregated,141.200000,0.000000,600,830,880,910,1000,1200,1700,1800,2400,8000,17000,41843,0,600,674.2954267007805,170.4797919956036,16661.9481250018,239.24885882943383
1776941600,100,,Aggregated,148.800000,0.000000,600,830,880,910,1000,1200,1700,1800,2400,8000,17000,41993,0,600,674.1490520680054,170.4797919956036,16661.9481250018,239.2459695663563
1776941601,100,,Aggregated,148.900000,0.000000,600,830,880,910,1000,1200,1700,1800,2400,8000,17000,42175,0,600,673.9949066151681,170.4797919956036,16661.9481250018,239.24353289863663
1776941602,100,,Aggregated,148.900000,0.000000,600,830,880,910,1000,1200,1700,1800,2400,8000,17000,42318,0,600,673.933548032154,170.4797919956036,16661.9481250018,239.24422231674464
1776941603,100,,Aggregated,153.200000,0.000000,600,830,880,910,1000,1200,1700,1800,2400,8000,17000,42508,0,600,673.6433152053909,170.4797919956036,16661.9481250018,239.23466171073682
1776941604,100,,Aggregated,153.200000,0.000000,600,830,880,910,1000,1200,1700,1800,2400,8000,17000,42641,0,600,673.4059582064172,170.4797919956036,16661.9481250018,239.24075420370067
1776941605,100,,Aggregated,156.700000,0.000000,600,830,880,910,1000,1200,1700,1800,2400,8000,17000,42755,0,600,673.5315442522948,170.4797919956036,16661.9481250018,239.25049701789266
1776941606,100,,Aggregated,156.700000,0.000000,600,830,880,910,1000,1200,1700,1800,2400,8000,17000,42800,0,600,673.5905046107908,170.4797919956036,16661.9481250018,239.24946261682243
1776941607,100,,Aggregated,155.400000,0.000000,600,830,880,910,1000,1200,1700,1800,2400,8000,17000,42960,0,600,675.2288692049552,170.4797919956036,16661.9481250018,239.2469739292365
1776941608,100,,Aggregated,145.200000,0.000000,600,830,880,910,1000,1200,1700,1800,2400,8000,17000,43121,0,600,675.8283486228265,170.4797919956036,16661.9481250018,239.2460286171471
1776941609,100,,Aggregated,144.600000,0.000000,600,830,880,910,1000,1200,1700,1800,2400,8000,17000,43277,0,600,675.6351256568599,170.4797919956036,16661.9481250018,239.2445178732352
1776941610,100,,Aggregated,138.900000,0.000000,600,830,880,910,1000,1200,1700,1800,2400,8000,17000,43415,0,600,675.2427443932726,170.4797919956036,16661.9481250018,239.24641253023148
1776941611,100,,Aggregated,139.000000,0.000000,600,830,880,910,1000,1200,1700,1800,2400,8000,17000,43606,0,600,675.1281569347318,170.4797919956036,16661.9481250018,239.24423244507636
1776941612,100,,Aggregated,142.500000,0.000000,600,830,880,910,1000,1200,1700,1800,2400,8000,17000,43728,0,600,674.7667683626714,170.4797919956036,16661.9481250018,239.25073179656056
1776941613,100,,Aggregated,138.800000,0.000000,600,830,880,910,1000,1200,1700,1800,2400,8000,17000,43910,0,600,674.810226159735,170.4797919956036,16661.9481250018,239.24953313595992
1776941614,100,,Aggregated,138.000000,0.000000,600,830,880,910,1000,1200,1700,1800,2400,8000,17000,44061,0,600,674.6540046291499,170.4797919956036,16661.9481250018,239.23796554776334
1776941615,100,,Aggregated,141.200000,0.000000,600,830,880,910,1000,1200,1700,1800,2400,8000,17000,44189,0,600,674.4778548819388,170.4797919956036,16661.9481250018,239.2398787028446
1776941616,100,,Aggregated,140.100000,0.000000,600,830,880,910,1000,1200,1700,1800,2400,8000,17000,44354,0,600,674.3812735849759,170.4797919956036,16661.9481250018,239.25019163998738
1776941617,100,,Aggregated,143.000000,0.000000,600,830,880,910,1000,1200,1700,1800,2400,8000,17000,44509,0,600,674.4869321899158,170.4797919956036,16661.9481250018,239.2489384169494
1776941618,100,,Aggregated,150.700000,0.000000,600,830,880,910,1000,1200,1700,1800,2400,8000,17000,44672,0,600,674.2738028111773,170.4797919956036,16661.9481250018,239.2478062320917
1776941619,100,,Aggregated,150.700000,0.000000,600,830,880,910,1000,1200,1700,1800,2400,8000,17000,44831,0,600,674.0897643737795,170.4797919956036,16661.9481250018,239.24897950079188
1776941620,100,,Aggregated,158.100000,0.000000,600,830,880,910,1000,1200,1700,1800,2400,8000,17000,44955,0,600,674.0657348257802,170.4797919956036,16661.9481250018,239.25570014458904
1776941621,100,,Aggregated,158.100000,0.000000,600,830,880,910,1000,1200,1700,1800,2400,8000,17000,45083,0,600,674.4089721319554,170.4797919956036,16661.9481250018,239.2560610429652
1776941622,100,,Aggregated,153.900000,0.000000,600,830,880,910,1000,1200,1700,1800,2400,8000,17000,45229,0,600,674.7200451022327,170.4797919956036,16661.9481250018,239.25715801808573
1776941623,100,,Aggregated,150.200000,0.000000,600,830,880,910,1000,1200,1700,1800,2400,8000,17000,45399,0,600,674.695378932948,170.4797919956036,16661.9481250018,239.25696601246725
1776941624,100,,Aggregated,150.000000,0.000000,600,830,880,910,1000,1200,1700,1800,2400,8000,17000,45558,0,600,674.386541051449,170.4797919956036,16661.9481250018,239.25205232889942
1776941625,100,,Aggregated,149.800000,0.000000,600,830,880,910,1000,1200,1700,1800,2400,8000,17000,45700,0,600,674.2009886464106,170.4797919956036,16661.9481250018,239.25052516411378
1776941626,100,,Aggregated,148.500000,0.000000,600,830,880,910,1000,1200,1700,1800,2400,8000,17000,45886,0,600,674.032258624852,170.4797919956036,16661.9481250018,239.25648345900711
1776941627,100,,Aggregated,149.000000,0.000000,600,830,880,910,1000,1200,1700,1800,2400,8000,17000,46041,0,600,673.7111973614602,170.4797919956036,16661.9481250018,239.26015942312287
1776941628,100,,Aggregated,152.200000,0.000000,600,830,880,910,1000,1200,1700,1800,2400,8000,17000,46194,0,600,673.4541405418032,170.4797919956036,16661.9481250018,239.25589903450665
1776941629,100,,Aggregated,157.100000,0.000000,600,830,880,910,1000,1200,1700,1800,2400,8000,17000,46370,0,600,673.4547519198616,170.4797919956036,16661.9481250018,239.26422255768816
1776941630,100,,Aggregated,152.100000,0.000000,600,830,880,910,1000,1200,1700,1800,2400,8000,17000,46519,0,600,673.1942794902292,170.4797919956036,16661.9481250018,239.2631397923429
1776941631,100,,Aggregated,150.800000,0.000000,600,830,880,910,1000,1200,1700,1800,2400,8000,17000,46679,0,600,673.0115968473818,170.4797919956036,16661.9481250018,239.2668651856295
1776941632,100,,Aggregated,152.400000,0.000000,600,830,880,910,1000,1200,1700,1800,2400,8000,17000,46842,0,600,673.0790478742141,170.4797919956036,16661.9481250018,239.266619700269
1776941633,100,,Aggregated,159.500000,0.000000,600,830,880,910,1000,1200,1700,1800,2400,8000,17000,46984,0,600,672.7513780096405,170.4797919956036,16661.9481250018,239.271581815086
1776941634,100,,Aggregated,160.700000,0.000000,600,830,880,910,1000,1200,1700,1800,2400,8000,17000,47157,0,600,672.4786073210757,170.4797919956036,16661.9481250018,239.27232436329706
1776941635,100,,Aggregated,159.900000,0.000000,600,830,880,910,1000,1200,1700,1800,2400,8000,17000,47275,0,600,672.7127660810343,170.4797919956036,16661.9481250018,239.2748810153358
1776941636,100,,Aggregated,159.000000,0.000000,600,830,880,910,1000,1200,1600,1800,2400,8000,17000,47416,0,600,672.76165001919,170.4797919956036,16661.9481250018,239.2732832799055
1776941637,100,,Aggregated,157.700000,0.000000,600,830,880,910,1000,1200,1600,1800,2400,8000,17000,47578,0,600,673.1511220700296,170.4797919956036,16661.9481250018,239.27302534784985
1776941638,100,,Aggregated,156.500000,0.000000,600,830,880,910,1000,1200,1600,1800,2400,8000,17000,47637,0,600,672.7553647160167,170.4797919956036,16661.9481250018,239.27717950332723
1776941639,100,,Aggregated,151.800000,0.000000,600,830,880,910,1000,1200,1700,1900,2400,8000,17000,47789,0,600,674.2093290311768,170.4797919956036,16661.9481250018,239.27500052313295
1776941640,100,,Aggregated,147.500000,0.000000,600,830,880,910,1000,1200,1700,1900,2400,8000,17000,47955,0,600,673.9622925500752,170.4797919956036,16661.9481250018,239.2637055572933
1776941641,100,,Aggregated,144.400000,0.000000,600,830,880,910,1000,1200,1700,1900,2300,8000,17000,48125,0,600,673.7207219427909,170.4797919956036,16661.9481250018,239.26167272727272
1776941642,100,,Aggregated,145.600000,0.000000,600,830,880,910,1000,1200,1700,1900,2300,8000,17000,48262,0,600,673.7064536804274,170.4797919956036,16661.9481250018,239.26140648957772
1776941643,100,,Aggregated,143.900000,0.000000,600,830,880,910,1000,1200,1700,1900,2300,8000,17000,48375,0,600,673.3117319437682,170.4797919956036,16661.9481250018,239.2560620155039
1776941644,100,,Aggregated,143.900000,0.000000,600,830,880,910,1000,1200,1700,1900,2300,8000,17000,48514,0,600,673.5822027684961,169.37654100183863,16661.9481250018,239.25124706270356
1776941645,100,,Aggregated,136.300000,0.000000,600,830,880,910,1000,1200,1700,1800,2300,8000,17000,48699,0,600,673.9213361734702,169.37654100183863,16661.9481250018,239.25216123534364
1776941646,100,,Aggregated,139.700000,0.000000,600,830,880,910,1000,1200,1700,1800,2300,8000,17000,48866,0,600,673.8215762190665,169.37654100183863,16661.9481250018,239.25404166496133
1776941647,100,,Aggregated,139.200000,0.000000,600,830,880,910,1000,1200,1700,1800,2300,8000,17000,49008,0,600,673.6005402771974,169.37654100183863,16661.9481250018,239.25391772771792
1776941648,100,,Aggregated,138.300000,0.000000,600,830,880,910,1000,1200,1700,1800,2300,8000,17000,49154,0,600,673.5211976913357,169.37654100183863,16661.9481250018,239.250294991252
1776941649,100,,Aggregated,142.000000,0.000000,600,830,880,910,1000,1200,1700,1800,2300,8000,17000,49281,0,600,673.4552228389829,169.37654100183863,16661.9481250018,239.25372861751993
1776941650,100,,Aggregated,149.900000,0.000000,600,830,880,910,1000,1200,1700,1800,2300,8000,17000,49411,0,600,673.6644034065462,169.37654100183863,16661.9481250018,239.25295986723603
1776941651,100,,Aggregated,150.900000,0.000000,600,830,880,910,1000,1200,1700,1800,2300,8000,17000,49499,0,600,673.8786350855138,169.37654100183863,16661.9481250018,239.24968181175376
1776941652,100,,Aggregated,147.300000,0.000000,600,830,880,910,1000,1200,1700,1900,2300,8000,17000,49657,0,600,674.5471460949876,169.37654100183863,16661.9481250018,239.25092132025696
1776941653,100,,Aggregated,139.000000,0.000000,600,830,880,910,1000,1200,1700,1900,2400,8000,17000,49833,0,600,674.4401204534913,169.37654100183863,16661.9481250018,239.24564043906648
1776941654,100,,Aggregated,137.800000,0.000000,600,830,880,910,1000,1200,1700,1900,2400,8000,17000,49998,0,600,674.5095866779443,169.37654100183863,16661.9481250018,239.24360974438977
1776941655,100,,Aggregated,144.800000,0.000000,600,830,880,910,1000,1200,1700,1900,2300,6300,17000,50119,0,600,674.3579267886595,169.37654100183863,16661.9481250018,239.24844869211276
1776941656,100,,Aggregated,141.600000,0.000000,600,830,880,910,1000,1200,1700,1900,2300,6300,17000,50301,0,600,674.5111106102638,169.37654100183863,16661.9481250018,239.25275839446533
1776941657,100,,Aggregated,146.900000,0.000000,600,830,880,910,1000,1200,1700,1900,2300,6300,17000,50452,0,600,674.402504350232,169.37654100183863,16661.9481250018,239.24892967573138
1776941658,100,,Aggregated,144.500000,0.000000,600,830,880,910,1000,1200,1700,1900,2300,6300,17000,50618,0,600,674.3023649874941,169.37654100183863,16661.9481250018,239.25994705440752
1776941659,100,,Aggregated,142.600000,0.000000,600,830,880,910,1000,1200,1700,1900,2300,6300,17000,50754,0,600,674.0473897102885,169.37654100183863,16661.9481250018,239.25972337155693
1776941660,100,,Aggregated,137.100000,0.000000,600,830,880,910,1000,1200,1700,1900,2300,6300,17000,50908,0,600,673.8981600424876,169.37654100183863,16661.9481250018,239.25392865561406
1776941661,100,,Aggregated,143.700000,0.000000,600,830,880,910,1000,1200,1700,1900,2300,6300,17000,50955,0,600,673.6224868271406,169.37654100183863,16661.9481250018,239.25601020508293
1776941662,100,,Aggregated,146.100000,0.000000,600,830,880,910,1000,1200,1700,1900,2300,6300,17000,51121,0,600,674.7148300092923,169.37654100183863,16661.9481250018,239.25111011130454
1776941663,100,,Aggregated,146.400000,0.000000,600,830,880,910,1000,1200,1700,1900,2300,6300,17000,51168,0,600,674.6953457766188,169.37654100183863,16661.9481250018,239.25021497811133
1776941664,100,,Aggregated,145.100000,0.000000,600,830,880,910,1000,1200,1700,1900,2400,6300,17000,51325,0,600,676.2222605980919,169.37654100183863,16661.9481250018,239.24541646371165
1776941665,100,,Aggregated,137.900000,0.000000,600,830,880,910,1000,1200,1700,1900,2400,6300,17000,51449,0,600,676.462614808393,169.37654100183863,16661.9481250018,239.24358102198295
1776941666,100,,Aggregated,136.000000,0.000000,600,830,880,910,1000,1200,1700,1900,2400,6300,17000,51601,0,600,676.562116561523,169.37654100183863,16661.9481250018,239.24454952423403
1776941667,100,,Aggregated,131.800000,0.000000,600,830,880,910,1000,1200,1700,1900,2400,6300,17000,51680,0,600,676.2772810384506,169.37654100183863,16661.9481250018,239.23989938080496
1776941668,100,,Aggregated,132.800000,0.000000,600,830,880,910,1000,1200,1700,1900,2400,6300,17000,51839,0,600,677.148097738114,169.37654100183863,16661.9481250018,239.2450857462528
1776941669,100,,Aggregated,125.700000,0.000000,600,830,880,910,1000,1200,1700,1900,2400,6300,17000,52003,0,600,676.9441105292801,169.37654100183863,16661.9481250018,239.2422167951849
1776941670,100,,Aggregated,129.900000,0.000000,600,830,880,910,1000,1200,1700,1900,2400,6300,17000,52183,0,600,676.888493762626,169.37654100183863,16661.9481250018,239.23245118141924
1776941671,100,,Aggregated,125.400000,0.000000,600,830,880,910,1000,1200,1700,1900,2400,6300,17000,52337,0,600,676.8123406976532,169.37654100183863,16661.9481250018,239.23291361751726
1776941672,100,,Aggregated,126.700000,0.000000,600,830,880,910,1000,1200,1700,1900,2400,6300,17000,52486,0,600,676.3622829232206,169.37654100183863,16661.9481250018,239.23234767366534
1776941673,100,,Aggregated,131.600000,0.000000,600,830,880,910,1000,1200,1700,1900,2400,6300,17000,52624,0,600,676.246006861758,169.37654100183863,16661.9481250018,239.23453177257525
1776941674,100,,Aggregated,136.800000,0.000000,600,830,880,910,1000,1200,1700,1900,2400,6300,17000,52812,0,600,676.3001008280335,169.37654100183863,16661.9481250018,239.23808982806938
1776941675,100,,Aggregated,144.300000,0.000000,600,830,880,910,1000,1200,1700,1900,2400,6300,17000,52952,0,600,675.9368346445475,169.37654100183863,16661.9481250018,239.2386312131742
1776941676,100,,Aggregated,145.400000,0.000000,600,830,880,910,1000,1200,1700,1900,2400,6300,17000,53140,0,600,675.8792030355664,169.37654100183863,16661.9481250018,239.24134362062478
1776941677,100,,Aggregated,149.100000,0.000000,600,830,880,910,1000,1200,1700,1900,2400,6300,17000,53304,0,600,675.6396539303047,169.37654100183863,16661.9481250018,239.23737430586823
1776941678,100,,Aggregated,152.200000,0.000000,600,830,880,910,1000,1200,1700,1900,2400,6300,17000,53426,0,600,675.9550706019904,169.37654100183863,16661.9481250018,239.23982705049977
1776941679,100,,Aggregated,157.900000,0.000000,600,830,880,910,1000,1200,1700,1900,2400,6300,17000,53534,0,600,675.8863970246373,169.37654100183863,16661.9481250018,239.2457503642545
1776941680,100,,Aggregated,155.300000,0.000000,600,830,880,910,1000,1200,1700,1900,2400,6300,17000,53721,0,600,676.2260013616645,169.37654100183863,16661.9481250018,239.24591872824408
1776941681,100,,Aggregated,153.900000,0.000000,600,830,880,910,1000,1200,1700,1900,2400,6300,17000,53878,0,600,675.9480243286296,169.37654100183863,16661.9481250018,239.2445339470656
1776941682,100,,Aggregated,148.800000,0.000000,600,830,880,910,1000,1200,1700,1900,2400,6300,17000,54036,0,600,675.5848183237268,169.37654100183863,16661.9481250018,239.24750166555629
1776941683,100,,Aggregated,152.600000,0.000000,600,830,880,910,1000,1200,1700,1900,2400,6300,17000,54185,0,600,675.4628881719449,169.37654100183863,16661.9481250018,239.2483897757682
1776941684,100,,Aggregated,152.200000,0.000000,600,830,880,910,1000,1200,1700,1900,2400,6300,17000,54328,0,600,675.5465298590198,169.37654100183863,16661.9481250018,239.24900603740244
1776941685,100,,Aggregated,153.500000,0.000000,600,830,880,910,1000,1200,1700,1900,2400,6300,17000,54476,0,600,675.38442156663,169.37654100183863,16661.9481250018,239.24957779572657
1776941686,100,,Aggregated,151.300000,0.000000,600,830,880,910,1000,1200,1700,1900,2400,6300,17000,54626,0,600,676.017477809225,169.37654100183863,16661.9481250018,239.24718998279207
1776941687,100,,Aggregated,151.100000,0.000000,600,830,880,910,1000,1200,1700,1900,2400,6300,17000,54760,0,600,675.715904120667,169.37654100183863,16661.9481250018,239.2482103725347
1776941688,100,,Aggregated,144.400000,0.000000,600,830,880,910,1000,1200,1700,1900,2400,6300,17000,54935,0,600,675.5506414054194,169.37654100183863,16661.9481250018,239.24920360425958
1776941689,100,,Aggregated,147.300000,0.000000,600,830,880,910,1000,1200,1700,1900,2400,6300,17000,55073,0,600,675.4470135233726,169.37654100183863,16661.9481250018,239.2454923465219
1776941690,100,,Aggregated,150.000000,0.000000,600,830,880,910,1000,1200,1700,1900,2400,6300,17000,55223,0,600,675.3626735936427,169.37654100183863,16661.9481250018,239.2463828477265
1776941691,100,,Aggregated,151.600000,0.000000,600,830,880,910,1000,1200,1700,1900,2400,6300,17000,55411,0,600,675.336903077958,169.37654100183863,16661.9481250018,239.24695457580626
1776941692,100,,Aggregated,153.300000,0.000000,600,830,880,910,1000,1200,1700,1900,2400,6300,17000,55533,0,600,675.2549416157017,169.37654100183863,16661.9481250018,239.24853690598383
1776941693,100,,Aggregated,154.600000,0.000000,600,830,880,910,1000,1200,1700,1900,2400,6300,17000,55641,0,600,676.0755155355188,169.37654100183863,16661.9481250018,239.249492280872
1776941694,100,,Aggregated,152.100000,0.000000,600,830,880,910,1000,1200,1700,1900,2400,6300,17000,55764,0,600,676.5963472772901,169.37654100183863,16661.9481250018,239.2509683666882
1776941695,100,,Aggregated,141.600000,0.000000,600,830,880,910,1000,1200,1700,1900,2400,6300,17000,55842,0,600,676.1455796463733,169.37654100183863,16661.9481250018,239.2546291321944
1776941696,100,,Aggregated,140.400000,0.000000,600,830,880,910,1000,1200,1700,1900,2400,6300,17000,55980,0,600,677.3295144582121,169.37654100183863,16661.9481250018,239.25460878885318
1776941697,100,,Aggregated,138.100000,0.000000,600,830,880,910,1000,1200,1700,1900,2400,6300,17000,56125,0,600,677.4043884759329,169.37654100183863,16661.9481250018,239.25510913140312
1776941698,100,,Aggregated,134.400000,0.000000,600,830,880,910,1000,1200,1700,1900,2400,6300,17000,56295,0,600,677.1611637403282,169.37654100183863,16661.9481250018,239.25710986766143
1776941699,100,,Aggregated,132.400000,0.000000,600,830,880,910,1000,1200,1700,1900,2400,6300,17000,56404,0,600,677.0157367816248,169.37654100183863,16661.9481250018,239.25597475356358
1776941700,100,,Aggregated,132.200000,0.000000,600,830,880,910,1000,1200,1700,1900,2400,6300,17000,56566,0,600,676.7443068865342,169.37654100183863,16661.9481250018,239.25190043489022
1776941701,100,,Aggregated,133.200000,0.000000,600,830,880,910,1000,1200,1700,1900,2400,6300,17000,56649,0,600,676.5864159489962,169.37654100183863,16661.9481250018,239.24974845098765
1776941702,100,,Aggregated,136.100000,0.000000,600,830,880,910,1000,1200,1800,1900,2400,6300,17000,56856,0,600,677.5131437062869,169.37654100183863,16661.9481250018,239.24896229069932
1776941703,100,,Aggregated,125.400000,0.000000,600,830,880,910,1000,1200,1800,1900,2400,6300,17000,57001,0,600,677.388887158833,169.37654100183863,16661.9481250018,239.24862721706637
1776941704,100,,Aggregated,127.500000,0.000000,600,830,880,910,1000,1200,1800,1900,2400,6300,17000,57159,0,600,677.1510950554351,169.37654100183863,16661.9481250018,239.2519638202208
1776941705,100,,Aggregated,137.200000,0.000000,600,830,880,910,1000,1200,1800,1900,2400,6300,17000,57352,0,600,676.908150695505,169.37654100183863,16661.9481250018,239.2534523643465
1776941706,100,,Aggregated,141.500000,0.000000,600,830,880,910,1000,1200,1800,1900,2400,6300,17000,57513,0,600,676.885612395939,169.37654100183863,16661.9481250018,239.24822214108116
1776941707,100,,Aggregated,142.600000,0.000000,600,830,880,910,1000,1200,1800,1900,2400,6300,17000,57600,0,600,676.5479888827181,169.37654100183863,16661.9481250018,239.2446875
1776941708,100,,Aggregated,154.500000,0.000000,600,830,880,910,1000,1200,1800,1900,2400,6300,17000,57690,0,600,677.470114554421,169.37654100183863,16661.9481250018,239.24466978679146
1776941709,100,,Aggregated,153.800000,0.000000,600,830,880,910,1000,1200,1800,1900,2400,6300,17000,57834,0,600,677.8431294843617,169.37654100183863,16661.9481250018,239.24373206072553
1776941710,100,,Aggregated,142.400000,0.000000,600,830,880,910,1000,1200,1800,1900,2400,6300,17000,57993,0,600,677.6508718273512,169.37654100183863,16661.9481250018,239.24152915006982
1776941711,100,,Aggregated,140.700000,0.000000,600,830,880,910,1000,1200,1800,1900,2400,6300,17000,58122,0,600,677.603343300861,169.37654100183863,16661.9481250018,239.24644712845395
1776941712,100,,Aggregated,138.900000,0.000000,600,830,880,910,1000,1200,1800,1900,2400,6300,17000,58316,0,600,677.5519642921439,169.37654100183863,16661.9481250018,239.24329515055902
1776941713,100,,Aggregated,150.400000,0.000000,600,830,880,910,1000,1200,1800,1900,2400,6300,17000,58483,0,600,677.3896612718345,169.37654100183863,16661.9481250018,239.24383154078964
1776941714,100,,Aggregated,146.900000,0.000000,600,830,880,910,1000,1200,1800,1900,2400,6300,17000,58640,0,600,677.1986134676266,167.67595800047275,16661.9481250018,239.24215552523876
1776941715,100,,Aggregated,147.100000,0.000000,600,830,880,910,1000,1200,1800,1900,2400,6300,17000,58787,0,600,677.0890979245859,167.67595800047275,16661.9481250018,239.24634698147548
1776941716,100,,Aggregated,148.000000,0.000000,600,830,880,910,1000,1200,1800,1900,2400,6300,17000,58916,0,600,677.05745297798,167.67595800047275,16661.9481250018,239.24506076447824
1776941717,100,,Aggregated,144.300000,0.000000,600,830,880,910,1000,1200,1800,1900,2400,6300,17000,59088,0,600,677.190852476115,167.67595800047275,16661.9481250018,239.2415888166802
1776941718,100,,Aggregated,143.600000,0.000000,600,830,880,910,1000,1200,1800,1900,2400,6300,17000,59244,0,600,676.8886676017106,167.67595800047275,16661.9481250018,239.24059820403755
1776941719,100,,Aggregated,142.200000,0.000000,600,830,880,910,1000,1200,1800,1900,2400,6300,17000,59423,0,600,677.0596705763196,167.67595800047275,16661.9481250018,239.2370630900493
1776941720,100,,Aggregated,156.300000,0.000000,600,830,880,910,1000,1200,1800,1900,2400,6300,17000,59552,0,600,676.9665187124812,167.67595800047275,16661.9481250018,239.23920271359484
1776941721,100,,Aggregated,155.300000,0.000000,600,830,880,910,1000,1200,1800,1900,2400,6300,17000,59671,0,600,677.023324915583,167.67595800047275,16661.9481250018,239.2346030735198
1776941722,100,,Aggregated,157.400000,0.000000,600,830,880,910,1000,1200,1800,1900,2400,6300,17000,59807,0,600,677.2003600748196,167.67595800047275,16661.9481250018,239.24069088902638
1776941723,100,,Aggregated,149.400000,0.000000,600,830,880,910,1000,1200,1800,1900,2400,6300,17000,59930,0,600,677.4201139391082,167.67595800047275,16661.9481250018,239.234556983147
1776941724,100,,Aggregated,147.400000,0.000000,600,830,880,910,1000,1200,1800,1900,2400,5800,17000,60122,0,600,677.370348376897,167.67595800047275,16661.9481250018,239.2357539669339
1776941725,100,,Aggregated,144.800000,0.000000,600,830,880,910,1000,1200,1800,1900,2400,5800,17000,60267,0,600,677.2251491231161,167.67595800047275,16661.9481250018,239.23311264871322
1776941726,100,,Aggregated,142.200000,0.000000,600,830,880,910,1000,1200,1800,1900,2400,5800,17000,60420,0,600,677.0953782652575,167.67595800047275,16661.9481250018,239.23230718305197
1776941727,100,,Aggregated,145.300000,0.000000,600,830,880,910,1000,1200,1800,1900,2400,5800,17000,60570,0,600,677.0347696727074,167.67595800047275,16661.9481250018,239.23363051015355
1776941728,100,,Aggregated,145.500000,0.000000,600,830,880,910,1000,1200,1800,1900,2400,5800,17000,60720,0,600,676.947205076449,167.67595800047275,16661.9481250018,239.23361330698287
1776941729,100,,Aggregated,146.800000,0.000000,600,830,890,910,1000,1200,1800,1900,2400,5800,17000,60868,0,600,677.0704472245853,167.67595800047275,16661.9481250018,239.23565748833542
1776941730,100,,Aggregated,147.900000,0.000000,600,830,890,910,1000,1200,1800,1900,2400,5800,17000,61056,0,600,676.8550924514881,167.67595800047275,16661.9481250018,239.23075537211741
1776941731,100,,Aggregated,145.900000,0.000000,600,830,880,910,1000,1200,1800,1900,2400,5800,17000,61210,0,600,676.664730505146,167.67595800047275,16661.9481250018,239.22573108969124
1776941732,100,,Aggregated,143.000000,0.000000,600,830,880,910,1000,1200,1800,1900,2400,5800,17000,61367,0,600,676.4821730056696,167.67595800047275,16661.9481250018,239.2224159564587
1776941733,100,,Aggregated,150.400000,0.000000,600,830,880,910,1000,1200,1800,1900,2400,5800,17000,61508,0,600,676.3778917581596,167.67595800047275,16661.9481250018,239.21795538791702
1776941734,100,,Aggregated,157.000000,0.000000,600,830,880,910,1000,1200,1800,1900,2400,5800,17000,61684,0,600,676.2938635824172,167.67595800047275,16661.9481250018,239.21482069904675
1776941735,100,,Aggregated,156.800000,0.000000,600,830,880,910,1000,1200,1800,1900,2400,5800,17000,61816,0,600,676.3084320424289,167.67595800047275,16661.9481250018,239.21064125792674
1776941736,100,,Aggregated,158.700000,0.000000,600,830,890,910,1000,1200,1800,1900,2400,5800,17000,61948,0,600,676.4429399289697,167.67595800047275,16661.9481250018,239.21153225285724
1776941737,100,,Aggregated,158.400000,0.000000,600,830,890,910,1000,1200,1700,1900,2400,5800,17000,62073,0,600,676.5910438941372,167.67595800047275,16661.9481250018,239.2124595234643
1776941738,100,,Aggregated,157.400000,0.000000,600,830,890,910,1000,1200,1700,1900,2400,5800,17000,62235,0,600,676.6727780431233,167.67595800047275,16661.9481250018,239.21741785169118
1776941739,100,,Aggregated,152.300000,0.000000,600,830,890,910,1000,1200,1700,1900,2400,5800,17000,62415,0,600,676.4611109851921,167.67595800047275,16661.9481250018,239.21432347993272
1776941740,100,,Aggregated,145.700000,0.000000,600,830,890,910,1000,1200,1700,1900,2400,5800,17000,62566,0,600,676.6646092628222,167.67595800047275,16661.9481250018,239.21390211936196
1776941741,100,,Aggregated,151.500000,0.000000,600,830,890,910,1000,1200,1700,1900,2400,5800,17000,62713,0,600,676.6150006241883,167.67595800047275,16661.9481250018,239.2131137084815
1776941742,100,,Aggregated,153.300000,0.000000,600,830,890,910,1000,1200,1700,1900,2400,5800,17000,62873,0,600,676.4364372011005,167.67595800047275,16661.9481250018,239.21549790848218
1776941743,100,,Aggregated,149.700000,0.000000,600,830,890,910,1000,1200,1700,1900,2300,5800,17000,63019,0,600,676.2868946643197,167.67595800047275,16661.9481250018,239.21358637871117
1776941744,100,,Aggregated,145.200000,0.000000,600,830,890,910,1000,1200,1700,1900,2300,5800,17000,63172,0,600,676.154587755348,167.67595800047275,16661.9481250018,239.21473121002975
1776941745,100,,Aggregated,147.800000,0.000000,600,830,890,910,1000,1200,1700,1900,2300,5800,17000,63311,0,600,676.0726749763518,167.67595800047275,16661.9481250018,239.22076732321398
1776941746,100,,Aggregated,147.200000,0.000000,600,830,880,910,1000,1200,1700,1900,2300,5800,17000,63479,0,600,675.9340032493078,167.67595800047275,16661.9481250018,239.21994675404466
1776941747,100,,Aggregated,147.100000,0.000000,600,830,890,910,1000,1200,1700,1900,2300,5800,17000,63634,0,600,675.9545954013229,167.67595800047275,16661.9481250018,239.22307257126693
1776941748,100,,Aggregated,151.200000,0.000000,600,830,890,910,1000,1200,1700,1900,2300,5800,17000,63781,0,600,675.9658193384993,167.67595800047275,16661.9481250018,239.22824979225788
1776941749,100,,Aggregated,151.800000,0.000000,600,830,890,910,1000,1200,1700,1900,2300,5800,17000,63937,0,600,675.9277881519115,167.67595800047275,16661.9481250018,239.22614448597838
1776941750,100,,Aggregated,153.400000,0.000000,600,830,890,910,1000,1200,1700,1900,2300,5800,17000,64044,0,600,676.2675107488561,167.67595800047275,16661.9481250018,239.223986634189
1776941751,100,,Aggregated,150.400000,0.000000,600,830,890,910,1000,1200,1700,1900,2300,5800,17000,64170,0,600,676.2506418982337,167.67595800047275,16661.9481250018,239.22501168770452
1776941752,100,,Aggregated,149.700000,0.000000,600,830,890,910,1000,1200,1700,1900,2300,5800,17000,64326,0,600,676.2659045964728,167.67595800047275,16661.9481250018,239.22580294126792
1776941753,100,,Aggregated,150.500000,0.000000,600,830,890,910,1000,1200,1700,1900,2400,5800,17000,64527,0,600,676.2236147883779,167.67595800047275,16661.9481250018,239.2353898368125
1776941754,100,,Aggregated,149.500000,0.000000,600,830,890,910,1000,1200,1700,1900,2400,5800,17000,64626,0,600,676.0088437810429,167.67595800047275,16661.9481250018,239.23769071271624
1776941755,100,,Aggregated,149.800000,0.000000,600,830,890,910,1000,1200,1700,1900,2400,5800,17000,64795,0,600,676.0387435769856,167.67595800047275,16661.9481250018,239.241839648121
1776941756,100,,Aggregated,151.000000,0.000000,600,830,890,910,1000,1200,1700,1900,2400,5800,17000,64961,0,600,675.8990599941617,167.67595800047275,16661.9481250018,239.2459937500962
1776941757,100,,Aggregated,146.400000,0.000000,600,830,890,910,1000,1200,1700,1900,2400,5800,17000,65123,0,600,675.7778794004689,167.67595800047275,16661.9481250018,239.24352379343702
1776941758,100,,Aggregated,144.700000,0.000000,600,830,890,910,1000,1200,1700,1900,2400,5800,17000,65277,0,600,675.6481927470135,167.67595800047275,16661.9481250018,239.24124883190098
1776941759,100,,Aggregated,149.900000,0.000000,600,830,890,910,1000,1200,1700,1900,2400,5800,17000,65429,0,600,675.5264885540631,167.67595800047275,16661.9481250018,239.23914472175946
1776941760,100,,Aggregated,150.500000,0.000000,600,830,890,910,1000,1200,1700,1900,2400,5800,17000,65595,0,600,675.5317304308985,167.67595800047275,16661.9481250018,239.23917981553473
1776941761,100,,Aggregated,152.400000,0.000000,600,830,890,910,1000,1200,1700,1900,2400,5800,17000,65759,0,600,675.1925932107512,167.67595800047275,16661.9481250018,239.23771651028756
1776941762,100,,Aggregated,153.100000,0.000000,600,830,890,910,1000,1200,1700,1900,2400,5800,17000,65925,0,600,675.071501097092,167.67595800047275,16661.9481250018,239.23798255593476
1776941763,100,,Aggregated,155.000000,0.000000,600,830,890,910,1000,1200,1700,1900,2400,5800,17000,66100,0,600,674.983230139241,167.67595800047275,16661.9481250018,239.24317700453858
1776941764,100,,Aggregated,160.100000,0.000000,600,830,890,910,1000,1200,1700,1900,2400,5800,17000,66208,0,600,675.1137665544616,167.67595800047275,16661.9481250018,239.24223658772354
1776941765,100,,Aggregated,154.100000,0.000000,600,830,890,910,1000,1200,1700,1900,2400,5800,17000,66221,0,600,675.0428779289015,167.67595800047275,16661.9481250018,239.24235514413857
1776941766,100,,Aggregated,156.600000,0.000000,600,830,890,910,1000,1200,1700,1900,2400,5800,17000,66363,0,600,676.3568357140553,167.67595800047275,16661.9481250018,239.24573934270603
1776941767,100,,Aggregated,155.700000,0.000000,600,830,890,910,1000,1200,1700,1900,2400,5800,17000,66568,0,600,676.4662836934828,167.67595800047275,16661.9481250018,239.2487080879702
1776941768,100,,Aggregated,148.600000,0.000000,600,830,890,910,1000,1200,1700,1900,2400,5800,17000,66711,0,600,676.3092616769763,167.67595800047275,16661.9481250018,239.24745544213098
1776941769,100,,Aggregated,143.300000,0.000000,600,830,890,910,1000,1200,1700,1900,2400,5800,17000,66863,0,600,676.1489390660422,167.67595800047275,16661.9481250018,239.25078144863377
1776941770,100,,Aggregated,143.800000,0.000000,600,830,890,910,1000,1200,1700,1900,2400,5800,17000,67042,0,600,676.039149455666,167.67595800047275,16661.9481250018,239.2476805584559
1776941771,100,,Aggregated,140.900000,0.000000,600,830,890,910,1000,1200,1700,1900,2400,5800,17000,67193,0,600,675.9207124076742,167.67595800047275,16661.9481250018,239.25114223207774
1776941772,100,,Aggregated,144.400000,0.000000,600,830,890,910,1000,1200,1700,1900,2400,5800,17000,67358,0,600,675.6662930017778,167.67595800047275,16661.9481250018,239.24933935093085
1776941773,100,,Aggregated,140.000000,0.000000,600,830,890,910,1000,1200,1700,1900,2400,5800,17000,67524,0,600,675.711877047609,167.67595800047275,16661.9481250018,239.24912623659736
1776941774,100,,Aggregated,138.400000,0.000000,600,830,890,910,1000,1200,1700,1900,2400,5800,17000,67668,0,600,675.6198601255668,167.67595800047275,16661.9481250018,239.24881775728556
1776941775,100,,Aggregated,145.100000,0.000000,600,830,890,910,1000,1200,1700,1900,2400,5800,17000,67827,0,600,675.5219783544286,167.67595800047275,16661.9481250018,239.24788063750424
1776941776,100,,Aggregated,142.600000,0.000000,600,830,890,910,1000,1200,1700,1900,2400,5800,17000,67990,0,600,675.4536572922023,167.67595800047275,16661.9481250018,239.24802176790703
1776941777,100,,Aggregated,149.300000,0.000000,600,830,890,910,1000,1200,1700,1900,2300,5800,17000,68118,0,600,675.2976187260771,167.67595800047275,16661.9481250018,239.24768783581433
1776941778,100,,Aggregated,154.200000,0.000000,600,830,890,910,1000,1200,1700,1900,2300,5800,17000,68270,0,600,675.5119227588682,167.67595800047275,16661.9481250018,239.24640398418046
1776941779,100,,Aggregated,158.700000,0.000000,600,830,890,910,1000,1200,1700,1900,2300,5800,17000,68322,0,600,675.5472298088603,167.67595800047275,16661.9481250018,239.2457188021428
1776941780,100,,Aggregated,155.700000,0.000000,600,830,890,910,1000,1200,1700,1900,2300,5800,17000,68439,0,600,676.1982869020874,167.67595800047275,16661.9481250018,239.24339923143236
1776941781,100,,Aggregated,154.800000,0.000000,600,830,890,910,1000,1200,1800,1900,2400,5800,17000,68603,0,600,676.8117030535976,167.67595800047275,16661.9481250018,239.23959593603777
1776941782,100,,Aggregated,141.600000,0.000000,600,830,890,910,1000,1200,1800,1900,2400,5800,17000,68754,0,600,676.5521301483105,167.67595800047275,16661.9481250018,239.24075690141663
1776941783,100,,Aggregated,142.000000,0.000000,600,830,890,910,1000,1200,1700,1900,2400,5800,17000,68910,0,600,676.5408384348854,167.67595800047275,16661.9481250018,239.23568422580178
1776941784,100,,Aggregated,140.200000,0.000000,600,830,890,910,1000,1200,1700,1900,2400,5800,17000,69076,0,600,676.293281960636,167.67595800047275,16661.9481250018,239.23592854247497
1776941785,100,,Aggregated,138.500000,0.000000,600,830,890,910,1000,1200,1700,1900,2400,5800,17000,69253,0,600,676.2451998902129,167.67595800047275,16661.9481250018,239.23479127258025
1776941786,100,,Aggregated,138.700000,0.000000,600,830,890,910,1000,1200,1700,1900,2400,5800,17000,69407,0,600,676.1557420613761,167.67595800047275,16661.9481250018,239.2304234443212
1776941787,100,,Aggregated,140.800000,0.000000,600,830,890,910,1000,1200,1700,1900,2400,5800,17000,69559,0,600,675.943891775383,167.67595800047275,16661.9481250018,239.22431317298984
1776941788,100,,Aggregated,140.800000,0.000000,600,830,880,910,1000,1200,1700,1900,2400,5800,17000,69704,0,600,675.792354445224,167.67595800047275,16661.9481250018,239.22848043153908
1776941789,100,,Aggregated,140.200000,0.000000,600,830,880,910,1000,1200,1700,1900,2400,5800,17000,69888,0,600,675.7520123320874,167.67595800047275,16661.9481250018,239.2272493131868
1776941790,100,,Aggregated,142.700000,0.000000,600,830,880,910,1000,1200,1700,1900,2400,5800,17000,70025,0,600,675.462886930181,167.67595800047275,16661.9481250018,239.22463405926456
1776941791,100,,Aggregated,148.300000,0.000000,600,830,880,910,1000,1200,1700,1900,2400,5800,17000,70206,0,600,675.3952227229855,167.67595800047275,16661.9481250018,239.22362761017578
1776941792,100,,Aggregated,157.700000,0.000000,600,830,880,910,1000,1200,1700,1900,2400,5800,17000,70369,0,600,675.1537247720141,167.67595800047275,16661.9481250018,239.2280549673862
1776941793,100,,Aggregated,159.200000,0.000000,600,830,880,910,1000,1200,1700,1900,2400,5800,17000,70503,0,600,675.4299395254075,167.67595800047275,16661.9481250018,239.2284583634739
1776941794,100,,Aggregated,160.500000,0.000000,600,830,880,910,1000,1200,1700,1900,2400,5800,17000,70620,0,600,675.6431968225111,167.67595800047275,16661.9481250018,239.2279241008213
1776941795,100,,Aggregated,160.500000,0.000000,600,830,880,910,1000,1200,1700,1900,2400,5800,17000,70746,0,600,675.7174357235278,167.67595800047275,16661.9481250018,239.22510106578463
1776941796,100,,Aggregated,157.700000,0.000000,600,830,880,910,1000,1200,1700,1900,2500,5800,17000,70894,0,600,675.7676220881268,167.67595800047275,16661.9481250018,239.2273535136965
1776941797,100,,Aggregated,151.000000,0.000000,600,830,880,910,1000,1200,1700,1900,2600,5800,17000,71045,0,600,675.7138502014448,167.67595800047275,16661.9481250018,239.23116334717432
1776941798,100,,Aggregated,148.100000,0.000000,600,830,880,910,1000,1200,1700,1900,2600,5800,17000,71233,0,600,675.5792467661156,167.67595800047275,16661.9481250018,239.2272963373717
1776941799,100,,Aggregated,149.100000,0.000000,600,830,880,910,1000,1200,1700,1900,2600,5800,17000,71386,0,600,675.4312722553411,167.67595800047275,16661.9481250018,239.22547838511753
1776941800,100,,Aggregated,151.800000,0.000000,600,830,880,910,1000,1200,1700,1900,2600,5800,17000,71546,0,600,675.4040908204897,167.67595800047275,16661.9481250018,239.2337936432505
1776941801,100,,Aggregated,147.900000,0.000000,600,830,880,910,1000,1200,1700,1900,2600,5800,17000,71695,0,600,675.2204812720656,167.67595800047275,16661.9481250018,239.23715740288722
1776941802,100,,Aggregated,148.200000,0.000000,600,830,880,910,1000,1200,1700,1900,2600,5800,17000,71859,0,600,675.1338964773892,167.67595800047275,16661.9481250018,239.2369918868896
1776941803,100,,Aggregated,149.800000,0.000000,600,830,880,910,1000,1200,1700,1900,2500,5800,17000,72036,0,600,675.1388629656517,167.67595800047275,16661.9481250018,239.23729801765785
1776941804,100,,Aggregated,148.000000,0.000000,600,830,880,910,1000,1200,1700,1900,2500,5800,17000,72183,0,600,675.0575243109413,167.67595800047275,16661.9481250018,239.23347602621115
1776941805,100,,Aggregated,149.100000,0.000000,600,830,880,910,1000,1200,1700,1900,2500,5800,17000,72333,0,600,674.9896389602486,167.67595800047275,16661.9481250018,239.23881216042471
1776941806,100,,Aggregated,153.500000,0.000000,600,830,880,910,1000,1200,1700,1900,2500,5800,17000,72515,0,600,674.8692208267483,167.67595800047275,16661.9481250018,239.23098669240846
1776941807,100,,Aggregated,156.100000,0.000000,600,830,880,910,1000,1200,1700,1900,2500,5800,17000,72590,0,600,674.6994074041415,167.67595800047275,16661.9481250018,239.23291086926574
1776941809,100,,Aggregated,158.900000,0.000000,600,830,880,910,1000,1200,1700,1900,2500,5800,17000,72726,0,600,675.4427336573259,167.67595800047275,16661.9481250018,239.23463410609685
1776941810,100,,Aggregated,161.600000,0.000000,600,830,880,910,1000,1200,1700,1900,2500,5800,17000,72831,0,600,675.5890970952164,167.67595800047275,16661.9481250018,239.23068473589544
1776941811,100,,Aggregated,151.100000,0.000000,600,830,880,910,1000,1200,1700,1900,2500,5800,17000,73008,0,600,675.6743603662723,167.67595800047275,16661.9481250018,239.22842702169626
1776941812,100,,Aggregated,144.400000,0.000000,600,830,880,910,1000,1200,1700,1900,2500,5800,17000,73168,0,600,675.6104556073261,167.67595800047275,16661.9481250018,239.22639678547998
1776941813,100,,Aggregated,145.400000,0.000000,600,830,880,910,1000,1200,1700,1900,2500,5800,17000,73321,0,600,675.4072294528426,167.67595800047275,16661.9481250018,239.22603346926527
1776941814,100,,Aggregated,147.100000,0.000000,600,830,880,910,1000,1200,1700,1900,2500,5800,17000,73470,0,600,675.2715880536402,167.67595800047275,16661.9481250018,239.22552062066148
1776941815,100,,Aggregated,145.700000,0.000000,600,830,880,910,1000,1200,1700,1900,2500,5800,17000,73650,0,600,675.2175026777177,167.67595800047275,16661.9481250018,239.2195655125594
1776941816,100,,Aggregated,143.100000,0.000000,600,830,880,910,1000,1200,1700,1900,2500,5800,17000,73787,0,600,675.0724522501254,167.67595800047275,16661.9481250018,239.21819561711413
1776941817,100,,Aggregated,145.900000,0.000000,600,830,880,910,1000,1200,1700,1900,2500,5800,17000,73967,0,600,675.0769124189165,167.67595800047275,16661.9481250018,239.21635323860642
1776941818,100,,Aggregated,144.500000,0.000000,600,830,880,910,1000,1200,1700,1900,2500,5800,17000,74139,0,600,674.9377173603774,167.67595800047275,16661.9481250018,239.21734849404496
1776941819,100,,Aggregated,144.500000,0.000000,600,830,880,910,1000,1200,1700,1900,2500,5800,17000,74285,0,600,674.7276683898226,167.67595800047275,16661.9481250018,239.21783670996837
1776941820,100,,Aggregated,153.300000,0.000000,600,830,880,910,1000,1200,1700,1900,2500,5800,17000,74453,0,600,674.6701251243865,167.67595800047275,16661.9481250018,239.21444401165837
1776941821,100,,Aggregated,153.300000,0.000000,600,830,880,910,1000,1200,1700,1900,2500,5800,17000,74617,0,600,674.5501285868224,167.67595800047275,16661.9481250018,239.2114665558787
1776941822,100,,Aggregated,155.900000,0.000000,600,830,880,910,1000,1200,1700,1900,2500,5800,17000,74733,0,600,674.6602395284945,167.67595800047275,16661.9481250018,239.21251655894986
1776941823,100,,Aggregated,161.900000,0.000000,600,830,880,910,1000,1200,1700,1900,2500,5800,17000,74815,0,600,674.6693374820953,167.67595800047275,16661.9481250018,239.2126445231571
1776941824,100,,Aggregated,156.600000,0.000000,600,830,880,910,1000,1200,1700,1900,2500,5800,17000,74928,0,600,675.5748697740223,167.67595800047275,16661.9481250018,239.2102551783045
1776941825,100,,Aggregated,149.800000,0.000000,600,830,880,910,1000,1200,1700,1900,2600,5800,17000,75082,0,600,675.7203812650566,167.67595800047275,16661.9481250018,239.2142457579713
1776941826,100,,Aggregated,142.200000,0.000000,600,830,880,910,1000,1200,1700,1900,2600,5800,17000,75231,0,600,675.5327317026763,167.67595800047275,16661.9481250018,239.21549627148383
1776941827,100,,Aggregated,143.900000,0.000000,600,830,880,910,1000,1200,1700,1900,2600,5800,17000,75400,0,600,675.497385628117,167.67595800047275,16661.9481250018,239.21962864721485
1776941828,100,,Aggregated,143.900000,0.000000,600,830,880,910,1000,1200,1700,1900,2600,5800,17000,75528,0,600,675.376850594417,167.67595800047275,16661.9481250018,239.2180913038873
1776941829,100,,Aggregated,145.500000,0.000000,600,830,880,910,1000,1200,1700,1900,2600,5800,17000,75702,0,600,675.2628339354198,167.67595800047275,16661.9481250018,239.21431402076564
1776941830,100,,Aggregated,140.500000,0.000000,600,830,880,910,1000,1200,1700,1900,2600,5800,17000,75865,0,600,675.3191442199052,167.67595800047275,16661.9481250018,239.21676662492587
1776941831,100,,Aggregated,140.500000,0.000000,600,830,880,910,1000,1200,1700,1900,2600,5800,17000,75991,0,600,675.4007197632499,167.67595800047275,16661.9481250018,239.21922332907843
1776941832,100,,Aggregated,141.100000,0.000000,600,830,880,910,1000,1200,1700,1900,2600,5800,17000,76144,0,600,675.3018418510208,167.67595800047275,16661.9481250018,239.22341878545913
1776941833,100,,Aggregated,137.400000,0.000000,600,830,880,910,1000,1200,1700,1900,2600,5800,17000,76318,0,600,675.2916382236061,167.67595800047275,16661.9481250018,239.2268272229356
1776941834,100,,Aggregated,140.600000,0.000000,600,830,880,910,1000,1200,1700,1900,2600,5800,17000,76464,0,600,675.1592453871393,167.67595800047275,16661.9481250018,239.22461550533583
1776941835,100,,Aggregated,147.000000,0.000000,600,830,880,910,1000,1200,1700,1900,2600,5800,17000,76622,0,600,675.0222168049938,167.67595800047275,16661.9481250018,239.22415233222833
1776941836,100,,Aggregated,157.200000,0.000000,600,830,880,910,1000,1200,1700,1900,2600,5800,17000,76778,0,600,674.8663856392228,167.67595800047275,16661.9481250018,239.22589804371043
1776941837,100,,Aggregated,153.600000,0.000000,600,830,880,910,1000,1200,1700,1900,2600,5800,17000,76913,0,600,675.0388144812872,167.67595800047275,16661.9481250018,239.22938904996553
1776941838,100,,Aggregated,155.900000,0.000000,600,830,880,910,1000,1200,1700,1900,2500,5800,17000,77024,0,600,675.1431772618043,167.67595800047275,16661.9481250018,239.2270850643955
1776941839,100,,Aggregated,150.600000,0.000000,600,830,880,910,1000,1200,1700,1900,2500,5800,17000,77175,0,600,675.285708624338,167.67595800047275,16661.9481250018,239.22708130871396
1776941840,100,,Aggregated,150.600000,0.000000,600,830,880,910,1000,1200,1700,1900,2500,5800,17000,77317,0,600,675.0277191934804,167.67595800047275,16661.9481250018,239.2300399653375
1776941841,100,,Aggregated,144.900000,0.000000,600,830,880,910,1000,1200,1700,1900,2500,5800,17000,77463,0,600,675.5683703226226,167.67595800047275,16661.9481250018,239.2261983140338
1776941842,100,,Aggregated,144.900000,0.000000,600,830,880,910,1000,1200,1700,1900,2500,5800,17000,77590,0,600,675.6251964917432,167.67595800047275,16661.9481250018,239.22752932078876
1776941843,100,,Aggregated,146.200000,0.000000,600,830,880,910,1000,1200,1700,1900,2500,5800,17000,77767,0,600,675.4185910535867,167.67595800047275,16661.9481250018,239.2310234418198
1776941844,100,,Aggregated,145.100000,0.000000,600,830,880,910,1000,1200,1700,1900,2500,5800,17000,77905,0,600,675.350181454531,167.67595800047275,16661.9481250018,239.232526795456
1776941845,100,,Aggregated,146.200000,0.000000,600,830,880,910,1000,1200,1700,1900,2500,5800,17000,78098,0,600,675.2690505866635,166.70445899944752,16661.9481250018,239.2331685830623
1776941846,100,,Aggregated,141.700000,0.000000,600,830,880,910,1000,1200,1700,1900,2500,5800,17000,78258,0,600,675.127838865806,166.70445899944752,16661.9481250018,239.23794372460324
1776941847,100,,Aggregated,142.600000,0.000000,600,830,880,910,1000,1200,1700,1900,2500,5800,17000,78423,0,600,674.9830258629254,166.70445899944752,16661.9481250018,239.24231411703198
1776941848,100,,Aggregated,146.600000,0.000000,600,830,880,910,1000,1200,1700,1900,2500,5800,17000,78567,0,600,674.9233634667755,166.70445899944752,16661.9481250018,239.24310461135082
1776941849,100,,Aggregated,148.400000,0.000000,600,830,880,910,1000,1200,1700,1900,2500,5800,17000,78737,0,600,674.92902145228,166.70445899944752,16661.9481250018,239.23690259979426
1776941850,100,,Aggregated,148.400000,0.000000,600,830,880,910,1000,1200,1700,1900,2500,5800,17000,78805,0,600,674.6393512806062,166.70445899944752,16661.9481250018,239.2349724002284
1776941851,100,,Aggregated,150.600000,0.000000,600,830,880,910,1000,1200,1700,1900,2500,5800,17000,78961,0,600,675.5462254335831,166.70445899944752,16661.9481250018,239.2365344917111
1776941852,100,,Aggregated,148.800000,0.000000,600,830,880,910,1000,1200,1700,1900,2500,5800,17000,79096,0,600,675.5219035723691,166.70445899944752,16661.9481250018,239.23570092040052
1776941853,100,,Aggregated,148.000000,0.000000,600,830,880,910,1000,1200,1700,1900,2500,5800,17000,79225,0,600,675.6996185143083,166.70445899944752,16661.9481250018,239.23252761123382
1776941854,100,,Aggregated,149.200000,0.000000,600,830,880,910,1000,1200,1700,1900,2500,5800,17000,79381,0,600,675.5971036452676,166.70445899944752,16661.9481250018,239.22782529824516
1776941855,100,,Aggregated,144.100000,0.000000,600,830,880,910,1000,1200,1700,1900,2600,5800,17000,79522,0,600,675.6433886885524,166.70445899944752,16661.9481250018,239.22944593948844
1776941856,100,,Aggregated,146.500000,0.000000,600,830,880,910,1000,1200,1700,1900,2600,5800,17000,79671,0,600,675.5229571100281,166.70445899944752,16661.9481250018,239.23010882253266
1776941857,100,,Aggregated,142.500000,0.000000,600,830,880,910,1000,1200,1700,1900,2600,5800,17000,79813,0,600,675.4718517048987,166.70445899944752,16661.9481250018,239.23140340546027
1776941858,100,,Aggregated,140.600000,0.000000,600,830,880,910,1000,1200,1700,1900,2500,5700,17000,80006,0,600,675.4278360938314,166.70445899944752,16661.9481250018,239.22740794440418
1776941859,100,,Aggregated,141.700000,0.000000,600,830,880,910,1000,1200,1700,1900,2500,5700,17000,80153,0,600,675.2614493912889,166.70445899944752,16661.9481250018,239.23032200915748
1776941860,100,,Aggregated,145.400000,0.000000,600,830,880,910,1000,1200,1700,1900,2500,5700,17000,80294,0,600,675.440443469475,166.70445899944752,16661.9481250018,239.23262012105513
1776941861,100,,Aggregated,147.500000,0.000000,600,830,880,910,1000,1200,1700,1900,2500,5700,17000,80432,0,600,675.2513960616294,166.70445899944752,16661.9481250018,239.22972200119355
1776941862,100,,Aggregated,147.400000,0.000000,600,830,880,910,1000,1200,1700,1900,2500,5700,17000,80619,0,600,675.181580009489,166.70445899944752,16661.9481250018,239.23186841811483
1776941863,100,,Aggregated,148.600000,0.000000,600,830,880,910,1000,1200,1700,1900,2500,5700,17000,80759,0,600,674.9695380029225,166.70445899944752,16661.9481250018,239.23667950321325
1776941864,100,,Aggregated,148.100000,0.000000,600,830,880,910,1000,1200,1700,1900,2500,5700,17000,80930,0,600,675.0638309814526,166.70445899944752,16661.9481250018,239.23695786482145
1776941865,100,,Aggregated,155.100000,0.000000,600,830,880,910,1000,1200,1700,1900,2500,5700,17000,81059,0,600,674.926661694309,166.70445899944752,16661.9481250018,239.23723460689126
1776941866,100,,Aggregated,153.600000,0.000000,600,830,880,910,1000,1200,1700,1900,2500,5700,17000,81182,0,600,675.1560282978368,166.70445899944752,16661.9481250018,239.2347072011037
1776941867,100,,Aggregated,158.900000,0.000000,600,830,880,910,1000,1200,1700,1900,2500,5700,17000,81228,0,600,675.0933039179841,166.70445899944752,16661.9481250018,239.23367557984932
1776941868,100,,Aggregated,152.200000,0.000000,600,830,880,910,1000,1200,1700,1900,2500,5700,17000,81373,0,600,675.8083499096628,166.70445899944752,16661.9481250018,239.23162474039302
1776941869,100,,Aggregated,142.900000,0.000000,600,830,880,910,1000,1200,1700,1900,2500,5700,17000,81498,0,600,676.2816139351271,166.70445899944752,16661.9481250018,239.22996883359102
1776941870,100,,Aggregated,140.100000,0.000000,600,830,880,910,1000,1200,1700,1900,2500,5700,17000,81675,0,600,676.4870027305299,166.70445899944752,16661.9481250018,239.2272298745026
1776941871,100,,Aggregated,130.700000,0.000000,600,830,880,910,1000,1200,1700,1900,2500,5700,17000,81836,0,600,676.3543806899539,166.70445899944752,16661.9481250018,239.22997213940076
1776941872,100,,Aggregated,130.400000,0.000000,600,830,880,910,1000,1200,1700,1900,2500,5700,17000,81967,0,600,676.2071095581149,166.70445899944752,16661.9481250018,239.22978759744774
1776941873,100,,Aggregated,131.500000,0.000000,600,830,880,910,1000,1200,1700,1900,2500,5700,17000,82126,0,600,676.121765963118,166.70445899944752,16661.9481250018,239.23232593819253
1776941874,100,,Aggregated,136.200000,0.000000,600,830,880,910,1000,1200,1700,1900,2500,5700,17000,82308,0,600,675.945502663011,166.70445899944752,16661.9481250018,239.2337439860038
1776941875,100,,Aggregated,136.100000,0.000000,600,830,880,910,1000,1200,1700,1900,2500,5700,17000,82452,0,600,675.8257771080032,166.70445899944752,16661.9481250018,239.23245039538156
1776941876,100,,Aggregated,137.200000,0.000000,600,830,880,910,1000,1200,1700,1900,2500,5700,17000,82584,0,600,675.7195518460248,166.70445899944752,16661.9481250018,239.23188511091737
1776941877,100,,Aggregated,137.700000,0.000000,600,830,880,910,1000,1200,1700,1900,2500,5700,17000,82771,0,600,675.6607111758603,166.70445899944752,16661.9481250018,239.22829251791086
1776941878,100,,Aggregated,140.600000,0.000000,600,830,880,910,1000,1200,1700,1900,2500,5700,17000,82915,0,600,675.4209085186895,166.70445899944752,16661.9481250018,239.23110414279685
1776941879,100,,Aggregated,149.900000,0.000000,600,830,880,910,1000,1200,1700,1900,2500,5700,17000,83044,0,600,676.0296710929772,166.70445899944752,16661.9481250018,239.23060064544097
1776941880,100,,Aggregated,152.400000,0.000000,600,830,880,910,1000,1200,1700,1900,2500,5700,17000,83153,0,600,675.9294953227446,166.70445899944752,16661.9481250018,239.23111613531682
1776941881,100,,Aggregated,150.400000,0.000000,600,830,880,910,1000,1200,1700,1900,2500,5700,17000,83288,0,600,676.0831596537458,166.70445899944752,16661.9481250018,239.23054941888387
1776941882,100,,Aggregated,155.000000,0.000000,600,830,880,910,1000,1200,1700,1900,2500,5700,17000,83436,0,600,676.3380942107981,166.70445899944752,16661.9481250018,239.22867826837336
1776941883,100,,Aggregated,154.300000,0.000000,600,830,880,910,1000,1200,1700,1900,2500,5700,17000,83587,0,600,676.0878990381309,166.70445899944752,16661.9481250018,239.23044253292977
1776941884,100,,Aggregated,146.300000,0.000000,600,830,880,910,1000,1200,1700,1900,2700,5700,17000,83747,0,600,676.1057815781365,166.70445899944752,16661.9481250018,239.2308978232056
1776941885,100,,Aggregated,145.000000,0.000000,600,830,880,910,1000,1200,1700,1900,2700,5700,17000,83898,0,600,676.0052431458341,166.70445899944752,16661.9481250018,239.23845622064889
1776941886,100,,Aggregated,147.400000,0.000000,600,830,880,910,1000,1200,1700,1900,2600,5700,17000,84080,0,600,675.8648617442224,166.70445899944752,16661.9481250018,239.23752378686964
1776941887,100,,Aggregated,144.100000,0.000000,600,830,880,910,1000,1200,1700,1900,2600,5700,17000,84235,0,600,675.74413684471,166.70445899944752,16661.9481250018,239.2421677449991
1776941888,100,,Aggregated,145.200000,0.000000,600,830,880,910,1000,1200,1700,1900,2600,5700,17000,84398,0,600,675.6277456399939,166.70445899944752,16661.9481250018,239.24670015877155
1776941889,100,,Aggregated,145.000000,0.000000,600,830,880,910,1000,1200,1700,1900,2600,5700,17000,84582,0,600,675.5942518653045,166.70445899944752,16661.9481250018,239.24238017545105
1776941890,100,,Aggregated,148.000000,0.000000,600,830,880,910,1000,1200,1700,1900,2600,5700,17000,84731,0,600,675.4204370565224,166.70445899944752,16661.9481250018,239.24063211811497
1776941891,100,,Aggregated,157.100000,0.000000,600,830,880,910,1000,1200,1700,1900,2600,5700,17000,84886,0,600,675.3352908762361,166.70445899944752,16661.9481250018,239.24598873783663
1776941892,100,,Aggregated,154.500000,0.000000,600,830,880,910,1000,1200,1700,1900,2600,5700,17000,85030,0,600,675.282258015173,166.70445899944752,16661.9481250018,239.24695989650712
1776941893,100,,Aggregated,154.500000,0.000000,600,830,880,910,1000,1200,1700,1900,2600,5700,17000,85182,0,600,675.1958569487475,166.70445899944752,16661.9481250018,239.24593223920547
1776941894,100,,Aggregated,160.700000,0.000000,600,830,880,910,1000,1200,1700,1900,2600,5700,17000,85308,0,600,675.1800246219135,166.70445899944752,16661.9481250018,239.24649505321892
1776941895,100,,Aggregated,160.700000,0.000000,600,830,880,910,1000,1200,1700,1900,2600,5700,17000,85462,0,600,675.4546255960921,166.70445899944752,16661.9481250018,239.24744330813695
1776941896,100,,Aggregated,157.300000,0.000000,600,830,880,910,1000,1200,1700,1900,2600,5700,17000,85590,0,600,675.478461161622,166.70445899944752,16661.9481250018,239.24673443159247
1776941897,100,,Aggregated,154.300000,0.000000,600,830,880,910,1000,1200,1700,1900,2600,5700,17000,85706,0,600,675.7773453772337,166.70445899944752,16661.9481250018,239.24631881081837
1776941898,100,,Aggregated,151.000000,0.000000,600,830,880,910,1000,1200,1700,1900,2600,5700,17000,85885,0,600,675.7307209231665,166.70445899944752,16661.9481250018,239.24358153344588
1776941899,100,,Aggregated,152.800000,0.000000,600,830,880,910,1000,1200,1700,1900,2500,5700,17000,86074,0,600,675.5912597995577,166.70445899944752,16661.9481250018,239.24504496131235
1776941900,100,,Aggregated,146.900000,0.000000,600,830,880,910,1000,1200,1700,1900,2500,5700,17000,86191,0,600,675.2760363305005,166.70445899944752,16661.9481250018,239.24373774524022
1776941901,100,,Aggregated,148.400000,0.000000,600,830,880,910,1000,1200,1700,1900,2500,5700,17000,86358,0,600,675.5001601819077,166.70445899944752,16661.9481250018,239.246937168531
1776941902,100,,Aggregated,148.600000,0.000000,600,830,880,910,1000,1200,1700,1900,2500,5700,17000,86512,0,600,675.4099629925931,166.70445899944752,16661.9481250018,239.25114434991679
1776941903,100,,Aggregated,147.800000,0.000000,600,830,880,910,1000,1200,1700,1900,2500,5700,17000,86678,0,600,675.3444080846151,166.70445899944752,16661.9481250018,239.24821754078312
1776941904,100,,Aggregated,144.600000,0.000000,600,830,880,910,1000,1200,1700,1900,2500,5700,17000,86842,0,600,675.1819028076767,166.70445899944752,16661.9481250018,239.24809424011423
1776941905,100,,Aggregated,143.500000,0.000000,600,830,880,910,1000,1200,1700,1900,2500,5700,17000,86986,0,600,674.9960288974236,166.70445899944752,16661.9481250018,239.248039914469
1776941906,100,,Aggregated,144.600000,0.000000,600,830,880,910,1000,1200,1700,1900,2500,5700,17000,87179,0,600,675.0764778068032,166.70445899944752,16661.9481250018,239.25016345679578
1776941907,100,,Aggregated,148.700000,0.000000,600,830,880,910,1000,1200,1700,1900,2500,5700,17000,87337,0,600,674.8927216363778,166.70445899944752,16661.9481250018,239.25504654384739
1776941908,100,,Aggregated,155.300000,0.000000,600,830,880,910,1000,1200,1700,1900,2500,5700,17000,87472,0,600,674.7721407041944,166.70445899944752,16661.9481250018,239.25811688311688
1776941909,100,,Aggregated,155.600000,0.000000,600,830,880,910,1000,1200,1700,1900,2500,5700,17000,87612,0,600,674.8681512564523,166.70445899944752,16661.9481250018,239.2595192439392
1776941910,100,,Aggregated,158.000000,0.000000,600,830,880,910,1000,1200,1700,1900,2500,5700,17000,87747,0,600,674.8581823025095,166.70445899944752,16661.9481250018,239.25943906914196
1776941911,100,,Aggregated,154.600000,0.000000,600,830,880,910,1000,1200,1700,1900,2500,5700,17000,87898,0,600,674.8721060003443,166.70445899944752,16661.9481250018,239.2578101890828
1776941912,100,,Aggregated,154.200000,0.000000,600,830,880,910,1000,1200,1700,1900,2500,5700,17000,87976,0,600,674.6663996213999,166.70445899944752,16661.9481250018,239.2600822951714
1776941913,100,,Aggregated,154.900000,0.000000,600,830,880,910,1000,1200,1700,1900,2500,5700,17000,88145,0,600,675.2556666450082,166.70445899944752,16661.9481250018,239.25813148788927
1776941914,100,,Aggregated,148.800000,0.000000,600,830,880,910,1000,1200,1700,1900,2500,5700,17000,88210,0,600,675.1380993053084,166.70445899944752,16661.9481250018,239.2555492574538
1776941915,100,,Aggregated,150.400000,0.000000,600,830,880,910,1000,1200,1800,1900,2500,5700,17000,88369,0,600,675.7199827438719,166.70445899944752,16661.9481250018,239.25759033145107
1776941916,100,,Aggregated,141.400000,0.000000,600,830,880,910,1000,1200,1700,1900,2500,5700,17000,88563,0,600,675.6599280735085,166.70445899944752,16661.9481250018,239.26173458442014
1776941917,100,,Aggregated,141.800000,0.000000,600,830,880,910,1000,1200,1700,1900,2500,5700,17000,88718,0,600,675.6006692659903,166.70445899944752,16661.9481250018,239.26226921256114
1776941918,100,,Aggregated,139.200000,0.000000,600,830,880,910,1000,1200,1700,1900,2500,5700,17000,88880,0,600,675.4715342688698,166.70445899944752,16661.9481250018,239.2690594059406
1776941919,100,,Aggregated,138.700000,0.000000,600,830,880,910,1000,1200,1700,1900,2500,5700,17000,89035,0,600,675.2997046750061,166.70445899944752,16661.9481250018,239.26834390969844
1776941920,100,,Aggregated,138.700000,0.000000,600,830,880,910,1000,1200,1700,1900,2500,5700,17000,89212,0,600,675.3527995186755,166.70445899944752,16661.9481250018,239.26878671030804
1776941921,100,,Aggregated,141.400000,0.000000,600,830,880,910,1000,1200,1700,1900,2500,5700,17000,89331,0,600,675.0349034913979,166.70445899944752,16661.9481250018,239.26542857462695
1776941922,100,,Aggregated,140.500000,0.000000,600,830,880,910,1000,1200,1700,1900,2500,5700,17000,89514,0,600,675.0741810563042,166.70445899944752,16661.9481250018,239.26703085550864
1776941923,100,,Aggregated,142.900000,0.000000,600,830,880,910,1000,1200,1700,1900,2500,5700,17000,89644,0,600,675.1943721813959,166.70445899944752,16661.9481250018,239.26859577885858
1776941924,100,,Aggregated,151.100000,0.000000,600,830,880,910,1000,1200,1700,1900,2500,5700,17000,89772,0,600,675.2946623612384,166.70445899944752,16661.9481250018,239.26307757429933
1776941925,100,,Aggregated,149.400000,0.000000,600,830,880,910,1000,1200,1700,1900,2500,5700,17000,89842,0,600,675.2469021805404,166.70445899944752,16661.9481250018,239.26356269896038
1776941926,100,,Aggregated,152.000000,0.000000,600,830,880,910,1000,1200,1700,1900,2500,5600,17000,90001,0,600,675.7064717150936,166.70445899944752,16661.9481250018,239.26635259608227
1776941927,100,,Aggregated,149.500000,0.000000,600,830,880,910,1000,1200,1700,1900,2500,5600,17000,90190,0,600,675.4911505202695,166.70445899944752,16661.9481250018,239.27238052999223
1776941928,100,,Aggregated,147.700000,0.000000,600,830,880,910,1000,1200,1700,1900,2500,5600,17000,90336,0,600,675.6707054381992,166.70445899944752,16661.9481250018,239.27206207934822
1776941929,100,,Aggregated,146.700000,0.000000,600,830,880,910,1000,1200,1700,1900,2500,5600,17000,90457,0,600,675.4694883250966,166.70445899944752,16661.9481250018,239.27574427628596
1776941930,100,,Aggregated,143.300000,0.000000,600,830,880,910,1000,1200,1700,1900,2500,5600,17000,90664,0,600,675.6001558517089,166.70445899944752,16661.9481250018,239.2718609370864
1776941931,100,,Aggregated,144.400000,0.000000,600,830,880,910,1000,1200,1700,1900,2500,5600,17000,90817,0,600,675.4965013527238,166.70445899944752,16661.9481250018,239.27315370470288
1776941932,100,,Aggregated,145.700000,0.000000,600,830,880,910,1000,1200,1700,1900,2500,5600,17000,90986,0,600,675.3561580122046,166.70445899944752,16661.9481250018,239.27506429560592
1776941933,100,,Aggregated,142.900000,0.000000,600,830,880,910,1000,1200,1700,1900,2500,5600,17000,91084,0,600,675.100224923636,166.70445899944752,16661.9481250018,239.27449387378684
1776941934,100,,Aggregated,142.900000,0.000000,600,830,880,910,1000,1200,1700,1900,2500,5600,17000,91261,0,600,675.1908352918269,166.70445899944752,16661.9481250018,239.2779500553358
1776941935,100,,Aggregated,146.200000,0.000000,600,830,880,910,1000,1200,1700,1900,2500,5600,17000,91426,0,600,675.2185372512353,166.70445899944752,16661.9481250018,239.28095946448494
1776941936,100,,Aggregated,152.200000,0.000000,600,830,880,910,1000,1200,1700,1900,2500,5600,17000,91620,0,600,675.0949349698474,166.70445899944752,16661.9481250018,239.28285308884523
1776941937,100,,Aggregated,153.100000,0.000000,600,830,880,910,1000,1200,1700,1900,2500,5600,17000,91726,0,600,674.8998939615639,166.70445899944752,16661.9481250018,239.28548067069315
1776941938,100,,Aggregated,154.300000,0.000000,600,830,880,910,1000,1200,1700,1900,2500,5600,17000,91897,0,600,675.168960612331,166.70445899944752,16661.9481250018,239.28766989129133
1776941939,100,,Aggregated,157.500000,0.000000,600,830,880,910,1000,1200,1700,1900,2500,5600,17000,91997,0,600,675.3149090873006,166.70445899944752,16661.9481250018,239.28756372490406
1776941940,100,,Aggregated,156.700000,0.000000,600,830,880,910,1000,1300,1700,1900,2500,5600,17000,92162,0,600,675.5463860943813,166.70445899944752,16661.9481250018,239.2855840802066
1776941941,100,,Aggregated,151.400000,0.000000,600,830,880,910,1000,1200,1700,1900,2500,5600,17000,92290,0,600,675.4583716885622,166.70445899944752,16661.9481250018,239.28510131108462
1776941942,100,,Aggregated,146.800000,0.000000,600,830,880,910,1000,1200,1700,1900,2500,5600,17000,92444,0,600,675.3578940625506,166.70445899944752,16661.9481250018,239.2873090736013
1776941943,100,,Aggregated,147.100000,0.000000,600,830,880,910,1000,1200,1700,1900,2500,5600,17000,92613,0,600,675.3249588242409,166.70445899944752,16661.9481250018,239.2903696025396
1776941944,100,,Aggregated,149.500000,0.000000,600,830,880,910,1000,1200,1700,1900,2500,5600,17000,92758,0,600,675.3036221791693,166.70445899944752,16661.9481250018,239.28872981306193
1776941945,100,,Aggregated,145.900000,0.000000,600,830,880,910,1000,1200,1700,1900,2500,5600,17000,92918,0,600,675.1785762712441,166.70445899944752,16661.9481250018,239.28558513958544
1776941946,100,,Aggregated,143.800000,0.000000,600,830,880,910,1000,1200,1700,1900,2500,5600,17000,93061,0,600,675.1010624963034,166.70445899944752,16661.9481250018,239.28647876124262
1776941947,100,,Aggregated,144.800000,0.000000,600,830,880,910,1000,1200,1700,1900,2500,5600,17000,93240,0,600,675.0861523408145,166.70445899944752,16661.9481250018,239.285296010296
1776941948,100,,Aggregated,148.400000,0.000000,600,830,880,910,1000,1200,1700,1900,2500,5600,17000,93399,0,600,674.9162850839684,166.70445899944752,16661.9481250018,239.28669471835886
1776941949,100,,Aggregated,144.300000,0.000000,600,830,880,910,1000,1200,1700,1900,2500,5600,17000,93562,0,600,674.8063880111969,166.70445899944752,16661.9481250018,239.2907804450525
1776941950,100,,Aggregated,149.700000,0.000000,600,830,880,910,1000,1200,1700,1900,2500,5600,17000,93723,0,600,674.7182019019725,166.70445899944752,16661.9481250018,239.29372726011758
1776941951,100,,Aggregated,153.600000,0.000000,600,830,880,910,1000,1200,1700,1900,2500,5600,17000,93872,0,600,674.6684058458167,166.70445899944752,16661.9481250018,239.2950720129538
1776941952,100,,Aggregated,156.400000,0.000000,600,830,880,910,1000,1200,1700,1900,2500,5600,17000,94003,0,600,674.6867714542992,166.70445899944752,16661.9481250018,239.2906609363531
1776941953,100,,Aggregated,160.400000,0.000000,600,830,880,910,1000,1200,1700,1900,2500,5600,17000,94138,0,600,674.8340107154336,166.70445899944752,16661.9481250018,239.29400454651682
1776941954,100,,Aggregated,155.200000,0.000000,600,830,880,910,1000,1200,1700,1900,2500,5600,17000,94270,0,600,674.9627413641294,166.70445899944752,16661.9481250018,239.29370955765356
1776941955,100,,Aggregated,150.800000,0.000000,600,830,880,910,1000,1200,1700,1900,2500,5600,17000,94336,0,600,674.8961983687406,166.70445899944752,16661.9481250018,239.29586796132972
1776941956,100,,Aggregated,152.300000,0.000000,600,830,880,910,1000,1200,1700,1900,2500,5600,17000,94494,0,600,675.3569162453974,166.70445899944752,16661.9481250018,239.29958515884607
1776941957,100,,Aggregated,149.600000,0.000000,600,830,880,910,1000,1200,1700,1900,2500,5600,17000,94683,0,600,675.253337638358,166.70445899944752,16661.9481250018,239.29928287020903
1776941958,100,,Aggregated,138.800000,0.000000,600,830,880,910,1000,1200,1700,1900,2500,5600,17000,94826,0,600,675.3624894107069,166.70445899944752,16661.9481250018,239.296964967414
1776941959,100,,Aggregated,145.000000,0.000000,600,830,880,910,1000,1200,1700,1900,2500,5600,17000,94949,0,600,675.3460600359535,166.70445899944752,16661.9481250018,239.29925538973555
1776941960,100,,Aggregated,141.000000,0.000000,600,830,880,910,1000,1200,1700,1900,2500,5600,17000,95100,0,600,675.2827392803974,166.70445899944752,16661.9481250018,239.29778128286014
1776941961,100,,Aggregated,138.500000,0.000000,600,830,880,910,1000,1200,1700,1900,2500,5600,17000,95276,0,600,675.1855296662728,166.70445899944752,16661.9481250018,239.29738863932155
1776941962,100,,Aggregated,140.400000,0.000000,600,830,880,910,1000,1200,1700,1900,2500,5600,17000,95468,0,600,675.0354974462101,166.70445899944752,16661.9481250018,239.29614111534755
1776941963,100,,Aggregated,137.800000,0.000000,600,830,880,910,1000,1200,1700,1900,2500,5600,17000,95615,0,600,674.9760053926344,166.70445899944752,16661.9481250018,239.29664801547875
1776941964,100,,Aggregated,140.000000,0.000000,600,830,880,910,1000,1200,1700,1900,2500,5600,17000,95778,0,600,674.8067302724811,166.70445899944752,16661.9481250018,239.2933450270417
1776941965,100,,Aggregated,147.300000,0.000000,600,830,880,910,1000,1200,1700,1900,2500,5600,17000,95941,0,600,674.6784329257117,166.70445899944752,16661.9481250018,239.29726602807975
1776941966,100,,Aggregated,150.400000,0.000000,600,830,880,910,1000,1200,1700,1900,2500,5600,17000,96060,0,600,674.7954726398673,166.70445899944752,16661.9481250018,239.30097855506975
1776941967,100,,Aggregated,155.600000,0.000000,600,830,880,910,1000,1200,1700,1900,2500,5600,17000,96198,0,600,674.8400061487206,166.70445899944752,16661.9481250018,239.30100417888104
1776941968,100,,Aggregated,161.500000,0.000000,600,830,880,910,1000,1200,1700,1900,2500,5600,17000,96337,0,600,674.9218501116253,166.70445899944752,16661.9481250018,239.29932424717398
1776941969,100,,Aggregated,154.100000,0.000000,600,830,880,910,1000,1200,1700,1900,2500,5600,17000,96488,0,600,674.9399945104954,166.70445899944752,16661.9481250018,239.30280449382306
1776941970,100,,Aggregated,155.900000,0.000000,600,830,880,910,1000,1200,1700,1900,2500,5600,17000,96689,0,600,674.8567547605179,166.70445899944752,16661.9481250018,239.30522603398526
1776941971,100,,Aggregated,152.900000,0.000000,600,830,880,910,1000,1200,1700,1900,2500,5600,17000,96814,0,600,674.8264017691104,166.70445899944752,16661.9481250018,239.3030036978123
1776941972,100,,Aggregated,155.600000,0.000000,600,830,880,910,1000,1200,1700,1900,2500,5600,17000,96974,0,600,674.6837995189703,166.70445899944752,16661.9481250018,239.29981232082827
1776941973,100,,Aggregated,155.200000,0.000000,600,830,880,910,1000,1200,1700,1900,2400,5600,17000,97136,0,600,674.5394112487096,166.70445899944752,16661.9481250018,239.29630620985012
1776941974,100,,Aggregated,156.900000,0.000000,600,830,880,910,1000,1200,1700,1900,2400,5600,17000,97311,0,600,674.6018304557006,166.70445899944752,16661.9481250018,239.293050117664
1776941975,100,,Aggregated,154.600000,0.000000,600,830,880,910,1000,1200,1700,1900,2400,5600,17000,97462,0,600,674.5281896031545,166.70445899944752,16661.9481250018,239.2934990047403
1776941976,100,,Aggregated,150.100000,0.000000,600,830,880,910,1000,1200,1700,1900,2400,5600,17000,97596,0,600,674.59380745646,166.70445899944752,16661.9481250018,239.29094430099593
1776941977,100,,Aggregated,148.300000,0.000000,600,830,880,910,1000,1200,1700,1900,2400,5600,17000,97775,0,600,674.5353301016489,166.70445899944752,16661.9481250018,239.29053439018153
1776941978,100,,Aggregated,147.500000,0.000000,600,830,880,910,1000,1200,1700,1900,2400,5600,17000,97936,0,600,674.4295857760659,166.70445899944752,16661.9481250018,239.29239503349126
1776941979,100,,Aggregated,153.600000,0.000000,600,830,880,910,1000,1200,1700,1900,2400,5600,17000,98087,0,600,674.4583724502611,166.70445899944752,16661.9481250018,239.29105793836084
1776941980,100,,Aggregated,152.700000,0.000000,600,830,880,910,1000,1200,1700,1900,2400,5600,17000,98165,0,600,674.2334492770208,166.70445899944752,16661.9481250018,239.29062293077982
1776941981,100,,Aggregated,159.000000,0.000000,600,830,880,910,1000,1200,1700,1900,2400,5600,17000,98294,0,600,674.9800800662169,166.70445899944752,16661.9481250018,239.28953954463142
1776941982,100,,Aggregated,154.200000,0.000000,600,830,880,910,1000,1200,1700,1900,2400,5600,17000,98360,0,600,675.0071587355808,166.70445899944752,16661.9481250018,239.29110410736072
1776941983,100,,Aggregated,145.700000,0.000000,600,830,880,910,1000,1200,1700,1900,2400,5600,17000,98507,0,600,675.3681186386221,166.70445899944752,16661.9481250018,239.28602028282253
1776941984,100,,Aggregated,143.000000,0.000000,600,830,880,910,1000,1200,1700,1900,2400,5600,17000,98654,0,600,675.2579675932018,166.70445899944752,16661.9481250018,239.28860461816043
1776941985,100,,Aggregated,132.900000,0.000000,600,830,880,910,1000,1200,1700,1900,2400,5600,17000,98832,0,600,675.1340373511387,166.70445899944752,16661.9481250018,239.2918285575522
1776941986,100,,Aggregated,139.900000,0.000000,600,830,880,910,1000,1200,1700,1900,2400,5600,17000,99012,0,600,675.1433151982459,166.70445899944752,16661.9481250018,239.29284329172222
1776941987,100,,Aggregated,140.200000,0.000000,600,830,880,910,1000,1200,1700,1900,2400,5600,17000,99152,0,600,675.0450720320383,166.70445899944752,16661.9481250018,239.2929845086332
1776941988,100,,Aggregated,141.600000,0.000000,600,830,880,910,1000,1200,1700,1900,2400,5600,17000,99313,0,600,674.991371076744,166.70445899944752,16661.9481250018,239.2955302931137
1776941989,100,,Aggregated,138.300000,0.000000,600,830,880,910,1000,1200,1700,1900,2400,5600,17000,99456,0,600,674.981190336577,166.70445899944752,16661.9481250018,239.29778997747746
1776941990,100,,Aggregated,137.000000,0.000000,600,830,880,910,1000,1200,1700,1900,2400,5600,17000,99621,0,600,674.9021246188724,166.70445899944752,16661.9481250018,239.3003583581775
1776941991,100,,Aggregated,136.400000,0.000000,600,830,880,910,1000,1200,1700,1900,2400,5600,17000,99767,0,600,674.8115668911248,166.70445899944752,16661.9481250018,239.29862579810958
1776941992,100,,Aggregated,136.200000,0.000000,600,830,880,910,1000,1200,1700,1900,2400,5600,17000,99926,0,600,674.7600832263964,166.70445899944752,16661.9481250018,239.29675960210557
1776941993,100,,Aggregated,145.800000,0.000000,600,830,880,910,1000,1200,1700,1900,2400,4700,17000,100094,0,600,674.7438047453986,166.70445899944752,16661.9481250018,239.29856934481586
1776941994,100,,Aggregated,149.200000,0.000000,600,830,880,910,1000,1200,1700,1900,2400,4700,17000,100240,0,600,674.6772264600363,166.70445899944752,16661.9481250018,239.29898244213888
1776941995,100,,Aggregated,160.400000,0.000000,600,830,880,910,1000,1200,1700,1900,2400,4700,17000,100351,0,600,674.5893223894445,166.70445899944752,16661.9481250018,239.29977777999224
1776941996,100,,Aggregated,155.400000,0.000000,600,830,880,910,1000,1200,1700,1900,2400,4700,17000,100506,0,600,674.7510871368098,166.70445899944752,16661.9481250018,239.29824090104074
1776941997,100,,Aggregated,152.800000,0.000000,600,830,880,910,1000,1200,1700,1900,2400,4700,17000,100637,0,600,674.8871409788568,166.70445899944752,16661.9481250018,239.29798185557996
1776941998,100,,Aggregated,151.700000,0.000000,600,830,880,910,1000,1200,1700,1900,2400,4700,17000,100799,0,600,674.7472544885679,166.70445899944752,16661.9481250018,239.2941894264824
1776941999,100,,Aggregated,147.400000,0.000000,600,830,880,910,1000,1200,1700,1900,2400,4700,17000,100978,0,600,674.6234517690503,166.70445899944752,16661.9481250018,239.29932262473014
1776942000,100,,Aggregated,150.400000,0.000000,600,830,880,910,1000,1200,1700,1900,2400,4700,17000,101102,0,600,674.6849648526367,166.70445899944752,16661.9481250018,239.29682894502582
1776942001,100,,Aggregated,151.200000,0.000000,600,830,880,910,1000,1200,1700,1900,2400,4700,17000,101280,0,600,674.71405877058,166.70445899944752,16661.9481250018,239.30268562401264
1776942002,100,,Aggregated,154.900000,0.000000,600,830,880,910,1000,1200,1700,1900,2400,4700,17000,101440,0,600,674.6259936534244,166.70445899944752,16661.9481250018,239.30747239747635
1776942003,100,,Aggregated,153.400000,0.000000,600,830,880,910,1000,1200,1700,1900,2400,4700,17000,101589,0,600,674.5273254534484,166.70445899944752,16661.9481250018,239.3055744224276
1776942004,100,,Aggregated,147.300000,0.000000,600,830,880,910,1000,1200,1700,1900,2400,4700,17000,101756,0,600,674.5309019131672,166.70445899944752,16661.9481250018,239.30111246511262
1776942005,100,,Aggregated,147.000000,0.000000,600,830,880,910,1000,1200,1700,1900,2400,4700,17000,101897,0,600,674.4185852870962,166.70445899944752,16661.9481250018,239.29648566689892
1776942006,100,,Aggregated,150.900000,0.000000,600,830,880,910,1000,1200,1700,1900,2400,4700,17000,102085,0,600,674.3913618205643,166.70445899944752,16661.9481250018,239.29616496057207
1776942007,100,,Aggregated,151.300000,0.000000,600,830,880,910,1000,1200,1700,1900,2400,4700,17000,102238,0,600,674.2253312471718,166.70445899944752,16661.9481250018,239.29303194506934
1776942008,100,,Aggregated,153.100000,0.000000,600,830,880,910,1000,1200,1700,1900,2400,4700,17000,102417,0,600,674.1439751079445,166.70445899944752,16661.9481250018,239.289453899255
1776942009,100,,Aggregated,158.300000,0.000000,600,830,880,910,1000,1200,1700,1900,2400,4700,17000,102521,0,600,674.079532306877,166.70445899944752,16661.9481250018,239.28795076130743
1776942010,100,,Aggregated,158.300000,0.000000,600,830,880,910,1000,1200,1700,1900,2400,4700,17000,102642,0,600,674.3220261564793,166.70445899944752,16661.9481250018,239.28911166968686
1776942011,100,,Aggregated,160.000000,0.000000,600,830,880,910,1000,1200,1700,1900,2400,4700,17000,102768,0,600,674.5490632671482,166.70445899944752,16661.9481250018,239.29399229332088
1776942012,100,,Aggregated,150.800000,0.000000,600,830,880,910,1000,1200,1700,1900,2400,4700,17000,102910,0,600,674.5838304866215,166.70445899944752,16661.9481250018,239.29687105237585
1776942013,100,,Aggregated,148.300000,0.000000,600,830,880,910,1000,1200,1700,1900,2400,4700,17000,103111,0,600,674.5544028505989,166.70445899944752,16661.9481250018,239.29632144000155
1776942014,100,,Aggregated,148.800000,0.000000,600,830,880,910,1000,1200,1700,1900,2400,4700,17000,103252,0,600,674.4259792727212,166.70445899944752,16661.9481250018,239.29550032929143
1776942015,100,,Aggregated,150.400000,0.000000,600,830,880,910,1000,1200,1700,1900,2400,4700,17000,103407,0,600,674.3815778423708,166.70445899944752,16661.9481250018,239.2983453731372
1776942016,100,,Aggregated,148.300000,0.000000,600,830,880,910,1000,1200,1700,1900,2400,4700,17000,103563,0,600,674.2442085299388,166.70445899944752,16661.9481250018,239.29875534698687
1776942017,100,,Aggregated,147.700000,0.000000,600,830,880,910,1000,1200,1700,1900,2400,4700,17000,103696,0,600,674.208359885589,166.70445899944752,16661.9481250018,239.29712814380497
1776942018,100,,Aggregated,147.800000,0.000000,600,830,880,910,1000,1200,1700,1900,2400,4700,17000,103867,0,600,674.2551116919822,166.70445899944752,16661.9481250018,239.29880520280744
1776942019,100,,Aggregated,146.700000,0.000000,600,830,880,910,1000,1200,1700,1900,2400,4700,17000,104030,0,600,674.0613982588403,166.70445899944752,16661.9481250018,239.29965394597713
1776942020,100,,Aggregated,147.600000,0.000000,600,830,880,910,1000,1200,1700,1900,2400,4700,17000,104224,0,600,673.9065255254458,166.70445899944752,16661.9481250018,239.29592032545287
1776942021,100,,Aggregated,143.600000,0.000000,600,830,880,910,1000,1200,1700,1900,2400,4700,17000,104404,0,600,673.8197044680375,166.70445899944752,16661.9481250018,239.29452894525113
1776942022,100,,Aggregated,151.200000,0.000000,600,830,880,910,1000,1200,1700,1900,2400,4700,17000,104578,0,600,673.644249743655,166.70445899944752,16661.9481250018,239.2950046854979
1776942023,100,,Aggregated,158.000000,0.000000,600,830,880,910,1000,1200,1700,1900,2400,4700,17000,104706,0,600,673.7055037703568,166.70445899944752,16661.9481250018,239.29214180658224
1776942024,100,,Aggregated,163.600000,0.000000,600,830,880,910,1000,1200,1700,1900,2400,4700,17000,104838,0,600,673.7097235399748,166.70445899944752,16661.9481250018,239.29145920372383
1776942025,100,,Aggregated,163.300000,0.000000,600,830,880,910,1000,1200,1700,1900,2400,4700,17000,104933,0,600,673.714323597962,166.70445899944752,16661.9481250018,239.2894513642038
1776942026,100,,Aggregated,160.800000,0.000000,600,830,880,910,1000,1200,1700,1900,2400,4700,17000,105087,0,600,673.8069454605237,166.70445899944752,16661.9481250018,239.29319516210379
1776942028,100,,Aggregated,158.600000,0.000000,600,830,880,910,1000,1200,1700,1900,2500,4700,17000,105240,0,600,673.9974675882094,166.70445899944752,16661.9481250018,239.2931489927784
1776942029,100,,Aggregated,152.600000,0.000000,600,830,880,910,1000,1200,1700,1900,2500,4700,17000,105396,0,600,673.804506914239,166.70445899944752,16661.9481250018,239.2908744164864
1776942030,100,,Aggregated,152.400000,0.000000,600,830,880,910,1000,1200,1700,1900,2500,4700,17000,105541,0,600,673.9412027058402,166.70445899944752,16661.9481250018,239.29380998853526
1776942031,100,,Aggregated,152.000000,0.000000,600,830,880,910,1000,1200,1700,1900,2500,4700,17000,105708,0,600,673.9349797121707,166.70445899944752,16661.9481250018,239.2976690505922
1776942032,100,,Aggregated,152.900000,0.000000,600,830,880,910,1000,1200,1700,1900,2500,4700,17000,105840,0,600,673.8894384554344,166.70445899944752,16661.9481250018,239.29697656840514
1776942033,100,,Aggregated,150.800000,0.000000,600,830,880,910,1000,1200,1700,1900,2500,4700,17000,106005,0,600,673.7806710285198,166.70445899944752,16661.9481250018,239.3009669355219
1776942034,100,,Aggregated,143.600000,0.000000,600,830,880,910,1000,1200,1700,1900,2500,4700,17000,106194,0,600,673.7056618952126,166.70445899944752,16661.9481250018,239.30336930523382
1776942035,100,,Aggregated,143.600000,0.000000,600,830,880,910,1000,1200,1700,1900,2500,4700,17000,106326,0,600,673.6256522362559,166.70445899944752,16661.9481250018,239.3033030491131
1776942036,100,,Aggregated,142.700000,0.000000,600,830,880,910,1000,1200,1700,1900,2500,4700,17000,106491,0,600,673.7111388807616,166.70445899944752,16661.9481250018,239.30526523368172
1776942037,100,,Aggregated,148.800000,0.000000,600,830,880,910,1000,1200,1700,1900,2500,4700,17000,106621,0,600,673.5767684094793,166.70445899944752,16661.9481250018,239.30478986316015
1776942038,100,,Aggregated,148.800000,0.000000,600,830,880,910,1000,1200,1700,1900,2500,4700,17000,106811,0,600,673.5396577206001,166.70445899944752,16661.9481250018,239.30963103051184
1776942039,100,,Aggregated,155.800000,0.000000,600,830,880,910,1000,1200,1700,1900,2500,4700,17000,106933,0,600,673.5339778073842,166.70445899944752,16661.9481250018,239.30696791448852
1776942040,100,,Aggregated,153.300000,0.000000,600,830,880,910,1000,1200,1700,1900,2500,4700,17000,107059,0,600,673.8018056858086,166.70445899944752,16661.9481250018,239.30527092537758
1776942041,100,,Aggregated,157.100000,0.000000,600,830,880,910,1000,1200,1700,1900,2500,4700,17000,107192,0,600,673.7596689589798,166.70445899944752,16661.9481250018,239.3092115083215
1776942042,100,,Aggregated,151.800000,0.000000,600,830,880,910,1000,1200,1700,1900,2500,4700,17000,107348,0,600,673.7994997241867,166.70445899944752,16661.9481250018,239.30757908857174
1776942043,100,,Aggregated,148.400000,0.000000,600,830,880,910,1000,1200,1700,1900,2500,4700,17000,107477,0,600,673.8616710805846,166.70445899944752,16661.9481250018,239.31037338221202
1776942044,100,,Aggregated,148.400000,0.000000,600,830,880,910,1000,1200,1700,1900,2500,4700,17000,107629,0,600,673.7494412075648,166.70445899944752,16661.9481250018,239.31067834877217
1776942045,100,,Aggregated,150.600000,0.000000,600,830,880,910,1000,1200,1700,1900,2500,4700,17000,107785,0,600,673.7259590246604,166.70445899944752,16661.9481250018,239.31258523913345
1776942046,100,,Aggregated,143.600000,0.000000,600,830,880,910,1000,1200,1700,1900,2500,4700,17000,107846,0,600,673.6496752230029,166.70445899944752,16661.9481250018,239.3137622164939
1776942047,100,,Aggregated,143.600000,0.000000,600,830,880,910,1000,1200,1700,1900,2500,4700,17000,108005,0,600,673.9946449424475,166.70445899944752,16661.9481250018,239.3127170038424
1776942048,100,,Aggregated,135.200000,0.000000,600,830,880,910,1000,1300,1700,1900,2500,4700,17000,108136,0,600,674.534797446892,166.70445899944752,16661.9481250018,239.31227343345418
1776942049,100,,Aggregated,138.500000,0.000000,600,830,880,910,1000,1200,1700,1900,2500,4700,17000,108296,0,600,674.45004528833,166.70445899944752,16661.9481250018,239.31154428603088
1776942050,100,,Aggregated,132.400000,0.000000,600,830,880,910,1000,1200,1700,1900,2500,4700,17000,108459,0,600,674.4219080425775,166.70445899944752,16661.9481250018,239.31138955734426
1776942051,100,,Aggregated,132.400000,0.000000,600,830,880,910,1000,1200,1700,1900,2500,4700,17000,108608,0,600,674.3558087665541,166.70445899944752,16661.9481250018,239.31071375957572
1776942052,100,,Aggregated,139.000000,0.000000,600,830,880,910,1000,1200,1700,1900,2500,4700,17000,108777,0,600,674.2057916021681,166.70445899944752,16661.9481250018,239.3094312216737
1776942053,100,,Aggregated,141.600000,0.000000,600,830,880,910,1000,1200,1700,1900,2500,4700,17000,108895,0,600,673.9838404945318,166.70445899944752,16661.9481250018,239.30853574544287
1776942054,100,,Aggregated,141.100000,0.000000,600,830,880,910,1000,1300,1700,1900,2500,4700,17000,109064,0,600,674.217423240997,166.70445899944752,16661.9481250018,239.30782843101298
1776942055,100,,Aggregated,141.100000,0.000000,600,830,880,910,1000,1300,1700,1900,2500,4700,17000,109155,0,600,674.2449936506434,166.70445899944752,16661.9481250018,239.30977967110988
1776942056,100,,Aggregated,138.400000,0.000000,600,830,880,910,1000,1300,1700,1900,2500,4700,17000,109309,0,600,674.4285379922322,166.70445899944752,16661.9481250018,239.31260920875684
1776942057,100,,Aggregated,137.000000,0.000000,600,830,880,910,1000,1200,1700,1900,2500,4700,17000,109487,0,600,674.3494714635968,166.70445899944752,16661.9481250018,239.30863938184442
1776942058,100,,Aggregated,145.100000,0.000000,600,830,880,910,1000,1200,1700,1900,2500,4700,17000,109656,0,600,674.2492031505511,166.70445899944752,16661.9481250018,239.30798132341138
1776942059,100,,Aggregated,145.400000,0.000000,600,830,880,910,1000,1200,1700,1900,2500,4700,17000,109819,0,600,674.1347198072913,166.70445899944752,16661.9481250018,239.30806144656208
1776942060,100,,Aggregated,150.200000,0.000000,600,830,880,910,1000,1200,1700,1900,2500,4700,17000,109994,0,600,674.0982377184295,166.70445899944752,16661.9481250018,239.3105078458825
1776942061,100,,Aggregated,149.400000,0.000000,600,830,880,910,1000,1200,1700,1900,2500,4300,17000,110117,0,600,673.9924007950535,166.70445899944752,16661.9481250018,239.31053334180916
1776942062,100,,Aggregated,150.500000,0.000000,600,830,880,910,1000,1200,1700,1900,2500,4300,17000,110306,0,600,673.9084415120558,166.70445899944752,16661.9481250018,239.31167842184468
1776942063,100,,Aggregated,149.700000,0.000000,600,830,880,910,1000,1200,1700,1900,2500,4300,17000,110463,0,600,673.919961061747,166.70445899944752,16661.9481250018,239.3126205154667
1776942064,100,,Aggregated,152.800000,0.000000,600,830,880,910,1000,1200,1700,1900,2500,4300,17000,110582,0,600,673.9665755190873,166.70445899944752,16661.9481250018,239.3102132354271
1776942065,100,,Aggregated,151.600000,0.000000,600,830,880,910,1000,1200,1700,1900,2500,4300,17000,110751,0,600,673.8007115568407,166.70445899944752,16661.9481250018,239.3105434713908
1776942066,100,,Aggregated,156.400000,0.000000,600,830,880,910,1000,1200,1700,1900,2500,4300,17000,110910,0,600,673.8740030261081,166.70445899944752,16661.9481250018,239.31203678658372
1776942067,100,,Aggregated,157.200000,0.000000,600,830,880,910,1000,1200,1700,1900,2500,4300,17000,111080,0,600,673.7672733001059,166.70445899944752,16661.9481250018,239.3141699675909
1776942068,100,,Aggregated,158.400000,0.000000,600,830,880,910,1000,1200,1700,1900,2500,4300,17000,111200,0,600,673.7752706044851,166.70445899944752,16661.9481250018,239.31330035971223
1776942069,100,,Aggregated,156.900000,0.000000,600,830,880,910,1000,1200,1700,1900,2500,4300,17000,111314,0,600,673.8271999031911,166.70445899944752,16661.9481250018,239.31556677506873
1776942070,100,,Aggregated,155.900000,0.000000,600,830,880,910,1000,1200,1700,1900,2500,4300,17000,111424,0,600,673.9637733184214,166.70445899944752,16661.9481250018,239.31354106835153
1776942071,100,,Aggregated,151.900000,0.000000,600,830,880,910,1000,1200,1700,1900,2500,4300,17000,111566,0,600,674.0127514291166,166.70445899944752,16661.9481250018,239.31174372120537
1776942072,100,,Aggregated,146.100000,0.000000,600,830,880,910,1000,1200,1700,1900,2500,4300,17000,111732,0,600,673.9599266077828,166.70445899944752,16661.9481250018,239.3128647119894
1776942073,100,,Aggregated,145.300000,0.000000,600,830,880,910,1000,1200,1700,1900,2500,4300,17000,111938,0,600,674.0050943165927,166.70445899944752,16661.9481250018,239.31105612035233
1776942074,100,,Aggregated,143.100000,0.000000,600,830,880,910,1000,1200,1700,1900,2500,4300,17000,112067,0,600,674.0039377346733,166.70445899944752,16661.9481250018,239.31393719828316
1776942075,100,,Aggregated,147.300000,0.000000,600,830,880,910,1000,1200,1700,1900,2500,4300,17000,112215,0,600,673.9221080977909,166.70445899944752,16661.9481250018,239.31528761751994
1776942076,100,,Aggregated,143.000000,0.000000,600,830,880,910,1000,1200,1700,1900,2500,4300,17000,112387,0,600,673.9037348530853,166.70445899944752,16661.9481250018,239.3157571605257
1776942077,100,,Aggregated,145.800000,0.000000,600,830,880,910,1000,1200,1700,1900,2500,4300,17000,112493,0,600,673.791823758107,166.70445899944752,16661.9481250018,239.3139928706675
1776942078,100,,Aggregated,147.300000,0.000000,600,830,880,910,1000,1200,1700,1900,2500,4300,17000,112683,0,600,673.900534167911,166.70445899944752,16661.9481250018,239.31524719789144
1776942079,100,,Aggregated,144.600000,0.000000,600,830,880,910,1000,1200,1700,1900,2500,4300,17000,112832,0,600,673.7924387892854,166.70445899944752,16661.9481250018,239.3159298780488
1776942080,100,,Aggregated,143.100000,0.000000,600,830,880,910,1000,1200,1700,1900,2500,4300,17000,112972,0,600,673.9411113555365,166.70445899944752,16661.9481250018,239.31540558722514
1776942081,100,,Aggregated,147.500000,0.000000,600,830,880,910,1000,1200,1700,1900,2500,4300,17000,113052,0,600,673.724018621782,166.70445899944752,16661.9481250018,239.31703994621944
1776942082,100,,Aggregated,154.400000,0.000000,600,830,880,910,1000,1300,1700,1900,2500,4300,17000,113164,0,600,673.7298250527167,166.70445899944752,16661.9481250018,239.31911208511542
1776942083,100,,Aggregated,148.800000,0.000000,600,830,880,910,1000,1300,1700,1900,2600,4300,17000,113292,0,600,674.4858899872504,166.70445899944752,16661.9481250018,239.3216378914663
1776942084,100,,Aggregated,144.400000,0.000000,600,830,880,910,1000,1300,1700,1900,2600,4300,17000,113431,0,600,674.6131711930905,166.70445899944752,16661.9481250018,239.32380918796449
1776942085,100,,Aggregated,140.300000,0.000000,600,830,880,910,1000,1300,1700,1900,2600,4300,17000,113607,0,600,674.5204401795256,166.70445899944752,16661.9481250018,239.32470710431576
1776942086,100,,Aggregated,137.900000,0.000000,600,830,880,910,1000,1300,1700,1900,2600,4300,17000,113768,0,600,674.4889941271136,166.70445899944752,16661.9481250018,239.3262165107939
1776942087,100,,Aggregated,137.600000,0.000000,600,830,880,910,1000,1300,1700,1900,2600,4300,17000,113948,0,600,674.393064030535,166.70445899944752,16661.9481250018,239.32690349984205
1776942088,100,,Aggregated,137.300000,0.000000,600,830,880,910,1000,1300,1700,1900,2600,4300,17000,114092,0,600,674.3612220476232,166.70445899944752,16661.9481250018,239.32570206500017
1776942089,100,,Aggregated,140.600000,0.000000,600,830,880,910,1000,1300,1700,1900,2600,4300,17000,114237,0,600,674.2699811381551,166.70445899944752,16661.9481250018,239.32212855729756
1776942090,100,,Aggregated,143.400000,0.000000,600,830,880,910,1000,1200,1700,1900,2600,4300,17000,114430,0,600,674.1892844008166,166.70445899944752,16661.9481250018,239.32216202044918
1776942091,100,,Aggregated,144.400000,0.000000,600,830,880,910,1000,1200,1700,1900,2600,4300,17000,114555,0,600,674.1615926875428,166.70445899944752,16661.9481250018,239.32127798873904
1776942092,100,,Aggregated,140.700000,0.000000,600,830,880,910,1000,1200,1700,1900,2600,4300,17000,114702,0,600,674.2751279960462,166.70445899944752,16661.9481250018,239.32147652176945
1776942093,100,,Aggregated,146.900000,0.000000,600,830,880,910,1000,1200,1700,1900,2600,4300,17000,114853,0,600,674.2584685385968,166.70445899944752,16661.9481250018,239.3228648794546
1776942094,100,,Aggregated,148.400000,0.000000,600,830,880,910,1000,1200,1700,1900,2600,4300,17000,115008,0,600,674.1696226155613,166.70445899944752,16661.9481250018,239.32427309404562
1776942095,100,,Aggregated,153.000000,0.000000,600,830,880,910,1000,1200,1700,1900,2600,4300,17000,115161,0,600,674.1652033499132,166.70445899944752,16661.9481250018,239.32178428461023
1776942096,100,,Aggregated,157.100000,0.000000,600,830,880,910,1000,1200,1700,1900,2600,4300,17000,115319,0,600,674.0558749524566,166.70445899944752,16661.9481250018,239.32655503429618
1776942097,100,,Aggregated,153.200000,0.000000,600,830,880,910,1000,1200,1700,1900,2600,4300,17000,115437,0,600,674.1765655160589,166.70445899944752,16661.9481250018,239.32818766946474
1776942098,100,,Aggregated,156.300000,0.000000,600,830,880,910,1000,1200,1700,1900,2600,4300,17000,115560,0,600,674.2603087084568,166.70445899944752,16661.9481250018,239.3273277950848
1776942099,100,,Aggregated,153.900000,0.000000,600,830,880,910,1000,1200,1700,1900,2600,4300,17000,115700,0,600,674.2396812979454,166.70445899944752,16661.9481250018,239.32694036300776
1776942100,100,,Aggregated,148.500000,0.000000,600,830,880,910,1000,1200,1700,1900,2600,4300,17000,115879,0,600,674.2384785232712,166.70445899944752,16661.9481250018,239.3273932291442
1776942101,100,,Aggregated,148.500000,0.000000,600,830,880,910,1000,1200,1700,1900,2600,4300,17000,116005,0,600,674.1506471273066,166.70445899944752,16661.9481250018,239.32737382009395
1776942102,100,,Aggregated,143.200000,0.000000,600,830,880,910,1000,1200,1700,1900,2600,4300,17000,116132,0,600,674.1096485644634,166.70445899944752,16661.9481250018,239.32717080563498
1776942103,100,,Aggregated,149.000000,0.000000,600,830,880,910,1000,1200,1700,1900,2600,4300,17000,116322,0,600,674.1868569739105,166.70445899944752,16661.9481250018,239.3259916438851
1776942104,100,,Aggregated,148.800000,0.000000,600,830,880,910,1000,1200,1700,1900,2600,4300,17000,116502,0,600,674.0773301084546,166.70445899944752,16661.9481250018,239.32644074779833
1776942105,100,,Aggregated,147.400000,0.000000,600,830,880,910,1000,1200,1700,1900,2600,4300,17000,116677,0,600,673.9146765932898,166.70445899944752,16661.9481250018,239.3305364382012
1776942106,100,,Aggregated,148.200000,0.000000,600,830,880,910,1000,1200,1700,1900,2600,4300,17000,116839,0,600,673.8435207736223,166.70445899944752,16661.9481250018,239.32848620751633
1776942107,100,,Aggregated,152.100000,0.000000,600,830,880,910,1000,1200,1700,1900,2600,4300,17000,117000,0,600,673.7989285161035,166.70445899944752,16661.9481250018,239.3287094017094
1776942108,100,,Aggregated,148.200000,0.000000,600,830,880,910,1000,1200,1700,1900,2600,4300,17000,117146,0,600,673.6873029948538,166.70445899944752,16661.9481250018,239.325354685606
1776942109,100,,Aggregated,151.300000,0.000000,600,830,880,910,1000,1200,1700,1900,2600,4300,17000,117300,0,600,673.613965118382,166.70445899944752,16661.9481250018,239.32557544757034
1776942110,100,,Aggregated,156.800000,0.000000,600,830,880,910,1000,1200,1700,1900,2600,4300,17000,117485,0,600,673.5611364146677,166.70445899944752,16661.9481250018,239.3230625186194
1776942111,100,,Aggregated,161.100000,0.000000,600,830,880,910,1000,1200,1700,1900,2600,4300,17000,117624,0,600,673.5353689352613,166.70445899944752,16661.9481250018,239.32494218866898
1776942112,100,,Aggregated,159.600000,0.000000,600,830,880,910,1000,1200,1700,1900,2600,4300,17000,117683,0,600,673.4634259424486,166.70445899944752,16661.9481250018,239.32428643049548
1776942113,100,,Aggregated,157.900000,0.000000,600,830,880,910,1000,1200,1700,1900,2600,4300,17000,117830,0,600,673.9565227172641,166.70445899944752,16661.9481250018,239.329084273954
1776942114,100,,Aggregated,153.500000,0.000000,600,830,880,910,1000,1200,1700,1900,2600,4300,17000,117880,0,600,674.0225260920784,166.70445899944752,16661.9481250018,239.33031048523924
1776942115,100,,Aggregated,152.200000,0.000000,600,830,880,910,1000,1200,1700,1900,2600,4300,17000,118041,0,600,674.5198346986065,166.70445899944752,16661.9481250018,239.32866546369482
1776942116,100,,Aggregated,140.100000,0.000000,600,830,880,910,1000,1200,1700,1900,2600,4300,17000,118198,0,600,674.4975871496313,166.70445899944752,16661.9481250018,239.32732364337807
1776942117,100,,Aggregated,137.200000,0.000000,600,830,880,910,1000,1200,1700,1900,2600,4300,17000,118384,0,600,674.502280322561,166.70445899944752,16661.9481250018,239.33284058656577
1776942118,100,,Aggregated,136.400000,0.000000,600,830,880,910,1000,1200,1700,1900,2600,4300,17000,118535,0,600,674.4285707449616,166.70445899944752,16661.9481250018,239.33001223267388
1776942119,100,,Aggregated,135.200000,0.000000,600,830,880,910,1000,1200,1700,1900,2600,4300,17000,118679,0,600,674.4139051731569,166.70445899944752,16661.9481250018,239.33196268927105
1776942120,100,,Aggregated,131.300000,0.000000,600,830,880,910,1000,1200,1700,1900,2600,4300,17000,118836,0,600,674.3592985217532,166.70445899944752,16661.9481250018,239.32713992392877
1776942121,100,,Aggregated,130.400000,0.000000,600,830,880,910,1000,1200,1700,1900,2600,4300,17000,118978,0,600,674.2119557008523,166.70445899944752,16661.9481250018,239.32601825547582
1776942122,100,,Aggregated,130.500000,0.000000,600,830,880,910,1000,1200,1700,1900,2600,4300,17000,119148,0,600,674.2138301556222,166.70445899944752,16661.9481250018,239.3242689763991
1776942123,100,,Aggregated,135.800000,0.000000,600,830,880,910,1000,1200,1700,1900,2600,4300,17000,119304,0,600,674.1543335112164,166.70445899944752,16661.9481250018,239.32187520954872
1776942124,100,,Aggregated,142.400000,0.000000,600,830,880,910,1000,1200,1700,1900,2600,4300,17000,119467,0,600,674.1944017679799,166.70445899944752,16661.9481250018,239.32464195133383
1776942125,100,,Aggregated,145.800000,0.000000,600,830,880,910,1000,1200,1700,1900,2600,4300,17000,119579,0,600,674.1155557052931,166.70445899944752,16661.9481250018,239.32455531489643
1776942126,100,,Aggregated,151.600000,0.000000,600,830,880,910,1000,1200,1700,1900,2600,4300,17000,119706,0,600,674.3433429723843,166.70445899944752,16661.9481250018,239.32355103336508
1776942127,100,,Aggregated,153.900000,0.000000,600,830,880,910,1000,1200,1700,1900,2600,4300,17000,119820,0,600,674.483701575065,166.70445899944752,16661.9481250018,239.32511266900352
1776942128,100,,Aggregated,149.100000,0.000000,600,830,880,910,1000,1200,1700,1900,2600,4300,17000,119968,0,600,674.5053470027864,166.70445899944752,16661.9481250018,239.32511169645238
1776942129,100,,Aggregated,146.800000,0.000000,600,830,880,910,1000,1200,1700,1900,2600,3900,17000,120131,0,600,674.3786370717323,166.70445899944752,16661.9481250018,239.32756740558224
1776942130,100,,Aggregated,146.100000,0.000000,600,830,880,910,1000,1200,1700,1900,2600,3900,17000,120302,0,600,674.3655345860276,166.70445899944752,16661.9481250018,239.32958720553273
1776942131,100,,Aggregated,152.000000,0.000000,600,830,880,910,1000,1200,1700,1900,2600,3900,17000,120475,0,600,674.3717407395663,166.70445899944752,16661.9481250018,239.3310313343017
1776942132,100,,Aggregated,150.100000,0.000000,600,830,880,910,1000,1200,1700,1900,2600,3900,17000,120608,0,600,674.3258494891078,166.70445899944752,16661.9481250018,239.33041755107456
1776942133,100,,Aggregated,142.000000,0.000000,600,830,880,910,1000,1200,1700,1900,2600,3900,17000,120781,0,600,674.2639642152933,166.70445899944752,16661.9481250018,239.3327758505063
1776942134,100,,Aggregated,144.500000,0.000000,600,830,880,910,1000,1200,1700,1900,2600,3900,17000,120855,0,600,674.1987782226415,166.70445899944752,16661.9481250018,239.3325638161433
1776942135,100,,Aggregated,142.400000,0.000000,600,830,880,910,1000,1200,1700,1900,2600,3900,17000,121013,0,600,674.3954166085068,166.70445899944752,16661.9481250018,239.33483179493112
1776942136,100,,Aggregated,144.500000,0.000000,600,830,880,910,1000,1200,1700,1900,2600,3900,17000,121210,0,600,674.4103021299592,166.70445899944752,16661.9481250018,239.3340318455573
1776942137,100,,Aggregated,143.400000,0.000000,600,830,880,910,1000,1200,1700,1900,2600,3900,17000,121356,0,600,674.2691120059693,166.70445899944752,16661.9481250018,239.3325340321039
1776942138,100,,Aggregated,151.200000,0.000000,600,830,880,910,1000,1200,1700,1900,2600,3900,17000,121511,0,600,674.2021311923477,166.70445899944752,16661.9481250018,239.33193702627744
1776942139,100,,Aggregated,153.000000,0.000000,600,830,880,910,1000,1200,1700,1900,2600,3900,17000,121678,0,600,674.1555935038491,166.70445899944752,16661.9481250018,239.3344565163793
1776942140,100,,Aggregated,154.500000,0.000000,600,830,880,910,1000,1200,1700,1900,2600,3900,17000,121809,0,600,674.2153679680187,166.70445899944752,16661.9481250018,239.33746274905795
1776942141,100,,Aggregated,149.100000,0.000000,600,830,880,910,1000,1200,1700,1900,2600,3900,17000,121893,0,600,674.3569197932484,166.70445899944752,16661.9481250018,239.33755835035646
1776942142,100,,Aggregated,149.300000,0.000000,600,830,880,910,1000,1200,1700,1900,2600,3900,17000,122024,0,600,674.5529848341752,166.70445899944752,16661.9481250018,239.3383514718416
1776942143,100,,Aggregated,145.900000,0.000000,600,830,880,910,1000,1200,1700,1900,2600,3900,17000,122198,0,600,674.5677220554377,166.70445899944752,16661.9481250018,239.3416913533773
1776942144,100,,Aggregated,143.900000,0.000000,600,830,880,910,1000,1200,1700,1900,2600,3900,17000,122345,0,600,674.5464519322436,166.70445899944752,16661.9481250018,239.34097838080837
1776942145,100,,Aggregated,145.100000,0.000000,600,830,880,910,1000,1200,1700,1900,2600,3900,17000,122489,0,600,674.3926902662879,166.70445899944752,16661.9481250018,239.3400060413588
1776942146,100,,Aggregated,147.000000,0.000000,600,830,880,910,1000,1200,1700,1900,2600,3900,17000,122626,0,600,674.700933342932,166.70445899944752,16661.9481250018,239.33758746106045
1776942147,100,,Aggregated,146.200000,0.000000,600,830,880,910,1000,1200,1700,1900,2600,3900,17000,122785,0,600,674.6376175365916,166.70445899944752,16661.9481250018,239.33605082053998
1776942148,100,,Aggregated,136.700000,0.000000,600,830,880,910,1000,1200,1700,1900,2600,3900,17000,122952,0,600,674.5170301573005,166.70445899944752,16661.9481250018,239.33391892771164
1776942149,100,,Aggregated,139.900000,0.000000,600,830,880,910,1000,1200,1700,1900,2600,3900,17000,123094,0,600,674.5200270419308,166.70445899944752,16661.9481250018,239.33147838237446
1776942150,100,,Aggregated,139.900000,0.000000,600,830,880,910,1000,1200,1700,1900,2600,3900,17000,123258,0,600,674.3299447424954,166.70445899944752,16661.9481250018,239.33138619805612
1776942151,100,,Aggregated,144.600000,0.000000,600,830,880,910,1000,1200,1700,1900,2600,3900,17000,123403,0,600,674.2918930042343,166.70445899944752,16661.9481250018,239.33323338978792
1776942152,100,,Aggregated,145.200000,0.000000,600,830,880,910,1000,1200,1700,1900,2600,3900,17000,123570,0,600,674.2202962888208,166.70445899944752,16661.9481250018,239.33548595937526
1776942153,100,,Aggregated,150.600000,0.000000,600,830,880,910,1000,1200,1700,1900,2600,3900,17000,123743,0,600,674.1007112987602,166.70445899944752,16661.9481250018,239.3344108353604
1776942154,100,,Aggregated,154.000000,0.000000,600,830,880,910,1000,1200,1700,1900,2600,3900,17000,123875,0,600,674.3165565381025,166.70445899944752,16661.9481250018,239.33278708375377
1776942155,100,,Aggregated,155.000000,0.000000,600,830,880,910,1000,1200,1700,1900,2600,3900,17000,123931,0,600,674.2595766087533,166.70445899944752,16661.9481250018,239.33276581323477
1776942156,100,,Aggregated,151.800000,0.000000,600,830,880,910,1000,1300,1700,1900,2600,3900,17000,124054,0,600,674.8058747168191,166.70445899944752,16661.9481250018,239.33286310800136
1776942157,100,,Aggregated,149.200000,0.000000,600,830,880,910,1000,1300,1700,1900,2600,3900,17000,124226,0,600,674.7426783352296,166.70445899944752,16661.9481250018,239.32998728124548
1776942158,100,,Aggregated,147.400000,0.000000,600,830,880,910,1000,1200,1700,1900,2600,3900,17000,124392,0,600,674.6232653794472,166.70445899944752,16661.9481250018,239.32893594443374
1776942159,100,,Aggregated,144.000000,0.000000,600,830,880,910,1000,1200,1700,1900,2600,3900,17000,124573,0,600,674.5397930088551,166.70445899944752,16661.9481250018,239.32798439469227
1776942160,100,,Aggregated,147.000000,0.000000,600,830,880,910,1000,1200,1700,1900,2600,3900,17000,124699,0,600,674.5394353612947,166.70445899944752,16661.9481250018,239.32831057185703
1776942161,100,,Aggregated,143.100000,0.000000,600,830,880,910,1000,1200,1700,1900,2600,3900,17000,124854,0,600,674.5047789314013,166.70445899944752,16661.9481250018,239.3315392378298
1776942162,100,,Aggregated,144.400000,0.000000,600,830,880,910,1000,1200,1700,1900,2600,3900,17000,125014,0,600,674.5118499903316,166.70445899944752,16661.9481250018,239.3336506311293
1776942163,100,,Aggregated,146.000000,0.000000,600,830,880,910,1000,1200,1700,1900,2600,3900,17000,125146,0,600,674.4708606786015,166.70445899944752,16661.9481250018,239.33428155913893
1776942164,100,,Aggregated,141.500000,0.000000,600,830,880,910,1000,1300,1700,1900,2600,3900,17000,125271,0,600,674.8688371445855,166.70445899944752,16661.9481250018,239.33386019110569
1776942165,100,,Aggregated,141.300000,0.000000,600,830,880,910,1000,1300,1700,1900,2600,3900,17000,125433,0,600,674.7679340210819,166.70445899944752,16661.9481250018,239.33440960512783
1776942166,100,,Aggregated,137.300000,0.000000,600,830,880,910,1000,1200,1700,1900,2600,3900,17000,125597,0,600,674.6525340087699,166.70445899944752,16661.9481250018,239.33402867902896
1776942167,100,,Aggregated,142.700000,0.000000,600,830,880,910,1000,1200,1700,1900,2600,3900,17000,125737,0,600,674.4827846704821,166.70445899944752,16661.9481250018,239.33418166490372
1776942168,100,,Aggregated,151.000000,0.000000,600,830,880,910,1000,1200,1700,1900,2600,3900,17000,125905,0,600,674.522716696369,166.70445899944752,16661.9481250018,239.33709542909335
1776942169,100,,Aggregated,153.800000,0.000000,600,830,880,910,1000,1200,1700,1900,2600,3900,17000,126038,0,600,674.5244969360066,166.70445899944752,16661.9481250018,239.33785842365
1776942170,100,,Aggregated,148.800000,0.000000,600,830,880,910,1000,1200,1700,1900,2600,3900,17000,126186,0,600,674.6430482758897,166.70445899944752,16661.9481250018,239.33907089534497
1776942171,100,,Aggregated,150.600000,0.000000,600,830,880,910,1000,1200,1700,1900,2600,3900,17000,126312,0,600,674.6612848244222,166.70445899944752,16661.9481250018,239.33631008930269
1776942172,100,,Aggregated,145.300000,0.000000,600,830,880,910,1000,1200,1700,1900,2600,3900,17000,126466,0,600,674.5922347747726,166.70445899944752,16661.9481250018,239.340629101893
1776942173,100,,Aggregated,142.400000,0.000000,600,830,880,910,1000,1200,1700,1900,2600,3900,17000,126657,0,600,674.5361914160638,166.70445899944752,16661.9481250018,239.3403364993644
1776942174,100,,Aggregated,146.300000,0.000000,600,830,880,910,1000,1200,1700,1900,2600,3900,17000,126811,0,600,674.4358975704579,166.70445899944752,16661.9481250018,239.33940273320138
1776942175,100,,Aggregated,144.100000,0.000000,600,830,880,910,1000,1200,1700,1900,2600,3900,17000,126945,0,600,674.4028978864029,166.70445899944752,16661.9481250018,239.34122651542006
1776942176,100,,Aggregated,152.800000,0.000000,600,830,880,910,1000,1200,1700,1900,2600,3900,17000,127097,0,600,674.4353107536875,166.70445899944752,16661.9481250018,239.34011817745503
1776942177,100,,Aggregated,149.100000,0.000000,600,830,880,910,1000,1200,1700,1900,2600,3900,17000,127228,0,600,674.3226125559353,166.70445899944752,16661.9481250018,239.3384710912692
1776942178,100,,Aggregated,148.500000,0.000000,600,830,880,910,1000,1200,1700,1900,2600,3900,17000,127407,0,600,674.339235471202,166.70445899944752,16661.9481250018,239.33760311442856
1776942179,100,,Aggregated,151.500000,0.000000,600,830,880,910,1000,1200,1700,1900,2600,3900,17000,127551,0,600,674.2445961616015,166.70445899944752,16661.9481250018,239.33475237356038
1776942180,100,,Aggregated,154.500000,0.000000,600,830,880,910,1000,1200,1700,1900,2600,3900,17000,127728,0,600,674.2700801342334,166.70445899944752,16661.9481250018,239.33589346110486
1776942181,100,,Aggregated,151.800000,0.000000,600,830,880,910,1000,1200,1700,1900,2600,3900,17000,127878,0,600,674.200662873077,166.70445899944752,16661.9481250018,239.33137834498507
1776942182,100,,Aggregated,154.600000,0.000000,600,830,880,910,1000,1200,1700,1900,2600,3900,17000,128041,0,600,674.0771608492772,166.70445899944752,16661.9481250018,239.32901180090752
1776942183,100,,Aggregated,158.900000,0.000000,600,830,880,910,1000,1200,1700,1900,2600,3900,17000,128202,0,600,674.113140721653,166.70445899944752,16661.9481250018,239.3268669755542
1776942184,100,,Aggregated,155.700000,0.000000,600,830,880,910,1000,1200,1700,1900,2600,3900,17000,128341,0,600,674.0628605876095,166.70445899944752,16661.9481250018,239.3256636616514
1776942185,100,,Aggregated,157.600000,0.000000,600,830,880,910,1000,1200,1700,1900,2600,3900,17000,128475,0,600,674.0887236953048,166.70445899944752,16661.9481250018,239.3249114613738
1776942186,100,,Aggregated,155.600000,0.000000,600,830,880,910,1000,1200,1700,1900,2600,3900,17000,128645,0,600,674.19806017145,166.70445899944752,16661.9481250018,239.32330832912277
1776942187,100,,Aggregated,154.200000,0.000000,600,830,880,910,1000,1200,1700,1900,2600,3900,17000,128804,0,600,674.1034314236211,166.70445899944752,16661.9481250018,239.3228005341449
1776942188,100,,Aggregated,153.500000,0.000000,600,830,880,910,1000,1200,1700,1900,2600,3900,17000,128962,0,600,673.9998604903617,166.70445899944752,16661.9481250018,239.3212108993347
1776942189,100,,Aggregated,149.600000,0.000000,600,830,880,910,1000,1200,1700,1900,2600,3900,17000,129116,0,600,673.9046262225291,166.70445899944752,16661.9481250018,239.31910839864926
1776942190,100,,Aggregated,151.700000,0.000000,600,830,880,910,1000,1200,1700,1900,2600,3900,17000,129299,0,600,673.9382925494248,166.70445899944752,16661.9481250018,239.3188655751398
1776942191,100,,Aggregated,150.900000,0.000000,600,830,880,910,1000,1200,1700,1900,2600,3900,17000,129431,0,600,673.8144799965934,166.70445899944752,16661.9481250018,239.320046974836
1776942192,100,,Aggregated,156.400000,0.000000,600,830,880,910,1000,1200,1700,1900,2600,3900,17000,129587,0,600,673.7978406432675,166.70445899944752,16661.9481250018,239.31910608317193
1776942193,100,,Aggregated,155.000000,0.000000,600,830,880,910,1000,1200,1700,1900,2600,3900,17000,129766,0,600,673.7391582032435,166.70445899944752,16661.9481250018,239.318943328761
1776942194,100,,Aggregated,153.900000,0.000000,600,830,880,910,1000,1200,1700,1900,2600,3900,17000,129912,0,600,673.8019125893995,166.70445899944752,16661.9481250018,239.3151287025063
1776942195,100,,Aggregated,153.300000,0.000000,600,830,880,910,1000,1200,1700,1900,2600,3700,17000,130081,0,600,673.7328249531605,166.70445899944752,16661.9481250018,239.31584935540164
1776942196,100,,Aggregated,153.500000,0.000000,600,830,880,910,1000,1200,1700,1900,2600,3700,17000,130230,0,600,673.6402920168716,166.70445899944752,16661.9481250018,239.31396759579206
1776942197,100,,Aggregated,158.500000,0.000000,600,830,880,910,1000,1200,1700,1900,2600,3700,17000,130286,0,600,673.4843378604235,166.70445899944752,16661.9481250018,239.31411663570913
1776942198,100,,Aggregated,160.200000,0.000000,600,830,880,910,1000,1200,1700,1900,2600,3700,17000,130428,0,600,674.0226295378917,166.70445899944752,16661.9481250018,239.3139586591836
1776942199,100,,Aggregated,159.700000,0.000000,600,830,880,910,1000,1200,1700,1900,2600,3700,17000,130475,0,600,674.0200885976561,166.70445899944752,16661.9481250018,239.31470396627705
1776942200,100,,Aggregated,147.300000,0.000000,600,830,880,910,1000,1200,1700,1900,2600,3700,17000,130593,0,600,674.5436025452985,166.70445899944752,16661.9481250018,239.31580559448057
1776942201,100,,Aggregated,147.200000,0.000000,600,830,880,910,1000,1200,1700,1900,2600,3700,17000,130740,0,600,674.5253454829439,166.70445899944752,16661.9481250018,239.31684258834326
1776942202,100,,Aggregated,132.300000,0.000000,600,830,880,910,1000,1200,1700,1900,2600,3700,17000,130898,0,600,674.4648514570285,166.70445899944752,16661.9481250018,239.32099802899967
1776942203,100,,Aggregated,133.300000,0.000000,600,830,880,910,1000,1200,1700,1900,2600,3700,17000,131050,0,600,674.4811991960097,166.70445899944752,16661.9481250018,239.32231209462037
1776942204,100,,Aggregated,135.500000,0.000000,600,830,880,910,1000,1200,1700,1900,2600,3700,17000,131196,0,600,674.4643978428313,166.70445899944752,16661.9481250018,239.32302814110187
1776942205,100,,Aggregated,135.700000,0.000000,600,830,880,910,1000,1200,1700,1900,2600,3700,17000,131384,0,600,674.4856357398468,166.70445899944752,16661.9481250018,239.32003135846068
1776942206,100,,Aggregated,136.700000,0.000000,600,830,880,910,1000,1200,1700,1900,2600,3700,17000,131540,0,600,674.4789588256425,166.70445899944752,16661.9481250018,239.32121027824235
1776942207,100,,Aggregated,132.500000,0.000000,600,830,880,910,1000,1200,1700,1900,2600,3700,17000,131688,0,600,674.4335489392654,166.70445899944752,16661.9481250018,239.31990006682463
1776942208,100,,Aggregated,133.400000,0.000000,600,830,880,910,1000,1200,1700,1900,2600,3700,17000,131882,0,600,674.4029263660013,166.70445899944752,16661.9481250018,239.31921717899334
1776942209,100,,Aggregated,132.800000,0.000000,600,830,880,910,1000,1200,1700,1900,2600,3700,17000,132003,0,600,674.4278018807756,166.70445899944752,16661.9481250018,239.3201669659023
