Timestamp,User Count,Type,Name,Requests/s,Failures/s,50%,66%,75%,80%,90%,95%,98%,99%,99.9%,99.99%,100%,Total Request Count,Total Failure Count,Total Median Response Time,Total Average Response Time,Total Min Response Time,Total Max Response Time,Total Average Content Size
1776945117,0,,Aggregated,0.000000,0.000000,N/A,N/A,N/A,N/A,N/A,N/A,N/A,N/A,N/A,N/A,N/A,0,0,0,0.0,0,0,0
1776945118,10,,Aggregated,0.000000,0.000000,N/A,N/A,N/A,N/A,N/A,N/A,N/A,N/A,N/A,N/A,N/A,0,0,0,0.0,0,0,0
1776945119,20,,Aggregated,0.000000,0.000000,N/A,N/A,N/A,N/A,N/A,N/A,N/A,N/A,N/A,N/A,N/A,0,0,0,0.0,0,0,0
1776945120,30,,Aggregated,0.000000,0.000000,N/A,N/A,N/A,N/A,N/A,N/A,N/A,N/A,N/A,N/A,N/A,0,0,0,0.0,0,0,0
1776945121,40,,Aggregated,0.000000,0.000000,N/A,N/A,N/A,N/A,N/A,N/A,N/A,N/A,N/A,N/A,N/A,0,0,0,0.0,0,0,0
1776945122,50,,Aggregated,0.000000,0.000000,N/A,N/A,N/A,N/A,N/A,N/A,N/A,N/A,N/A,N/A,N/A,0,0,0,0.0,0,0,0
1776945123,60,,Aggregated,0.000000,0.000000,N/A,N/A,N/A,N/A,N/A,N/A,N/A,N/A,N/A,N/A,N/A,0,0,0,0.0,0,0,0
1776945124,70,,Aggregated,0.000000,0.000000,N/A,N/A,N/A,N/A,N/A,N/A,N/A,N/A,N/A,N/A,N/A,0,0,0,0.0,0,0,0
1776945125,80,,Aggregated,0.000000,0.000000,N/A,N/A,N/A,N/A,N/A,N/A,N/A,N/A,N/A,N/A,N/A,0,0,0,0.0,0,0,0
1776945126,90,,Aggregated,0.000000,0.000000,N/A,N/A,N/A,N/A,N/A,N/A,N/A,N/A,N/A,N/A,N/A,0,0,0,0.0,0,0,0
1776945127,100,,Aggregated,0.000000,0.000000,4400,6300,7400,7500,8200,9200,9200,9700,9700,9700,9700,60,0,4300,4092.976620834088,258.833500003675,9679.4243750046,0.0
1776945128,100,,Aggregated,0.000000,0.000000,660,3200,5200,6300,8200,9200,10000,10000,10000,10000,10000,212,0,660,2807.7654687831973,189.14191699877847,10216.337458005,0.0
1776945129,100,,Aggregated,0.900000,0.000000,960,1200,2200,4200,7200,8700,10000,10000,10000,10000,10000,328,0,960,2112.375667186049,189.14191699877847,10216.337458005,0.0
1776945130,100,,Aggregated,15.400000,0.000000,690,970,1000,1200,5200,7700,9200,10000,10000,10000,10000,515,0,690,1577.324758101078,189.14191699877847,10216.337458005,0.0
1776945131,100,,Aggregated,25.500000,0.000000,700,890,970,1000,4200,7200,9200,10000,10000,10000,10000,652,0,690,1400.064045759235,189.14191699877847,10216.337458005,0.0
1776945132,100,,Aggregated,40.500000,0.000000,660,880,970,1000,2700,6300,9200,9700,10000,10000,10000,791,0,660,1278.6914653932502,189.14191699877847,10216.337458005,0.0
1776945133,100,,Aggregated,54.700000,0.000000,650,810,960,970,1200,5500,8200,9200,10000,10000,10000,963,0,650,1162.3480478016872,189.14191699877847,10216.337458005,0.0
1776945134,100,,Aggregated,67.200000,0.000000,650,810,910,970,1200,4400,7700,9200,10000,10000,10000,1131,0,650,1080.9971670990933,189.14191699877847,10216.337458005,0.0
1776945135,100,,Aggregated,86.800000,0.000000,630,770,910,970,1200,4300,7700,9200,10000,10000,10000,1259,0,630,1033.0151846609228,182.47441700077616,10216.337458005,0.0
1776945136,100,,Aggregated,100.200000,0.000000,640,810,890,970,1100,3200,7400,9200,10000,10000,10000,1445,0,640,985.7140527301831,182.47441700077616,10216.337458005,0.0
1776945137,100,,Aggregated,116.100000,0.000000,620,810,870,960,1000,2200,7200,8700,10000,10000,10000,1603,0,620,948.0873475172448,182.47441700077616,10216.337458005,0.0
1776945138,100,,Aggregated,131.300000,0.000000,620,820,870,960,1000,1700,6400,8700,10000,10000,10000,1752,0,620,923.0874170902514,178.73966700426536,10216.337458005,0.0
1776945139,100,,Aggregated,146.600000,0.000000,620,830,870,960,1000,1200,6400,8200,10000,10000,10000,1890,0,620,902.6674235662038,178.73966700426536,10216.337458005,0.0
1776945140,100,,Aggregated,147.800000,0.000000,620,830,880,960,1000,1200,6300,8200,10000,10000,10000,2054,0,620,880.3039269304694,178.73966700426536,10216.337458005,0.0
1776945141,100,,Aggregated,152.500000,0.000000,620,820,870,960,1000,1200,6200,7700,10000,10000,10000,2205,0,620,867.6479267062164,178.73966700426536,10216.337458005,0.0
1776945142,100,,Aggregated,153.800000,0.000000,620,830,880,960,1000,1200,5700,7700,10000,10000,10000,2366,0,620,853.058788609151,178.73966700426536,10216.337458005,0.0
1776945143,100,,Aggregated,155.300000,0.000000,620,810,870,940,1000,1200,5400,7700,10000,10000,10000,2477,0,620,843.3648887820901,178.73966700426536,10216.337458005,0.0
1776945144,100,,Aggregated,157.100000,0.000000,620,820,880,960,1000,1300,5200,7700,10000,10000,10000,2569,0,620,845.4280297015437,178.73966700426536,10216.337458005,0.0
1776945145,100,,Aggregated,155.400000,0.000000,640,840,930,970,1100,1600,5200,7500,10000,10000,10000,2669,0,640,868.7489393537902,178.73966700426536,10216.337458005,0.0
1776945146,100,,Aggregated,153.600000,0.000000,640,840,940,970,1100,1500,4400,7400,10000,10000,10000,2830,0,640,858.976558865475,178.73966700426536,10216.337458005,0.0
1776945147,100,,Aggregated,140.800000,0.000000,630,830,930,970,1100,1500,4300,7400,10000,10000,10000,2962,0,630,847.4092859977317,178.73966700426536,10216.337458005,0.0
1776945148,100,,Aggregated,139.000000,0.000000,630,840,930,970,1100,1500,4300,7200,10000,10000,10000,3123,0,630,836.7258534800683,178.73966700426536,10216.337458005,0.0
1776945149,100,,Aggregated,139.900000,0.000000,620,840,930,970,1000,1400,4200,7200,10000,10000,10000,3277,0,620,826.9308391316017,178.73966700426536,10216.337458005,0.0
1776945150,100,,Aggregated,140.100000,0.000000,620,830,930,960,1000,1400,3700,6400,10000,10000,10000,3396,0,620,818.8604541973629,178.73966700426536,10216.337458005,0.0
1776945151,100,,Aggregated,139.100000,0.000000,620,830,930,970,1100,1400,3200,6400,10000,10000,10000,3575,0,620,812.1585378299937,178.73966700426536,10216.337458005,0.0
1776945152,100,,Aggregated,138.900000,0.000000,620,830,930,970,1100,1400,3200,6400,10000,10000,10000,3734,0,620,809.087973963923,178.73966700426536,10216.337458005,0.0
1776945153,100,,Aggregated,137.300000,0.000000,620,830,930,970,1100,1400,3200,6300,10000,10000,10000,3851,0,620,809.7695429834536,178.73966700426536,10216.337458005,0.0
1776945154,100,,Aggregated,136.600000,0.000000,620,830,930,960,1100,1400,2200,6300,10000,10000,10000,4023,0,620,801.6549197286201,178.73966700426536,10216.337458005,0.0
1776945155,100,,Aggregated,132.000000,0.000000,620,830,910,960,1100,1300,2200,6300,10000,10000,10000,4172,0,620,795.5097621513046,178.73966700426536,10216.337458005,0.0
1776945156,100,,Aggregated,135.000000,0.000000,620,820,900,960,1100,1300,2200,6300,10000,10000,10000,4346,0,620,788.2459301901197,178.73966700426536,10216.337458005,0.0
1776945157,100,,Aggregated,147.900000,0.000000,620,810,890,950,1000,1300,1700,6200,10000,10000,10000,4483,0,620,782.1976618004228,178.73966700426536,10216.337458005,0.0
1776945158,100,,Aggregated,151.800000,0.000000,620,820,890,950,1000,1300,1700,5700,10000,10000,10000,4659,0,620,779.1527616379478,178.73966700426536,10216.337458005,0.0
1776945159,100,,Aggregated,150.900000,0.000000,630,810,890,940,1000,1300,1700,5700,10000,10000,10000,4782,0,630,775.6227395717766,178.73966700426536,10216.337458005,0.0
1776945160,100,,Aggregated,148.700000,0.000000,620,790,880,940,1000,1300,1600,5400,10000,10000,10000,4961,0,620,769.1898125223241,178.73966700426536,10216.337458005,0.0
1776945161,100,,Aggregated,151.100000,0.000000,620,780,880,940,1000,1300,1600,5200,10000,10000,10000,5147,0,620,764.3065118766656,178.73966700426536,10216.337458005,0.0
1776945162,100,,Aggregated,148.800000,0.000000,620,760,870,940,1000,1300,1600,5200,10000,10000,10000,5270,0,620,758.785856452409,178.73966700426536,10216.337458005,0.0
1776945163,100,,Aggregated,154.300000,0.000000,620,770,870,940,1000,1300,1600,4700,10000,10000,10000,5449,0,620,755.1060690804238,178.73966700426536,10216.337458005,0.0
1776945164,100,,Aggregated,156.300000,0.000000,620,770,880,940,1000,1300,1600,4400,10000,10000,10000,5588,0,620,753.4810597870875,178.73966700426536,10216.337458005,0.0
1776945165,100,,Aggregated,157.500000,0.000000,620,760,870,940,1000,1200,1600,4400,10000,10000,10000,5771,0,620,749.4626862549318,178.73966700426536,10216.337458005,0.0
1776945166,100,,Aggregated,156.900000,0.000000,620,760,870,930,1000,1200,1600,4300,10000,10000,10000,5911,0,620,746.128480940146,177.19162499997765,10216.337458005,0.0
1776945167,100,,Aggregated,156.400000,0.000000,620,760,870,930,1000,1200,1600,4300,10000,10000,10000,6072,0,620,745.3084635214327,177.19162499997765,10216.337458005,0.0
1776945168,100,,Aggregated,155.700000,0.000000,620,750,870,930,1000,1200,1600,4300,10000,10000,10000,6256,0,620,740.786964267605,177.19162499997765,10216.337458005,0.0
1776945169,100,,Aggregated,158.800000,0.000000,620,750,870,930,1000,1200,1600,4300,10000,10000,10000,6374,0,620,737.5069994700507,177.19162499997765,10216.337458005,0.0
1776945170,100,,Aggregated,158.700000,0.000000,620,750,870,930,1000,1200,1600,4200,10000,10000,10000,6553,0,620,736.8043057891203,177.19162499997765,10216.337458005,0.0
1776945171,100,,Aggregated,160.200000,0.000000,620,750,870,930,1000,1200,1600,4200,10000,10000,10000,6680,0,620,738.3096074672391,177.19162499997765,10216.337458005,0.0
1776945172,100,,Aggregated,158.900000,0.000000,620,750,870,920,1000,1200,1600,3700,10000,10000,10000,6824,0,620,735.2288173797047,177.19162499997765,10216.337458005,0.0
1776945173,100,,Aggregated,154.400000,0.000000,630,740,860,920,1000,1200,1600,3700,10000,10000,10000,6975,0,630,733.5295088005786,177.19162499997765,10216.337458005,0.0
1776945174,100,,Aggregated,153.400000,0.000000,620,730,860,910,1000,1200,1500,3200,9700,10000,10000,7162,0,620,730.5250800416208,177.19162499997765,10216.337458005,0.0
1776945175,100,,Aggregated,154.000000,0.000000,620,730,860,910,1000,1200,1500,3200,9700,10000,10000,7315,0,620,728.37079075107,177.19162499997765,10216.337458005,0.0
1776945176,100,,Aggregated,155.700000,0.000000,620,730,850,910,1000,1200,1500,3200,9700,10000,10000,7466,0,620,724.610729056404,177.19162499997765,10216.337458005,0.0
1776945177,100,,Aggregated,155.300000,0.000000,620,730,860,910,1000,1200,1500,3200,9700,10000,10000,7614,0,620,723.5568617139668,177.19162499997765,10216.337458005,0.0
1776945178,100,,Aggregated,156.100000,0.000000,620,740,860,910,1000,1200,1500,2700,9700,10000,10000,7811,0,620,722.837313586115,177.19162499997765,10216.337458005,0.0
1776945179,100,,Aggregated,154.100000,0.000000,610,730,860,900,1000,1200,1500,2700,9700,10000,10000,7983,0,610,719.4349523150645,177.19162499997765,10216.337458005,0.0
1776945180,100,,Aggregated,156.700000,0.000000,610,730,860,900,1000,1200,1400,2200,9300,10000,10000,8119,0,610,717.3551670059402,177.19162499997765,10216.337458005,0.0
1776945181,100,,Aggregated,153.600000,0.000000,610,730,860,900,1000,1200,1400,2200,9300,10000,10000,8268,0,610,715.1188979765616,177.19162499997765,10216.337458005,0.0
1776945182,100,,Aggregated,157.700000,0.000000,610,740,860,900,1000,1100,1400,2200,9300,10000,10000,8454,0,610,713.6279119210129,177.19162499997765,10216.337458005,0.0
1776945183,100,,Aggregated,155.900000,0.000000,610,740,860,900,1000,1100,1400,2200,9300,10000,10000,8612,0,610,712.2451897412024,177.19162499997765,10216.337458005,0.0
1776945184,100,,Aggregated,160.300000,0.000000,610,740,860,900,1000,1100,1400,1700,9300,10000,10000,8771,0,610,711.405130800964,177.19162499997765,10216.337458005,0.0
1776945185,100,,Aggregated,159.800000,0.000000,610,740,860,900,1000,1100,1400,1700,9300,10000,10000,8898,0,610,710.6390925676824,177.19162499997765,10216.337458005,0.0
1776945186,100,,Aggregated,160.300000,0.000000,610,740,860,900,1000,1100,1400,1700,9200,10000,10000,9048,0,610,709.4687223232986,177.19162499997765,10216.337458005,0.0
1776945187,100,,Aggregated,161.100000,0.000000,610,750,860,900,1000,1100,1400,1700,9200,10000,10000,9164,0,610,710.4541499021362,177.19162499997765,10216.337458005,0.0
1776945188,100,,Aggregated,157.700000,0.000000,610,750,870,900,1000,1100,1400,1700,9200,10000,10000,9342,0,610,710.1916023015536,177.19162499997765,10216.337458005,0.0
1776945189,100,,Aggregated,153.900000,0.000000,610,750,860,900,1000,1100,1400,1700,9200,10000,10000,9501,0,610,709.1039585045911,177.19162499997765,10216.337458005,0.0
1776945190,100,,Aggregated,149.100000,0.000000,610,760,860,900,1000,1100,1400,1600,9200,10000,10000,9656,0,610,707.3104160327402,177.19162499997765,10216.337458005,0.0
1776945191,100,,Aggregated,153.500000,0.000000,610,760,860,900,1000,1100,1400,1600,9200,10000,10000,9786,0,610,706.3965910398693,177.19162499997765,10216.337458005,0.0
1776945192,100,,Aggregated,152.200000,0.000000,620,760,860,900,1000,1100,1400,1600,9200,10000,10000,9940,0,620,706.8576815140055,177.19162499997765,10216.337458005,0.0
1776945193,100,,Aggregated,153.900000,0.000000,610,760,860,900,1000,1100,1400,1600,9200,10000,10000,10103,0,610,705.0224207157579,177.19162499997765,10216.337458005,0.0
1776945194,100,,Aggregated,147.700000,0.000000,610,760,860,900,1000,1100,1400,1600,9200,10000,10000,10260,0,610,703.9128425465208,177.19162499997765,10216.337458005,0.0
1776945195,100,,Aggregated,148.500000,0.000000,610,760,860,900,1000,1100,1300,1600,9200,10000,10000,10407,0,610,702.8701906157705,177.19162499997765,10216.337458005,0.0
1776945196,100,,Aggregated,150.000000,0.000000,610,760,860,900,1000,1100,1300,1600,9200,10000,10000,10594,0,610,702.3199753791133,177.19162499997765,10216.337458005,0.0
1776945197,100,,Aggregated,149.200000,0.000000,610,760,860,900,1000,1100,1300,1600,9200,10000,10000,10736,0,610,701.723715478608,177.19162499997765,10216.337458005,0.0
1776945198,100,,Aggregated,149.300000,0.000000,610,760,860,900,1000,1100,1300,1600,9200,10000,10000,10912,0,610,699.9989478602778,177.19162499997765,10216.337458005,0.0
1776945199,100,,Aggregated,154.400000,0.000000,610,760,860,900,1000,1100,1300,1600,9200,10000,10000,11067,0,610,699.636308861964,177.19162499997765,10216.337458005,0.0
1776945200,100,,Aggregated,157.100000,0.000000,610,760,860,900,1000,1100,1300,1600,9200,10000,10000,11220,0,610,698.210940575523,177.19162499997765,10216.337458005,0.0
1776945201,100,,Aggregated,155.800000,0.000000,610,760,870,900,1000,1100,1300,1600,9200,10000,10000,11362,0,610,699.5518884666793,177.19162499997765,10216.337458005,0.0
1776945202,100,,Aggregated,155.900000,0.000000,610,760,870,900,1000,1100,1300,1600,9200,10000,10000,11482,0,610,699.9994176441752,177.19162499997765,10216.337458005,0.0
1776945204,100,,Aggregated,156.200000,0.000000,610,760,870,900,1000,1100,1300,1600,9200,10000,10000,11631,0,610,699.0931168200897,177.19162499997765,10216.337458005,0.0
1776945205,100,,Aggregated,157.600000,0.000000,610,760,870,900,1000,1100,1300,1600,9200,10000,10000,11783,0,610,698.746930114105,177.19162499997765,10216.337458005,0.0
1776945206,100,,Aggregated,151.400000,0.000000,610,770,870,900,1000,1100,1300,1600,9200,10000,10000,11916,0,610,698.0529649066365,177.19162499997765,10216.337458005,0.0
1776945207,100,,Aggregated,151.500000,0.000000,610,770,870,900,1000,1100,1300,1600,9200,10000,10000,12076,0,610,698.5953329009153,177.19162499997765,10216.337458005,0.0
1776945208,100,,Aggregated,150.600000,0.000000,620,770,870,900,1000,1100,1300,1600,9200,10000,10000,12227,0,620,698.1589455806383,177.19162499997765,10216.337458005,0.0
1776945209,100,,Aggregated,147.300000,0.000000,620,780,870,910,1000,1100,1300,1600,9200,10000,10000,12347,0,620,698.2471988122201,177.19162499997765,10216.337458005,0.0
1776945210,100,,Aggregated,149.000000,0.000000,620,780,870,910,1000,1100,1300,1600,9200,10000,10000,12451,0,620,699.1821800909563,177.19162499997765,10216.337458005,0.0
1776945211,100,,Aggregated,149.000000,0.000000,620,780,870,910,1000,1100,1300,1600,9200,10000,10000,12614,0,620,698.4554168162748,177.19162499997765,10216.337458005,0.0
1776945212,100,,Aggregated,143.300000,0.000000,620,790,870,910,1000,1100,1300,1600,9200,10000,10000,12746,0,620,698.6475804215073,177.19162499997765,10216.337458005,0.0
1776945213,100,,Aggregated,137.700000,0.000000,620,790,870,910,1000,1100,1300,1600,9200,10000,10000,12914,0,620,697.9674701148033,177.19162499997765,10216.337458005,0.0
1776945214,100,,Aggregated,138.400000,0.000000,620,790,870,910,1000,1100,1300,1600,9200,10000,10000,13074,0,620,697.1234103545631,177.19162499997765,10216.337458005,0.0
1776945215,100,,Aggregated,143.200000,0.000000,620,800,870,910,1000,1100,1300,1600,9200,10000,10000,13253,0,620,696.4148426812502,177.19162499997765,10216.337458005,0.0
1776945216,100,,Aggregated,143.500000,0.000000,620,800,870,910,1000,1100,1300,1600,9200,10000,10000,13296,0,620,698.4718227014613,177.19162499997765,10216.337458005,0.0
1776945217,100,,Aggregated,143.500000,0.000000,620,810,880,910,1000,1100,1400,1600,9200,10000,10000,13396,0,620,701.2108713518672,177.19162499997765,10216.337458005,0.0
1776945218,100,,Aggregated,134.400000,0.000000,620,810,880,910,1000,1100,1300,1600,9200,10000,10000,13570,0,620,702.1226309323293,177.19162499997765,10216.337458005,0.0
1776945219,100,,Aggregated,134.400000,0.000000,620,810,880,910,1000,1100,1300,1600,9200,10000,10000,13672,0,620,702.0403524724782,177.19162499997765,10216.337458005,0.0
1776945220,100,,Aggregated,134.100000,0.000000,620,810,880,910,1000,1200,1400,1600,9200,10000,10000,13845,0,620,703.176217292575,177.19162499997765,10216.337458005,0.0
1776945221,100,,Aggregated,132.600000,0.000000,620,800,880,910,1000,1200,1400,1600,9200,10000,10000,13987,0,620,701.931950546131,177.19162499997765,10216.337458005,0.0
1776945222,100,,Aggregated,138.600000,0.000000,620,800,880,910,1000,1200,1400,1600,9200,10000,10000,14168,0,620,701.2571397041012,176.93958400195697,10216.337458005,0.0
1776945223,100,,Aggregated,136.500000,0.000000,610,800,880,910,1000,1200,1400,1600,9200,10000,10000,14294,0,610,700.5258087104124,176.93958400195697,10216.337458005,0.0
1776945224,100,,Aggregated,136.500000,0.000000,610,800,880,910,1000,1200,1400,1600,9200,10000,10000,14475,0,610,700.0712250604961,176.93958400195697,10216.337458005,0.0
1776945225,100,,Aggregated,137.900000,0.000000,610,800,880,910,1000,1100,1400,1600,9200,10000,10000,14636,0,610,698.8846202342608,176.93958400195697,10216.337458005,0.0
1776945226,100,,Aggregated,140.900000,0.000000,610,790,880,910,1000,1100,1400,1600,9200,10000,10000,14800,0,610,698.1109337592284,176.93958400195697,10216.337458005,0.0
1776945227,100,,Aggregated,140.100000,0.000000,610,790,880,910,1000,1100,1400,1600,9200,10000,10000,14959,0,610,697.1690267290313,176.93958400195697,10216.337458005,0.0
1776945228,100,,Aggregated,153.000000,0.000000,610,790,870,910,1000,1100,1400,1600,9200,10000,10000,15122,0,610,696.5359606263463,176.93958400195697,10216.337458005,0.0
1776945229,100,,Aggregated,155.800000,0.000000,610,790,870,910,1000,1100,1400,1600,9200,10000,10000,15279,0,610,695.9877086043373,176.93958400195697,10216.337458005,0.0
1776945230,100,,Aggregated,155.800000,0.000000,610,790,880,910,1000,1100,1400,1600,9200,10000,10000,15404,0,610,696.3795816738933,176.93958400195697,10216.337458005,0.0
1776945231,100,,Aggregated,160.100000,0.000000,610,800,880,910,1000,1100,1400,1600,9200,10000,10000,15524,0,610,696.6501394226136,176.93958400195697,10216.337458005,0.0
1776945232,100,,Aggregated,160.100000,0.000000,610,800,880,910,1000,1100,1400,1600,9200,10000,10000,15648,0,610,696.9384746542494,176.93958400195697,10216.337458005,0.0
1776945233,100,,Aggregated,153.800000,0.000000,610,810,880,910,1000,1100,1400,1600,9200,10000,10000,15826,0,610,697.2095852905821,176.93958400195697,10216.337458005,0.0
1776945234,100,,Aggregated,151.500000,0.000000,610,800,880,910,1000,1100,1300,1600,9200,10000,10000,15981,0,610,696.115326393449,176.93958400195697,10216.337458005,0.0
1776945235,100,,Aggregated,153.200000,0.000000,610,800,880,910,1000,1100,1300,1600,8700,10000,10000,16134,0,610,695.36383212283,176.93958400195697,10216.337458005,0.0
1776945236,100,,Aggregated,150.300000,0.000000,610,800,880,910,1000,1100,1300,1600,8700,10000,10000,16310,0,610,694.8272798827525,176.93958400195697,10216.337458005,0.0
1776945236,100,,Aggregated,150.300000,0.000000,610,800,880,910,1000,1100,1300,1600,8700,10000,10000,16471,0,610,693.978272373487,176.93958400195697,10216.337458005,0.0
1776945237,100,,Aggregated,149.000000,0.000000,610,800,880,910,1000,1100,1300,1600,8700,10000,10000,16653,0,610,693.3841037408716,176.93958400195697,10216.337458005,0.0
1776945238,100,,Aggregated,151.900000,0.000000,610,800,880,910,1000,1100,1300,1600,8700,10000,10000,16773,0,610,692.4818906558581,176.93958400195697,10216.337458005,0.0
1776945239,100,,Aggregated,152.500000,0.000000,610,800,880,910,1000,1100,1300,1600,8700,10000,10000,16910,0,610,692.2143320656869,176.93958400195697,10216.337458005,0.0
1776945240,100,,Aggregated,155.500000,0.000000,610,790,880,910,1000,1100,1300,1600,8700,10000,10000,17107,0,610,692.196295930481,176.93958400195697,10216.337458005,0.0
1776945241,100,,Aggregated,153.800000,0.000000,610,790,880,910,1000,1100,1300,1600,8700,10000,10000,17257,0,610,691.7865254403301,176.93958400195697,10216.337458005,0.0
1776945242,100,,Aggregated,153.000000,0.000000,610,790,880,910,1000,1100,1300,1600,8700,10000,10000,17395,0,610,691.8117704548283,176.93958400195697,10216.337458005,0.0
1776945243,100,,Aggregated,159.000000,0.000000,610,790,870,910,1000,1100,1300,1600,8700,10000,10000,17495,0,610,691.0507311746051,176.93958400195697,10216.337458005,0.0
1776945244,100,,Aggregated,160.900000,0.000000,610,800,880,910,1000,1100,1400,1600,8700,10000,10000,17659,0,610,693.5130691166366,176.93958400195697,10216.337458005,0.0
1776945245,100,,Aggregated,160.200000,0.000000,610,800,880,910,1000,1100,1400,1600,8700,10000,10000,17771,0,610,694.03000882948,176.93958400195697,10216.337458005,0.0
1776945246,100,,Aggregated,155.100000,0.000000,610,800,880,910,1000,1100,1400,1600,8700,10000,10000,17877,0,610,695.165988663294,176.93958400195697,10216.337458005,0.0
1776945247,100,,Aggregated,156.400000,0.000000,610,800,880,920,1000,1100,1400,1600,8200,10000,10000,18013,0,610,695.1783601263913,176.93958400195697,10216.337458005,0.0
1776945248,100,,Aggregated,148.000000,0.000000,610,810,880,920,1000,1100,1400,1600,8200,10000,10000,18205,0,610,694.8050461551578,176.93958400195697,10216.337458005,0.0
1776945249,100,,Aggregated,143.800000,0.000000,610,810,880,920,1000,1100,1400,1600,8200,10000,10000,18354,0,610,694.0692529514922,176.93958400195697,10216.337458005,0.0
1776945250,100,,Aggregated,139.600000,0.000000,610,810,880,920,1000,1100,1400,1600,8200,10000,10000,18497,0,610,693.8131214908209,176.93958400195697,10216.337458005,0.0
1776945251,100,,Aggregated,139.600000,0.000000,610,800,880,920,1000,1100,1400,1600,8200,10000,10000,18648,0,610,693.014964051788,176.93958400195697,10216.337458005,0.0
1776945252,100,,Aggregated,142.100000,0.000000,610,800,880,920,1000,1100,1400,1600,8200,10000,10000,18826,0,610,692.7793535014174,176.93958400195697,10216.337458005,0.0
1776945253,100,,Aggregated,139.000000,0.000000,610,800,880,920,1000,1100,1300,1600,8200,10000,10000,18984,0,610,691.6772337618378,176.93958400195697,10216.337458005,0.0
1776945254,100,,Aggregated,140.100000,0.000000,610,800,880,920,1000,1100,1400,1600,8200,10000,10000,19119,0,610,692.4043997825604,176.93958400195697,10216.337458005,0.0
1776945255,100,,Aggregated,140.600000,0.000000,610,810,880,920,1000,1100,1300,1600,8200,10000,10000,19295,0,610,692.5497676965425,176.93958400195697,10216.337458005,0.0
1776945256,100,,Aggregated,145.500000,0.000000,610,810,880,920,1000,1100,1300,1600,8200,10000,10000,19447,0,610,691.6451377716813,176.93958400195697,10216.337458005,0.0
1776945257,100,,Aggregated,146.200000,0.000000,610,810,880,920,1000,1100,1300,1600,8200,10000,10000,19573,0,610,691.6246978487652,175.309540994931,10216.337458005,0.0
1776945258,100,,Aggregated,150.800000,0.000000,610,810,880,920,1000,1100,1300,1600,8200,10000,10000,19704,0,610,692.035478980508,175.309540994931,10216.337458005,0.0
1776945260,100,,Aggregated,153.300000,0.000000,610,810,880,920,1000,1100,1300,1600,8200,10000,10000,19820,0,610,692.2048397745682,175.309540994931,10216.337458005,0.0
1776945261,100,,Aggregated,150.200000,0.000000,610,810,880,920,1000,1100,1400,1600,8200,10000,10000,19954,0,610,693.2423554046745,175.309540994931,10216.337458005,0.0
1776945262,100,,Aggregated,149.700000,0.000000,610,810,880,920,1000,1100,1400,1600,8200,10000,10000,20149,0,610,692.8194580580109,175.309540994931,10216.337458005,0.0
1776945263,100,,Aggregated,145.700000,0.000000,610,810,880,920,1000,1100,1400,1600,8200,10000,10000,20255,0,610,691.5036790520306,173.71745799755445,10216.337458005,0.0
1776945264,100,,Aggregated,145.700000,0.000000,610,800,880,920,1000,1100,1400,1600,8200,10000,10000,20428,0,610,691.5710193032041,173.71745799755445,10216.337458005,0.0
1776945265,100,,Aggregated,149.100000,0.000000,610,800,880,920,1000,1100,1400,1600,8200,10000,10000,20590,0,610,690.8566721687631,173.71745799755445,10216.337458005,0.0
1776945266,100,,Aggregated,142.000000,0.000000,610,810,880,920,1000,1100,1400,1600,8200,10000,10000,20769,0,610,690.7763942267222,173.71745799755445,10216.337458005,0.0
1776945267,100,,Aggregated,145.000000,0.000000,610,810,880,920,1000,1100,1400,1600,8200,10000,10000,20919,0,610,690.0639400738029,173.71745799755445,10216.337458005,0.0
1776945268,100,,Aggregated,147.300000,0.000000,610,810,880,920,1000,1100,1400,1600,8200,10000,10000,21066,0,610,690.0263623668405,173.71745799755445,10216.337458005,0.0
1776945269,100,,Aggregated,146.800000,0.000000,610,810,880,920,1000,1100,1400,1600,8200,10000,10000,21238,0,610,689.6179764628905,173.71745799755445,10216.337458005,0.0
1776945270,100,,Aggregated,146.800000,0.000000,610,800,880,920,1000,1100,1400,1600,8200,10000,10000,21398,0,610,689.012494621597,173.71745799755445,10216.337458005,0.0
1776945271,100,,Aggregated,152.200000,0.000000,610,810,880,920,1000,1100,1400,1600,8200,10000,10000,21552,0,610,688.7735765977129,173.71745799755445,10216.337458005,0.0
1776945272,100,,Aggregated,157.800000,0.000000,610,810,880,920,1000,1100,1400,1600,8200,10000,10000,21694,0,610,688.7392532153093,173.71745799755445,10216.337458005,0.0
1776945273,100,,Aggregated,158.900000,0.000000,610,810,880,920,1000,1100,1400,1600,8200,10000,10000,21848,0,610,688.7233375269074,173.71745799755445,10216.337458005,0.0
1776945274,100,,Aggregated,154.200000,0.000000,610,810,880,920,1000,1100,1400,1600,8200,10000,10000,21990,0,610,688.7746728206383,173.71745799755445,10216.337458005,0.0
1776945275,100,,Aggregated,156.000000,0.000000,610,810,880,920,1000,1100,1300,1600,7700,10000,10000,22109,0,610,688.8412118421379,173.71745799755445,10216.337458005,0.0
1776945276,100,,Aggregated,153.200000,0.000000,610,820,880,920,1000,1100,1300,1600,7700,10000,10000,22255,0,610,689.4679515798593,173.71745799755445,10216.337458005,0.0
1776945277,100,,Aggregated,148.700000,0.000000,610,820,880,920,1000,1100,1300,1600,7700,10000,10000,22400,0,610,688.9157777027127,173.71745799755445,10216.337458005,0.0
1776945278,100,,Aggregated,145.500000,0.000000,610,820,880,920,1000,1100,1300,1600,7700,10000,10000,22590,0,610,688.6471883465099,173.71745799755445,10216.337458005,0.0
1776945279,100,,Aggregated,147.700000,0.000000,610,820,880,920,1000,1100,1300,1600,7700,10000,10000,22710,0,610,688.681594985629,173.71745799755445,10216.337458005,0.0
1776945280,100,,Aggregated,149.100000,0.000000,610,820,880,920,1000,1100,1300,1600,7700,10000,10000,22894,0,610,688.3173248792954,173.71745799755445,10216.337458005,0.0
1776945281,100,,Aggregated,146.300000,0.000000,610,820,880,920,1000,1100,1300,1600,7700,10000,10000,23062,0,610,688.1148995872645,173.71745799755445,10216.337458005,0.0
1776945282,100,,Aggregated,143.400000,0.000000,610,820,880,920,1000,1100,1300,1600,7700,10000,10000,23195,0,610,688.337158519489,173.71745799755445,10216.337458005,0.0
1776945283,100,,Aggregated,145.100000,0.000000,610,820,880,920,1000,1100,1300,1600,7700,10000,10000,23335,0,610,687.6920647143584,173.71745799755445,10216.337458005,0.0
1776945284,100,,Aggregated,142.400000,0.000000,610,820,880,920,1000,1100,1300,1600,7700,10000,10000,23487,0,610,687.1623725404474,173.71745799755445,10216.337458005,0.0
1776945285,100,,Aggregated,148.700000,0.000000,610,820,880,920,1000,1100,1300,1600,7700,10000,10000,23630,0,610,686.781408341325,173.71745799755445,10216.337458005,0.0
1776945286,100,,Aggregated,151.800000,0.000000,610,820,880,920,1000,1100,1300,1600,7700,10000,10000,23811,0,610,686.5581656157068,173.71745799755445,10216.337458005,0.0
1776945287,100,,Aggregated,151.800000,0.000000,610,820,880,920,1000,1100,1300,1600,7700,10000,10000,23958,0,610,685.8387064868784,173.71745799755445,10216.337458005,0.0
1776945288,100,,Aggregated,153.300000,0.000000,610,820,880,920,1000,1100,1300,1600,7700,10000,10000,24123,0,610,685.7745364322267,173.71745799755445,10216.337458005,0.0
1776945289,100,,Aggregated,156.300000,0.000000,610,820,880,920,1000,1100,1300,1600,7700,10000,10000,24272,0,610,685.8272588878822,173.71745799755445,10216.337458005,0.0
1776945290,100,,Aggregated,156.700000,0.000000,610,820,880,920,1000,1100,1300,1600,7700,10000,10000,24431,0,610,685.7855693542501,173.71745799755445,10216.337458005,0.0
1776945291,100,,Aggregated,155.800000,0.000000,610,820,880,920,1000,1100,1300,1600,7700,10000,10000,24546,0,610,685.6438262808886,173.71745799755445,10216.337458005,0.0
1776945292,100,,Aggregated,153.400000,0.000000,610,820,880,920,1000,1100,1300,1500,7700,10000,10000,24741,0,610,685.1682828003202,173.71745799755445,10216.337458005,0.0
1776945293,100,,Aggregated,155.100000,0.000000,610,820,880,920,1000,1100,1300,1500,7700,10000,10000,24898,0,610,684.8685211920935,173.71745799755445,10216.337458005,0.0
1776945294,100,,Aggregated,159.000000,0.000000,610,820,880,920,1000,1100,1300,1500,7700,10000,10000,25048,0,610,684.3454817953409,173.71745799755445,10216.337458005,0.0
1776945295,100,,Aggregated,154.200000,0.000000,610,820,880,920,1000,1100,1300,1500,7700,10000,10000,25175,0,610,684.1724448046355,173.71745799755445,10216.337458005,0.0
1776945296,100,,Aggregated,154.200000,0.000000,610,820,880,920,1000,1100,1300,1500,7700,10000,10000,25328,0,610,683.9028567610828,173.71745799755445,10216.337458005,0.0
1776945297,100,,Aggregated,154.300000,0.000000,610,820,880,920,1000,1100,1300,1500,7700,10000,10000,25487,0,610,683.6072097298919,173.71745799755445,10216.337458005,0.0
1776945298,100,,Aggregated,154.100000,0.000000,610,810,880,920,1000,1100,1300,1500,7700,10000,10000,25666,0,610,683.3113356407987,173.71745799755445,10216.337458005,0.0
1776945299,100,,Aggregated,152.900000,0.000000,610,820,880,920,1000,1100,1300,1500,7700,10000,10000,25821,0,610,683.3784946029876,173.71745799755445,10216.337458005,0.0
1776945300,100,,Aggregated,153.700000,0.000000,610,820,880,920,1000,1100,1300,1500,7700,10000,10000,25970,0,610,683.3176113599828,173.71745799755445,10216.337458005,0.0
1776945301,100,,Aggregated,154.900000,0.000000,610,820,880,920,1000,1100,1300,1500,7500,10000,10000,26121,0,610,682.8421941757472,173.71745799755445,10216.337458005,0.0
1776945302,100,,Aggregated,156.900000,0.000000,610,820,880,920,1000,1100,1300,1500,7500,10000,10000,26277,0,610,682.9031251072312,173.71745799755445,10216.337458005,0.0
1776945303,100,,Aggregated,157.400000,0.000000,610,820,880,920,1000,1100,1300,1500,7500,10000,10000,26434,0,610,682.7575820968359,173.71745799755445,10216.337458005,0.0
1776945304,100,,Aggregated,155.100000,0.000000,610,820,880,920,1000,1100,1300,1500,7500,10000,10000,26588,0,610,682.5909204740003,173.71745799755445,10216.337458005,0.0
1776945305,100,,Aggregated,155.500000,0.000000,610,820,880,920,1000,1100,1300,1500,7500,10000,10000,26762,0,610,682.0235429008205,173.71745799755445,10216.337458005,0.0
1776945306,100,,Aggregated,151.400000,0.000000,610,820,880,920,1000,1100,1300,1500,7500,10000,10000,26903,0,610,682.038420466817,173.71745799755445,10216.337458005,0.0
1776945307,100,,Aggregated,153.700000,0.000000,610,820,880,920,1000,1100,1300,1500,7500,10000,10000,27052,0,610,681.5359802935741,173.71745799755445,10216.337458005,0.0
1776945308,100,,Aggregated,153.700000,0.000000,610,820,880,920,1000,1100,1300,1500,7500,10000,10000,27180,0,610,681.3690481459842,173.71745799755445,10216.337458005,0.0
1776945309,100,,Aggregated,154.700000,0.000000,610,820,880,920,1000,1100,1300,1500,7500,10000,10000,27358,0,610,681.2688824607379,173.71745799755445,10216.337458005,0.0
1776945310,100,,Aggregated,152.000000,0.000000,610,820,880,920,1000,1100,1300,1500,7500,10000,10000,27526,0,610,680.8719018437439,173.71745799755445,10216.337458005,0.0
1776945311,100,,Aggregated,154.400000,0.000000,610,820,880,920,1000,1100,1300,1500,7500,10000,10000,27710,0,610,680.5174891236315,173.71745799755445,10216.337458005,0.0
1776945312,100,,Aggregated,155.200000,0.000000,610,810,880,920,1000,1100,1300,1500,7500,10000,10000,27844,0,610,679.8740677824269,173.71745799755445,10216.337458005,0.0
1776945313,100,,Aggregated,152.800000,0.000000,610,810,880,920,1000,1100,1300,1500,7400,10000,10000,28030,0,610,679.8876705583604,173.71745799755445,10216.337458005,0.0
1776945314,100,,Aggregated,158.000000,0.000000,610,810,880,920,1000,1100,1300,1500,7400,10000,10000,28160,0,610,679.6709770463036,173.71745799755445,10216.337458005,0.0
1776945315,100,,Aggregated,159.600000,0.000000,610,810,880,920,1000,1100,1300,1500,7400,10000,10000,28325,0,610,679.7793424876237,173.71745799755445,10216.337458005,0.0
1776945316,100,,Aggregated,162.100000,0.000000,610,810,880,920,1000,1100,1300,1500,7400,10000,10000,28502,0,610,679.1547334415477,173.71745799755445,10216.337458005,0.0
1776945317,100,,Aggregated,154.600000,0.000000,610,810,880,920,1000,1100,1300,1500,7400,10000,10000,28645,0,610,679.0984103364623,173.71745799755445,10216.337458005,0.0
1776945318,100,,Aggregated,158.700000,0.000000,610,810,880,910,1000,1100,1300,1500,7400,10000,10000,28783,0,610,678.7551505302062,173.71745799755445,10216.337458005,0.0
1776945319,100,,Aggregated,156.100000,0.000000,610,810,880,910,1000,1100,1300,1500,7400,10000,10000,28921,0,610,678.6255793859083,173.71745799755445,10216.337458005,0.0
1776945320,100,,Aggregated,157.600000,0.000000,610,810,880,920,1000,1100,1300,1500,7400,10000,10000,29098,0,610,678.7620765790041,173.71745799755445,10216.337458005,0.0
1776945321,100,,Aggregated,156.800000,0.000000,610,810,880,920,1000,1100,1300,1500,7400,10000,10000,29237,0,610,678.8054178255223,173.71745799755445,10216.337458005,0.0
1776945322,100,,Aggregated,155.900000,0.000000,610,810,880,910,1000,1100,1300,1500,7400,10000,10000,29394,0,610,678.4492734700891,173.71745799755445,10216.337458005,0.0
1776945323,100,,Aggregated,157.100000,0.000000,610,810,880,910,1000,1100,1300,1500,7400,10000,10000,29540,0,610,678.1646915428488,173.71745799755445,10216.337458005,0.0
1776945324,100,,Aggregated,152.000000,0.000000,610,810,880,910,1000,1100,1300,1500,7400,10000,10000,29719,0,610,677.9201622015792,173.71745799755445,10216.337458005,0.0
1776945325,100,,Aggregated,154.000000,0.000000,610,810,880,910,1000,1100,1300,1500,7400,10000,10000,29879,0,610,677.3767683425043,173.71745799755445,10216.337458005,0.0
1776945326,100,,Aggregated,151.600000,0.000000,610,810,880,910,1000,1100,1300,1500,7200,10000,10000,30050,0,610,677.2535509656792,173.71745799755445,10216.337458005,0.0
1776945327,100,,Aggregated,160.900000,0.000000,610,810,880,910,1000,1100,1300,1500,7200,10000,10000,30206,0,610,677.1605493866019,173.71745799755445,10216.337458005,0.0
1776945328,100,,Aggregated,155.900000,0.000000,610,810,880,910,1000,1100,1300,1500,7200,10000,10000,30373,0,610,677.125694818546,173.71745799755445,10216.337458005,0.0
1776945329,100,,Aggregated,152.700000,0.000000,610,810,880,910,1000,1100,1300,1500,7200,10000,10000,30511,0,610,676.7396161964454,173.71745799755445,10216.337458005,0.0
1776945330,100,,Aggregated,151.600000,0.000000,600,810,880,910,1000,1100,1300,1500,7200,10000,10000,30664,0,600,676.279966970837,173.71745799755445,10216.337458005,0.0
1776945331,100,,Aggregated,154.100000,0.000000,600,810,880,910,1000,1100,1300,1500,7200,10000,10000,30808,0,600,676.4302532995905,173.71745799755445,10216.337458005,0.0
1776945332,100,,Aggregated,158.300000,0.000000,610,810,880,910,1000,1100,1300,1500,7200,10000,10000,30952,0,610,676.9394864233236,173.71745799755445,10216.337458005,0.0
1776945333,100,,Aggregated,156.300000,0.000000,600,810,880,910,1000,1100,1300,1500,7200,10000,10000,31121,0,600,676.5829271278803,173.71745799755445,10216.337458005,0.0
1776945334,100,,Aggregated,153.500000,0.000000,610,810,880,910,1000,1100,1300,1500,7200,10000,10000,31271,0,610,676.5072401848298,173.71745799755445,10216.337458005,0.0
1776945335,100,,Aggregated,151.600000,0.000000,600,810,880,910,1000,1100,1300,1500,7200,10000,10000,31420,0,600,676.5261636584605,173.71745799755445,10216.337458005,0.0
1776945336,100,,Aggregated,152.200000,0.000000,600,810,880,920,1000,1100,1300,1500,7200,10000,10000,31567,0,600,676.4815029919804,173.71745799755445,10216.337458005,0.0
1776945337,100,,Aggregated,148.900000,0.000000,600,810,880,920,1000,1100,1300,1400,7200,10000,10000,31723,0,600,676.2103057072134,173.71745799755445,10216.337458005,0.0
1776945338,100,,Aggregated,149.400000,0.000000,600,810,880,920,1000,1100,1300,1400,7200,10000,10000,31912,0,600,675.7415588962116,173.71745799755445,10216.337458005,0.0
1776945339,100,,Aggregated,154.000000,0.000000,600,800,880,910,1000,1100,1300,1400,7200,10000,10000,32052,0,600,675.4327974187566,173.71745799755445,10216.337458005,0.0
1776945340,100,,Aggregated,153.700000,0.000000,600,800,880,910,1000,1100,1300,1400,7200,10000,10000,32188,0,600,674.8728994898107,173.71745799755445,10216.337458005,0.0
1776945341,100,,Aggregated,154.200000,0.000000,600,800,880,910,1000,1100,1300,1400,7200,10000,10000,32377,0,600,675.1434957103518,173.71745799755445,10216.337458005,0.0
1776945342,100,,Aggregated,153.000000,0.000000,600,800,880,910,1000,1100,1300,1400,7200,10000,10000,32528,0,600,674.8249200394141,173.71745799755445,10216.337458005,0.0
1776945343,100,,Aggregated,154.000000,0.000000,600,800,880,910,1000,1100,1300,1400,7200,10000,10000,32713,0,600,674.4895708827984,173.71745799755445,10216.337458005,0.0
1776945344,100,,Aggregated,159.400000,0.000000,600,800,880,910,1000,1100,1300,1400,7200,10000,10000,32837,0,600,674.4825912256912,173.71745799755445,10216.337458005,0.0
1776945345,100,,Aggregated,158.000000,0.000000,600,800,880,910,1000,1100,1300,1400,7200,10000,10000,32985,0,600,674.583702569198,173.71745799755445,10216.337458005,0.0
1776945346,100,,Aggregated,156.500000,0.000000,600,800,880,910,1000,1100,1300,1400,6400,10000,10000,33153,0,600,674.2562459090888,173.71745799755445,10216.337458005,0.0
1776945347,100,,Aggregated,156.800000,0.000000,600,800,880,910,1000,1100,1300,1400,6400,10000,10000,33300,0,600,674.0443326439056,173.71745799755445,10216.337458005,0.0
1776945348,100,,Aggregated,159.500000,0.000000,600,790,880,910,1000,1100,1300,1400,6400,10000,10000,33471,0,600,673.5425551956345,173.71745799755445,10216.337458005,0.0
1776945349,100,,Aggregated,156.300000,0.000000,600,800,880,910,1000,1100,1300,1400,6400,10000,10000,33653,0,600,673.5182843928056,173.71745799755445,10216.337458005,0.0
1776945350,100,,Aggregated,161.700000,0.000000,600,790,880,910,1000,1100,1300,1400,6400,10000,10000,33806,0,600,672.8294979319668,173.71745799755445,10216.337458005,0.0
1776945351,100,,Aggregated,158.400000,0.000000,600,800,880,910,1000,1100,1300,1400,6400,10000,10000,33960,0,600,673.059014505009,173.71745799755445,10216.337458005,0.0
1776945352,100,,Aggregated,158.200000,0.000000,600,790,880,910,1000,1100,1300,1400,6400,10000,10000,34146,0,600,672.6095055524821,173.71745799755445,10216.337458005,0.0
1776945353,100,,Aggregated,157.000000,0.000000,600,790,880,910,1000,1100,1300,1400,6400,10000,10000,34269,0,600,672.0511953642974,173.71745799755445,10216.337458005,0.0
1776945354,100,,Aggregated,156.300000,0.000000,600,790,880,910,1000,1100,1300,1400,6400,10000,10000,34477,0,600,672.0331343194622,173.71745799755445,10216.337458005,0.0
1776945355,100,,Aggregated,161.300000,0.000000,600,790,880,910,1000,1100,1300,1400,6400,10000,10000,34613,0,600,671.9457150594602,173.71745799755445,10216.337458005,0.0
1776945356,100,,Aggregated,162.500000,0.000000,600,790,870,910,1000,1100,1300,1400,6400,10000,10000,34742,0,600,671.3587961239454,173.71745799755445,10216.337458005,0.0
1776945357,100,,Aggregated,163.100000,0.000000,600,790,870,910,1000,1100,1300,1400,6400,10000,10000,34911,0,600,671.7570254293241,173.71745799755445,10216.337458005,0.0
1776945358,100,,Aggregated,159.000000,0.000000,600,790,870,910,1000,1100,1300,1400,6400,10000,10000,35043,0,600,671.7622606826228,173.71745799755445,10216.337458005,0.0
1776945359,100,,Aggregated,162.800000,0.000000,600,790,870,910,1000,1100,1300,1400,6400,10000,10000,35198,0,600,671.4417267864388,173.71745799755445,10216.337458005,0.0
1776945360,100,,Aggregated,162.800000,0.000000,600,790,870,910,1000,1100,1300,1400,6400,10000,10000,35278,0,600,671.6543662519996,173.71745799755445,10216.337458005,0.0
1776945361,100,,Aggregated,158.700000,0.000000,600,790,870,910,1000,1100,1300,1400,6400,10000,10000,35286,0,600,671.8829557866587,173.71745799755445,10216.337458005,0.0
1776945362,100,,Aggregated,153.700000,0.000000,600,790,880,910,1000,1100,1300,1500,6400,10000,10000,35445,0,600,676.1293694966301,173.71745799755445,10216.337458005,0.0
1776945363,100,,Aggregated,138.700000,0.000000,600,790,880,910,1000,1100,1300,1500,6400,10000,10000,35564,0,600,675.8482892746049,173.71745799755445,10216.337458005,0.0
1776945364,100,,Aggregated,129.200000,0.000000,600,790,880,910,1000,1100,1300,1500,6400,10000,10000,35724,0,600,675.6315606285709,173.71745799755445,10216.337458005,0.0
1776945365,100,,Aggregated,126.200000,0.000000,600,790,880,910,1000,1100,1300,1500,6400,10000,10000,35891,0,600,675.9124920228468,173.71745799755445,10216.337458005,0.0
1776945366,100,,Aggregated,128.300000,0.000000,600,790,880,910,1000,1100,1300,1500,6400,10000,10000,36057,0,600,675.762637506226,173.71745799755445,10216.337458005,0.0
1776945367,100,,Aggregated,123.500000,0.000000,600,790,880,910,1000,1100,1300,1500,6400,10000,10000,36216,0,600,675.3222546037667,173.71745799755445,10216.337458005,0.0
1776945368,100,,Aggregated,127.600000,0.000000,600,790,880,910,1000,1100,1300,1500,6400,10000,10000,36370,0,600,675.3224561206516,173.71745799755445,10216.337458005,0.0
1776945369,100,,Aggregated,128.200000,0.000000,600,790,880,910,1000,1100,1300,1500,6400,10000,10000,36505,0,600,675.3862852104131,173.71745799755445,10216.337458005,0.0
1776945370,100,,Aggregated,131.600000,0.000000,600,780,870,910,1000,1100,1300,1500,6400,10000,10000,36671,0,600,675.0206561787849,173.71745799755445,10216.337458005,0.0
1776945371,100,,Aggregated,129.600000,0.000000,600,780,870,910,1000,1100,1300,1500,6400,10000,10000,36828,0,600,675.1369919374463,173.71745799755445,10216.337458005,0.0
1776945372,100,,Aggregated,133.700000,0.000000,600,780,870,910,1000,1100,1300,1500,6400,10000,10000,36979,0,600,674.6543679924071,173.71745799755445,10216.337458005,0.0
1776945373,100,,Aggregated,145.000000,0.000000,600,780,870,910,1000,1100,1300,1500,6400,10000,10000,37122,0,600,674.6342412943068,173.71745799755445,10216.337458005,0.0
1776945374,100,,Aggregated,156.700000,0.000000,600,780,870,910,1000,1100,1300,1500,6400,10000,10000,37294,0,600,674.7513323321521,173.71745799755445,10216.337458005,0.0
1776945375,100,,Aggregated,154.700000,0.000000,600,780,870,910,1000,1100,1300,1500,6400,10000,10000,37431,0,600,674.8158190770007,173.71745799755445,10216.337458005,0.0
1776945376,100,,Aggregated,153.300000,0.000000,600,780,870,910,1000,1100,1300,1500,6400,10000,10000,37599,0,600,674.5927718710643,173.71745799755445,10216.337458005,0.0
1776945377,100,,Aggregated,156.600000,0.000000,600,780,870,910,1000,1100,1300,1500,6400,10000,10000,37738,0,600,674.5019922589221,173.71745799755445,10216.337458005,0.0
1776945378,100,,Aggregated,156.900000,0.000000,600,780,870,910,1000,1100,1300,1500,6400,10000,10000,37871,0,600,674.2820361697378,173.71745799755445,10216.337458005,0.0
1776945379,100,,Aggregated,152.600000,0.000000,600,780,870,910,1000,1100,1300,1500,6300,10000,10000,38076,0,600,674.0845523915891,173.71745799755445,10216.337458005,0.0
1776945380,100,,Aggregated,150.400000,0.000000,600,780,870,910,1000,1100,1300,1500,6300,10000,10000,38201,0,600,673.7543858415527,173.71745799755445,10216.337458005,0.0
1776945381,100,,Aggregated,152.200000,0.000000,600,780,870,910,1000,1100,1300,1500,6300,10000,10000,38374,0,600,673.6847642816032,173.71745799755445,10216.337458005,0.0
1776945382,100,,Aggregated,151.300000,0.000000,600,780,870,910,1000,1100,1300,1500,6300,10000,10000,38528,0,600,673.3852800312305,173.71745799755445,10216.337458005,0.0
1776945383,100,,Aggregated,154.900000,0.000000,600,780,870,910,1000,1100,1300,1500,6300,10000,10000,38708,0,600,673.0485415901446,173.71745799755445,10216.337458005,0.0
1776945384,100,,Aggregated,154.500000,0.000000,600,780,870,910,1000,1100,1300,1500,6300,10000,10000,38897,0,600,672.7113022524433,173.71745799755445,10216.337458005,0.0
1776945385,100,,Aggregated,157.900000,0.000000,600,780,870,910,1000,1100,1300,1500,6300,10000,10000,39054,0,600,672.5214718265056,173.71745799755445,10216.337458005,0.0
1776945386,100,,Aggregated,159.100000,0.000000,600,780,870,910,1000,1100,1300,1500,6300,10000,10000,39215,0,600,672.6068539539311,173.71745799755445,10216.337458005,0.0
1776945387,100,,Aggregated,162.800000,0.000000,600,780,870,910,1000,1100,1300,1500,6300,10000,10000,39351,0,600,672.4986112489747,173.71745799755445,10216.337458005,0.0
1776945388,100,,Aggregated,159.600000,0.000000,600,780,870,910,1000,1100,1300,1500,6300,10000,10000,39465,0,600,672.4507893398057,173.71745799755445,10216.337458005,0.0
1776945389,100,,Aggregated,158.300000,0.000000,600,780,870,910,1000,1100,1300,1500,6300,10000,10000,39577,0,600,672.6649644333696,173.71745799755445,10216.337458005,0.0
1776945390,100,,Aggregated,159.400000,0.000000,600,780,880,910,1000,1100,1300,1500,6300,10000,10000,39726,0,600,673.6495054770794,173.71745799755445,10216.337458005,0.0
1776945391,100,,Aggregated,155.800000,0.000000,600,780,880,910,1000,1100,1300,1500,6300,10000,10000,39887,0,600,673.625998140734,173.71745799755445,10216.337458005,0.0
1776945392,100,,Aggregated,151.500000,0.000000,600,780,880,910,1000,1100,1300,1500,6300,10000,10000,40016,0,600,673.4619539684493,173.71745799755445,10216.337458005,0.0
1776945393,100,,Aggregated,148.700000,0.000000,600,780,880,910,1000,1100,1300,1500,6300,10000,10000,40197,0,600,673.0362743819546,173.71745799755445,10216.337458005,0.0
1776945394,100,,Aggregated,147.800000,0.000000,600,780,880,910,1000,1100,1300,1500,6300,10000,10000,40342,0,600,673.3052194836498,173.71745799755445,10216.337458005,0.0
1776945395,100,,Aggregated,148.700000,0.000000,600,780,880,910,1000,1100,1300,1500,6300,10000,10000,40497,0,600,673.0835320763109,173.71745799755445,10216.337458005,0.0
1776945396,100,,Aggregated,143.500000,0.000000,600,780,880,910,1000,1100,1300,1500,6300,10000,10000,40674,0,600,672.9800772819583,173.71745799755445,10216.337458005,0.0
1776945397,100,,Aggregated,141.600000,0.000000,600,780,870,910,1000,1100,1300,1500,6300,10000,10000,40814,0,600,672.324192000939,173.71745799755445,10216.337458005,0.0
1776945398,100,,Aggregated,143.900000,0.000000,600,780,870,910,1000,1100,1300,1500,6300,10000,10000,40969,0,600,672.6098312179297,173.71745799755445,10216.337458005,0.0
1776945399,100,,Aggregated,149.300000,0.000000,600,780,870,910,1000,1100,1300,1500,6300,10000,10000,41094,0,600,672.4074321261832,173.71745799755445,10216.337458005,0.0
1776945400,100,,Aggregated,149.500000,0.000000,600,780,870,910,1000,1100,1300,1500,6300,10000,10000,41306,0,600,672.4845079852665,173.71745799755445,10216.337458005,0.0
1776945401,100,,Aggregated,150.200000,0.000000,600,780,870,910,1000,1100,1300,1500,6300,10000,10000,41423,0,600,672.3648857027848,173.71745799755445,10216.337458005,0.0
1776945402,100,,Aggregated,155.400000,0.000000,600,780,870,910,1000,1100,1300,1500,6300,10000,10000,41501,0,600,672.5752882834248,173.71745799755445,10216.337458005,0.0
1776945403,100,,Aggregated,159.500000,0.000000,600,780,880,910,1000,1100,1300,1500,6300,10000,10000,41680,0,600,673.1352886597281,173.71745799755445,10216.337458005,0.0
1776945404,100,,Aggregated,153.300000,0.000000,600,780,870,910,1000,1100,1300,1500,6300,10000,10000,41800,0,600,673.3563234509917,173.71745799755445,10216.337458005,0.0
1776945405,100,,Aggregated,146.900000,0.000000,600,780,880,910,1000,1100,1300,1500,6300,10000,10000,41945,0,600,673.8445986362482,173.71745799755445,10216.337458005,0.0
1776945406,100,,Aggregated,149.300000,0.000000,600,790,880,910,1000,1100,1300,1500,6300,10000,10000,42100,0,600,674.0330431811035,173.71745799755445,10216.337458005,0.0
1776945407,100,,Aggregated,143.300000,0.000000,600,790,880,910,1000,1100,1300,1500,6300,10000,10000,42239,0,600,673.8678672053913,173.71745799755445,10216.337458005,0.0
1776945408,100,,Aggregated,140.300000,0.000000,600,790,880,910,1000,1100,1300,1500,6300,10000,10000,42393,0,600,673.7141128315162,173.71745799755445,10216.337458005,0.0
1776945409,100,,Aggregated,138.600000,0.000000,600,790,880,910,1000,1100,1300,1500,6300,10000,10000,42554,0,600,673.54199645891,173.71745799755445,10216.337458005,0.0
1776945410,100,,Aggregated,137.700000,0.000000,600,790,880,910,1000,1100,1300,1500,6300,10000,10000,42710,0,600,673.4112105484525,173.71745799755445,10216.337458005,0.0
1776945411,100,,Aggregated,139.300000,0.000000,600,790,880,910,1000,1100,1300,1500,6300,10000,10000,42871,0,600,673.0146210399679,173.71745799755445,10216.337458005,0.0
1776945412,100,,Aggregated,142.900000,0.000000,600,790,880,910,1000,1100,1300,1500,6300,10000,10000,42996,0,600,673.4213474862429,173.71745799755445,10216.337458005,0.0
1776945413,100,,Aggregated,142.400000,0.000000,600,790,880,910,1000,1100,1300,1500,6300,10000,10000,43168,0,600,673.5617747786893,173.71745799755445,10216.337458005,0.0
1776945414,100,,Aggregated,141.600000,0.000000,600,790,880,910,1000,1100,1300,1500,6300,10000,10000,43256,0,600,672.9896657945366,173.71745799755445,10216.337458005,0.0
1776945415,100,,Aggregated,147.100000,0.000000,600,790,880,910,1000,1100,1300,1500,6300,10000,10000,43427,0,600,674.1444603680304,173.71745799755445,10216.337458005,0.0
1776945416,100,,Aggregated,149.100000,0.000000,600,790,880,910,1000,1100,1300,1500,6300,10000,10000,43586,0,600,674.078883419596,173.71745799755445,10216.337458005,0.0
1776945417,100,,Aggregated,146.500000,0.000000,600,790,880,910,1000,1100,1300,1500,6300,10000,10000,43737,0,600,673.8889827886353,173.71745799755445,10216.337458005,0.0
1776945418,100,,Aggregated,148.900000,0.000000,600,790,880,910,1000,1100,1300,1500,6300,10000,10000,43853,0,600,674.0500665368968,173.71745799755445,10216.337458005,0.0
1776945419,100,,Aggregated,148.500000,0.000000,600,790,880,910,1000,1100,1300,1500,6200,10000,10000,44008,0,600,674.0952960683645,173.71745799755445,10216.337458005,0.0
1776945420,100,,Aggregated,146.100000,0.000000,600,790,880,910,1000,1100,1300,1500,6200,10000,10000,44188,0,600,673.994672373645,173.71745799755445,10216.337458005,0.0
1776945421,100,,Aggregated,145.800000,0.000000,600,790,880,910,1000,1100,1300,1500,6200,10000,10000,44324,0,600,673.670536852059,173.71745799755445,10216.337458005,0.0
1776945422,100,,Aggregated,143.800000,0.000000,600,790,880,910,1000,1100,1300,1500,6200,10000,10000,44517,0,600,673.591351648733,173.71745799755445,10216.337458005,0.0
1776945423,100,,Aggregated,145.400000,0.000000,600,790,880,910,1000,1100,1300,1500,6200,10000,10000,44635,0,600,673.3096998312463,173.71745799755445,10216.337458005,0.0
1776945424,100,,Aggregated,151.600000,0.000000,600,790,880,910,1000,1100,1300,1500,6200,10000,10000,44791,0,600,673.4289838415915,173.71745799755445,10216.337458005,0.0
1776945425,100,,Aggregated,148.300000,0.000000,600,790,880,910,1000,1100,1300,1500,6200,10000,10000,44955,0,600,673.6396959144633,173.71745799755445,10216.337458005,0.0
1776945426,100,,Aggregated,148.600000,0.000000,600,790,880,910,1000,1100,1300,1500,6200,10000,10000,45098,0,600,673.5510485230534,173.71745799755445,10216.337458005,0.0
1776945427,100,,Aggregated,153.500000,0.000000,600,790,880,910,1000,1100,1300,1500,6200,10000,10000,45256,0,600,673.309983595251,173.71745799755445,10216.337458005,0.0
1776945428,100,,Aggregated,151.900000,0.000000,600,790,880,910,1000,1100,1300,1500,6200,10000,10000,45386,0,600,673.146544730241,173.71745799755445,10216.337458005,0.0
1776945429,100,,Aggregated,152.500000,0.000000,600,790,880,910,1000,1100,1300,1500,6200,10000,10000,45564,0,600,673.2359824689597,173.71745799755445,10216.337458005,0.0
1776945430,100,,Aggregated,155.400000,0.000000,600,790,880,910,1000,1100,1300,1500,6200,10000,10000,45709,0,600,673.1990894391627,173.71745799755445,10216.337458005,0.0
1776945431,100,,Aggregated,155.100000,0.000000,600,790,880,910,1000,1100,1300,1500,6200,10000,10000,45856,0,600,673.2342350929132,173.71745799755445,10216.337458005,0.0
1776945432,100,,Aggregated,153.300000,0.000000,600,790,880,910,1000,1100,1300,1500,6200,10000,10000,45976,0,600,673.1975945947374,173.71745799755445,10216.337458005,0.0
1776945433,100,,Aggregated,148.200000,0.000000,600,790,880,910,1000,1100,1300,1500,5700,10000,10000,46123,0,600,673.2350077890575,173.71745799755445,10216.337458005,0.0
1776945434,100,,Aggregated,150.300000,0.000000,600,790,880,910,1000,1100,1300,1500,5700,10000,10000,46273,0,600,673.284617169681,173.71745799755445,10216.337458005,0.0
1776945435,100,,Aggregated,150.000000,0.000000,600,790,880,910,1000,1100,1300,1500,5700,10000,10000,46428,0,600,673.4653453223389,173.71745799755445,10216.337458005,0.0
1776945436,100,,Aggregated,149.600000,0.000000,600,790,880,910,1000,1100,1300,1500,5700,10000,10000,46558,0,600,673.1641719611575,173.71745799755445,10216.337458005,0.0
1776945437,100,,Aggregated,146.800000,0.000000,600,790,880,910,1000,1100,1300,1500,5700,10000,10000,46705,0,600,673.2306038512717,173.71745799755445,10216.337458005,0.0
1776945438,100,,Aggregated,147.300000,0.000000,600,790,880,910,1000,1100,1300,1500,5700,10000,10000,46895,0,600,673.0979745361047,173.71745799755445,10216.337458005,0.0
1776945439,100,,Aggregated,150.300000,0.000000,600,790,880,910,1000,1100,1300,1500,5700,10000,10000,47034,0,600,673.0265582015695,173.71745799755445,10216.337458005,0.0
1776945440,100,,Aggregated,146.700000,0.000000,600,790,880,910,1000,1100,1300,1500,5700,10000,10000,47195,0,600,673.0200723785712,173.71745799755445,10216.337458005,0.0
1776945441,100,,Aggregated,148.700000,0.000000,600,790,880,910,1000,1100,1300,1500,5700,10000,10000,47368,0,600,672.8560188318631,173.71745799755445,10216.337458005,0.0
1776945442,100,,Aggregated,148.700000,0.000000,600,790,880,910,1000,1100,1300,1500,5700,10000,10000,47534,0,600,672.5649975110389,173.71745799755445,10216.337458005,0.0
1776945443,100,,Aggregated,148.600000,0.000000,600,790,880,910,1000,1100,1300,1500,5700,10000,10000,47668,0,600,672.479498248002,173.71745799755445,10216.337458005,0.0
1776945444,100,,Aggregated,147.800000,0.000000,600,790,880,910,1000,1100,1300,1500,5700,10000,10000,47804,0,600,672.3646019174932,173.71745799755445,10216.337458005,0.0
1776945445,100,,Aggregated,150.900000,0.000000,600,790,880,910,1000,1100,1300,1500,5700,10000,10000,47949,0,600,672.2615713547702,173.71745799755445,10216.337458005,0.0
1776945446,100,,Aggregated,154.300000,0.000000,600,790,880,910,1000,1100,1300,1500,5500,10000,10000,48129,0,600,672.3837171537918,173.71745799755445,10216.337458005,0.0
1776945447,100,,Aggregated,158.500000,0.000000,600,800,880,920,1000,1100,1300,1500,5500,10000,10000,48266,0,600,673.3672074332421,173.71745799755445,10216.337458005,0.0
1776945448,100,,Aggregated,153.800000,0.000000,600,800,880,920,1000,1100,1300,1500,5500,10000,10000,48385,0,600,673.4225052293039,173.71745799755445,10216.337458005,0.0
1776945449,100,,Aggregated,152.900000,0.000000,600,790,880,910,1000,1100,1300,1500,5500,10000,10000,48552,0,600,673.106836163988,173.71745799755445,10216.337458005,0.0
1776945450,100,,Aggregated,150.900000,0.000000,600,790,880,920,1000,1100,1300,1500,5500,10000,10000,48697,0,600,673.1726801866009,173.71745799755445,10216.337458005,0.0
1776945451,100,,Aggregated,150.700000,0.000000,600,790,880,920,1000,1100,1300,1500,5500,10000,10000,48861,0,600,672.9735032022035,173.71745799755445,10216.337458005,0.0
1776945452,100,,Aggregated,148.100000,0.000000,600,790,880,910,1000,1100,1300,1500,5500,10000,10000,48981,0,600,672.778478778483,173.71745799755445,10216.337458005,0.0
1776945453,100,,Aggregated,153.200000,0.000000,600,800,880,920,1000,1100,1300,1500,5400,10000,10000,49135,0,600,672.7203836931081,173.71745799755445,10216.337458005,0.0
1776945454,100,,Aggregated,151.700000,0.000000,600,800,880,910,1000,1100,1300,1500,5400,10000,10000,49314,0,600,672.7525938049606,173.71745799755445,10216.337458005,0.0
1776945455,100,,Aggregated,149.000000,0.000000,600,800,880,910,1000,1100,1300,1500,5400,10000,10000,49471,0,600,672.5545727475037,173.71745799755445,10216.337458005,0.0
1776945456,100,,Aggregated,145.300000,0.000000,600,800,880,910,1000,1100,1300,1500,5400,10000,10000,49604,0,600,672.4858933120057,173.71745799755445,10216.337458005,0.0
1776945457,100,,Aggregated,145.500000,0.000000,600,800,880,910,1000,1100,1300,1500,5400,10000,10000,49766,0,600,672.3162813745881,173.71745799755445,10216.337458005,0.0
1776945458,100,,Aggregated,150.000000,0.000000,600,800,880,910,1000,1100,1300,1500,5400,10000,10000,49949,0,600,672.2940840675244,173.71745799755445,10216.337458005,0.0
1776945459,100,,Aggregated,145.800000,0.000000,600,800,880,910,1000,1100,1300,1500,5200,10000,10000,50106,0,600,672.1517196537292,173.71745799755445,10216.337458005,0.0
1776945460,100,,Aggregated,155.700000,0.000000,600,800,880,910,1000,1100,1300,1500,5200,10000,10000,50228,0,600,672.3941330635247,173.71745799755445,10216.337458005,0.0
1776945461,100,,Aggregated,154.800000,0.000000,600,800,880,910,1000,1100,1300,1500,5200,10000,10000,50310,0,600,672.4914022894393,173.71745799755445,10216.337458005,0.0
1776945462,100,,Aggregated,154.100000,0.000000,600,800,880,910,1000,1100,1300,1500,5200,10000,10000,50454,0,600,673.4504520614562,173.71745799755445,10216.337458005,0.0
1776945463,100,,Aggregated,153.700000,0.000000,600,800,880,910,1000,1100,1300,1500,5200,10000,10000,50577,0,600,673.5582387394015,173.71745799755445,10216.337458005,0.0
1776945464,100,,Aggregated,141.700000,0.000000,600,800,880,910,1000,1100,1300,1500,5200,10000,10000,50738,0,600,673.3763350753812,173.71745799755445,10216.337458005,0.0
1776945465,100,,Aggregated,142.600000,0.000000,600,800,880,910,1000,1100,1300,1500,5200,10000,10000,50901,0,600,673.4160309083256,173.71745799755445,10216.337458005,0.0
1776945466,100,,Aggregated,138.900000,0.000000,600,800,880,910,1000,1100,1300,1500,5200,10000,10000,51012,0,600,673.0034691235145,173.71745799755445,10216.337458005,0.0
1776945467,100,,Aggregated,140.400000,0.000000,600,800,880,910,1000,1100,1300,1500,5200,10000,10000,51205,0,600,673.2214573522853,173.71745799755445,10216.337458005,0.0
1776945468,100,,Aggregated,143.800000,0.000000,600,800,880,910,1000,1100,1300,1500,5200,10000,10000,51355,0,600,673.1669564668049,173.71745799755445,10216.337458005,0.0
1776945469,100,,Aggregated,139.100000,0.000000,600,800,880,910,1000,1100,1300,1500,5200,10000,10000,51513,0,600,673.0416612404001,173.71745799755445,10216.337458005,0.0
1776945470,100,,Aggregated,138.100000,0.000000,600,800,880,910,1000,1100,1300,1500,5200,10000,10000,51673,0,600,672.9041341717281,173.71745799755445,10216.337458005,0.0
1776945471,100,,Aggregated,137.100000,0.000000,600,800,880,910,1000,1100,1300,1500,5200,10000,10000,51819,0,600,672.8254601917772,173.71745799755445,10216.337458005,0.0
1776945472,100,,Aggregated,140.700000,0.000000,600,800,880,910,1000,1100,1300,1500,5200,10000,10000,51996,0,600,672.5738421956453,173.71745799755445,10216.337458005,0.0
1776945473,100,,Aggregated,141.800000,0.000000,600,800,880,910,1000,1100,1300,1500,5200,10000,10000,52174,0,600,672.4927997718936,173.71745799755445,10216.337458005,0.0
1776945474,100,,Aggregated,153.800000,0.000000,600,800,880,910,1000,1100,1300,1500,5200,10000,10000,52313,0,600,672.7776558394047,173.71745799755445,10216.337458005,0.0
1776945475,100,,Aggregated,153.500000,0.000000,600,800,880,910,1000,1100,1300,1500,5200,10000,10000,52368,0,600,672.575500823762,173.71745799755445,10216.337458005,0.0
1776945476,100,,Aggregated,160.600000,0.000000,600,800,880,910,1000,1100,1300,1500,5200,10000,10000,52571,0,600,673.1559199560922,173.71745799755445,10216.337458005,0.0
1776945477,100,,Aggregated,157.200000,0.000000,600,800,880,910,1000,1100,1300,1500,5200,10000,10000,52739,0,600,672.9293783343005,173.71745799755445,10216.337458005,0.0
1776945478,100,,Aggregated,152.400000,0.000000,600,800,880,910,1000,1100,1300,1500,5200,10000,10000,52885,0,600,672.8505554099214,173.71745799755445,10216.337458005,0.0
1776945479,100,,Aggregated,156.900000,0.000000,600,800,880,910,1000,1100,1300,1500,5200,10000,10000,53026,0,600,672.5629974741591,173.71745799755445,10216.337458005,0.0
1776945480,100,,Aggregated,153.700000,0.000000,600,800,880,910,1000,1100,1300,1500,5200,10000,10000,53221,0,600,672.447907291176,173.71745799755445,10216.337458005,0.0
1776945481,100,,Aggregated,156.200000,0.000000,600,800,880,910,1000,1100,1300,1500,5200,10000,10000,53353,0,600,672.4871236095382,173.71745799755445,10216.337458005,0.0
1776945482,100,,Aggregated,152.100000,0.000000,600,800,880,910,1000,1100,1300,1500,5200,10000,10000,53500,0,600,672.3788949826863,173.71745799755445,10216.337458005,0.0
1776945483,100,,Aggregated,153.000000,0.000000,600,800,880,910,1000,1100,1300,1500,5200,10000,10000,53659,0,600,672.1737745866449,173.71745799755445,10216.337458005,0.0
1776945484,100,,Aggregated,151.300000,0.000000,600,800,880,910,1000,1100,1300,1500,5200,10000,10000,53809,0,600,671.9612220276659,173.71745799755445,10216.337458005,0.0
1776945485,100,,Aggregated,151.600000,0.000000,600,800,880,910,1000,1100,1300,1500,5200,10000,10000,53997,0,600,672.2398468938022,173.71745799755445,10216.337458005,0.0
1776945487,100,,Aggregated,149.400000,0.000000,600,800,880,910,1000,1100,1300,1500,4700,10000,10000,54152,0,600,672.1959154695967,173.71745799755445,10216.337458005,0.0
1776945488,100,,Aggregated,154.700000,0.000000,600,800,880,910,1000,1100,1300,1500,4700,10000,10000,54300,0,600,672.1094694813186,173.71745799755445,10216.337458005,0.0
1776945489,100,,Aggregated,154.700000,0.000000,600,800,880,910,1000,1100,1300,1500,4700,10000,10000,54437,0,600,671.9887419364883,173.71745799755445,10216.337458005,0.0
1776945490,100,,Aggregated,156.900000,0.000000,600,800,880,910,1000,1100,1300,1500,4700,10000,10000,54574,0,600,672.5260831435036,173.71745799755445,10216.337458005,0.0
1776945491,100,,Aggregated,154.800000,0.000000,600,800,880,910,1000,1100,1300,1500,4700,10000,10000,54685,0,600,672.5474576524376,173.71745799755445,10216.337458005,0.0
1776945492,100,,Aggregated,154.000000,0.000000,600,800,880,910,1000,1100,1300,1500,4700,10000,10000,54862,0,600,672.5727796549824,173.71745799755445,10216.337458005,0.0
1776945493,100,,Aggregated,146.300000,0.000000,600,800,880,910,1000,1100,1300,1500,4400,10000,10000,55014,0,600,672.5868351187985,173.71745799755445,10216.337458005,0.0
1776945494,100,,Aggregated,146.300000,0.000000,600,800,880,910,1000,1100,1300,1500,4400,10000,10000,55152,0,600,672.2933605923016,173.71745799755445,10216.337458005,0.0
1776945495,100,,Aggregated,149.700000,0.000000,600,800,880,910,1000,1100,1300,1500,4400,10000,10000,55333,0,600,672.1889623555315,173.71745799755445,10216.337458005,0.0
1776945496,100,,Aggregated,147.500000,0.000000,600,800,880,910,1000,1100,1300,1500,4400,10000,10000,55488,0,600,672.1462580072026,173.71745799755445,10216.337458005,0.0
1776945497,100,,Aggregated,150.800000,0.000000,600,800,880,910,1000,1100,1300,1500,4400,10000,10000,55628,0,600,671.9893273606745,173.71745799755445,10216.337458005,0.0
1776945498,100,,Aggregated,150.800000,0.000000,600,800,880,910,1000,1100,1300,1500,4400,10000,10000,55786,0,600,671.7581391895017,173.71745799755445,10216.337458005,0.0
1776945499,100,,Aggregated,147.500000,0.000000,600,800,880,910,1000,1100,1300,1500,4400,10000,10000,55968,0,600,671.5804273883377,173.71745799755445,10216.337458005,0.0
1776945500,100,,Aggregated,149.600000,0.000000,600,800,880,910,1000,1100,1300,1400,4400,10000,10000,56113,0,600,671.455025172232,173.71745799755445,10216.337458005,0.0
1776945501,100,,Aggregated,153.000000,0.000000,600,800,880,910,1000,1100,1300,1400,4400,10000,10000,56303,0,600,671.2160635895145,173.71745799755445,10216.337458005,0.0
1776945502,100,,Aggregated,153.300000,0.000000,600,800,880,910,1000,1100,1300,1400,4400,10000,10000,56419,0,600,670.8380248539762,173.71745799755445,10216.337458005,0.0
1776945503,100,,Aggregated,153.300000,0.000000,600,800,880,910,1000,1100,1300,1400,4400,10000,10000,56595,0,600,670.927752711909,173.71745799755445,10216.337458005,0.0
1776945504,100,,Aggregated,161.700000,0.000000,600,800,880,910,1000,1100,1300,1400,4400,10000,10000,56741,0,600,670.9476701530368,173.71745799755445,10216.337458005,0.0
1776945505,100,,Aggregated,155.400000,0.000000,600,800,880,910,1000,1100,1300,1400,4400,10000,10000,56877,0,600,670.8878129139289,173.71745799755445,10216.337458005,0.0
1776945506,100,,Aggregated,158.200000,0.000000,600,800,880,910,1000,1100,1300,1400,4400,10000,10000,56977,0,600,671.5626306386189,173.71745799755445,10216.337458005,0.0
1776945507,100,,Aggregated,156.000000,0.000000,600,800,880,910,1000,1100,1300,1400,4400,10000,10000,57167,0,600,671.3783996234463,173.71745799755445,10216.337458005,0.0
1776945508,100,,Aggregated,152.400000,0.000000,600,800,880,910,1000,1100,1300,1400,4400,10000,10000,57348,0,600,671.2746413145113,173.71745799755445,10216.337458005,0.0
1776945509,100,,Aggregated,152.400000,0.000000,600,800,880,910,1000,1100,1300,1400,4400,10000,10000,57499,0,600,671.2672646584916,173.71745799755445,10216.337458005,0.0
1776945510,100,,Aggregated,150.100000,0.000000,600,800,880,910,1000,1100,1300,1400,4400,10000,10000,57646,0,600,671.0444618420632,173.71745799755445,10216.337458005,0.0
1776945511,100,,Aggregated,148.700000,0.000000,600,800,880,910,1000,1100,1300,1400,4400,10000,10000,57844,0,600,670.7315480021874,173.71745799755445,10216.337458005,0.0
1776945512,100,,Aggregated,152.400000,0.000000,600,800,880,910,1000,1100,1300,1400,4400,10000,10000,57972,0,600,670.676957959179,173.71745799755445,10216.337458005,0.0
1776945513,100,,Aggregated,149.800000,0.000000,600,800,880,910,1000,1100,1300,1400,4300,10000,10000,58142,0,600,670.5714867082405,173.71745799755445,10216.337458005,0.0
1776945514,100,,Aggregated,156.900000,0.000000,600,800,880,910,1000,1100,1300,1400,4300,10000,10000,58305,0,600,670.5364350139354,173.71745799755445,10216.337458005,0.0
1776945515,100,,Aggregated,152.300000,0.000000,600,800,880,910,1000,1100,1300,1400,4300,10000,10000,58438,0,600,670.2280339417242,173.71745799755445,10216.337458005,0.0
1776945516,100,,Aggregated,155.500000,0.000000,600,800,880,910,1000,1100,1300,1400,4300,10000,10000,58623,0,600,670.3346422553158,173.71745799755445,10216.337458005,0.0
1776945517,100,,Aggregated,155.500000,0.000000,600,800,880,910,1000,1100,1300,1400,4300,10000,10000,58754,0,600,670.2145145688536,173.71745799755445,10216.337458005,0.0
1776945518,100,,Aggregated,163.700000,0.000000,600,800,880,910,1000,1100,1300,1400,4300,10000,10000,58902,0,600,670.1216432835118,173.71745799755445,10216.337458005,0.0
1776945519,100,,Aggregated,158.700000,0.000000,600,800,880,910,1000,1100,1300,1400,4300,10000,10000,59038,0,600,670.1670776472841,173.71745799755445,10216.337458005,0.0
1776945520,100,,Aggregated,159.900000,0.000000,600,800,880,910,1000,1100,1300,1400,4300,10000,10000,59207,0,600,670.3011705058248,173.71745799755445,10216.337458005,0.0
1776945521,100,,Aggregated,157.700000,0.000000,600,800,880,910,1000,1100,1300,1400,4300,10000,10000,59353,0,600,670.1540197142245,173.71745799755445,10216.337458005,0.0
1776945522,100,,Aggregated,157.500000,0.000000,600,800,880,910,1000,1100,1300,1400,4300,10000,10000,59519,0,600,669.9799211376093,173.71745799755445,10216.337458005,0.0
1776945523,100,,Aggregated,152.800000,0.000000,600,800,880,910,1000,1100,1300,1400,4300,10000,10000,59707,0,600,669.8933346932239,173.71745799755445,10216.337458005,0.0
1776945524,100,,Aggregated,154.200000,0.000000,600,800,880,910,1000,1100,1300,1400,4300,10000,10000,59883,0,600,669.7088979612289,173.71745799755445,10216.337458005,0.0
1776945525,100,,Aggregated,155.700000,0.000000,600,800,880,910,1000,1100,1300,1400,4300,10000,10000,60009,0,600,669.4485992515164,173.71745799755445,10216.337458005,0.0
1776945526,100,,Aggregated,151.800000,0.000000,600,790,880,910,1000,1100,1300,1400,4300,10000,10000,60209,0,600,669.3449899894895,173.71745799755445,10216.337458005,0.0
1776945527,100,,Aggregated,156.800000,0.000000,600,790,880,910,1000,1100,1300,1400,4300,10000,10000,60328,0,600,669.038565507595,173.71745799755445,10216.337458005,0.0
1776945528,100,,Aggregated,154.600000,0.000000,600,790,880,910,1000,1100,1300,1400,4300,10000,10000,60519,0,600,669.2847301630093,173.71745799755445,10216.337458005,0.0
1776945529,100,,Aggregated,155.500000,0.000000,600,790,880,910,1000,1100,1300,1400,4300,10000,10000,60646,0,600,669.2883476354108,173.71745799755445,10216.337458005,0.0
1776945530,100,,Aggregated,156.900000,0.000000,600,790,880,910,1000,1100,1300,1400,4300,10000,10000,60813,0,600,668.861544395509,173.71745799755445,10216.337458005,0.0
1776945531,100,,Aggregated,158.700000,0.000000,600,790,880,910,1000,1100,1300,1400,4300,10000,10000,60988,0,600,668.8663970821158,173.71745799755445,10216.337458005,0.0
1776945532,100,,Aggregated,157.800000,0.000000,600,790,880,910,1000,1100,1300,1400,4300,10000,10000,61168,0,600,668.6853224846978,173.71745799755445,10216.337458005,0.0
1776945533,100,,Aggregated,162.700000,0.000000,600,790,880,910,1000,1100,1300,1400,4300,10000,10000,61316,0,600,668.7117229745596,173.71745799755445,10216.337458005,0.0
1776945534,100,,Aggregated,162.700000,0.000000,600,790,880,910,1000,1100,1300,1400,4300,10000,10000,61416,0,600,668.6267768976982,173.71745799755445,10216.337458005,0.0
1776945535,100,,Aggregated,158.400000,0.000000,600,790,880,910,1000,1100,1300,1400,4300,10000,10000,61586,0,600,668.954347229193,173.71745799755445,10216.337458005,0.0
1776945536,100,,Aggregated,160.200000,0.000000,600,790,880,910,1000,1100,1300,1400,4300,10000,10000,61704,0,600,668.9367991020209,173.71745799755445,10216.337458005,0.0
1776945537,100,,Aggregated,153.000000,0.000000,600,790,880,910,1000,1100,1300,1400,4300,10000,10000,61888,0,600,668.9003055493165,173.71745799755445,10216.337458005,0.0
1776945538,100,,Aggregated,153.500000,0.000000,600,790,880,910,1000,1100,1300,1400,4300,10000,10000,62045,0,600,668.5659199357892,173.71745799755445,10216.337458005,0.0
1776945539,100,,Aggregated,154.900000,0.000000,600,790,880,910,1000,1100,1300,1400,4300,10000,10000,62196,0,600,668.7694650712424,173.71745799755445,10216.337458005,0.0
1776945540,100,,Aggregated,155.900000,0.000000,600,790,880,910,1000,1100,1300,1400,4300,10000,10000,62371,0,600,668.6051721242887,173.71745799755445,10216.337458005,0.0
1776945541,100,,Aggregated,154.000000,0.000000,600,790,880,910,1000,1100,1300,1400,4300,10000,10000,62518,0,600,668.4010535030404,173.71745799755445,10216.337458005,0.0
1776945542,100,,Aggregated,151.500000,0.000000,600,790,880,910,1000,1100,1300,1400,4300,10000,10000,62697,0,600,668.1630637880453,173.71745799755445,10216.337458005,0.0
1776945543,100,,Aggregated,152.600000,0.000000,600,790,880,910,1000,1100,1300,1400,4300,10000,10000,62860,0,600,668.1233471747714,173.71745799755445,10216.337458005,0.0
1776945544,100,,Aggregated,151.700000,0.000000,600,790,880,910,1000,1100,1300,1400,4300,10000,10000,63042,0,600,667.8905198391091,173.71745799755445,10216.337458005,0.0
1776945545,100,,Aggregated,154.500000,0.000000,600,790,880,910,1000,1100,1300,1400,4300,10000,10000,63198,0,600,667.68447837264,173.71745799755445,10216.337458005,0.0
1776945546,100,,Aggregated,155.500000,0.000000,600,780,880,910,1000,1100,1300,1400,4300,10000,10000,63354,0,600,667.4949278798977,173.71745799755445,10216.337458005,0.0
1776945547,100,,Aggregated,162.800000,0.000000,600,780,880,910,1000,1100,1300,1400,4300,10000,10000,63496,0,600,667.2383764632116,173.71745799755445,10216.337458005,0.0
1776945548,100,,Aggregated,163.400000,0.000000,600,780,880,910,1000,1100,1300,1400,4300,10000,10000,63633,0,600,667.7329600486868,173.71745799755445,10216.337458005,0.0
1776945549,100,,Aggregated,163.300000,0.000000,600,780,880,910,1000,1100,1300,1400,4300,10000,10000,63705,0,600,667.9620742797135,173.71745799755445,10216.337458005,0.0
1776945550,100,,Aggregated,160.200000,0.000000,600,790,880,910,1000,1100,1300,1400,4300,10000,10000,63822,0,600,668.8734677675748,173.71745799755445,10216.337458005,0.0
1776945551,100,,Aggregated,152.800000,0.000000,600,790,880,910,1000,1100,1300,1400,4300,10000,10000,63984,0,600,668.8384590188042,173.71745799755445,10216.337458005,0.0
1776945552,100,,Aggregated,148.900000,0.000000,600,790,880,910,1000,1100,1300,1400,4300,10000,10000,64144,0,600,668.8637560915786,173.71745799755445,10216.337458005,0.0
1776945553,100,,Aggregated,146.100000,0.000000,600,780,880,910,1000,1100,1300,1400,4300,10000,10000,64266,0,600,668.557976599029,173.71745799755445,10216.337458005,0.0
1776945554,100,,Aggregated,144.000000,0.000000,600,780,880,910,1000,1100,1300,1400,4300,10000,10000,64439,0,600,668.7019596671146,173.71745799755445,10216.337458005,0.0
1776945555,100,,Aggregated,144.600000,0.000000,600,780,880,910,1000,1100,1300,1400,4300,10000,10000,64615,0,600,668.8828043210121,173.71745799755445,10216.337458005,0.0
1776945556,100,,Aggregated,144.300000,0.000000,600,780,880,910,1000,1100,1300,1400,4300,10000,10000,64735,0,600,668.5994539584641,173.71745799755445,10216.337458005,0.0
1776945557,100,,Aggregated,135.700000,0.000000,600,780,880,910,1000,1100,1300,1400,4300,10000,10000,64904,0,600,668.606263559135,173.71745799755445,10216.337458005,0.0
1776945558,100,,Aggregated,134.000000,0.000000,600,780,880,910,1000,1100,1300,1400,4200,10000,10000,65031,0,600,668.856855431135,173.71745799755445,10216.337458005,0.0
1776945559,100,,Aggregated,136.600000,0.000000,600,780,880,910,1000,1100,1300,1400,4200,10000,10000,65188,0,600,668.5259589503302,173.71745799755445,10216.337458005,0.0
1776945560,100,,Aggregated,134.700000,0.000000,600,780,880,910,1000,1100,1300,1400,4200,10000,10000,65378,0,600,668.469299463797,173.71745799755445,10216.337458005,0.0
1776945561,100,,Aggregated,147.700000,0.000000,600,780,880,910,1000,1100,1300,1400,4200,10000,10000,65508,0,600,668.6231121995814,173.71745799755445,10216.337458005,0.0
1776945562,100,,Aggregated,152.900000,0.000000,600,780,880,910,1000,1100,1300,1400,4200,10000,10000,65651,0,600,668.5689639966205,173.71745799755445,10216.337458005,0.0
1776945563,100,,Aggregated,149.400000,0.000000,600,780,880,910,1000,1100,1300,1400,4200,10000,10000,65782,0,600,668.8583092665489,173.71745799755445,10216.337458005,0.0
1776945564,100,,Aggregated,149.700000,0.000000,600,780,880,910,1000,1100,1300,1400,4200,10000,10000,65917,0,600,668.8188470633079,173.71745799755445,10216.337458005,0.0
1776945565,100,,Aggregated,147.400000,0.000000,600,780,880,910,1000,1100,1300,1400,4200,10000,10000,66087,0,600,668.8520445168799,173.71745799755445,10216.337458005,0.0
1776945566,100,,Aggregated,146.800000,0.000000,600,780,880,910,1000,1100,1300,1400,4200,10000,10000,66242,0,600,668.821572419885,173.71745799755445,10216.337458005,0.0
1776945567,100,,Aggregated,148.400000,0.000000,600,780,880,910,1000,1100,1300,1400,4200,10000,10000,66385,0,600,668.8305729260074,173.71745799755445,10216.337458005,0.0
1776945568,100,,Aggregated,146.700000,0.000000,600,780,880,910,1000,1100,1300,1400,4200,10000,10000,66536,0,600,668.7728876282773,173.71745799755445,10216.337458005,0.0
1776945569,100,,Aggregated,146.000000,0.000000,600,780,880,910,1000,1100,1300,1400,4200,10000,10000,66678,0,600,668.7894869876272,173.71745799755445,10216.337458005,0.0
1776945570,100,,Aggregated,150.200000,0.000000,600,780,880,910,1000,1100,1300,1400,4200,10000,10000,66833,0,600,668.7128973073491,173.71745799755445,10216.337458005,0.0
1776945571,100,,Aggregated,148.600000,0.000000,600,780,880,910,1000,1100,1300,1400,4200,10000,10000,66988,0,600,668.6587639369441,173.71745799755445,10216.337458005,0.0
1776945572,100,,Aggregated,147.500000,0.000000,600,780,880,910,1000,1100,1300,1400,3700,10000,10000,67127,0,600,668.6117410229118,173.71745799755445,10216.337458005,0.0
1776945573,100,,Aggregated,150.700000,0.000000,600,780,880,910,1000,1100,1300,1400,3700,10000,10000,67329,0,600,668.4757750465465,173.71745799755445,10216.337458005,0.0
1776945574,100,,Aggregated,152.000000,0.000000,600,780,880,910,1000,1100,1300,1400,3700,10000,10000,67490,0,600,668.3156199447304,173.71745799755445,10216.337458005,0.0
1776945575,100,,Aggregated,153.200000,0.000000,600,780,880,910,1000,1100,1300,1400,3700,10000,10000,67642,0,600,668.2285242007159,173.71745799755445,10216.337458005,0.0
1776945576,100,,Aggregated,154.700000,0.000000,600,780,880,910,1000,1100,1300,1400,3700,10000,10000,67765,0,600,668.3079951010974,173.71745799755445,10216.337458005,0.0
1776945577,100,,Aggregated,157.300000,0.000000,600,780,880,910,1000,1100,1300,1400,3700,10000,10000,67811,0,600,668.6416536241152,173.71745799755445,10216.337458005,0.0
1776945578,100,,Aggregated,160.700000,0.000000,600,780,880,910,1000,1100,1300,1400,3700,10000,10000,67849,0,600,669.3869795254442,173.71745799755445,10216.337458005,0.0
1776945579,100,,Aggregated,149.000000,0.000000,600,790,880,910,1000,1100,1300,1500,3700,10000,10000,67935,0,600,670.9804036246394,173.71745799755445,10216.337458005,0.0
1776945580,100,,Aggregated,136.500000,0.000000,600,790,880,910,1000,1100,1300,1500,3700,10000,10000,68097,0,600,671.0857127501627,173.71745799755445,10216.337458005,0.0
1776945581,100,,Aggregated,124.300000,0.000000,600,790,880,910,1000,1100,1300,1500,3700,10000,10000,68240,0,600,671.1604568980636,173.71745799755445,10216.337458005,0.0
1776945582,100,,Aggregated,124.100000,0.000000,600,790,880,910,1000,1100,1300,1500,3700,10000,10000,68403,0,600,671.1042498425352,173.71745799755445,10216.337458005,0.0
1776945583,100,,Aggregated,123.200000,0.000000,600,790,880,910,1000,1100,1300,1500,3700,10000,10000,68517,0,600,670.8538572984949,173.71745799755445,10216.337458005,0.0
1776945584,100,,Aggregated,122.200000,0.000000,600,790,880,910,1000,1100,1300,1500,3700,10000,10000,68708,0,600,670.9617282519482,173.71745799755445,10216.337458005,0.0
1776945585,100,,Aggregated,122.000000,0.000000,600,790,880,910,1000,1100,1300,1500,3700,10000,10000,68858,0,600,671.004121773939,173.71745799755445,10216.337458005,0.0
1776945586,100,,Aggregated,120.200000,0.000000,600,790,880,910,1000,1100,1300,1500,3700,10000,10000,68996,0,600,670.8890628162911,173.71745799755445,10216.337458005,0.0
1776945587,100,,Aggregated,121.400000,0.000000,600,790,880,910,1000,1100,1300,1500,3700,10000,10000,69147,0,600,670.8246574313969,173.71745799755445,10216.337458005,0.0
1776945588,100,,Aggregated,120.100000,0.000000,600,790,880,910,1000,1100,1300,1500,3700,10000,10000,69335,0,600,670.7597796698309,173.71745799755445,10216.337458005,0.0
1776945589,100,,Aggregated,131.900000,0.000000,600,790,880,910,1000,1100,1300,1500,3700,10000,10000,69487,0,600,670.6027961179885,173.71745799755445,10216.337458005,0.0
1776945590,100,,Aggregated,143.800000,0.000000,600,790,880,910,1000,1100,1300,1500,3700,10000,10000,69636,0,600,670.7171293556885,173.71745799755445,10216.337458005,0.0
1776945591,100,,Aggregated,151.700000,0.000000,600,790,880,910,1000,1100,1300,1500,3700,10000,10000,69766,0,600,670.7473970520131,173.71745799755445,10216.337458005,0.0
1776945592,100,,Aggregated,152.900000,0.000000,600,790,880,910,1000,1100,1300,1500,3700,10000,10000,69912,0,600,670.6366172214888,173.71745799755445,10216.337458005,0.0
1776945593,100,,Aggregated,153.900000,0.000000,600,790,880,910,1000,1100,1300,1500,3300,9700,10000,70097,0,600,670.7250402338593,173.71745799755445,10216.337458005,0.0
1776945594,100,,Aggregated,151.600000,0.000000,600,790,880,910,1000,1100,1300,1500,3300,9700,10000,70241,0,600,670.6369188321612,173.71745799755445,10216.337458005,0.0
1776945595,100,,Aggregated,153.900000,0.000000,600,790,880,910,1000,1100,1300,1500,3300,9700,10000,70420,0,600,670.5386555373592,173.71745799755445,10216.337458005,0.0
1776945596,100,,Aggregated,154.100000,0.000000,600,790,880,910,1000,1100,1300,1400,3300,9700,10000,70561,0,600,670.3943631341649,173.71745799755445,10216.337458005,0.0
1776945597,100,,Aggregated,153.900000,0.000000,600,790,880,910,1000,1100,1300,1400,3300,9700,10000,70731,0,600,670.2697979726556,173.71745799755445,10216.337458005,0.0
1776945598,100,,Aggregated,151.300000,0.000000,600,790,880,910,1000,1100,1300,1400,3300,9700,10000,70887,0,600,670.0825154617336,173.71745799755445,10216.337458005,0.0
1776945599,100,,Aggregated,155.300000,0.000000,600,790,880,910,1000,1100,1300,1400,3200,9700,10000,71024,0,600,669.9740834407653,173.71745799755445,10216.337458005,0.0
1776945600,100,,Aggregated,154.300000,0.000000,600,790,880,910,1000,1100,1300,1400,3200,9700,10000,71200,0,600,669.906263869563,173.71745799755445,10216.337458005,0.0
1776945601,100,,Aggregated,155.000000,0.000000,600,790,880,910,1000,1100,1300,1400,3200,9700,10000,71360,0,600,669.9490366826774,173.71745799755445,10216.337458005,0.0
1776945602,100,,Aggregated,157.600000,0.000000,600,790,880,910,1000,1100,1300,1400,3200,9700,10000,71522,0,600,669.784356430648,173.71745799755445,10216.337458005,0.0
1776945603,100,,Aggregated,153.500000,0.000000,600,790,880,910,1000,1100,1300,1400,3200,9700,10000,71692,0,600,669.684096192235,173.71745799755445,10216.337458005,0.0
1776945604,100,,Aggregated,157.900000,0.000000,600,790,880,910,1000,1100,1300,1400,3200,9700,10000,71826,0,600,669.4877068535444,173.71745799755445,10216.337458005,0.0
1776945605,100,,Aggregated,158.400000,0.000000,600,790,880,910,1000,1100,1300,1400,3200,9700,10000,71951,0,600,669.9075458130629,173.71745799755445,10216.337458005,0.0
1776945606,100,,Aggregated,161.000000,0.000000,600,790,880,910,1000,1100,1300,1400,3200,9700,10000,72052,0,600,670.1173383459266,173.71745799755445,10216.337458005,0.0
1776945607,100,,Aggregated,153.100000,0.000000,600,790,880,910,1000,1100,1300,1400,3200,9700,10000,72198,0,600,670.3007040782403,173.71745799755445,10216.337458005,0.0
1776945608,100,,Aggregated,152.700000,0.000000,600,790,880,910,1000,1100,1300,1400,3200,9700,10000,72369,0,600,670.2102491963248,173.71745799755445,10216.337458005,0.0
1776945609,100,,Aggregated,148.600000,0.000000,600,790,880,910,1000,1100,1300,1400,3200,9700,10000,72527,0,600,670.1924364133884,173.71745799755445,10216.337458005,0.0
1776945610,100,,Aggregated,145.600000,0.000000,600,790,880,910,1000,1100,1300,1400,3200,9700,10000,72695,0,600,670.0697782957537,173.71745799755445,10216.337458005,0.0
1776945611,100,,Aggregated,148.600000,0.000000,600,790,880,910,1000,1100,1300,1400,3200,9700,10000,72819,0,600,670.3613582667816,173.71745799755445,10216.337458005,0.0
1776945612,100,,Aggregated,148.800000,0.000000,600,790,880,910,1000,1100,1300,1400,3200,9700,10000,72997,0,600,670.1504785208252,173.71745799755445,10216.337458005,0.0
1776945613,100,,Aggregated,145.600000,0.000000,600,790,880,910,1000,1100,1300,1400,3200,9700,10000,73152,0,600,669.9840002517726,173.71745799755445,10216.337458005,0.0
1776945614,100,,Aggregated,146.900000,0.000000,600,790,880,910,1000,1100,1300,1400,3200,9700,10000,73331,0,600,669.7081007277366,173.71745799755445,10216.337458005,0.0
1776945615,100,,Aggregated,145.200000,0.000000,600,790,880,910,1000,1100,1300,1400,3200,9700,10000,73460,0,600,669.5663283222939,173.71745799755445,10216.337458005,0.0
1776945616,100,,Aggregated,143.500000,0.000000,600,790,880,910,1000,1100,1300,1400,3200,9700,10000,73628,0,600,669.5337815794772,173.71745799755445,10216.337458005,0.0
1776945617,100,,Aggregated,155.900000,0.000000,600,790,880,910,1000,1100,1300,1400,3200,9700,10000,73785,0,600,669.3113193192078,173.71745799755445,10216.337458005,0.0
1776945618,100,,Aggregated,158.300000,0.000000,600,790,880,910,1000,1100,1300,1400,3200,9700,10000,73860,0,600,669.2641665567256,173.71745799755445,10216.337458005,0.0
1776945619,100,,Aggregated,157.900000,0.000000,600,790,880,910,1000,1100,1300,1500,3200,9700,10000,74001,0,600,670.1940211440079,173.71745799755445,10216.337458005,0.0
1776945620,100,,Aggregated,155.000000,0.000000,600,790,880,910,1000,1100,1300,1500,3200,9700,10000,74087,0,600,670.3863845311015,173.71745799755445,10216.337458005,0.0
1776945621,100,,Aggregated,149.200000,0.000000,600,790,880,910,1000,1100,1300,1500,3200,9700,10000,74235,0,600,670.8884272356394,173.71745799755445,10216.337458005,0.0
1776945622,100,,Aggregated,144.300000,0.000000,600,790,880,910,1000,1100,1300,1500,3200,9700,10000,74398,0,600,670.9598186280905,173.71745799755445,10216.337458005,0.0
1776945623,100,,Aggregated,147.800000,0.000000,600,790,880,910,1000,1100,1300,1500,3200,9700,10000,74530,0,600,671.0215157011625,173.71745799755445,10216.337458005,0.0
1776945624,100,,Aggregated,140.000000,0.000000,600,790,880,910,1000,1100,1300,1500,3200,9700,10000,74677,0,600,670.9950264701001,173.71745799755445,10216.337458005,0.0
1776945625,100,,Aggregated,137.800000,0.000000,600,790,880,910,1000,1100,1300,1500,3200,9700,10000,74834,0,600,670.9760731848312,173.71745799755445,10216.337458005,0.0
1776945626,100,,Aggregated,137.600000,0.000000,600,790,880,910,1000,1100,1300,1500,3200,9700,10000,75014,0,600,670.9229705023407,173.71745799755445,10216.337458005,0.0
1776945627,100,,Aggregated,132.600000,0.000000,600,790,880,910,1000,1100,1300,1500,3200,9700,10000,75138,0,600,670.6885934688248,173.71745799755445,10216.337458005,0.0
1776945628,100,,Aggregated,131.500000,0.000000,600,790,880,910,1000,1100,1300,1500,3200,9700,10000,75336,0,600,670.5349402523843,173.71745799755445,10216.337458005,0.0
1776945629,100,,Aggregated,132.400000,0.000000,600,790,880,910,1000,1100,1300,1500,3200,9700,10000,75513,0,600,670.4988858676736,173.71745799755445,10216.337458005,0.0
1776945630,100,,Aggregated,142.400000,0.000000,600,790,880,910,1000,1100,1300,1500,3200,9700,10000,75678,0,600,670.2716902713947,173.71745799755445,10216.337458005,0.0
1776945631,100,,Aggregated,146.900000,0.000000,600,790,880,910,1000,1100,1300,1500,3200,9700,10000,75798,0,600,670.1119379977241,173.71745799755445,10216.337458005,0.0
1776945632,100,,Aggregated,148.100000,0.000000,600,790,880,910,1000,1100,1300,1500,3200,9700,10000,75986,0,600,670.2370626937804,173.71745799755445,10216.337458005,0.0
1776945633,100,,Aggregated,152.800000,0.000000,600,790,880,910,1000,1100,1300,1500,3200,9700,10000,76117,0,600,670.2344038369304,173.71745799755445,10216.337458005,0.0
1776945634,100,,Aggregated,158.500000,0.000000,600,790,880,910,1000,1100,1300,1500,3200,9700,10000,76218,0,600,670.3486020638644,173.71745799755445,10216.337458005,0.0
1776945635,100,,Aggregated,158.500000,0.000000,600,790,880,910,1000,1100,1300,1500,3200,9700,10000,76406,0,600,670.4010738830402,173.71745799755445,10216.337458005,0.0
1776945636,100,,Aggregated,157.200000,0.000000,600,790,880,910,1000,1100,1300,1500,3200,9700,10000,76571,0,600,670.287055719262,173.71745799755445,10216.337458005,0.0
1776945637,100,,Aggregated,154.700000,0.000000,600,790,880,910,1000,1100,1300,1500,3200,9700,10000,76742,0,600,670.1273665705437,173.71745799755445,10216.337458005,0.0
1776945638,100,,Aggregated,157.700000,0.000000,600,790,880,910,1000,1100,1300,1500,3200,9700,10000,76894,0,600,670.014656675887,173.71745799755445,10216.337458005,0.0
1776945639,100,,Aggregated,156.800000,0.000000,600,790,880,910,1000,1100,1300,1400,3200,9700,10000,77052,0,600,669.7323196668303,173.71745799755445,10216.337458005,0.0
1776945640,100,,Aggregated,155.300000,0.000000,600,780,880,910,1000,1100,1300,1400,3200,9700,10000,77218,0,600,669.642871301065,173.71745799755445,10216.337458005,0.0
1776945641,100,,Aggregated,156.000000,0.000000,600,780,870,910,1000,1100,1300,1400,3200,9700,10000,77403,0,600,669.4319278139944,173.71745799755445,10216.337458005,0.0
1776945642,100,,Aggregated,158.200000,0.000000,600,780,870,910,1000,1100,1300,1400,3200,9700,10000,77551,0,600,669.4002750454234,173.71745799755445,10216.337458005,0.0
1776945643,100,,Aggregated,155.600000,0.000000,600,780,870,910,1000,1100,1300,1400,3200,9700,10000,77657,0,600,669.1923605105991,173.71745799755445,10216.337458005,0.0
1776945644,100,,Aggregated,154.600000,0.000000,600,780,870,910,1000,1100,1300,1500,3200,9700,10000,77834,0,600,669.4615211834996,173.71745799755445,10216.337458005,0.0
1776945645,100,,Aggregated,158.700000,0.000000,600,780,870,910,1000,1100,1300,1500,2700,9700,10000,78013,0,600,669.3176743802386,173.71745799755445,10216.337458005,0.0
1776945646,100,,Aggregated,159.200000,0.000000,600,780,870,910,1000,1100,1300,1500,2700,9700,10000,78196,0,600,669.2545852522194,173.71745799755445,10216.337458005,0.0
1776945647,100,,Aggregated,163.300000,0.000000,600,780,870,910,1000,1100,1300,1500,2700,9700,10000,78301,0,600,669.0420651270551,173.71745799755445,10216.337458005,0.0
1776945648,100,,Aggregated,159.700000,0.000000,600,780,870,910,1000,1100,1300,1500,2700,9700,10000,78479,0,600,669.297285731706,173.71745799755445,10216.337458005,0.0
1776945649,100,,Aggregated,159.300000,0.000000,600,780,870,910,1000,1100,1300,1500,2700,9700,10000,78551,0,600,669.272969571534,173.71745799755445,10216.337458005,0.0
1776945650,100,,Aggregated,154.000000,0.000000,600,780,870,910,1000,1100,1300,1500,2700,9700,10000,78658,0,600,670.1003899575325,173.71745799755445,10216.337458005,0.0
1776945651,100,,Aggregated,151.500000,0.000000,600,780,870,910,1000,1100,1300,1500,2700,9700,10000,78775,0,600,670.1846539641956,173.71745799755445,10216.337458005,0.0
1776945652,100,,Aggregated,147.200000,0.000000,600,780,880,910,1000,1100,1300,1500,2700,9700,10000,78949,0,600,670.1957471952843,173.71745799755445,10216.337458005,0.0
1776945653,100,,Aggregated,144.200000,0.000000,600,780,870,910,1000,1100,1300,1500,2700,9700,10000,79107,0,600,670.0867612746216,173.71745799755445,10216.337458005,0.0
1776945654,100,,Aggregated,143.900000,0.000000,600,780,870,910,1000,1100,1300,1500,2700,9700,10000,79262,0,600,670.1524364615643,173.71745799755445,10216.337458005,0.0
1776945655,100,,Aggregated,139.500000,0.000000,600,780,870,910,1000,1100,1300,1500,2700,9700,10000,79406,0,600,670.2394014346833,173.71745799755445,10216.337458005,0.0
1776945656,100,,Aggregated,139.500000,0.000000,600,780,870,910,1000,1100,1300,1500,2700,9700,10000,79572,0,600,670.2858968563744,173.71745799755445,10216.337458005,0.0
1776945657,100,,Aggregated,137.500000,0.000000,600,780,870,910,1000,1100,1300,1500,2700,9700,10000,79744,0,600,670.039661644218,173.71745799755445,10216.337458005,0.0
1776945658,100,,Aggregated,137.500000,0.000000,600,780,870,910,1000,1100,1300,1500,2700,9700,10000,79901,0,600,669.8635096164569,173.71745799755445,10216.337458005,0.0
1776945659,100,,Aggregated,140.700000,0.000000,600,780,870,910,1000,1100,1300,1500,2700,9300,10000,80046,0,600,669.8763526185385,173.71745799755445,10216.337458005,0.0
1776945660,100,,Aggregated,145.300000,0.000000,600,780,870,910,1000,1100,1300,1500,2700,9300,10000,80221,0,600,669.6808134635764,173.71745799755445,10216.337458005,0.0
1776945661,100,,Aggregated,145.700000,0.000000,600,780,870,910,1000,1100,1300,1500,2700,9300,10000,80367,0,600,669.8869166707053,173.71745799755445,10216.337458005,0.0
1776945662,100,,Aggregated,150.900000,0.000000,600,780,870,910,1000,1100,1300,1500,2700,9300,10000,80448,0,600,669.6976783587984,173.71745799755445,10216.337458005,0.0
1776945663,100,,Aggregated,152.900000,0.000000,600,780,870,910,1000,1100,1300,1500,2700,9300,10000,80631,0,600,669.9761487752312,173.71745799755445,10216.337458005,0.0
1776945664,100,,Aggregated,151.800000,0.000000,600,780,870,910,1000,1100,1300,1500,2700,9300,10000,80791,0,600,670.0218876585354,173.71745799755445,10216.337458005,0.0
1776945665,100,,Aggregated,148.900000,0.000000,600,780,870,910,1000,1100,1300,1500,2700,9300,10000,80954,0,600,669.876458323303,173.71745799755445,10216.337458005,0.0
1776945666,100,,Aggregated,149.900000,0.000000,600,780,870,910,1000,1100,1300,1500,2700,9300,10000,81087,0,600,669.6516925188339,173.71745799755445,10216.337458005,0.0
1776945667,100,,Aggregated,152.000000,0.000000,600,780,870,910,1000,1100,1300,1500,2700,9300,10000,81255,0,600,669.8115721153495,173.71745799755445,10216.337458005,0.0
1776945668,100,,Aggregated,153.900000,0.000000,600,780,870,910,1000,1100,1300,1500,2700,9300,10000,81413,0,600,669.8212441270533,173.71745799755445,10216.337458005,0.0
1776945669,100,,Aggregated,151.200000,0.000000,600,780,870,910,1000,1100,1300,1500,2700,9300,10000,81532,0,600,669.9034000387077,173.71745799755445,10216.337458005,0.0
1776945670,100,,Aggregated,147.600000,0.000000,600,780,870,910,1000,1100,1300,1500,2700,9300,10000,81700,0,600,669.764719721504,173.71745799755445,10216.337458005,0.0
1776945671,100,,Aggregated,147.900000,0.000000,600,780,870,910,1000,1100,1300,1500,2700,9300,10000,81871,0,600,669.8582055270348,173.71745799755445,10216.337458005,0.0
1776945672,100,,Aggregated,148.200000,0.000000,600,780,870,910,1000,1100,1300,1500,2700,9300,10000,82021,0,600,669.6810898564855,173.71745799755445,10216.337458005,0.0
1776945673,100,,Aggregated,147.000000,0.000000,600,780,870,910,1000,1100,1300,1500,2700,9300,10000,82186,0,600,669.6676986586142,173.71745799755445,10216.337458005,0.0
1776945674,100,,Aggregated,151.500000,0.000000,600,780,870,910,1000,1100,1300,1500,2700,9300,10000,82315,0,600,669.6371594904311,173.71745799755445,10216.337458005,0.0
1776945675,100,,Aggregated,155.000000,0.000000,600,780,870,910,1000,1100,1300,1500,2700,9300,10000,82500,0,600,669.6217049106282,173.71745799755445,10216.337458005,0.0
1776945676,100,,Aggregated,154.900000,0.000000,600,780,870,910,1000,1100,1300,1500,2700,9300,10000,82648,0,600,669.4670390526314,173.71745799755445,10216.337458005,0.0
1776945677,100,,Aggregated,153.800000,0.000000,600,780,870,910,1000,1100,1300,1500,2700,9300,10000,82788,0,600,669.4489562013681,173.71745799755445,10216.337458005,0.0
1776945678,100,,Aggregated,155.400000,0.000000,600,770,870,910,1000,1100,1300,1500,2700,9300,10000,82955,0,600,669.3679798017826,173.71745799755445,10216.337458005,0.0
1776945679,100,,Aggregated,151.800000,0.000000,600,780,870,910,1000,1100,1300,1500,2700,9300,10000,83064,0,600,669.6381520192252,173.71745799755445,10216.337458005,0.0
1776945680,100,,Aggregated,157.300000,0.000000,600,780,870,910,1000,1100,1300,1500,2700,9300,10000,83218,0,600,669.6938393535397,173.71745799755445,10216.337458005,0.0
1776945681,100,,Aggregated,153.800000,0.000000,600,770,870,910,1000,1100,1300,1500,2700,9300,10000,83368,0,600,669.6753968527477,173.71745799755445,10216.337458005,0.0
1776945682,100,,Aggregated,149.500000,0.000000,600,770,870,910,1000,1100,1300,1500,2700,9300,10000,83520,0,600,669.5831029187849,173.71745799755445,10216.337458005,0.0
1776945683,100,,Aggregated,152.800000,0.000000,600,770,870,910,1000,1100,1300,1500,2700,9300,10000,83680,0,600,669.550745008567,173.71745799755445,10216.337458005,0.0
1776945684,100,,Aggregated,149.000000,0.000000,600,770,870,910,1000,1100,1300,1500,2700,9300,10000,83830,0,600,669.5545024725736,173.71745799755445,10216.337458005,0.0
1776945685,100,,Aggregated,148.600000,0.000000,600,770,870,910,1000,1100,1300,1500,2700,9300,10000,84013,0,600,669.4640004622,173.71745799755445,10216.337458005,0.0
1776945686,100,,Aggregated,149.800000,0.000000,600,770,870,910,1000,1100,1300,1500,2700,9300,10000,84169,0,600,669.3105566028079,173.71745799755445,10216.337458005,0.0
1776945687,100,,Aggregated,150.800000,0.000000,600,770,870,910,1000,1100,1300,1500,2700,9300,10000,84323,0,600,669.2492599112182,173.71745799755445,10216.337458005,0.0
1776945688,100,,Aggregated,149.800000,0.000000,600,770,870,910,1000,1100,1300,1500,2700,9300,10000,84504,0,600,669.1986138174248,173.71745799755445,10216.337458005,0.0
1776945689,100,,Aggregated,153.900000,0.000000,600,770,870,910,1000,1100,1300,1500,2700,9300,10000,84667,0,600,668.9209681382312,173.71745799755445,10216.337458005,0.0
1776945690,100,,Aggregated,150.200000,0.000000,600,770,870,910,1000,1100,1300,1500,2700,9300,10000,84813,0,600,668.7398697558582,173.71745799755445,10216.337458005,0.0
1776945691,100,,Aggregated,155.400000,0.000000,600,770,870,910,1000,1100,1300,1500,2700,9300,10000,84976,0,600,668.806875849423,173.71745799755445,10216.337458005,0.0
1776945692,100,,Aggregated,157.700000,0.000000,600,770,870,910,1000,1100,1300,1500,2700,9300,10000,85094,0,600,668.7858313351427,173.71745799755445,10216.337458005,0.0
1776945693,100,,Aggregated,161.000000,0.000000,600,770,870,910,1000,1100,1300,1500,2700,9300,10000,85270,0,600,668.9393828722135,173.71745799755445,10216.337458005,0.0
1776945694,100,,Aggregated,159.500000,0.000000,600,770,870,910,1000,1100,1300,1500,2700,9300,10000,85356,0,600,668.9849859901433,173.71745799755445,10216.337458005,0.0
1776945695,100,,Aggregated,161.700000,0.000000,600,770,870,910,1000,1100,1300,1500,2700,9300,10000,85550,0,600,669.1326949547941,173.71745799755445,10216.337458005,0.0
1776945696,100,,Aggregated,157.200000,0.000000,600,770,870,910,1000,1100,1300,1500,2700,9300,10000,85702,0,600,669.0188122599081,173.71745799755445,10216.337458005,0.0
1776945697,100,,Aggregated,149.900000,0.000000,600,770,870,910,1000,1100,1300,1500,2700,9300,10000,85853,0,600,668.8618610983848,173.71745799755445,10216.337458005,0.0
1776945698,100,,Aggregated,153.600000,0.000000,600,770,870,910,1000,1100,1300,1500,2700,9300,10000,86029,0,600,668.9365803663261,173.71745799755445,10216.337458005,0.0
1776945699,100,,Aggregated,152.200000,0.000000,600,770,870,910,1000,1100,1300,1500,2700,9300,10000,86138,0,600,668.7461025743183,173.71745799755445,10216.337458005,0.0
1776945700,100,,Aggregated,151.600000,0.000000,600,770,870,910,1000,1100,1300,1500,2700,9300,10000,86292,0,600,668.8477091576574,173.71745799755445,10216.337458005,0.0
1776945701,100,,Aggregated,152.000000,0.000000,600,770,870,910,1000,1100,1300,1500,2700,9300,10000,86475,0,600,668.7591599475182,173.71745799755445,10216.337458005,0.0
1776945702,100,,Aggregated,147.300000,0.000000,600,770,870,910,1000,1100,1300,1500,2700,9300,10000,86624,0,600,668.6382321557265,173.71745799755445,10216.337458005,0.0
1776945703,100,,Aggregated,144.900000,0.000000,600,770,870,910,1000,1100,1300,1500,2700,9300,10000,86782,0,600,668.5851706225687,173.71745799755445,10216.337458005,0.0
1776945704,100,,Aggregated,149.900000,0.000000,600,770,870,910,1000,1100,1300,1500,2700,9300,10000,86943,0,600,668.5934886717482,173.71745799755445,10216.337458005,0.0
1776945705,100,,Aggregated,148.600000,0.000000,600,770,870,910,1000,1100,1300,1500,2600,9300,10000,87096,0,600,668.602770033891,173.71745799755445,10216.337458005,0.0
1776945707,100,,Aggregated,151.200000,0.000000,600,770,870,910,1000,1100,1300,1500,2600,9300,10000,87210,0,600,668.6727962422291,173.71745799755445,10216.337458005,0.0
1776945708,100,,Aggregated,158.200000,0.000000,600,770,870,910,1000,1100,1300,1500,2600,9300,10000,87395,0,600,668.721603849795,173.71745799755445,10216.337458005,0.0
1776945709,100,,Aggregated,149.900000,0.000000,600,770,870,910,1000,1100,1300,1500,2600,9300,10000,87549,0,600,668.6923954585302,173.71745799755445,10216.337458005,0.0
1776945710,100,,Aggregated,154.100000,0.000000,600,770,870,910,1000,1100,1300,1500,2600,9300,10000,87684,0,600,668.5348278747189,173.71745799755445,10216.337458005,0.0
1776945711,100,,Aggregated,154.100000,0.000000,600,770,870,910,1000,1100,1300,1500,2600,9300,10000,87851,0,600,668.4541771069973,173.71745799755445,10216.337458005,0.0
1776945712,100,,Aggregated,150.500000,0.000000,600,770,870,910,1000,1100,1300,1500,2600,9300,10000,88004,0,600,668.4370110585409,173.71745799755445,10216.337458005,0.0
1776945713,100,,Aggregated,154.300000,0.000000,600,770,870,910,1000,1100,1300,1500,2600,9300,10000,88169,0,600,668.4334355643816,173.71745799755445,10216.337458005,0.0
1776945714,100,,Aggregated,152.900000,0.000000,600,770,870,910,1000,1100,1300,1500,2600,9300,10000,88315,0,600,668.4795582387126,173.71745799755445,10216.337458005,0.0
1776945715,100,,Aggregated,154.500000,0.000000,600,770,870,910,1000,1100,1300,1500,2600,9300,10000,88454,0,600,668.3383176851678,173.71745799755445,10216.337458005,0.0
1776945716,100,,Aggregated,154.500000,0.000000,600,770,870,910,1000,1100,1300,1500,2600,9300,10000,88624,0,600,668.273603516676,173.71745799755445,10216.337458005,0.0
1776945717,100,,Aggregated,150.300000,0.000000,600,770,870,910,1000,1100,1300,1500,2600,9300,10000,88804,0,600,668.2293046716021,173.71745799755445,10216.337458005,0.0
1776945718,100,,Aggregated,150.300000,0.000000,600,770,870,910,1000,1100,1300,1500,2600,9300,10000,88952,0,600,668.2113497636799,173.71745799755445,10216.337458005,0.0
1776945719,100,,Aggregated,152.800000,0.000000,600,770,870,910,1000,1100,1300,1500,2600,9300,10000,89083,0,600,668.091839308194,173.71745799755445,10216.337458005,0.0
1776945720,100,,Aggregated,158.800000,0.000000,600,770,870,910,1000,1100,1300,1500,2600,9300,10000,89263,0,600,668.2234498644216,173.71745799755445,10216.337458005,0.0
1776945721,100,,Aggregated,155.700000,0.000000,600,770,870,910,1000,1100,1300,1500,2600,9300,10000,89345,0,600,668.2844368356469,173.71745799755445,10216.337458005,0.0
1776945722,100,,Aggregated,154.900000,0.000000,600,770,870,910,1000,1100,1300,1500,2600,9300,10000,89497,0,600,668.6411547583926,173.71745799755445,10216.337458005,0.0
1776945723,100,,Aggregated,149.400000,0.000000,600,770,870,910,1000,1100,1300,1500,2600,9300,10000,89643,0,600,668.7428359970312,173.71745799755445,10216.337458005,0.0
1776945724,100,,Aggregated,149.300000,0.000000,600,770,870,910,1000,1100,1300,1500,2600,9300,10000,89807,0,600,668.6368185209482,173.71745799755445,10216.337458005,0.0
1776945725,100,,Aggregated,149.300000,0.000000,600,770,870,910,1000,1100,1300,1500,2600,9300,10000,89948,0,600,668.4600433656975,173.71745799755445,10216.337458005,0.0
1776945726,100,,Aggregated,145.800000,0.000000,600,770,870,910,1000,1100,1300,1500,2500,9200,10000,90097,0,600,668.4255162221464,173.71745799755445,10216.337458005,0.0
1776945727,100,,Aggregated,145.800000,0.000000,600,770,870,910,1000,1100,1300,1500,2500,9200,10000,90256,0,600,668.4919454434355,173.71745799755445,10216.337458005,0.0
1776945728,100,,Aggregated,147.100000,0.000000,600,770,870,910,1000,1100,1300,1500,2500,9200,10000,90374,0,600,668.336513024417,173.71745799755445,10216.337458005,0.0
1776945729,100,,Aggregated,145.800000,0.000000,600,770,870,910,1000,1100,1300,1500,2500,9200,10000,90547,0,600,668.4684992267624,173.71745799755445,10216.337458005,0.0
1776945730,100,,Aggregated,141.900000,0.000000,600,770,870,910,1000,1100,1300,1500,2500,9200,10000,90737,0,600,668.4878375789768,173.71745799755445,10216.337458005,0.0
1776945731,100,,Aggregated,145.100000,0.000000,600,770,870,910,1000,1100,1300,1500,2500,9200,10000,90877,0,600,668.3963144308301,173.71745799755445,10216.337458005,0.0
1776945732,100,,Aggregated,143.000000,0.000000,600,770,870,910,1000,1100,1300,1500,2500,9200,10000,91041,0,600,668.3675758017765,173.71745799755445,10216.337458005,0.0
1776945733,100,,Aggregated,153.000000,0.000000,600,770,870,910,1000,1100,1300,1500,2500,9200,10000,91199,0,600,668.3931434115889,173.71745799755445,10216.337458005,0.0
1776945734,100,,Aggregated,150.700000,0.000000,600,770,870,910,1000,1100,1300,1500,2500,9200,10000,91336,0,600,668.2422311852009,173.71745799755445,10216.337458005,0.0
1776945735,100,,Aggregated,149.800000,0.000000,600,770,870,910,1000,1100,1300,1500,2500,9200,10000,91488,0,600,668.3109818026026,173.71745799755445,10216.337458005,0.0
1776945736,100,,Aggregated,153.400000,0.000000,600,770,870,910,1000,1100,1300,1500,2500,9200,10000,91638,0,600,668.3864851253239,173.71745799755445,10216.337458005,0.0
1776945737,100,,Aggregated,153.000000,0.000000,600,770,870,910,1000,1100,1300,1500,2500,9200,10000,91786,0,600,668.3815937665165,173.71745799755445,10216.337458005,0.0
1776945738,100,,Aggregated,151.500000,0.000000,600,770,870,910,1000,1100,1300,1500,2500,9200,10000,91935,0,600,668.1884454686948,173.71745799755445,10216.337458005,0.0
1776945739,100,,Aggregated,151.100000,0.000000,600,770,870,910,1000,1100,1300,1400,2500,9200,10000,92107,0,600,668.0767450690875,173.71745799755445,10216.337458005,0.0
1776945740,100,,Aggregated,154.800000,0.000000,600,770,870,910,1000,1100,1300,1400,2500,9200,10000,92289,0,600,668.0565596481961,173.71745799755445,10216.337458005,0.0
1776945741,100,,Aggregated,154.600000,0.000000,600,770,870,910,1000,1100,1300,1400,2500,9200,10000,92426,0,600,668.0535155381101,173.71745799755445,10216.337458005,0.0
1776945742,100,,Aggregated,154.300000,0.000000,600,770,870,910,1000,1100,1300,1400,2500,9200,10000,92559,0,600,668.153619450797,173.71745799755445,10216.337458005,0.0
1776945743,100,,Aggregated,154.500000,0.000000,600,770,870,910,1000,1100,1300,1400,2500,9200,10000,92694,0,600,668.044003924184,173.71745799755445,10216.337458005,0.0
1776945744,100,,Aggregated,151.400000,0.000000,600,770,870,910,1000,1100,1300,1400,2500,9200,10000,92878,0,600,667.9112390178867,173.71745799755445,10216.337458005,0.0
1776945745,100,,Aggregated,154.400000,0.000000,600,770,870,910,1000,1100,1300,1400,2500,9200,10000,93057,0,600,667.9219437496406,173.71745799755445,10216.337458005,0.0
1776945746,100,,Aggregated,154.200000,0.000000,600,770,870,910,1000,1100,1300,1400,2500,9200,10000,93196,0,600,667.8372576131411,173.71745799755445,10216.337458005,0.0
1776945747,100,,Aggregated,153.000000,0.000000,600,770,870,910,1000,1100,1300,1400,2500,9200,10000,93375,0,600,667.7411034093847,173.71745799755445,10216.337458005,0.0
1776945748,100,,Aggregated,158.300000,0.000000,600,770,870,910,1000,1100,1300,1400,2500,9200,10000,93554,0,600,667.6043035828648,173.71745799755445,10216.337458005,0.0
1776945749,100,,Aggregated,156.900000,0.000000,600,770,870,910,1000,1100,1300,1400,2500,9200,10000,93716,0,600,667.5197111189593,173.71745799755445,10216.337458005,0.0
1776945750,100,,Aggregated,159.000000,0.000000,600,770,870,910,1000,1100,1300,1400,2500,9200,10000,93823,0,600,667.5449990218432,173.71745799755445,10216.337458005,0.0
1776945751,100,,Aggregated,160.100000,0.000000,600,770,870,910,1000,1100,1300,1400,2500,9200,10000,93960,0,600,667.8348763877548,173.71745799755445,10216.337458005,0.0
1776945752,100,,Aggregated,157.400000,0.000000,600,770,870,910,1000,1100,1300,1400,2500,9200,10000,94133,0,600,667.8120808065552,173.71745799755445,10216.337458005,0.0
1776945753,100,,Aggregated,150.600000,0.000000,600,770,870,910,1000,1100,1300,1400,2500,9200,10000,94290,0,600,667.7130323888056,173.71745799755445,10216.337458005,0.0
1776945754,100,,Aggregated,156.800000,0.000000,600,770,870,910,1000,1100,1300,1400,2500,9200,10000,94462,0,600,667.644356341561,173.71745799755445,10216.337458005,0.0
1776945755,100,,Aggregated,155.700000,0.000000,600,770,870,910,1000,1100,1300,1400,2500,9200,10000,94618,0,600,667.4863288308521,173.71745799755445,10216.337458005,0.0
1776945756,100,,Aggregated,154.300000,0.000000,600,770,870,910,1000,1100,1300,1400,2500,9200,10000,94738,0,600,667.4290234136093,173.71745799755445,10216.337458005,0.0
1776945757,100,,Aggregated,153.900000,0.000000,600,770,870,910,1000,1100,1300,1400,2500,9200,10000,94927,0,600,667.3764224653949,173.71745799755445,10216.337458005,0.0
1776945758,100,,Aggregated,152.400000,0.000000,600,770,870,910,1000,1100,1300,1400,2500,9200,10000,95096,0,600,667.3014076656073,173.71745799755445,10216.337458005,0.0
1776945759,100,,Aggregated,153.600000,0.000000,600,770,870,910,1000,1100,1300,1400,2500,9200,10000,95213,0,600,667.383755636884,173.71745799755445,10216.337458005,0.0
1776945760,100,,Aggregated,154.700000,0.000000,600,770,870,910,1000,1100,1300,1400,2500,9200,10000,95368,0,600,667.5266822256793,173.71745799755445,10216.337458005,0.0
1776945761,100,,Aggregated,149.900000,0.000000,600,770,870,910,1000,1100,1300,1400,2500,9200,10000,95533,0,600,667.5391421917201,173.71745799755445,10216.337458005,0.0
1776945762,100,,Aggregated,150.700000,0.000000,600,770,870,910,1000,1100,1300,1400,2500,9200,10000,95683,0,600,667.3634003915588,173.71745799755445,10216.337458005,0.0
1776945763,100,,Aggregated,152.800000,0.000000,600,770,870,910,1000,1100,1300,1400,2500,9200,10000,95842,0,600,667.2178134989724,173.71745799755445,10216.337458005,0.0
1776945764,100,,Aggregated,154.000000,0.000000,600,770,870,910,1000,1100,1300,1400,2500,9200,10000,95986,0,600,667.4067238085819,173.71745799755445,10216.337458005,0.0
1776945765,100,,Aggregated,154.000000,0.000000,600,770,870,910,1000,1100,1300,1400,2500,9200,10000,96054,0,600,667.4439853297779,173.71745799755445,10216.337458005,0.0
1776945766,100,,Aggregated,153.400000,0.000000,600,770,870,910,1000,1100,1300,1400,2500,9200,10000,96195,0,600,667.6517219388279,173.71745799755445,10216.337458005,0.0
1776945767,100,,Aggregated,150.700000,0.000000,600,770,870,910,1000,1100,1300,1400,2500,9200,10000,96375,0,600,667.667267118823,173.71745799755445,10216.337458005,0.0
1776945768,100,,Aggregated,147.200000,0.000000,600,770,870,910,1000,1100,1300,1500,2500,9200,10000,96523,0,600,667.9028817465324,173.71745799755445,10216.337458005,0.0
1776945769,100,,Aggregated,146.100000,0.000000,600,770,870,910,1000,1100,1300,1500,2500,9200,10000,96673,0,600,667.7562581894595,173.71745799755445,10216.337458005,0.0
1776945770,100,,Aggregated,139.200000,0.000000,600,770,870,910,1000,1100,1300,1400,2500,9200,10000,96819,0,600,667.56984046729,173.71745799755445,10216.337458005,0.0
1776945771,100,,Aggregated,143.900000,0.000000,600,770,870,910,1000,1100,1300,1400,2500,9200,10000,97006,0,600,667.49404703318,173.71745799755445,10216.337458005,0.0
1776945772,100,,Aggregated,147.500000,0.000000,600,770,870,910,1000,1100,1300,1400,2500,9200,10000,97196,0,600,667.4082430042246,173.71745799755445,10216.337458005,0.0
1776945773,100,,Aggregated,151.700000,0.000000,600,770,870,910,1000,1100,1300,1400,2500,9200,10000,97336,0,600,667.4328716202803,173.71745799755445,10216.337458005,0.0
1776945774,100,,Aggregated,150.000000,0.000000,600,770,870,910,1000,1100,1300,1400,2500,9200,10000,97456,0,600,667.3454303488094,173.71745799755445,10216.337458005,0.0
1776945775,100,,Aggregated,148.600000,0.000000,600,770,870,910,1000,1100,1300,1400,2500,9200,10000,97633,0,600,667.2866325515715,173.71745799755445,10216.337458005,0.0
1776945776,100,,Aggregated,151.700000,0.000000,600,770,870,910,1000,1100,1300,1400,2500,9200,10000,97810,0,600,667.3408046717982,173.71745799755445,10216.337458005,0.0
1776945777,100,,Aggregated,154.100000,0.000000,600,770,870,910,1000,1100,1300,1400,2500,9200,10000,97939,0,600,667.2096936446827,173.71745799755445,10216.337458005,0.0
1776945778,100,,Aggregated,156.000000,0.000000,600,770,870,910,1000,1100,1300,1400,2500,9200,10000,98088,0,600,667.23528890296,173.71745799755445,10216.337458005,0.0
1776945779,100,,Aggregated,157.600000,0.000000,600,770,870,910,1000,1100,1300,1400,2500,9200,10000,98214,0,600,667.2903034254539,173.71745799755445,10216.337458005,0.0
1776945780,100,,Aggregated,156.500000,0.000000,600,770,870,910,1000,1100,1300,1400,2500,9200,10000,98410,0,600,667.3060760136012,173.71745799755445,10216.337458005,0.0
1776945781,100,,Aggregated,157.300000,0.000000,600,770,870,910,1000,1100,1300,1400,2500,9200,10000,98558,0,600,667.182771927845,173.71745799755445,10216.337458005,0.0
1776945782,100,,Aggregated,154.900000,0.000000,600,760,870,910,1000,1100,1300,1400,2500,9200,10000,98735,0,600,667.0963610679858,173.71745799755445,10216.337458005,0.0
1776945783,100,,Aggregated,153.300000,0.000000,600,760,870,910,1000,1100,1300,1400,2500,9200,10000,98894,0,600,667.0419843486006,173.71745799755445,10216.337458005,0.0
1776945784,100,,Aggregated,154.400000,0.000000,600,760,870,910,1000,1100,1300,1400,2500,9200,10000,99046,0,600,667.0047072749583,173.71745799755445,10216.337458005,0.0
1776945785,100,,Aggregated,155.700000,0.000000,600,760,870,910,1000,1100,1300,1400,2500,9200,10000,99214,0,600,666.9553758021397,173.71745799755445,10216.337458005,0.0
1776945786,100,,Aggregated,156.100000,0.000000,600,760,870,910,1000,1100,1300,1400,2500,9200,10000,99402,0,600,666.7815423444152,173.71745799755445,10216.337458005,0.0
1776945787,100,,Aggregated,151.900000,0.000000,600,760,870,910,1000,1100,1300,1400,2500,9200,10000,99542,0,600,666.5744281340994,173.71745799755445,10216.337458005,0.0
1776945788,100,,Aggregated,156.700000,0.000000,600,760,870,910,1000,1100,1300,1400,2500,9200,10000,99691,0,600,666.5305782947958,173.71745799755445,10216.337458005,0.0
1776945789,100,,Aggregated,158.200000,0.000000,600,760,870,910,1000,1100,1300,1400,2500,9200,10000,99861,0,600,666.451751950165,173.71745799755445,10216.337458005,0.0
1776945790,100,,Aggregated,163.000000,0.000000,600,760,870,910,1000,1100,1300,1400,2500,9200,10000,100042,0,600,666.403515199811,173.71745799755445,10216.337458005,0.0
1776945791,100,,Aggregated,160.900000,0.000000,600,760,870,910,1000,1100,1300,1400,2500,9200,10000,100228,0,600,666.250622846615,173.71745799755445,10216.337458005,0.0
1776945792,100,,Aggregated,162.600000,0.000000,600,760,870,910,1000,1100,1300,1400,2500,9200,10000,100383,0,600,666.1553445811096,173.71745799755445,10216.337458005,0.0
1776945793,100,,Aggregated,164.700000,0.000000,600,760,870,910,1000,1100,1300,1400,2500,9200,10000,100510,0,600,666.0783399354744,173.71745799755445,10216.337458005,0.0
1776945794,100,,Aggregated,162.500000,0.000000,600,760,870,910,1000,1100,1300,1400,2500,9200,10000,100672,0,600,666.1401512892025,173.71745799755445,10216.337458005,0.0
1776945795,100,,Aggregated,162.200000,0.000000,600,760,870,910,1000,1100,1300,1400,2500,9200,10000,100822,0,600,666.4035836210314,173.71745799755445,10216.337458005,0.0
1776945796,100,,Aggregated,160.200000,0.000000,600,760,870,910,1000,1100,1300,1400,2500,9200,10000,100932,0,600,666.2795005309582,173.71745799755445,10216.337458005,0.0
1776945797,100,,Aggregated,159.700000,0.000000,600,760,870,910,1000,1100,1300,1400,2500,9200,10000,101108,0,600,666.3082965735318,173.71745799755445,10216.337458005,0.0
1776945798,100,,Aggregated,153.800000,0.000000,600,760,870,910,1000,1100,1300,1400,2500,9200,10000,101273,0,600,666.2181933769979,173.71745799755445,10216.337458005,0.0
1776945799,100,,Aggregated,154.700000,0.000000,600,760,870,910,1000,1100,1300,1400,2500,9200,10000,101429,0,600,666.2280045136953,173.71745799755445,10216.337458005,0.0
1776945800,100,,Aggregated,154.700000,0.000000,600,760,870,910,1000,1100,1300,1400,2500,9200,10000,101572,0,600,666.2707191904727,173.71745799755445,10216.337458005,0.0
1776945801,100,,Aggregated,153.800000,0.000000,600,760,870,910,1000,1100,1300,1400,2500,9200,10000,101744,0,600,666.1820538720284,173.71745799755445,10216.337458005,0.0
1776945802,100,,Aggregated,152.500000,0.000000,600,760,870,910,1000,1100,1300,1400,2500,9200,10000,101895,0,600,666.0785317204945,173.71745799755445,10216.337458005,0.0
1776945803,100,,Aggregated,149.700000,0.000000,600,760,870,910,1000,1100,1300,1400,2500,9200,10000,102061,0,600,666.0557998597575,173.71745799755445,10216.337458005,0.0
1776945804,100,,Aggregated,150.600000,0.000000,600,760,870,910,1000,1100,1300,1400,2500,9200,10000,102186,0,600,665.9841521281168,173.71745799755445,10216.337458005,0.0
1776945805,100,,Aggregated,150.300000,0.000000,600,760,870,910,1000,1100,1300,1400,2500,9200,10000,102378,0,600,665.9340471911714,173.71745799755445,10216.337458005,0.0
1776945806,100,,Aggregated,149.300000,0.000000,600,760,870,910,1000,1100,1300,1400,2500,9200,10000,102531,0,600,665.7282079672373,173.71745799755445,10216.337458005,0.0
1776945807,100,,Aggregated,154.800000,0.000000,600,760,870,910,1000,1100,1300,1400,2500,9200,10000,102654,0,600,665.9954106611312,173.71745799755445,10216.337458005,0.0
1776945808,100,,Aggregated,160.600000,0.000000,600,760,870,910,1000,1100,1300,1400,2500,9200,10000,102826,0,600,665.9334135308835,173.71745799755445,10216.337458005,0.0
1776945809,100,,Aggregated,153.800000,0.000000,600,760,870,910,1000,1100,1300,1400,2500,9200,10000,102984,0,600,665.8820762029397,173.71745799755445,10216.337458005,0.0
1776945810,100,,Aggregated,157.000000,0.000000,600,760,870,910,1000,1100,1300,1400,2500,9200,10000,103120,0,600,665.7906907306685,173.71745799755445,10216.337458005,0.0
1776945811,100,,Aggregated,154.500000,0.000000,600,760,870,910,1000,1100,1300,1400,2500,9200,10000,103269,0,600,665.7948418981637,173.71745799755445,10216.337458005,0.0
1776945812,100,,Aggregated,153.100000,0.000000,600,760,870,910,1000,1100,1300,1400,2500,9200,10000,103423,0,600,665.7680632288703,173.71745799755445,10216.337458005,0.0
1776945813,100,,Aggregated,153.300000,0.000000,600,760,870,910,1000,1100,1300,1400,2500,9200,10000,103583,0,600,665.7996212493317,173.71745799755445,10216.337458005,0.0
1776945814,100,,Aggregated,154.300000,0.000000,600,760,870,910,1000,1100,1300,1400,2500,9200,10000,103740,0,600,665.7223948054808,173.71745799755445,10216.337458005,0.0
1776945815,100,,Aggregated,155.400000,0.000000,600,760,870,910,1000,1100,1300,1400,2500,9200,10000,103900,0,600,665.7554164256263,173.71745799755445,10216.337458005,0.0
1776945816,100,,Aggregated,155.000000,0.000000,600,760,870,910,1000,1100,1300,1400,2500,9200,10000,104053,0,600,665.714636546592,173.71745799755445,10216.337458005,0.0
1776945817,100,,Aggregated,156.000000,0.000000,600,760,870,910,1000,1100,1300,1400,2500,9200,10000,104220,0,600,665.7166137816502,173.71745799755445,10216.337458005,0.0
1776945818,100,,Aggregated,150.000000,0.000000,600,760,870,910,1000,1100,1300,1400,2500,9200,10000,104371,0,600,665.6352025178418,173.71745799755445,10216.337458005,0.0
1776945819,100,,Aggregated,153.400000,0.000000,600,760,870,910,1000,1100,1300,1400,2500,9200,10000,104522,0,600,665.5074557353446,173.71745799755445,10216.337458005,0.0
1776945820,100,,Aggregated,153.100000,0.000000,600,760,870,910,1000,1100,1300,1400,2500,9200,10000,104699,0,600,665.53835828576,173.71745799755445,10216.337458005,0.0
1776945821,100,,Aggregated,154.100000,0.000000,600,760,870,910,1000,1100,1300,1400,2500,9200,10000,104846,0,600,665.4811753650757,173.71745799755445,10216.337458005,0.0
1776945822,100,,Aggregated,156.800000,0.000000,600,760,870,910,1000,1100,1300,1400,2500,9200,10000,105018,0,600,665.4103112633333,173.71745799755445,10216.337458005,0.0
1776945823,100,,Aggregated,158.900000,0.000000,600,760,870,910,1000,1100,1300,1400,2500,9200,10000,105125,0,600,665.3602531863752,173.71745799755445,10216.337458005,0.0
1776945824,100,,Aggregated,157.400000,0.000000,600,760,870,910,1000,1100,1300,1400,2500,9200,10000,105287,0,600,665.642167005934,173.71745799755445,10216.337458005,0.0
1776945825,100,,Aggregated,157.100000,0.000000,600,760,870,910,1000,1100,1300,1400,2500,9200,10000,105445,0,600,665.6175829501138,173.71745799755445,10216.337458005,0.0
1776945826,100,,Aggregated,153.000000,0.000000,600,760,870,910,1000,1100,1300,1400,2500,9200,10000,105578,0,600,665.6590963588606,173.71745799755445,10216.337458005,0.0
1776945827,100,,Aggregated,147.700000,0.000000,600,760,870,910,1000,1100,1300,1400,2500,9200,10000,105746,0,600,665.6184397968411,173.71745799755445,10216.337458005,0.0
1776945828,100,,Aggregated,149.600000,0.000000,600,760,870,910,1000,1100,1300,1400,2500,9200,10000,105893,0,600,665.5055509619125,173.71745799755445,10216.337458005,0.0
1776945829,100,,Aggregated,151.600000,0.000000,600,760,870,910,1000,1100,1300,1400,2500,9200,10000,106075,0,600,665.3651226271588,173.71745799755445,10216.337458005,0.0
1776945830,100,,Aggregated,149.400000,0.000000,600,760,870,910,1000,1100,1300,1400,2500,9200,10000,106246,0,600,665.3568099705576,173.71745799755445,10216.337458005,0.0
1776945831,100,,Aggregated,154.800000,0.000000,600,760,870,910,1000,1100,1300,1400,2500,9200,10000,106402,0,600,665.3145276573548,173.71745799755445,10216.337458005,0.0
1776945832,100,,Aggregated,154.500000,0.000000,600,760,870,910,1000,1100,1300,1400,2500,9200,10000,106550,0,600,665.2215444600449,173.71745799755445,10216.337458005,0.0
1776945833,100,,Aggregated,149.600000,0.000000,600,760,870,910,1000,1100,1300,1400,2500,9200,10000,106706,0,600,665.1611452113357,173.71745799755445,10216.337458005,0.0
1776945834,100,,Aggregated,151.500000,0.000000,600,760,870,910,1000,1100,1300,1400,2500,9200,10000,106873,0,600,665.2584339165619,173.71745799755445,10216.337458005,0.0
1776945835,100,,Aggregated,154.100000,0.000000,600,760,870,910,1000,1100,1300,1400,2500,9200,10000,106996,0,600,665.1234614453041,173.71745799755445,10216.337458005,0.0
1776945836,100,,Aggregated,159.200000,0.000000,600,760,870,910,1000,1100,1300,1400,2500,9200,10000,107149,0,600,665.3428035288124,173.71745799755445,10216.337458005,0.0
1776945837,100,,Aggregated,160.900000,0.000000,600,760,870,910,1000,1100,1300,1400,2500,9200,10000,107248,0,600,665.5583792255491,173.71745799755445,10216.337458005,0.0
1776945838,100,,Aggregated,157.400000,0.000000,600,760,870,910,1000,1100,1300,1400,2500,9200,10000,107375,0,600,665.7971207657802,173.71745799755445,10216.337458005,0.0
1776945839,100,,Aggregated,153.900000,0.000000,600,760,870,910,1000,1100,1300,1400,2500,9200,10000,107497,0,600,665.6586401373778,173.71745799755445,10216.337458005,0.0
1776945840,100,,Aggregated,148.400000,0.000000,600,760,870,910,1000,1100,1300,1400,2500,9200,10000,107683,0,600,665.7610759935707,173.71745799755445,10216.337458005,0.0
1776945841,100,,Aggregated,142.500000,0.000000,600,760,870,910,1000,1100,1300,1400,2500,9200,10000,107855,0,600,665.7437465216235,173.71745799755445,10216.337458005,0.0
1776945842,100,,Aggregated,138.200000,0.000000,600,760,870,910,1000,1100,1300,1400,2500,9200,10000,108015,0,600,665.6192061662421,173.71745799755445,10216.337458005,0.0
1776945843,100,,Aggregated,146.100000,0.000000,600,760,870,910,1000,1100,1300,1400,2500,9200,10000,108191,0,600,665.5145006170263,173.71745799755445,10216.337458005,0.0
1776945844,100,,Aggregated,145.600000,0.000000,600,760,870,910,1000,1100,1300,1400,2500,9200,10000,108330,0,600,665.3720842644577,173.71745799755445,10216.337458005,0.0
1776945845,100,,Aggregated,141.600000,0.000000,600,760,870,910,1000,1100,1300,1400,2500,9200,10000,108484,0,600,665.3995192186744,173.71745799755445,10216.337458005,0.0
1776945846,100,,Aggregated,142.900000,0.000000,600,760,870,910,1000,1100,1300,1400,2500,9200,10000,108659,0,600,665.430717871687,173.71745799755445,10216.337458005,0.0
1776945847,100,,Aggregated,146.200000,0.000000,600,760,870,910,1000,1100,1300,1400,2500,9200,10000,108778,0,600,665.2358719377236,173.71745799755445,10216.337458005,0.0
1776945848,100,,Aggregated,147.000000,0.000000,600,760,870,910,1000,1100,1300,1400,2500,9200,10000,108966,0,600,665.2687798282841,173.71745799755445,10216.337458005,0.0
1776945849,100,,Aggregated,152.600000,0.000000,600,760,870,910,1000,1100,1300,1400,2500,9200,10000,109108,0,600,665.4455131335812,173.71745799755445,10216.337458005,0.0
1776945850,100,,Aggregated,153.400000,0.000000,600,760,870,910,1000,1100,1300,1400,2500,9200,10000,109269,0,600,665.3388382582863,173.71745799755445,10216.337458005,0.0
1776945851,100,,Aggregated,157.900000,0.000000,600,760,870,910,1000,1100,1300,1400,2500,9200,10000,109445,0,600,665.3221024249876,173.71745799755445,10216.337458005,0.0
1776945852,100,,Aggregated,161.900000,0.000000,600,760,870,910,1000,1100,1300,1400,2500,9200,10000,109581,0,600,665.2769695737198,173.71745799755445,10216.337458005,0.0
1776945853,100,,Aggregated,155.900000,0.000000,600,750,870,910,1000,1100,1300,1400,2500,9200,10000,109760,0,600,665.1439521598643,173.71745799755445,10216.337458005,0.0
1776945854,100,,Aggregated,155.600000,0.000000,600,750,870,910,1000,1100,1300,1400,2500,9200,10000,109903,0,600,665.1393793414805,173.71745799755445,10216.337458005,0.0
1776945855,100,,Aggregated,156.900000,0.000000,600,750,870,910,1000,1100,1300,1400,2500,9200,10000,110079,0,600,665.042429830128,173.71745799755445,10216.337458005,0.0
1776945856,100,,Aggregated,157.800000,0.000000,600,750,870,910,1000,1100,1300,1400,2500,9200,10000,110228,0,600,665.0529136201667,173.71745799755445,10216.337458005,0.0
1776945857,100,,Aggregated,154.200000,0.000000,600,750,870,910,1000,1100,1300,1400,2500,9200,10000,110365,0,600,664.900945530229,173.71745799755445,10216.337458005,0.0
1776945858,100,,Aggregated,157.900000,0.000000,600,750,870,910,1000,1100,1300,1400,2500,9200,10000,110534,0,600,665.0532063944902,173.71745799755445,10216.337458005,0.0
1776945859,100,,Aggregated,153.700000,0.000000,600,750,870,910,1000,1100,1300,1400,2500,9200,10000,110670,0,600,665.2338733413628,173.71745799755445,10216.337458005,0.0
1776945860,100,,Aggregated,156.500000,0.000000,600,750,870,910,1000,1100,1300,1400,2500,9200,10000,110823,0,600,665.1641184284908,173.71745799755445,10216.337458005,0.0
1776945861,100,,Aggregated,155.700000,0.000000,600,750,870,910,1000,1100,1300,1400,2500,9200,10000,110972,0,600,665.1070821585496,173.71745799755445,10216.337458005,0.0
1776945862,100,,Aggregated,153.300000,0.000000,600,750,870,910,1000,1100,1300,1400,2500,9200,10000,111125,0,600,665.0696083735305,173.71745799755445,10216.337458005,0.0
1776945863,100,,Aggregated,153.700000,0.000000,600,750,870,910,1000,1100,1300,1400,2500,9200,10000,111280,0,600,664.9964065312604,173.71745799755445,10216.337458005,0.0
1776945864,100,,Aggregated,152.700000,0.000000,600,750,870,910,1000,1100,1300,1400,2500,9200,10000,111418,0,600,664.9946959498624,173.71745799755445,10216.337458005,0.0
1776945866,100,,Aggregated,153.200000,0.000000,600,750,870,910,1000,1100,1300,1400,2500,9200,10000,111531,0,600,665.3594282188519,173.71745799755445,10216.337458005,0.0
1776945867,100,,Aggregated,150.400000,0.000000,600,760,870,910,1000,1100,1300,1400,2500,9200,10000,111636,0,600,665.7069526236683,173.71745799755445,10216.337458005,0.0
1776945868,100,,Aggregated,150.900000,0.000000,600,760,870,910,1000,1100,1300,1400,2500,9200,10000,111766,0,600,665.7038700082386,173.71745799755445,10216.337458005,0.0
1776945869,100,,Aggregated,140.800000,0.000000,600,760,870,910,1000,1100,1300,1400,2500,9200,10000,111919,0,600,665.84564804093,173.71745799755445,10216.337458005,0.0
1776945870,100,,Aggregated,140.800000,0.000000,600,760,870,910,1000,1100,1300,1400,2500,9200,10000,112055,0,600,665.7536827830872,173.71745799755445,10216.337458005,0.0
1776945871,100,,Aggregated,137.900000,0.000000,600,760,870,910,1000,1100,1300,1400,2500,9200,10000,112213,0,600,665.7645410592155,173.71745799755445,10216.337458005,0.0
1776945872,100,,Aggregated,138.500000,0.000000,600,760,870,910,1000,1100,1300,1400,2500,9200,10000,112388,0,600,665.7298959141069,173.71745799755445,10216.337458005,0.0
1776945873,100,,Aggregated,137.400000,0.000000,600,760,870,910,1000,1100,1300,1400,2500,9200,10000,112531,0,600,665.588584752501,173.71745799755445,10216.337458005,0.0
1776945874,100,,Aggregated,137.400000,0.000000,600,760,870,910,1000,1100,1300,1400,2500,9200,10000,112686,0,600,665.4999024241766,173.71745799755445,10216.337458005,0.0
1776945875,100,,Aggregated,138.800000,0.000000,600,760,870,910,1000,1100,1300,1400,2500,9200,10000,112844,0,600,665.493693945728,173.71745799755445,10216.337458005,0.0
1776945876,100,,Aggregated,138.200000,0.000000,600,760,870,910,1000,1100,1300,1400,2500,9200,10000,112989,0,600,665.5364967691252,173.71745799755445,10216.337458005,0.0
1776945877,100,,Aggregated,142.600000,0.000000,600,760,870,910,1000,1100,1300,1400,2500,9200,10000,113162,0,600,665.4344342652812,173.71745799755445,10216.337458005,0.0
1776945878,100,,Aggregated,142.600000,0.000000,600,760,870,910,1000,1100,1300,1400,2500,9200,10000,113317,0,600,665.3683188502944,173.71745799755445,10216.337458005,0.0
1776945879,100,,Aggregated,151.500000,0.000000,600,760,870,910,1000,1100,1300,1400,2500,9200,10000,113492,0,600,665.4450529063536,173.71745799755445,10216.337458005,0.0
1776945880,100,,Aggregated,155.100000,0.000000,600,760,870,910,1000,1100,1300,1400,2500,9200,10000,113654,0,600,665.4551582356615,173.71745799755445,10216.337458005,0.0
1776945881,100,,Aggregated,155.100000,0.000000,600,750,870,910,1000,1100,1300,1400,2500,9200,10000,113777,0,600,665.3548689669957,173.71745799755445,10216.337458005,0.0
1776945882,100,,Aggregated,153.000000,0.000000,600,750,870,910,1000,1100,1300,1400,2500,9200,10000,113943,0,600,665.361531640828,173.71745799755445,10216.337458005,0.0
1776945883,100,,Aggregated,153.000000,0.000000,600,750,870,910,1000,1100,1300,1400,2500,9200,10000,114106,0,600,665.2387779538311,173.71745799755445,10216.337458005,0.0
1776945884,100,,Aggregated,156.000000,0.000000,600,750,870,910,1000,1100,1300,1400,2500,9200,10000,114285,0,600,665.0867564684681,173.71745799755445,10216.337458005,0.0
1776945885,100,,Aggregated,159.000000,0.000000,600,750,870,910,1000,1100,1300,1400,2500,9200,10000,114450,0,600,665.1588596316017,173.71745799755445,10216.337458005,0.0
1776945886,100,,Aggregated,159.500000,0.000000,600,750,870,910,1000,1100,1300,1400,2500,9200,10000,114570,0,600,665.1013800708025,173.71745799755445,10216.337458005,0.0
1776945887,100,,Aggregated,159.500000,0.000000,600,750,870,910,1000,1100,1300,1400,2500,9200,10000,114718,0,600,665.0836806665902,173.71745799755445,10216.337458005,0.0
1776945888,100,,Aggregated,157.300000,0.000000,600,750,870,910,1000,1100,1300,1400,2500,9200,10000,114878,0,600,665.0365392985505,173.71745799755445,10216.337458005,0.0
1776945889,100,,Aggregated,157.300000,0.000000,600,750,870,910,1000,1100,1300,1400,2500,9200,10000,115029,0,600,665.1126842851012,173.71745799755445,10216.337458005,0.0
1776945890,100,,Aggregated,155.200000,0.000000,600,750,870,910,1000,1100,1300,1400,2500,9200,10000,115156,0,600,664.98649420216,173.71745799755445,10216.337458005,0.0
1776945891,100,,Aggregated,155.100000,0.000000,600,750,870,910,1000,1100,1300,1400,2500,9200,10000,115356,0,600,665.0166474894929,173.71745799755445,10216.337458005,0.0
1776945892,100,,Aggregated,156.800000,0.000000,600,750,870,910,1000,1100,1300,1400,2500,9200,10000,115503,0,600,665.1141867206654,173.71745799755445,10216.337458005,0.0
1776945893,100,,Aggregated,157.400000,0.000000,600,750,870,910,1000,1100,1300,1400,2500,9200,10000,115665,0,600,665.028120481936,173.71745799755445,10216.337458005,0.0
1776945894,100,,Aggregated,157.200000,0.000000,600,750,870,910,1000,1100,1300,1400,2500,9200,10000,115777,0,600,665.0483204586835,173.71745799755445,10216.337458005,0.0
1776945895,100,,Aggregated,157.200000,0.000000,600,750,870,910,1000,1100,1300,1400,2500,9200,10000,115922,0,600,665.2280643977844,173.71745799755445,10216.337458005,0.0
1776945896,100,,Aggregated,149.400000,0.000000,600,750,870,910,1000,1100,1300,1400,2500,9200,10000,116017,0,600,665.3704777711713,173.71745799755445,10216.337458005,0.0
1776945897,100,,Aggregated,150.300000,0.000000,600,750,870,910,1000,1100,1300,1400,2500,9200,10000,116148,0,600,665.4162442063152,173.71745799755445,10216.337458005,0.0
1776945898,100,,Aggregated,145.300000,0.000000,600,750,870,910,1000,1100,1300,1400,2500,9200,10000,116348,0,600,665.489552819602,173.71745799755445,10216.337458005,0.0
1776945899,100,,Aggregated,142.000000,0.000000,600,750,870,910,1000,1100,1300,1400,2500,9200,10000,116495,0,600,665.4786733282458,173.71745799755445,10216.337458005,0.0
1776945900,100,,Aggregated,141.500000,0.000000,600,750,870,910,1000,1100,1300,1400,2500,9200,10000,116642,0,600,665.3915663168492,173.71745799755445,10216.337458005,0.0
1776945901,100,,Aggregated,142.300000,0.000000,600,750,870,910,1000,1100,1300,1400,2500,9200,10000,116813,0,600,665.3235168984359,173.71745799755445,10216.337458005,0.0
1776945902,100,,Aggregated,146.200000,0.000000,600,750,870,910,1000,1100,1300,1400,2500,9200,10000,116968,0,600,665.2642291591463,173.71745799755445,10216.337458005,0.0
1776945903,100,,Aggregated,142.000000,0.000000,600,750,870,910,1000,1100,1300,1400,2500,9200,10000,117127,0,600,665.2803749031988,173.71745799755445,10216.337458005,0.0
1776945904,100,,Aggregated,142.600000,0.000000,600,750,870,910,1000,1100,1300,1400,2500,9200,10000,117289,0,600,665.2133792185709,173.71745799755445,10216.337458005,0.0
1776945905,100,,Aggregated,144.800000,0.000000,600,750,870,910,1000,1100,1300,1400,2500,9200,10000,117407,0,600,665.119820980614,173.71745799755445,10216.337458005,0.0
1776945906,100,,Aggregated,145.300000,0.000000,600,750,870,910,1000,1100,1300,1400,2500,9200,10000,117581,0,600,665.1508046385122,173.71745799755445,10216.337458005,0.0
1776945907,100,,Aggregated,145.300000,0.000000,600,750,870,910,1000,1100,1300,1400,2500,9200,10000,117755,0,600,665.1763850391142,173.71745799755445,10216.337458005,0.0
1776945908,100,,Aggregated,154.100000,0.000000,600,750,870,910,1000,1100,1300,1400,2500,9200,10000,117886,0,600,665.1656651368343,173.71745799755445,10216.337458005,0.0
1776945909,100,,Aggregated,155.500000,0.000000,600,750,870,910,1000,1100,1300,1400,2500,9200,10000,118036,0,600,665.2719705516275,173.71745799755445,10216.337458005,0.0
1776945910,100,,Aggregated,155.500000,0.000000,600,750,870,910,1000,1100,1300,1400,2500,9200,10000,118052,0,600,665.2584779485474,173.71745799755445,10216.337458005,0.0
1776945911,100,,Aggregated,151.900000,0.000000,600,750,870,910,1000,1100,1300,1400,2500,9200,10000,118083,0,600,665.7191459297521,173.71745799755445,10216.337458005,0.0
1776945912,100,,Aggregated,143.700000,0.000000,600,750,870,910,1000,1100,1300,1500,2500,9200,10000,118273,0,600,666.496337123502,173.71745799755445,10216.337458005,0.0
1776945913,100,,Aggregated,128.600000,0.000000,600,750,870,910,1000,1100,1300,1500,2500,9200,10000,118431,0,600,666.3658320577795,173.71745799755445,10216.337458005,0.0
1776945914,100,,Aggregated,130.700000,0.000000,600,750,870,910,1000,1100,1300,1500,2500,9200,10000,118588,0,600,666.3990488454053,173.71745799755445,10216.337458005,0.0
1776945915,100,,Aggregated,131.800000,0.000000,600,750,870,910,1000,1100,1300,1500,2500,9200,10000,118657,0,600,666.2579169551306,173.71745799755445,10216.337458005,0.0
1776945916,100,,Aggregated,132.300000,0.000000,600,750,870,910,1000,1100,1300,1500,2500,9200,10000,118829,0,600,666.6967395499751,173.71745799755445,10216.337458005,0.0
1776945917,100,,Aggregated,126.600000,0.000000,600,750,870,910,1000,1100,1300,1500,2500,9200,10000,118997,0,600,666.6278358066257,173.71745799755445,10216.337458005,0.0
1776945918,100,,Aggregated,125.300000,0.000000,600,750,870,910,1000,1100,1300,1500,2500,9200,10000,119133,0,600,666.7683167456292,173.71745799755445,10216.337458005,0.0
1776945919,100,,Aggregated,124.900000,0.000000,600,750,870,910,1000,1100,1300,1500,2500,9200,10000,119242,0,600,666.5517691380555,173.71745799755445,10216.337458005,0.0
1776945920,100,,Aggregated,121.100000,0.000000,600,750,870,910,1000,1100,1300,1500,2500,9200,10000,119453,0,600,666.6566296757044,173.71745799755445,10216.337458005,0.0
1776945921,100,,Aggregated,125.500000,0.000000,600,750,870,910,1000,1100,1300,1500,2500,9200,10000,119612,0,600,666.627842345625,173.71745799755445,10216.337458005,0.0
1776945922,100,,Aggregated,133.000000,0.000000,600,750,870,910,1000,1100,1300,1500,2500,9200,10000,119770,0,600,666.5365826474741,173.71745799755445,10216.337458005,0.0
1776945923,100,,Aggregated,147.800000,0.000000,600,750,870,910,1000,1100,1300,1500,2500,9200,10000,119926,0,600,666.5339690498134,173.71745799755445,10216.337458005,0.0
1776945924,100,,Aggregated,150.500000,0.000000,600,750,870,910,1000,1100,1300,1500,2500,9200,10000,120062,0,600,666.5649617532266,173.71745799755445,10216.337458005,0.0
1776945925,100,,Aggregated,145.800000,0.000000,600,750,870,910,1000,1100,1300,1500,2500,9200,10000,120210,0,600,666.5718886862737,173.71745799755445,10216.337458005,0.0
1776945926,100,,Aggregated,145.100000,0.000000,600,750,870,910,1000,1100,1300,1500,2500,9200,10000,120370,0,600,666.5408614149948,173.71745799755445,10216.337458005,0.0
1776945927,100,,Aggregated,150.500000,0.000000,600,750,870,910,1000,1100,1300,1500,2500,9200,10000,120522,0,600,666.4629538398044,173.71745799755445,10216.337458005,0.0
1776945928,100,,Aggregated,148.800000,0.000000,600,750,870,910,1000,1100,1300,1500,2500,9200,10000,120643,0,600,666.4152931725665,173.71745799755445,10216.337458005,0.0
1776945929,100,,Aggregated,150.900000,0.000000,600,750,870,910,1000,1100,1300,1500,2500,9200,10000,120835,0,600,666.45126945534,173.71745799755445,10216.337458005,0.0
1776945930,100,,Aggregated,155.500000,0.000000,600,750,870,910,1000,1100,1300,1500,2500,9200,10000,120987,0,600,666.3559882873861,173.71745799755445,10216.337458005,0.0
1776945931,100,,Aggregated,154.100000,0.000000,600,750,870,910,1000,1100,1300,1500,2500,9200,10000,121143,0,600,666.2771936658079,173.71745799755445,10216.337458005,0.0
1776945932,100,,Aggregated,153.400000,0.000000,600,750,870,910,1000,1100,1300,1500,2500,9200,10000,121321,0,600,666.2300492358945,173.71745799755445,10216.337458005,0.0
1776945933,100,,Aggregated,158.400000,0.000000,600,750,870,910,1000,1100,1300,1500,2500,9200,10000,121466,0,600,666.2176098017462,173.71745799755445,10216.337458005,0.0
1776945934,100,,Aggregated,155.300000,0.000000,600,750,870,910,1000,1100,1300,1500,2500,9200,10000,121662,0,600,666.1004371436674,173.71745799755445,10216.337458005,0.0
1776945935,100,,Aggregated,158.600000,0.000000,600,750,870,910,1000,1100,1300,1500,2500,9200,10000,121810,0,600,666.1081970707484,173.71745799755445,10216.337458005,0.0
1776945936,100,,Aggregated,160.400000,0.000000,600,750,870,910,1000,1100,1300,1500,2500,9200,10000,121946,0,600,666.1269361357802,173.71745799755445,10216.337458005,0.0
1776945937,100,,Aggregated,159.100000,0.000000,600,760,870,910,1000,1100,1300,1500,2500,9200,10000,122100,0,600,666.3138097882054,173.71745799755445,10216.337458005,0.0
1776945938,100,,Aggregated,158.900000,0.000000,600,750,870,910,1000,1100,1300,1500,2500,9200,10000,122172,0,600,666.2502323395772,173.71745799755445,10216.337458005,0.0
1776945939,100,,Aggregated,154.900000,0.000000,600,760,870,910,1000,1100,1300,1500,2500,9200,10000,122262,0,600,666.4449451923392,173.71745799755445,10216.337458005,0.0
1776945940,100,,Aggregated,152.300000,0.000000,600,760,870,910,1000,1100,1300,1500,2500,9200,10000,122414,0,600,666.8287952448569,173.71745799755445,10216.337458005,0.0
1776945941,100,,Aggregated,148.900000,0.000000,600,760,870,910,1000,1100,1300,1500,2500,9200,10000,122578,0,600,666.828119895568,173.71745799755445,10216.337458005,0.0
1776945942,100,,Aggregated,145.400000,0.000000,600,760,870,910,1000,1100,1300,1500,2500,9200,10000,122711,0,600,666.8813866332189,173.71745799755445,10216.337458005,0.0
1776945943,100,,Aggregated,136.700000,0.000000,600,760,870,910,1000,1100,1300,1500,2500,9200,10000,122873,0,600,666.8264059263794,173.71745799755445,10216.337458005,0.0
1776945944,100,,Aggregated,132.500000,0.000000,600,760,870,910,1000,1100,1300,1500,2500,9200,10000,123025,0,600,666.8145956518186,173.71745799755445,10216.337458005,0.0
1776945945,100,,Aggregated,135.700000,0.000000,600,760,870,910,1000,1100,1300,1500,2500,9200,10000,123162,0,600,666.8641838318878,173.71745799755445,10216.337458005,0.0
1776945946,100,,Aggregated,134.400000,0.000000,600,760,870,910,1000,1100,1300,1500,2500,9200,10000,123320,0,600,666.8030668053851,173.71745799755445,10216.337458005,0.0
1776945947,100,,Aggregated,136.200000,0.000000,600,760,870,910,1000,1100,1300,1500,2500,9200,10000,123473,0,600,666.7623226415656,173.71745799755445,10216.337458005,0.0
1776945948,100,,Aggregated,138.800000,0.000000,600,760,870,910,1000,1100,1300,1500,2500,9200,10000,123636,0,600,666.8204311390623,173.71745799755445,10216.337458005,0.0
1776945949,100,,Aggregated,138.800000,0.000000,600,760,870,910,1000,1100,1300,1500,2500,9200,10000,123765,0,600,667.0151792962318,173.71745799755445,10216.337458005,0.0
1776945950,100,,Aggregated,142.700000,0.000000,600,760,870,910,1000,1100,1300,1500,2500,9200,10000,123905,0,600,666.860221683396,173.71745799755445,10216.337458005,0.0
1776945951,100,,Aggregated,140.500000,0.000000,600,760,870,910,1000,1100,1300,1500,2500,9200,10000,124046,0,600,666.9696105878077,173.71745799755445,10216.337458005,0.0
1776945952,100,,Aggregated,144.400000,0.000000,600,760,870,910,1000,1100,1300,1500,2500,9200,10000,124172,0,600,667.0649555255304,173.71745799755445,10216.337458005,0.0
1776945953,100,,Aggregated,147.300000,0.000000,600,760,870,910,1000,1100,1300,1500,2500,9200,10000,124321,0,600,667.1515967268703,173.71745799755445,10216.337458005,0.0
1776945954,100,,Aggregated,150.800000,0.000000,600,760,870,910,1000,1100,1300,1500,2500,9200,10000,124453,0,600,667.0962611827132,173.71745799755445,10216.337458005,0.0
1776945955,100,,Aggregated,145.700000,0.000000,600,760,870,910,1000,1100,1300,1500,2500,9200,10000,124634,0,600,667.080848975867,173.71745799755445,10216.337458005,0.0
1776945956,100,,Aggregated,142.900000,0.000000,600,760,870,910,1000,1100,1300,1500,2500,9200,10000,124784,0,600,667.0624686939765,173.71745799755445,10216.337458005,0.0
1776945957,100,,Aggregated,144.200000,0.000000,600,760,870,910,1000,1100,1300,1500,2500,9200,10000,124926,0,600,666.9691145095585,173.71745799755445,10216.337458005,0.0
1776945958,100,,Aggregated,143.000000,0.000000,600,760,870,910,1000,1100,1300,1500,2500,9200,10000,125106,0,600,666.9963219953811,173.71745799755445,10216.337458005,0.0
1776945959,100,,Aggregated,146.400000,0.000000,600,760,870,910,1000,1100,1300,1500,2500,9200,10000,125263,0,600,666.8890706391609,173.71745799755445,10216.337458005,0.0
1776945960,100,,Aggregated,143.300000,0.000000,600,760,870,910,1000,1100,1300,1500,2500,9200,10000,125408,0,600,666.8722987463734,173.71745799755445,10216.337458005,0.0
1776945961,100,,Aggregated,151.900000,0.000000,600,760,870,910,1000,1100,1300,1500,2500,9200,10000,125585,0,600,666.8936824635927,173.71745799755445,10216.337458005,0.0
1776945962,100,,Aggregated,153.000000,0.000000,600,760,870,910,1000,1100,1300,1500,2500,9200,10000,125749,0,600,666.7716837956337,173.71745799755445,10216.337458005,0.0
1776945963,100,,Aggregated,151.900000,0.000000,600,760,870,910,1000,1100,1300,1500,2500,9200,10000,125900,0,600,666.7467446531243,173.71745799755445,10216.337458005,0.0
1776945964,100,,Aggregated,151.500000,0.000000,600,760,870,910,1000,1100,1300,1500,2500,9200,10000,126062,0,600,666.6846448226221,173.71745799755445,10216.337458005,0.0
1776945965,100,,Aggregated,154.000000,0.000000,600,760,870,910,1000,1100,1300,1500,2500,9200,10000,126215,0,600,666.6291824763724,173.71745799755445,10216.337458005,0.0
1776945966,100,,Aggregated,157.000000,0.000000,600,760,870,910,1000,1100,1300,1500,2500,9200,10000,126348,0,600,666.6458899805252,173.71745799755445,10216.337458005,0.0
1776945967,100,,Aggregated,159.500000,0.000000,600,760,870,910,1000,1100,1300,1500,2500,9200,10000,126499,0,600,666.6663251564701,173.71745799755445,10216.337458005,0.0
1776945968,100,,Aggregated,157.400000,0.000000,600,760,870,910,1000,1100,1300,1500,2500,9200,10000,126674,0,600,666.6264741440572,173.71745799755445,10216.337458005,0.0
1776945969,100,,Aggregated,157.100000,0.000000,600,760,870,910,1000,1100,1300,1500,2500,9200,10000,126825,0,600,666.6272048923815,173.71745799755445,10216.337458005,0.0
1776945970,100,,Aggregated,159.700000,0.000000,600,760,870,910,1000,1100,1300,1500,2500,9200,10000,126968,0,600,666.5069269893052,173.71745799755445,10216.337458005,0.0
1776945971,100,,Aggregated,154.800000,0.000000,600,760,870,910,1000,1100,1300,1500,2500,9200,10000,127170,0,600,666.5170037150043,173.71745799755445,10216.337458005,0.0
1776945972,100,,Aggregated,152.900000,0.000000,600,760,870,910,1000,1100,1300,1500,2500,9200,10000,127300,0,600,666.5432893916901,173.71745799755445,10216.337458005,0.0
1776945973,100,,Aggregated,156.000000,0.000000,600,760,870,910,1000,1100,1300,1500,2500,9200,10000,127478,0,600,666.4175074786016,173.71745799755445,10216.337458005,0.0
1776945974,100,,Aggregated,155.200000,0.000000,600,760,870,910,1000,1100,1300,1500,2500,9200,10000,127609,0,600,666.4702334346334,173.71745799755445,10216.337458005,0.0
1776945975,100,,Aggregated,155.300000,0.000000,600,760,870,910,1000,1100,1300,1500,2500,9200,10000,127719,0,600,666.4001436511566,173.71745799755445,10216.337458005,0.0
1776945976,100,,Aggregated,156.500000,0.000000,600,760,870,910,1000,1100,1300,1500,2500,9200,10000,127919,0,600,666.445983411621,173.71745799755445,10216.337458005,0.0
1776945977,100,,Aggregated,151.400000,0.000000,600,760,870,910,1000,1100,1300,1500,2500,9200,10000,128073,0,600,666.5206975331257,173.71745799755445,10216.337458005,0.0
1776945978,100,,Aggregated,150.900000,0.000000,600,760,870,910,1000,1100,1300,1500,2500,9200,10000,128230,0,600,666.4637100914604,173.71745799755445,10216.337458005,0.0
1776945979,100,,Aggregated,152.300000,0.000000,600,760,870,910,1000,1100,1300,1500,2500,9200,10000,128376,0,600,666.5603068936713,173.71745799755445,10216.337458005,0.0
1776945980,100,,Aggregated,150.600000,0.000000,600,760,870,910,1000,1100,1300,1500,2500,9200,10000,128508,0,600,666.559755656574,173.71745799755445,10216.337458005,0.0
1776945981,100,,Aggregated,151.100000,0.000000,600,760,870,910,1000,1100,1300,1500,2500,9200,10000,128650,0,600,666.441147436502,173.71745799755445,10216.337458005,0.0
1776945982,100,,Aggregated,152.900000,0.000000,600,760,870,910,1000,1100,1300,1500,2500,9200,10000,128822,0,600,666.5650448441268,173.71745799755445,10216.337458005,0.0
1776945983,100,,Aggregated,152.100000,0.000000,600,760,870,910,1000,1100,1300,1500,2500,9200,10000,128954,0,600,666.5685074557056,173.71745799755445,10216.337458005,0.0
1776945984,100,,Aggregated,152.300000,0.000000,600,760,870,910,1000,1100,1300,1500,2500,9200,10000,129107,0,600,666.3654692721465,173.71745799755445,10216.337458005,0.0
1776945985,100,,Aggregated,149.700000,0.000000,600,760,870,910,1000,1100,1300,1500,2500,9200,10000,129283,0,600,666.2779369563361,173.71745799755445,10216.337458005,0.0
1776945986,100,,Aggregated,150.100000,0.000000,600,760,870,910,1000,1100,1300,1500,2500,9200,10000,129462,0,600,666.3083333120447,173.71745799755445,10216.337458005,0.0
1776945987,100,,Aggregated,153.900000,0.000000,600,760,870,910,1000,1100,1300,1500,2500,9200,10000,129626,0,600,666.2653513337904,173.71745799755445,10216.337458005,0.0
1776945988,100,,Aggregated,152.500000,0.000000,600,760,870,910,1000,1100,1300,1500,2500,9200,10000,129747,0,600,666.1126180887806,173.71745799755445,10216.337458005,0.0
1776945989,100,,Aggregated,153.200000,0.000000,600,760,870,910,1000,1100,1300,1500,2500,9200,10000,129888,0,600,666.1701612379286,173.71745799755445,10216.337458005,0.0
1776945990,100,,Aggregated,157.200000,0.000000,600,760,870,910,1000,1100,1300,1500,2500,9200,10000,130061,0,600,666.2517035413472,173.71745799755445,10216.337458005,0.0
1776945991,100,,Aggregated,157.600000,0.000000,600,760,870,910,1000,1100,1300,1500,2500,9200,10000,130217,0,600,666.1987751208533,173.71745799755445,10216.337458005,0.0
1776945992,100,,Aggregated,152.300000,0.000000,600,760,870,910,1000,1100,1300,1500,2500,9200,10000,130378,0,600,666.1830575186165,173.71745799755445,10216.337458005,0.0
1776945993,100,,Aggregated,154.600000,0.000000,600,760,870,910,1000,1100,1300,1500,2500,9200,10000,130548,0,600,666.0888087606481,173.71745799755445,10216.337458005,0.0
1776945994,100,,Aggregated,156.700000,0.000000,600,760,870,910,1000,1100,1300,1500,2500,9200,10000,130697,0,600,666.0460100445695,173.71745799755445,10216.337458005,0.0
1776945995,100,,Aggregated,159.900000,0.000000,600,760,870,910,1000,1100,1300,1500,2500,9200,10000,130853,0,600,666.1346220921805,173.71745799755445,10216.337458005,0.0
1776945996,100,,Aggregated,158.400000,0.000000,600,760,870,910,1000,1100,1300,1500,2500,9200,10000,130975,0,600,666.192899123551,173.71745799755445,10216.337458005,0.0
1776945997,100,,Aggregated,155.200000,0.000000,600,760,870,910,1000,1100,1300,1500,2500,9200,10000,131158,0,600,666.0732242905663,173.71745799755445,10216.337458005,0.0
1776945998,100,,Aggregated,155.300000,0.000000,600,760,870,910,1000,1100,1300,1500,2500,9200,10000,131314,0,600,666.0763412117748,173.71745799755445,10216.337458005,0.0
1776945999,100,,Aggregated,154.300000,0.000000,600,760,870,910,1000,1100,1300,1500,2500,9200,10000,131470,0,600,666.0565047993074,173.71745799755445,10216.337458005,0.0
1776946000,100,,Aggregated,149.400000,0.000000,600,760,870,910,1000,1100,1300,1500,2500,9200,10000,131620,0,600,665.9799143092766,173.71745799755445,10216.337458005,0.0
1776946001,100,,Aggregated,150.900000,0.000000,600,760,870,910,1000,1100,1300,1500,2500,9200,10000,131755,0,600,665.979199544722,173.71745799755445,10216.337458005,0.0
1776946002,100,,Aggregated,156.000000,0.000000,600,760,870,910,1000,1100,1300,1500,2500,9200,10000,131915,0,600,665.93237640507,173.71745799755445,10216.337458005,0.0
1776946003,100,,Aggregated,155.900000,0.000000,600,760,870,910,1000,1100,1300,1500,2500,9200,10000,132069,0,600,665.9809387597612,173.71745799755445,10216.337458005,0.0
1776946004,100,,Aggregated,152.600000,0.000000,600,760,870,910,1000,1100,1300,1500,2500,9200,10000,132227,0,600,665.9468273762911,173.71745799755445,10216.337458005,0.0
1776946005,100,,Aggregated,147.800000,0.000000,600,760,870,910,1000,1100,1300,1500,2500,9200,10000,132375,0,600,665.9930077873305,173.71745799755445,10216.337458005,0.0
1776946006,100,,Aggregated,147.900000,0.000000,600,760,870,910,1000,1100,1300,1500,2500,9200,10000,132533,0,600,665.8954079428129,173.71745799755445,10216.337458005,0.0
1776946007,100,,Aggregated,148.600000,0.000000,600,760,870,910,1000,1100,1300,1500,2500,9200,10000,132696,0,600,665.8662507681157,173.71745799755445,10216.337458005,0.0
1776946008,100,,Aggregated,154.600000,0.000000,600,760,870,910,1000,1100,1300,1500,2500,9200,10000,132871,0,600,665.8119050944894,173.71745799755445,10216.337458005,0.0
1776946009,100,,Aggregated,152.200000,0.000000,600,760,870,910,1000,1100,1300,1500,2500,9200,10000,133006,0,600,665.9161506057843,173.71745799755445,10216.337458005,0.0
1776946010,100,,Aggregated,153.100000,0.000000,600,760,870,910,1000,1100,1300,1500,2500,9200,10000,133074,0,600,665.8511561190307,173.71745799755445,10216.337458005,0.0
1776946011,100,,Aggregated,155.100000,0.000000,600,760,870,910,1000,1100,1300,1500,2500,9200,10000,133218,0,600,666.2726600885228,173.71745799755445,10216.337458005,0.0
1776946012,100,,Aggregated,152.100000,0.000000,600,760,870,910,1000,1100,1300,1500,2500,9200,10000,133379,0,600,666.2479865958799,173.71745799755445,10216.337458005,0.0
