Timestamp,User Count,Type,Name,Requests/s,Failures/s,50%,66%,75%,80%,90%,95%,98%,99%,99.9%,99.99%,100%,Total Request Count,Total Failure Count,Total Median Response Time,Total Average Response Time,Total Min Response Time,Total Max Response Time,Total Average Content Size
1777028028,0,,Aggregated,0.000000,0.000000,N/A,N/A,N/A,N/A,N/A,N/A,N/A,N/A,N/A,N/A,N/A,0,0,0,0.0,0,0,0
1777028029,10,,Aggregated,0.000000,0.000000,750,800,800,820,820,840,840,840,840,840,840,13,0,750,639.8919135379122,245.47433300176635,839.0237919957144,304.0769230769231
1777028030,20,,Aggregated,0.000000,0.000000,270,280,310,600,770,820,820,840,840,840,840,59,0,270,367.1183847801038,245.47433300176635,839.0237919957144,304.1186440677966
1777028031,30,,Aggregated,0.000000,0.000000,270,300,320,330,710,820,1600,1800,1800,1800,1800,118,0,270,382.75579402570503,245.47433300176635,1789.8716670024442,304.20338983050846
1777028032,40,,Aggregated,17.000000,0.000000,300,320,360,370,650,770,1600,1800,2700,2700,2700,197,0,300,380.5551316602709,245.47433300176635,2729.041041005985,304.1979695431472
1777028033,50,,Aggregated,28.666667,0.000000,330,380,400,430,650,770,1800,2200,3300,3300,3300,276,0,320,417.1953714677606,245.47433300176635,3311.488166989875,304.1376811594203
1777028034,60,,Aggregated,40.000000,0.000000,380,460,470,500,650,820,1800,2000,3300,3300,3300,353,0,380,447.6308356317567,245.47433300176635,3311.488166989875,304.1331444759207
1777028035,70,,Aggregated,47.600000,0.000000,400,500,620,640,660,830,1800,2000,5200,5200,5200,429,0,400,500.79581122839306,245.47433300176635,5237.543166993419,304.1515151515151
1777028036,80,,Aggregated,53.166667,0.000000,470,630,650,690,710,830,1800,2000,5200,5200,5200,506,0,470,539.6771924821554,245.47433300176635,5237.543166993419,304.1343873517786
1777028037,90,,Aggregated,56.285714,0.000000,510,660,710,720,840,920,2000,2700,5200,5200,5200,581,0,510,595.5526864956807,245.47433300176635,5237.543166993419,304.1222030981067
1777028038,100,,Aggregated,58.750000,0.000000,630,710,800,840,950,1200,2100,3300,6400,6400,6400,658,0,630,658.7063030988288,245.47433300176635,6374.740166997071,304.1306990881459
1777028039,100,,Aggregated,60.666667,0.000000,650,770,850,950,1000,1200,2100,3300,6400,6400,6400,733,0,650,701.990553465219,245.47433300176635,6374.740166997071,304.15688949522513
1777028040,100,,Aggregated,62.100000,0.000000,690,840,950,990,1100,1200,2500,3600,7800,7800,7800,810,0,690,763.7075344938318,245.47433300176635,7767.817457992351,304.15555555555557
1777028041,100,,Aggregated,69.800000,0.000000,710,950,1000,1100,1100,1200,2500,3700,7800,7800,7800,889,0,710,803.5073360315498,245.47433300176635,7767.817457992351,304.1563554555681
1777028042,100,,Aggregated,73.900000,0.000000,770,960,1100,1100,1200,1200,2500,3800,7800,7800,7800,966,0,770,842.4652476935746,245.47433300176635,7767.817457992351,304.15734989648035
1777028043,100,,Aggregated,76.600000,0.000000,840,1100,1100,1100,1200,1200,2700,3900,7800,13000,13000,1045,0,840,884.624677249768,245.47433300176635,12779.930958000477,304.15406698564595
1777028044,100,,Aggregated,76.800000,0.000000,870,1100,1100,1200,1200,1200,2500,3900,13000,13000,13000,1124,0,860,916.1284507528012,245.47433300176635,12779.930958000477,304.16548042704625
1777028045,100,,Aggregated,76.800000,0.000000,950,1100,1200,1200,1200,1200,2500,3900,13000,13000,13000,1202,0,950,941.2096212064428,245.47433300176635,12779.930958000477,304.16472545757074
1777028046,100,,Aggregated,76.700000,0.000000,960,1100,1200,1200,1200,1200,2500,3900,13000,13000,13000,1280,0,960,958.0434893071464,245.47433300176635,12779.930958000477,304.1578125
1777028047,100,,Aggregated,77.000000,0.000000,1000,1200,1200,1200,1200,1200,2200,3800,13000,13000,13000,1358,0,1000,973.579200496419,245.47433300176635,12779.930958000477,304.14727540500735
1777028048,100,,Aggregated,77.100000,0.000000,1100,1200,1200,1200,1200,1200,2200,3700,13000,13000,13000,1435,0,1100,986.6183483910772,245.47433300176635,12779.930958000477,304.14006968641115
1777028049,100,,Aggregated,77.200000,0.000000,1100,1200,1200,1200,1200,1200,2100,3700,13000,18000,18000,1513,0,1100,1009.6691382327795,245.47433300176635,17566.297458004556,304.14342366159946
1777028050,100,,Aggregated,77.600000,0.000000,1100,1200,1200,1200,1200,1200,2100,3700,13000,18000,18000,1591,0,1100,1021.0455176104583,245.47433300176635,17566.297458004556,304.1502199874293
1777028051,100,,Aggregated,77.700000,0.000000,1100,1200,1200,1200,1200,1200,2100,3600,13000,18000,18000,1670,0,1100,1030.5934368109033,245.47433300176635,17566.297458004556,304.1473053892216
1777028052,100,,Aggregated,77.900000,0.000000,1200,1200,1200,1200,1200,1200,2000,3600,13000,18000,18000,1747,0,1200,1039.5007072674366,245.47433300176635,17566.297458004556,304.1459645105896
1777028053,100,,Aggregated,77.900000,0.000000,1200,1200,1200,1200,1200,1200,2000,3600,13000,18000,18000,1826,0,1200,1047.436814515979,245.47433300176635,17566.297458004556,304.14786418400877
1777028054,100,,Aggregated,78.000000,0.000000,1200,1200,1200,1200,1200,1200,1900,3600,18000,24000,24000,1904,0,1200,1067.6018097711,245.47433300176635,24388.4474170045,304.1470588235294
1777028055,100,,Aggregated,78.100000,0.000000,1200,1200,1200,1200,1200,1300,2000,3600,24000,25000,25000,1985,0,1200,1095.369149123508,245.47433300176635,24948.079582987702,304.1445843828715
1777028056,100,,Aggregated,77.800000,0.000000,1200,1200,1200,1200,1200,1300,1800,3600,18000,25000,25000,2063,0,1200,1100.9039239632564,245.47433300176635,24948.079582987702,304.14590402326706
1777028057,100,,Aggregated,77.900000,0.000000,1200,1200,1200,1200,1200,1300,1800,3600,18000,25000,25000,2142,0,1200,1107.0923501252337,245.47433300176635,24948.079582987702,304.14752567693745
1777028058,100,,Aggregated,78.200000,0.000000,1200,1200,1200,1200,1300,1300,1800,3600,21000,25000,25000,2220,0,1200,1120.8811297721693,245.47433300176635,24948.079582987702,304.14504504504504
1777028059,100,,Aggregated,78.200000,0.000000,1200,1200,1200,1200,1300,1300,1600,3600,21000,25000,25000,2299,0,1200,1126.650763887412,245.47433300176635,24948.079582987702,304.1387559808612
1777028060,100,,Aggregated,78.300000,0.000000,1200,1200,1200,1200,1300,1300,1500,3500,21000,25000,25000,2377,0,1200,1131.5772614165617,245.47433300176635,24948.079582987702,304.14345814051325
1777028061,100,,Aggregated,78.200000,0.000000,1200,1200,1200,1200,1300,1300,1400,3300,21000,25000,25000,2457,0,1200,1135.859773663453,245.47433300176635,24948.079582987702,304.14692714692717
1777028062,100,,Aggregated,78.400000,0.000000,1200,1200,1200,1300,1300,1300,1400,3300,21000,25000,25000,2535,0,1200,1139.9636646031959,245.47433300176635,24948.079582987702,304.1447731755424
1777028063,100,,Aggregated,78.400000,0.000000,1200,1200,1200,1300,1300,1300,1300,2800,21000,25000,25000,2612,0,1200,1144.394658299828,245.47433300176635,24948.079582987702,304.1439509954058
1777028064,100,,Aggregated,78.600000,0.000000,1200,1200,1300,1300,1300,1300,1400,2800,21000,25000,25000,2680,0,1200,1148.624870996696,245.47433300176635,24948.079582987702,304.1455223880597
1777028065,100,,Aggregated,78.400000,0.000000,1200,1200,1300,1300,1300,1300,1400,2700,21000,25000,25000,2768,0,1200,1154.1806533523243,245.47433300176635,24948.079582987702,304.1387283236994
1777028066,100,,Aggregated,78.300000,0.000000,1200,1200,1300,1300,1300,1300,1400,2500,21000,25000,25000,2845,0,1200,1156.2340357276714,245.47433300176635,24948.079582987702,304.1346221441125
1777028067,100,,Aggregated,78.300000,0.000000,1200,1200,1300,1300,1300,1300,1400,2500,21000,25000,25000,2919,0,1200,1160.5626352570064,245.47433300176635,24948.079582987702,304.1325796505653
1777028068,100,,Aggregated,78.100000,0.000000,1200,1200,1300,1300,1300,1300,1400,2500,21000,25000,25000,2998,0,1200,1165.0015364206558,245.47433300176635,24948.079582987702,304.126751167445
1777028069,100,,Aggregated,77.900000,0.000000,1200,1300,1300,1300,1300,1300,1400,2500,18000,25000,25000,3078,0,1200,1167.4997343037935,245.47433300176635,24948.079582987702,304.12540610786226
1777028070,100,,Aggregated,77.400000,0.000000,1200,1300,1300,1300,1300,1300,1400,2400,18000,25000,25000,3157,0,1200,1169.8191266550805,245.47433300176635,24948.079582987702,304.1314539119417
1777028071,100,,Aggregated,77.600000,0.000000,1200,1300,1300,1300,1300,1300,1400,2200,18000,25000,25000,3235,0,1200,1172.0964127307873,245.47433300176635,24948.079582987702,304.1301391035549
1777028072,100,,Aggregated,77.700000,0.000000,1200,1300,1300,1300,1300,1300,1400,2200,18000,25000,25000,3317,0,1200,1174.3844511788227,245.47433300176635,24948.079582987702,304.12873078082606
1777028073,100,,Aggregated,77.700000,0.000000,1200,1300,1300,1300,1300,1300,1400,2200,18000,25000,25000,3395,0,1200,1176.0592384801848,245.47433300176635,24948.079582987702,304.1298969072165
1777028074,100,,Aggregated,77.700000,0.000000,1200,1300,1300,1300,1300,1300,1400,2100,18000,25000,25000,3473,0,1200,1178.4298601270475,245.47433300176635,24948.079582987702,304.1333141376332
1777028075,100,,Aggregated,78.000000,0.000000,1200,1300,1300,1300,1300,1300,1400,2100,18000,25000,25000,3556,0,1200,1180.0804510948178,245.47433300176635,24948.079582987702,304.1321709786277
1777028076,100,,Aggregated,78.200000,0.000000,1200,1300,1300,1300,1300,1300,1400,2100,18000,25000,25000,3636,0,1200,1181.36902556992,245.47433300176635,24948.079582987702,304.1342134213421
1777028077,100,,Aggregated,78.400000,0.000000,1200,1300,1300,1300,1300,1300,1400,2100,18000,25000,25000,3717,0,1200,1182.856977426723,245.47433300176635,24948.079582987702,304.13317191283295
1777028078,100,,Aggregated,78.600000,0.000000,1200,1300,1300,1300,1300,1300,1400,2100,18000,25000,25000,3795,0,1200,1184.3751308429746,245.47433300176635,24948.079582987702,304.1388669301713
1777028079,100,,Aggregated,79.000000,0.000000,1200,1300,1300,1300,1300,1300,1400,2000,18000,25000,25000,3869,0,1200,1186.373639195169,245.47433300176635,24948.079582987702,304.1413802016025
1777028080,100,,Aggregated,79.500000,0.000000,1200,1300,1300,1300,1300,1300,1400,2000,18000,25000,25000,3947,0,1200,1188.889334801654,245.47433300176635,24948.079582987702,304.1431466936914
1777028081,100,,Aggregated,79.400000,0.000000,1200,1300,1300,1300,1300,1300,1400,2000,18000,25000,25000,4025,0,1200,1190.7869207557999,245.47433300176635,24948.079582987702,304.14385093167704
1777028082,100,,Aggregated,79.000000,0.000000,1200,1300,1300,1300,1300,1300,1400,1900,18000,25000,25000,4107,0,1200,1192.2721466511202,245.47433300176635,24948.079582987702,304.1419527635744
1777028083,100,,Aggregated,78.900000,0.000000,1200,1300,1300,1300,1300,1300,1400,1900,18000,25000,25000,4188,0,1200,1193.0753467049174,245.47433300176635,24948.079582987702,304.1427889207259
1777028084,100,,Aggregated,78.800000,0.000000,1200,1300,1300,1300,1300,1300,1400,1800,18000,25000,25000,4271,0,1200,1193.711811089721,245.47433300176635,24948.079582987702,304.1411847342543
1777028085,100,,Aggregated,79.000000,0.000000,1200,1300,1300,1300,1300,1300,1400,1800,18000,25000,25000,4349,0,1200,1194.4643064785453,245.47433300176635,24948.079582987702,304.1427914463095
1777028086,100,,Aggregated,79.300000,0.000000,1200,1300,1300,1300,1300,1300,1400,1800,18000,25000,25000,4428,0,1200,1195.8888910348492,245.47433300176635,24948.079582987702,304.13956639566396
1777028087,100,,Aggregated,79.300000,0.000000,1200,1300,1300,1300,1300,1300,1400,1600,18000,25000,25000,4509,0,1200,1196.8655505203697,245.47433300176635,24948.079582987702,304.1372809935684
1777028088,100,,Aggregated,79.100000,0.000000,1200,1300,1300,1300,1300,1300,1400,1600,18000,25000,25000,4588,0,1200,1197.6914144514622,245.47433300176635,24948.079582987702,304.1360069747167
1777028089,100,,Aggregated,79.200000,0.000000,1200,1300,1300,1300,1300,1300,1400,1600,18000,25000,25000,4668,0,1200,1198.920190216005,245.47433300176635,24948.079582987702,304.1332476435304
1777028090,100,,Aggregated,79.300000,0.000000,1200,1300,1300,1300,1300,1300,1400,1600,18000,25000,25000,4749,0,1200,1199.6948684835247,245.47433300176635,24948.079582987702,304.1320277953253
1777028091,100,,Aggregated,79.300000,0.000000,1200,1300,1300,1300,1300,1300,1400,1500,18000,25000,25000,4822,0,1200,1201.2605604453136,245.47433300176635,24948.079582987702,304.1314807133969
1777028092,100,,Aggregated,79.700000,0.000000,1200,1300,1300,1300,1300,1300,1400,1500,18000,25000,25000,4902,0,1200,1202.81065328079,245.47433300176635,24948.079582987702,304.1342309261526
1777028093,100,,Aggregated,79.500000,0.000000,1200,1300,1300,1300,1300,1300,1400,1500,18000,25000,25000,4982,0,1200,1203.8451728901032,245.47433300176635,24948.079582987702,304.13287836210355
1777028094,100,,Aggregated,79.600000,0.000000,1200,1300,1300,1300,1300,1300,1400,1500,13000,25000,25000,5059,0,1200,1204.8880788947613,245.47433300176635,24948.079582987702,304.13421624827043
1777028095,100,,Aggregated,79.200000,0.000000,1200,1300,1300,1300,1300,1300,1400,1400,13000,25000,25000,5140,0,1200,1205.8453963454447,245.47433300176635,24948.079582987702,304.13229571984436
1777028096,100,,Aggregated,78.900000,0.000000,1200,1300,1300,1300,1300,1300,1400,1400,13000,25000,25000,5219,0,1200,1206.4670862488142,245.47433300176635,24948.079582987702,304.1304847671968
1777028097,100,,Aggregated,78.700000,0.000000,1200,1300,1300,1300,1300,1300,1400,1400,13000,25000,25000,5299,0,1200,1207.3260373039416,245.47433300176635,24948.079582987702,304.1315342517456
1777028098,100,,Aggregated,79.000000,0.000000,1200,1300,1300,1300,1300,1300,1400,1400,13000,25000,25000,5379,0,1200,1208.1103555669417,245.47433300176635,24948.079582987702,304.1332961517011
1777028099,100,,Aggregated,78.900000,0.000000,1200,1300,1300,1300,1300,1300,1400,1400,13000,25000,25000,5457,0,1200,1208.7320737382513,245.47433300176635,24948.079582987702,304.1343228880337
1777028100,100,,Aggregated,78.700000,0.000000,1300,1300,1300,1300,1300,1300,1400,1400,13000,25000,25000,5535,0,1300,1209.948298331289,245.47433300176635,24948.079582987702,304.1309846431798
1777028101,100,,Aggregated,79.000000,0.000000,1200,1300,1300,1300,1300,1300,1300,1400,13000,25000,25000,5617,0,1200,1210.5266431388072,245.47433300176635,24948.079582987702,304.1312088303365
1777028102,100,,Aggregated,78.600000,0.000000,1300,1300,1300,1300,1300,1300,1300,1400,13000,25000,25000,5695,0,1300,1211.1478118106595,245.47433300176635,24948.079582987702,304.13046532045655
1777028103,100,,Aggregated,79.100000,0.000000,1300,1300,1300,1300,1300,1300,1300,1400,13000,25000,25000,5775,0,1300,1211.888077000643,245.47433300176635,24948.079582987702,304.12935064935067
1777028104,100,,Aggregated,79.000000,0.000000,1300,1300,1300,1300,1300,1300,1300,1400,13000,25000,25000,5852,0,1300,1212.8669721260562,245.47433300176635,24948.079582987702,304.12884483937114
1777028105,100,,Aggregated,79.300000,0.000000,1300,1300,1300,1300,1300,1300,1300,1400,13000,25000,25000,5930,0,1300,1213.7807861168135,245.47433300176635,24948.079582987702,304.1247892074199
1777028106,100,,Aggregated,79.100000,0.000000,1300,1300,1300,1300,1300,1300,1300,1400,13000,25000,25000,6009,0,1300,1214.6714231448943,245.47433300176635,24948.079582987702,304.12730903644535
1777028107,100,,Aggregated,79.000000,0.000000,1300,1300,1300,1300,1300,1300,1300,1400,13000,25000,25000,6087,0,1300,1215.451269360542,245.47433300176635,24948.079582987702,304.12797765730244
1777028108,100,,Aggregated,78.700000,0.000000,1300,1300,1300,1300,1300,1300,1300,1400,13000,25000,25000,6164,0,1300,1216.151896470912,245.47433300176635,24948.079582987702,304.1281635301752
1777028109,100,,Aggregated,78.700000,0.000000,1300,1300,1300,1300,1300,1300,1400,1400,13000,25000,25000,6238,0,1300,1217.6513113130272,245.47433300176635,24948.079582987702,304.12920807951264
1777028110,100,,Aggregated,78.700000,0.000000,1300,1300,1300,1300,1300,1300,1400,1400,13000,25000,25000,6318,0,1300,1218.6707041411307,245.47433300176635,24948.079582987702,304.12630579297246
1777028111,100,,Aggregated,77.800000,0.000000,1300,1300,1300,1300,1300,1300,1400,1400,13000,25000,25000,6398,0,1300,1219.0653059586807,245.47433300176635,24948.079582987702,304.1275398562051
1777028112,100,,Aggregated,78.100000,0.000000,1300,1300,1300,1300,1300,1300,1400,1400,13000,25000,25000,6478,0,1300,1219.5549277140535,245.47433300176635,24948.079582987702,304.13059586292064
1777028113,100,,Aggregated,78.000000,0.000000,1300,1300,1300,1300,1300,1300,1400,1400,13000,25000,25000,6556,0,1300,1220.1305070960395,245.47433300176635,24948.079582987702,304.130567419158
1777028114,100,,Aggregated,78.300000,0.000000,1300,1300,1300,1300,1300,1300,1400,1400,13000,25000,25000,6636,0,1300,1220.6213552618424,245.47433300176635,24948.079582987702,304.13110307414104
1777028115,100,,Aggregated,78.000000,0.000000,1300,1300,1300,1300,1300,1300,1400,1400,13000,25000,25000,6718,0,1300,1220.9679796284038,245.47433300176635,24948.079582987702,304.13069365882706
1777028116,100,,Aggregated,78.200000,0.000000,1300,1300,1300,1300,1300,1300,1400,1400,13000,25000,25000,6795,0,1300,1221.210156478824,245.47433300176635,24948.079582987702,304.1290654893304
1777028117,100,,Aggregated,78.400000,0.000000,1300,1300,1300,1300,1300,1300,1400,1400,13000,25000,25000,6875,0,1300,1221.7467748399563,245.47433300176635,24948.079582987702,304.1301818181818
1777028118,100,,Aggregated,78.700000,0.000000,1300,1300,1300,1300,1300,1300,1400,1400,13000,25000,25000,6955,0,1300,1222.3337929099512,245.47433300176635,24948.079582987702,304.13242271746947
1777028119,100,,Aggregated,78.700000,0.000000,1300,1300,1300,1300,1300,1300,1400,1400,8900,25000,25000,7032,0,1300,1222.9231887596277,245.47433300176635,24948.079582987702,304.13225255972696
1777028120,100,,Aggregated,78.600000,0.000000,1300,1300,1300,1300,1300,1300,1400,1400,8900,25000,25000,7110,0,1300,1223.5963990598857,245.47433300176635,24948.079582987702,304.1324894514768
1777028121,100,,Aggregated,79.300000,0.000000,1300,1300,1300,1300,1300,1300,1400,1400,8900,25000,25000,7189,0,1300,1224.1685315683299,245.47433300176635,24948.079582987702,304.1322854360829
1777028122,100,,Aggregated,79.200000,0.000000,1300,1300,1300,1300,1300,1300,1400,1400,8900,25000,25000,7267,0,1300,1224.82430640066,245.47433300176635,24948.079582987702,304.1314159900922
1777028123,100,,Aggregated,79.000000,0.000000,1300,1300,1300,1300,1300,1300,1300,1400,8900,25000,25000,7345,0,1300,1225.4259925552926,245.47433300176635,24948.079582987702,304.1324710687542
1777028124,100,,Aggregated,78.600000,0.000000,1300,1300,1300,1300,1300,1300,1300,1400,8900,25000,25000,7424,0,1300,1226.0414998121746,245.47433300176635,24948.079582987702,304.1309267241379
1777028125,100,,Aggregated,78.600000,0.000000,1300,1300,1300,1300,1300,1300,1300,1400,8900,25000,25000,7500,0,1300,1226.6657973194006,245.47433300176635,24948.079582987702,304.13253333333336
1777028126,100,,Aggregated,78.600000,0.000000,1300,1300,1300,1300,1300,1300,1300,1400,8900,25000,25000,7578,0,1300,1227.4327451152728,245.47433300176635,24948.079582987702,304.1335444708366
1777028127,100,,Aggregated,78.400000,0.000000,1300,1300,1300,1300,1300,1300,1300,1400,8900,25000,25000,7657,0,1300,1228.0749866549022,245.47433300176635,24948.079582987702,304.1349092333812
1777028128,100,,Aggregated,78.000000,0.000000,1300,1300,1300,1300,1300,1300,1300,1400,8900,25000,25000,7734,0,1300,1228.4611415326617,245.47433300176635,24948.079582987702,304.13705715024565
1777028129,100,,Aggregated,77.800000,0.000000,1300,1300,1300,1300,1300,1300,1300,1400,8900,25000,25000,7814,0,1300,1229.0733428818291,245.47433300176635,24948.079582987702,304.1356539544407
1777028130,100,,Aggregated,78.000000,0.000000,1300,1300,1300,1300,1300,1300,1300,1400,8900,25000,25000,7892,0,1300,1229.5005322044647,245.47433300176635,24948.079582987702,304.1332995438419
1777028131,100,,Aggregated,77.800000,0.000000,1300,1300,1300,1300,1300,1300,1300,1400,8900,25000,25000,7970,0,1300,1229.9059895581656,245.47433300176635,24948.079582987702,304.13475533249687
1777028132,100,,Aggregated,77.800000,0.000000,1300,1300,1300,1300,1300,1300,1300,1400,7800,25000,25000,8048,0,1300,1230.4015070186956,245.47433300176635,24948.079582987702,304.1374254473161
1777028133,100,,Aggregated,77.900000,0.000000,1300,1300,1300,1300,1300,1300,1300,1400,7800,25000,25000,8124,0,1300,1231.1211392415635,245.47433300176635,24948.079582987702,304.1376169374692
1777028134,100,,Aggregated,78.100000,0.000000,1300,1300,1300,1300,1300,1300,1300,1400,7800,25000,25000,8204,0,1300,1231.6932948295232,245.47433300176635,24948.079582987702,304.1389566065334
1777028135,100,,Aggregated,77.800000,0.000000,1300,1300,1300,1300,1300,1300,1300,1400,7800,25000,25000,8284,0,1300,1231.8643486630122,245.47433300176635,24948.079582987702,304.13906325446646
1777028136,100,,Aggregated,77.800000,0.000000,1300,1300,1300,1300,1300,1300,1300,1400,7800,25000,25000,8365,0,1300,1232.0627628702302,245.47433300176635,24948.079582987702,304.1375971309026
1777028137,100,,Aggregated,77.900000,0.000000,1300,1300,1300,1300,1300,1300,1300,1400,7800,25000,25000,8446,0,1300,1232.102897228923,245.47433300176635,24948.079582987702,304.13663272555056
1777028138,100,,Aggregated,78.200000,0.000000,1300,1300,1300,1300,1300,1300,1300,1400,7800,25000,25000,8526,0,1300,1232.1886343972012,245.47433300176635,24948.079582987702,304.1388693408398
1777028139,100,,Aggregated,78.600000,0.000000,1300,1300,1300,1300,1300,1300,1300,1400,7800,25000,25000,8608,0,1300,1232.3796969582306,245.47433300176635,24948.079582987702,304.13801115241637
1777028140,100,,Aggregated,78.700000,0.000000,1300,1300,1300,1300,1300,1300,1300,1400,7800,25000,25000,8688,0,1300,1232.290961431684,245.47433300176635,24948.079582987702,304.13950276243094
1777028141,100,,Aggregated,78.900000,0.000000,1300,1300,1300,1300,1300,1300,1300,1400,7800,25000,25000,8769,0,1300,1232.4046569689185,245.47433300176635,24948.079582987702,304.1401528110389
1777028142,100,,Aggregated,79.300000,0.000000,1300,1300,1300,1300,1300,1300,1300,1400,7800,25000,25000,8850,0,1300,1232.415155743557,245.47433300176635,24948.079582987702,304.13966101694916
1777028143,100,,Aggregated,79.500000,0.000000,1300,1300,1300,1300,1300,1300,1300,1400,7800,25000,25000,8930,0,1300,1232.5675388669108,245.47433300176635,24948.079582987702,304.13885778275477
1777028144,100,,Aggregated,79.600000,0.000000,1300,1300,1300,1300,1300,1300,1300,1400,7800,25000,25000,9011,0,1300,1232.700797899741,245.47433300176635,24948.079582987702,304.1386083675508
1777028145,100,,Aggregated,80.100000,0.000000,1300,1300,1300,1300,1300,1300,1300,1400,7800,25000,25000,9092,0,1300,1232.6398452026688,245.47433300176635,24948.079582987702,304.13814342278926
1777028146,100,,Aggregated,80.300000,0.000000,1300,1300,1300,1300,1300,1300,1300,1400,7800,25000,25000,9163,0,1300,1232.8741144190483,245.47433300176635,24948.079582987702,304.1371821455855
1777028147,100,,Aggregated,80.700000,0.000000,1300,1300,1300,1300,1300,1300,1300,1400,7800,25000,25000,9261,0,1300,1232.4340823351502,245.47433300176635,24948.079582987702,304.13702623906704
1777028148,100,,Aggregated,80.700000,0.000000,1300,1300,1300,1300,1300,1300,1300,1400,7800,25000,25000,9342,0,1300,1231.8891288052644,245.47433300176635,24948.079582987702,304.13744380218367
1777028149,100,,Aggregated,80.900000,0.000000,1300,1300,1300,1300,1300,1300,1300,1400,7800,25000,25000,9422,0,1300,1232.0741304263177,245.47433300176635,24948.079582987702,304.1364890681384
1777028150,100,,Aggregated,81.200000,0.000000,1300,1300,1300,1300,1300,1300,1300,1400,7800,25000,25000,9503,0,1300,1232.1390935763152,245.47433300176635,24948.079582987702,304.13795643481006
1777028151,100,,Aggregated,81.400000,0.000000,1300,1300,1300,1300,1300,1300,1300,1400,7800,25000,25000,9584,0,1300,1232.1549643205035,245.47433300176635,24948.079582987702,304.13752086811354
1777028152,100,,Aggregated,81.300000,0.000000,1300,1300,1300,1300,1300,1300,1300,1400,7800,25000,25000,9661,0,1300,1232.3570133403061,245.47433300176635,24948.079582987702,304.13839147086225
1777028153,100,,Aggregated,81.300000,0.000000,1300,1300,1300,1300,1300,1300,1300,1400,7800,25000,25000,9739,0,1300,1232.7855679327067,245.47433300176635,24948.079582987702,304.1383098880789
1777028154,100,,Aggregated,81.300000,0.000000,1300,1300,1300,1300,1300,1300,1300,1400,7800,25000,25000,9818,0,1300,1233.1903168088818,245.47433300176635,24948.079582987702,304.13729883886737
1777028155,100,,Aggregated,81.000000,0.000000,1300,1300,1300,1300,1300,1300,1300,1400,7800,25000,25000,9896,0,1300,1233.5481300458412,245.47433300176635,24948.079582987702,304.13662085691186
1777028156,100,,Aggregated,80.800000,0.000000,1300,1300,1300,1300,1300,1300,1300,1400,7800,25000,25000,9976,0,1300,1234.1090422107702,245.47433300176635,24948.079582987702,304.13652766639933
1777028157,100,,Aggregated,80.200000,0.000000,1300,1300,1300,1300,1300,1300,1300,1400,6400,24000,25000,10055,0,1300,1234.1490365790764,245.47433300176635,24948.079582987702,304.1367478866236
1777028158,100,,Aggregated,79.500000,0.000000,1300,1300,1300,1300,1300,1300,1300,1400,6400,24000,25000,10131,0,1300,1234.5621119225711,245.47433300176635,24948.079582987702,304.1357220412595
1777028159,100,,Aggregated,79.700000,0.000000,1300,1300,1300,1300,1300,1300,1300,1400,6400,24000,25000,10210,0,1300,1235.0110139782173,245.47433300176635,24948.079582987702,304.1375122428991
1777028160,100,,Aggregated,79.100000,0.000000,1300,1300,1300,1300,1300,1300,1300,1400,6400,24000,25000,10287,0,1300,1235.3689247928928,245.47433300176635,24948.079582987702,304.13521920871
1777028161,100,,Aggregated,78.700000,0.000000,1300,1300,1300,1300,1300,1300,1300,1400,6400,24000,25000,10367,0,1300,1235.6502045769814,245.47433300176635,24948.079582987702,304.1351403491849
1777028162,100,,Aggregated,78.400000,0.000000,1300,1300,1300,1300,1300,1300,1300,1400,6400,24000,25000,10446,0,1300,1235.8480414287328,245.47433300176635,24948.079582987702,304.1365115833812
1777028163,100,,Aggregated,78.100000,0.000000,1300,1300,1300,1300,1300,1300,1300,1400,6400,24000,25000,10522,0,1300,1236.2853158636751,245.47433300176635,24948.079582987702,304.1362858772097
1777028164,100,,Aggregated,78.100000,0.000000,1300,1300,1300,1300,1300,1300,1300,1400,6400,24000,25000,10599,0,1300,1236.6963018379631,245.47433300176635,24948.079582987702,304.13595622228513
1777028165,100,,Aggregated,78.100000,0.000000,1300,1300,1300,1300,1300,1300,1300,1400,6400,24000,25000,10679,0,1300,1237.055780980681,245.47433300176635,24948.079582987702,304.13868339732187
1777028166,100,,Aggregated,78.100000,0.000000,1300,1300,1300,1300,1300,1300,1400,1400,6400,24000,25000,10738,0,1300,1238.1420035709357,245.47433300176635,24948.079582987702,304.13894579996276
1777028167,100,,Aggregated,78.000000,0.000000,1300,1300,1300,1300,1300,1300,1400,1400,6400,24000,25000,10846,0,1300,1237.2956216004682,245.47433300176635,24948.079582987702,304.13977503226994
1777028168,100,,Aggregated,78.600000,0.000000,1300,1300,1300,1300,1300,1300,1400,1400,6400,24000,25000,10925,0,1300,1236.6788591499037,245.47433300176635,24948.079582987702,304.1403203661327
1777028169,100,,Aggregated,76.800000,0.000000,1300,1300,1300,1300,1300,1300,1400,1400,6200,24000,25000,11001,0,1300,1236.9896119939701,245.47433300176635,24948.079582987702,304.14080538132896
1777028170,100,,Aggregated,79.000000,0.000000,1300,1300,1300,1300,1300,1300,1400,1400,6200,24000,25000,11083,0,1300,1237.4806074807987,245.47433300176635,24948.079582987702,304.1388613191374
1777028171,100,,Aggregated,79.200000,0.000000,1300,1300,1300,1300,1300,1300,1400,1400,6200,24000,25000,11163,0,1300,1237.3247871464432,245.47433300176635,24948.079582987702,304.13894114485356
1777028172,100,,Aggregated,78.400000,0.000000,1300,1300,1300,1300,1300,1300,1400,1400,6200,24000,25000,11243,0,1300,1237.3786118509895,245.47433300176635,24948.079582987702,304.1381303922441
1777028173,100,,Aggregated,79.300000,0.000000,1300,1300,1300,1300,1300,1300,1400,1400,6200,24000,25000,11320,0,1300,1237.6857627799109,245.47433300176635,24948.079582987702,304.13657243816255
1777028174,100,,Aggregated,79.400000,0.000000,1300,1300,1300,1300,1300,1300,1400,1400,6200,24000,25000,11397,0,1300,1237.9916491371023,245.47433300176635,24948.079582987702,304.13696586821095
1777028175,100,,Aggregated,79.500000,0.000000,1300,1300,1300,1300,1300,1300,1400,1400,6200,24000,25000,11477,0,1300,1238.3869778946175,245.47433300176635,24948.079582987702,304.1368824605733
1777028176,100,,Aggregated,79.500000,0.000000,1300,1300,1300,1300,1300,1300,1400,1400,6200,24000,25000,11555,0,1300,1238.562319043325,245.47433300176635,24948.079582987702,304.13561228905235
1777028177,100,,Aggregated,79.600000,0.000000,1300,1300,1300,1300,1300,1300,1400,1400,6200,24000,25000,11634,0,1300,1238.7847411255407,245.47433300176635,24948.079582987702,304.13546501633147
1777028178,100,,Aggregated,79.700000,0.000000,1300,1300,1300,1300,1300,1300,1400,1400,6200,24000,25000,11713,0,1300,1238.9621401797574,245.47433300176635,24948.079582987702,304.1361734824554
1777028179,100,,Aggregated,80.800000,0.000000,1300,1300,1300,1300,1300,1300,1400,1400,6200,24000,25000,11791,0,1300,1239.2653027676622,245.47433300176635,24948.079582987702,304.13595114918155
1777028180,100,,Aggregated,78.700000,0.000000,1300,1300,1300,1300,1300,1300,1400,1400,6200,24000,25000,11870,0,1300,1239.4446675211852,245.47433300176635,24948.079582987702,304.1356360572873
1777028181,100,,Aggregated,78.500000,0.000000,1300,1300,1300,1300,1300,1300,1400,1400,6200,24000,25000,11951,0,1300,1239.518058740971,245.47433300176635,24948.079582987702,304.1353024851477
1777028182,100,,Aggregated,79.400000,0.000000,1300,1300,1300,1300,1300,1300,1400,1400,5700,24000,25000,12033,0,1300,1239.528892661048,245.47433300176635,24948.079582987702,304.13554392088423
1777028183,100,,Aggregated,78.700000,0.000000,1300,1300,1300,1300,1300,1300,1400,1400,5700,24000,25000,12112,0,1300,1239.626733616201,245.47433300176635,24948.079582987702,304.1368890356671
1777028184,100,,Aggregated,78.700000,0.000000,1300,1300,1300,1300,1300,1300,1400,1400,5700,24000,25000,12191,0,1300,1239.8265370538486,245.47433300176635,24948.079582987702,304.13739643999673
1777028185,100,,Aggregated,78.900000,0.000000,1300,1300,1300,1300,1300,1300,1400,1400,5700,24000,25000,12271,0,1300,1239.8634573969948,245.47433300176635,24948.079582987702,304.1379675658056
1777028186,100,,Aggregated,79.000000,0.000000,1300,1300,1300,1300,1300,1300,1400,1400,5700,24000,25000,12354,0,1300,1239.8631281139258,245.47433300176635,24948.079582987702,304.1380929253683
1777028187,100,,Aggregated,79.300000,0.000000,1300,1300,1300,1300,1300,1300,1400,1400,5700,24000,25000,12436,0,1300,1239.664597151688,245.47433300176635,24948.079582987702,304.1384689610807
1777028188,100,,Aggregated,79.300000,0.000000,1300,1300,1300,1300,1300,1300,1400,1400,5700,24000,25000,12517,0,1300,1239.555419290833,245.47433300176635,24948.079582987702,304.13829192298476
1777028189,100,,Aggregated,79.600000,0.000000,1300,1300,1300,1300,1300,1300,1400,1400,5700,24000,25000,12596,0,1300,1239.6927816978673,245.47433300176635,24948.079582987702,304.1389329946015
1777028190,100,,Aggregated,80.100000,0.000000,1300,1300,1300,1300,1300,1300,1400,1400,5700,24000,25000,12679,0,1300,1239.647036452747,245.47433300176635,24948.079582987702,304.1399952677656
1777028191,100,,Aggregated,80.300000,0.000000,1300,1300,1300,1300,1300,1300,1400,1400,5700,24000,25000,12763,0,1300,1239.3607576340505,245.47433300176635,24948.079582987702,304.1398574002977
1777028192,100,,Aggregated,80.400000,0.000000,1300,1300,1300,1300,1300,1300,1400,1400,5700,24000,25000,12846,0,1300,1239.0881677188484,245.47433300176635,24948.079582987702,304.14105558150396
1777028193,100,,Aggregated,80.700000,0.000000,1300,1300,1300,1300,1300,1300,1400,1400,5700,24000,25000,12930,0,1300,1238.8608440297219,245.47433300176635,24948.079582987702,304.1401392111369
1777028194,100,,Aggregated,80.900000,0.000000,1300,1300,1300,1300,1300,1300,1400,1400,5600,24000,25000,13013,0,1300,1238.6397954362712,245.47433300176635,24948.079582987702,304.1390148313225
1777028195,100,,Aggregated,81.300000,0.000000,1300,1300,1300,1300,1300,1300,1400,1400,5600,24000,25000,13097,0,1300,1238.4544613693263,245.47433300176635,24948.079582987702,304.1391921814156
1777028196,100,,Aggregated,81.700000,0.000000,1300,1300,1300,1300,1300,1300,1400,1400,5600,24000,25000,13179,0,1300,1238.2438534133125,245.47433300176635,24948.079582987702,304.1398436907201
1777028197,100,,Aggregated,81.900000,0.000000,1300,1300,1300,1300,1300,1300,1400,1400,5600,24000,25000,13259,0,1300,1238.2267317648457,245.47433300176635,24948.079582987702,304.1388490836413
1777028198,100,,Aggregated,82.300000,0.000000,1300,1300,1300,1300,1300,1300,1400,1400,5600,24000,25000,13342,0,1300,1238.1028702261253,245.47433300176635,24948.079582987702,304.13940938390044
1777028199,100,,Aggregated,82.300000,0.000000,1300,1300,1300,1300,1300,1300,1400,1400,5600,24000,25000,13423,0,1300,1238.008456605304,245.47433300176635,24948.079582987702,304.13953661625567
1777028200,100,,Aggregated,82.000000,0.000000,1300,1300,1300,1300,1300,1300,1400,1400,5600,24000,25000,13502,0,1300,1238.0766948612766,245.47433300176635,24948.079582987702,304.1399792623315
1777028201,100,,Aggregated,82.400000,0.000000,1300,1300,1300,1300,1300,1300,1400,1400,5600,24000,25000,13582,0,1300,1238.205213142016,245.47433300176635,24948.079582987702,304.14003828596674
1777028202,100,,Aggregated,82.400000,0.000000,1300,1300,1300,1300,1300,1300,1400,1400,5600,24000,25000,13663,0,1300,1238.2351703302986,245.47433300176635,24948.079582987702,304.1413306008929
1777028203,100,,Aggregated,82.100000,0.000000,1300,1300,1300,1300,1300,1300,1400,1400,5600,24000,25000,13744,0,1300,1238.2657969576403,245.47433300176635,24948.079582987702,304.14115250291036
1777028204,100,,Aggregated,81.800000,0.000000,1300,1300,1300,1300,1300,1300,1400,1400,5600,24000,25000,13823,0,1300,1238.3792161142894,245.47433300176635,24948.079582987702,304.14128626202705
1777028205,100,,Aggregated,81.400000,0.000000,1300,1300,1300,1300,1300,1300,1400,1400,5600,24000,25000,13902,0,1300,1238.5051894517153,245.47433300176635,24948.079582987702,304.1414185009351
1777028206,100,,Aggregated,81.000000,0.000000,1300,1300,1300,1300,1300,1300,1400,1400,5600,24000,25000,13982,0,1300,1238.6240129963296,245.47433300176635,24948.079582987702,304.14132456014875
1777028207,100,,Aggregated,80.800000,0.000000,1300,1300,1300,1300,1300,1300,1400,1400,5200,24000,25000,14061,0,1300,1238.7318614083367,245.47433300176635,24948.079582987702,304.1408861389659
1777028208,100,,Aggregated,80.400000,0.000000,1300,1300,1300,1300,1300,1300,1400,1400,5200,24000,25000,14137,0,1300,1238.946758618783,245.47433300176635,24948.079582987702,304.14083610384097
1777028209,100,,Aggregated,80.300000,0.000000,1300,1300,1300,1300,1300,1300,1300,1400,5200,24000,25000,14215,0,1300,1239.2860206362816,245.47433300176635,24948.079582987702,304.1399226169539
1777028210,100,,Aggregated,80.000000,0.000000,1300,1300,1300,1300,1300,1300,1300,1400,5200,24000,25000,14294,0,1300,1239.5410956471073,245.47433300176635,24948.079582987702,304.1389394151392
1777028211,100,,Aggregated,79.200000,0.000000,1300,1300,1300,1300,1300,1300,1300,1400,5200,24000,25000,14373,0,1300,1239.7921131358596,245.47433300176635,24948.079582987702,304.1401934182147
1777028212,100,,Aggregated,79.000000,0.000000,1300,1300,1300,1300,1300,1300,1300,1400,5200,24000,25000,14452,0,1300,1239.9094460237154,245.47433300176635,24948.079582987702,304.14060337669525
1777028213,100,,Aggregated,78.900000,0.000000,1300,1300,1300,1300,1300,1300,1300,1400,5200,24000,25000,14538,0,1300,1239.7610816721499,245.47433300176635,24948.079582987702,304.14100976750586
1777028214,100,,Aggregated,78.700000,0.000000,1300,1300,1300,1300,1300,1300,1300,1400,5200,24000,25000,14622,0,1300,1239.4560186687702,245.47433300176635,24948.079582987702,304.1406100396662
1777028215,100,,Aggregated,78.800000,0.000000,1300,1300,1300,1300,1300,1300,1300,1400,5200,24000,25000,14705,0,1300,1239.1395305406174,245.47433300176635,24948.079582987702,304.140836450187
1777028216,100,,Aggregated,79.300000,0.000000,1300,1300,1300,1300,1300,1300,1300,1400,5200,24000,25000,14788,0,1300,1238.9687212169795,245.47433300176635,24948.079582987702,304.1405193400054
1777028217,100,,Aggregated,79.800000,0.000000,1300,1300,1300,1300,1300,1300,1300,1400,5200,24000,25000,14870,0,1300,1238.8565034118244,245.47433300176635,24948.079582987702,304.1401479488904
1777028218,100,,Aggregated,80.100000,0.000000,1300,1300,1300,1300,1300,1300,1300,1400,5200,24000,25000,14951,0,1300,1238.8418715879059,245.47433300176635,24948.079582987702,304.14065948765966
1777028219,100,,Aggregated,80.400000,0.000000,1300,1300,1300,1300,1300,1300,1300,1400,4900,24000,25000,15035,0,1300,1238.7101036186089,245.47433300176635,24948.079582987702,304.14053874293313
1777028220,100,,Aggregated,80.700000,0.000000,1300,1300,1300,1300,1300,1300,1300,1400,4900,24000,25000,15118,0,1300,1238.480658419622,245.47433300176635,24948.079582987702,304.1415531154915
1777028221,100,,Aggregated,81.300000,0.000000,1300,1300,1300,1300,1300,1300,1300,1400,4900,24000,25000,15199,0,1300,1238.3961250182874,245.47433300176635,24948.079582987702,304.1409961181657
1777028222,100,,Aggregated,81.800000,0.000000,1300,1300,1300,1300,1300,1300,1300,1400,4900,24000,25000,15280,0,1300,1238.3304072606006,245.47433300176635,24948.079582987702,304.1407068062827
1777028223,100,,Aggregated,82.300000,0.000000,1300,1300,1300,1300,1300,1300,1300,1400,4900,24000,25000,15359,0,1300,1238.431014357897,245.47433300176635,24948.079582987702,304.140438830653
1777028224,100,,Aggregated,82.500000,0.000000,1300,1300,1300,1300,1300,1300,1300,1400,4900,24000,25000,15441,0,1300,1238.4200530558253,245.47433300176635,24948.079582987702,304.140470176802
1777028225,100,,Aggregated,82.500000,0.000000,1300,1300,1300,1300,1300,1300,1300,1400,4900,24000,25000,15523,0,1300,1238.3168179277816,245.47433300176635,24948.079582987702,304.1393416221091
1777028226,100,,Aggregated,82.000000,0.000000,1300,1300,1300,1300,1300,1300,1300,1400,4900,24000,25000,15605,0,1300,1238.2427871823093,245.47433300176635,24948.079582987702,304.1400192246075
1777028227,100,,Aggregated,81.800000,0.000000,1300,1300,1300,1300,1300,1300,1300,1400,4900,24000,25000,15688,0,1300,1238.2061865933813,245.47433300176635,24948.079582987702,304.1401070882203
1777028228,100,,Aggregated,81.600000,0.000000,1300,1300,1300,1300,1300,1300,1300,1400,4900,24000,25000,15771,0,1300,1237.9741905333813,245.47433300176635,24948.079582987702,304.1400672119713
1777028229,100,,Aggregated,81.400000,0.000000,1300,1300,1300,1300,1300,1300,1300,1400,4900,24000,25000,15854,0,1300,1237.775973462592,245.47433300176635,24948.079582987702,304.139144695345
1777028230,100,,Aggregated,81.700000,0.000000,1300,1300,1300,1300,1300,1300,1300,1400,4900,24000,25000,15937,0,1300,1237.6862302359273,245.47433300176635,24948.079582987702,304.13848277593024
1777028231,100,,Aggregated,81.900000,0.000000,1300,1300,1300,1300,1300,1300,1300,1400,4200,24000,25000,16019,0,1300,1237.5493390337062,245.47433300176635,24948.079582987702,304.1381484487172
1777028232,100,,Aggregated,81.800000,0.000000,1300,1300,1300,1300,1300,1300,1300,1400,4200,24000,25000,16101,0,1300,1237.4889418295736,245.47433300176635,24948.079582987702,304.13756909508726
1777028233,100,,Aggregated,81.800000,0.000000,1300,1300,1300,1300,1300,1300,1300,1400,4200,24000,25000,16180,0,1300,1237.5254362621724,245.47433300176635,24948.079582987702,304.1374536464771
1777028234,100,,Aggregated,81.800000,0.000000,1300,1300,1300,1300,1300,1300,1300,1400,4200,24000,25000,16261,0,1300,1237.5687890791446,245.47433300176635,24948.079582987702,304.1369534468975
1777028235,100,,Aggregated,81.800000,0.000000,1300,1300,1300,1300,1300,1300,1300,1400,4200,24000,25000,16339,0,1300,1237.6572731709996,245.47433300176635,24948.079582987702,304.13691168370156
1777028236,100,,Aggregated,81.900000,0.000000,1300,1300,1300,1300,1300,1300,1300,1400,4200,24000,25000,16417,0,1300,1237.8290316091848,245.47433300176635,24948.079582987702,304.13613936772856
1777028237,100,,Aggregated,81.600000,0.000000,1300,1300,1300,1300,1300,1300,1300,1400,4200,24000,25000,16496,0,1300,1238.0312781085681,245.47433300176635,24948.079582987702,304.1357904946654
1777028238,100,,Aggregated,81.400000,0.000000,1300,1300,1300,1300,1300,1300,1300,1400,4200,24000,25000,16578,0,1300,1238.1209674603692,245.47433300176635,24948.079582987702,304.1357220412595
1777028239,100,,Aggregated,81.100000,0.000000,1300,1300,1300,1300,1300,1300,1300,1400,4200,24000,25000,16654,0,1300,1238.2170318981043,245.47433300176635,24948.079582987702,304.13534286057404
1777028240,100,,Aggregated,80.600000,0.000000,1300,1300,1300,1300,1300,1300,1300,1400,4200,24000,25000,16733,0,1300,1238.4185599177667,245.47433300176635,24948.079582987702,304.1359588836431
1777028241,100,,Aggregated,80.500000,0.000000,1300,1300,1300,1300,1300,1300,1300,1400,4200,24000,25000,16812,0,1300,1238.6634008135284,245.47433300176635,24948.079582987702,304.13692600523433
1777028242,100,,Aggregated,79.900000,0.000000,1300,1300,1300,1300,1300,1300,1300,1400,4200,24000,25000,16893,0,1300,1238.714444677446,245.47433300176635,24948.079582987702,304.1371574024744
1777028243,100,,Aggregated,79.300000,0.000000,1300,1300,1300,1300,1300,1300,1300,1400,4200,24000,25000,16974,0,1300,1238.681641305418,245.47433300176635,24948.079582987702,304.13632614587016
1777028244,100,,Aggregated,79.200000,0.000000,1300,1300,1300,1300,1300,1300,1300,1400,3900,24000,25000,17055,0,1300,1238.6798130741195,245.47433300176635,24948.079582987702,304.13644092641454
1777028245,100,,Aggregated,79.100000,0.000000,1300,1300,1300,1300,1300,1300,1300,1400,3900,24000,25000,17136,0,1300,1238.660726789807,245.47433300176635,24948.079582987702,304.13702147525674
1777028246,100,,Aggregated,79.300000,0.000000,1300,1300,1300,1300,1300,1300,1300,1400,3900,24000,25000,17216,0,1300,1238.7133167000547,245.47433300176635,24948.079582987702,304.1368494423792
1777028247,100,,Aggregated,79.400000,0.000000,1300,1300,1300,1300,1300,1300,1300,1400,3900,24000,25000,17297,0,1300,1238.698300324916,245.47433300176635,24948.079582987702,304.13638203156614
1777028248,100,,Aggregated,79.500000,0.000000,1300,1300,1300,1300,1300,1300,1300,1400,3900,24000,25000,17378,0,1300,1238.7012555511035,245.47433300176635,24948.079582987702,304.13741512256877
1777028249,100,,Aggregated,79.700000,0.000000,1300,1300,1300,1300,1300,1300,1300,1400,3900,24000,25000,17460,0,1300,1238.6952700627228,245.47433300176635,24948.079582987702,304.1372279495991
1777028250,100,,Aggregated,79.900000,0.000000,1300,1300,1300,1300,1300,1300,1300,1400,3900,24000,25000,17541,0,1300,1238.618812781831,245.47433300176635,24948.079582987702,304.1372213670828
1777028251,100,,Aggregated,79.800000,0.000000,1300,1300,1300,1300,1300,1300,1300,1400,3900,24000,25000,17622,0,1300,1238.623045496885,245.47433300176635,24948.079582987702,304.1371013505845
1777028252,100,,Aggregated,80.300000,0.000000,1300,1300,1300,1300,1300,1300,1300,1400,3900,24000,25000,17705,0,1300,1238.5217403295178,245.47433300176635,24948.079582987702,304.13685399604634
1777028253,100,,Aggregated,80.600000,0.000000,1300,1300,1300,1300,1300,1300,1300,1400,3900,24000,25000,17784,0,1300,1238.5320190289656,245.47433300176635,24948.079582987702,304.13630229419704
1777028254,100,,Aggregated,80.800000,0.000000,1300,1300,1300,1300,1300,1300,1300,1400,3900,24000,25000,17861,0,1300,1238.6813804400733,245.47433300176635,24948.079582987702,304.1367784558535
1777028256,100,,Aggregated,81.000000,0.000000,1300,1300,1300,1300,1300,1300,1300,1400,3900,24000,25000,17946,0,1300,1238.7361263745709,245.47433300176635,24948.079582987702,304.13674356402544
1777028257,100,,Aggregated,80.700000,0.000000,1300,1300,1300,1300,1300,1300,1300,1400,3800,24000,25000,18026,0,1300,1238.6551645701277,245.47433300176635,24948.079582987702,304.13658049484076
1777028258,100,,Aggregated,80.300000,0.000000,1300,1300,1300,1300,1300,1300,1300,1400,3800,24000,25000,18106,0,1300,1238.6729165171278,245.47433300176635,24948.079582987702,304.13730255164035
1777028259,100,,Aggregated,80.800000,0.000000,1300,1300,1300,1300,1300,1300,1300,1400,3800,24000,25000,18187,0,1300,1238.7062034603966,245.47433300176635,24948.079582987702,304.13740583933577
1777028260,100,,Aggregated,80.800000,0.000000,1300,1300,1300,1300,1300,1300,1300,1400,3800,24000,25000,18269,0,1300,1238.6806566153718,245.47433300176635,24948.079582987702,304.1377743718868
1777028261,100,,Aggregated,80.600000,0.000000,1300,1300,1300,1300,1300,1300,1300,1400,3800,24000,25000,18349,0,1300,1238.6335011396925,245.47433300176635,24948.079582987702,304.1371736879394
1777028262,100,,Aggregated,80.800000,0.000000,1300,1300,1300,1300,1300,1300,1300,1400,3800,24000,25000,18428,0,1300,1238.769500415898,245.47433300176635,24948.079582987702,304.13696548730195
1777028263,100,,Aggregated,80.600000,0.000000,1300,1300,1300,1300,1300,1300,1300,1400,3800,24000,25000,18508,0,1300,1238.8152757094854,245.47433300176635,24948.079582987702,304.13756213529285
1777028264,100,,Aggregated,80.400000,0.000000,1300,1300,1300,1300,1300,1300,1300,1400,3800,24000,25000,18587,0,1300,1238.87051643859,245.47433300176635,24948.079582987702,304.1382148813687
1777028265,100,,Aggregated,80.200000,0.000000,1300,1300,1300,1300,1300,1300,1300,1400,3800,24000,25000,18665,0,1300,1239.0447484395975,245.47433300176635,24948.079582987702,304.13763728904365
1777028266,100,,Aggregated,80.100000,0.000000,1300,1300,1300,1300,1300,1300,1300,1400,3800,24000,25000,18742,0,1300,1239.2180774992005,245.47433300176635,24948.079582987702,304.1368050368157
1777028267,100,,Aggregated,80.300000,0.000000,1300,1300,1300,1300,1300,1300,1300,1400,3800,24000,25000,18822,0,1300,1239.4240515215736,245.47433300176635,24948.079582987702,304.136861119966
1777028268,100,,Aggregated,79.500000,0.000000,1300,1300,1300,1300,1300,1300,1300,1400,3800,24000,25000,18904,0,1300,1239.4589380504717,245.47433300176635,24948.079582987702,304.1372196360559
1777028269,100,,Aggregated,79.400000,0.000000,1300,1300,1300,1300,1300,1300,1300,1400,3800,24000,25000,18982,0,1300,1239.5267342215834,245.47433300176635,24948.079582987702,304.13718259403646
1777028270,100,,Aggregated,79.500000,0.000000,1300,1300,1300,1300,1300,1300,1300,1400,3700,24000,25000,19062,0,1300,1239.6082353129868,245.47433300176635,24948.079582987702,304.13671178260415
1777028271,100,,Aggregated,79.300000,0.000000,1300,1300,1300,1300,1300,1300,1300,1400,3700,24000,25000,19142,0,1300,1239.6186538190939,245.47433300176635,24948.079582987702,304.13645387106885
1777028272,100,,Aggregated,79.100000,0.000000,1300,1300,1300,1300,1300,1300,1300,1400,3700,24000,25000,19221,0,1300,1239.7584302295431,245.47433300176635,24948.079582987702,304.1366734301025
1777028273,100,,Aggregated,79.200000,0.000000,1300,1300,1300,1300,1300,1300,1300,1400,3700,24000,25000,19302,0,1300,1239.829978300283,245.47433300176635,24948.079582987702,304.13718785618073
1777028274,100,,Aggregated,79.100000,0.000000,1300,1300,1300,1300,1300,1300,1300,1400,3700,24000,25000,19380,0,1300,1239.9203327971604,245.47433300176635,24948.079582987702,304.1372549019608
1777028275,100,,Aggregated,79.000000,0.000000,1300,1300,1300,1300,1300,1300,1300,1400,3700,24000,25000,19460,0,1300,1240.0095741681903,245.47433300176635,24948.079582987702,304.13741007194244
1777028276,100,,Aggregated,79.200000,0.000000,1300,1300,1300,1300,1300,1300,1300,1400,3700,24000,25000,19542,0,1300,1240.0024655773718,245.47433300176635,24948.079582987702,304.13703817418894
1777028277,100,,Aggregated,79.200000,0.000000,1300,1300,1300,1300,1300,1300,1300,1400,3700,24000,25000,19620,0,1300,1240.0232009674344,245.47433300176635,24948.079582987702,304.1373088685015
1777028278,100,,Aggregated,79.700000,0.000000,1300,1300,1300,1300,1300,1300,1300,1400,3700,24000,25000,19697,0,1300,1240.200217766971,245.47433300176635,24948.079582987702,304.1377367111743
1777028279,100,,Aggregated,79.600000,0.000000,1300,1300,1300,1300,1300,1300,1300,1400,3700,24000,25000,19777,0,1300,1240.3603501363236,245.47433300176635,24948.079582987702,304.13778631743946
1777028280,100,,Aggregated,79.300000,0.000000,1300,1300,1300,1300,1300,1300,1300,1400,3700,24000,25000,19854,0,1300,1240.5223582582878,245.47433300176635,24948.079582987702,304.1376045129445
1777028281,100,,Aggregated,79.400000,0.000000,1300,1300,1300,1300,1300,1300,1300,1400,3700,24000,25000,19937,0,1300,1240.6159896770855,245.47433300176635,24948.079582987702,304.13698149169886
1777028282,100,,Aggregated,78.900000,0.000000,1300,1300,1300,1300,1300,1300,1300,1400,3600,21000,25000,20024,0,1300,1240.5357158381025,245.47433300176635,24948.079582987702,304.1376348381942
1777028283,100,,Aggregated,79.200000,0.000000,1300,1300,1300,1300,1300,1300,1300,1400,3600,21000,25000,20105,0,1300,1240.0980209185343,245.47433300176635,24948.079582987702,304.1375279781149
1777028284,100,,Aggregated,80.000000,0.000000,1300,1300,1300,1300,1300,1300,1300,1400,3600,21000,25000,20184,0,1300,1240.0949326023122,245.47433300176635,24948.079582987702,304.137138327388
1777028285,100,,Aggregated,80.400000,0.000000,1300,1300,1300,1300,1300,1300,1300,1400,3600,21000,25000,20264,0,1300,1240.1762902217793,245.47433300176635,24948.079582987702,304.1374851954204
1777028286,100,,Aggregated,80.200000,0.000000,1300,1300,1300,1300,1300,1300,1300,1400,3600,21000,25000,20343,0,1300,1240.30638266284,245.47433300176635,24948.079582987702,304.137688639827
1777028287,100,,Aggregated,80.300000,0.000000,1300,1300,1300,1300,1300,1300,1300,1400,3600,21000,25000,20419,0,1300,1240.4941542687316,245.47433300176635,24948.079582987702,304.13678436750087
1777028288,100,,Aggregated,79.900000,0.000000,1300,1300,1300,1300,1300,1300,1300,1400,3600,21000,25000,20498,0,1300,1240.695231482349,245.47433300176635,24948.079582987702,304.136403551566
1777028289,100,,Aggregated,79.800000,0.000000,1300,1300,1300,1300,1300,1300,1300,1400,3600,21000,25000,20581,0,1300,1240.6975560975739,245.47433300176635,24948.079582987702,304.13687381565524
1777028290,100,,Aggregated,79.800000,0.000000,1300,1300,1300,1300,1300,1300,1300,1400,3600,21000,25000,20665,0,1300,1240.7812239880047,245.47433300176635,24948.079582987702,304.13709170094364
1777028291,100,,Aggregated,80.100000,0.000000,1300,1300,1300,1300,1300,1300,1300,1400,3600,21000,25000,20748,0,1300,1240.338793666761,245.47433300176635,24948.079582987702,304.13774821669557
1777028292,100,,Aggregated,80.700000,0.000000,1300,1300,1300,1300,1300,1300,1300,1400,3600,21000,25000,20827,0,1300,1240.3100357866679,245.47433300176635,24948.079582987702,304.1378499063715
1777028293,100,,Aggregated,81.000000,0.000000,1300,1300,1300,1300,1300,1300,1300,1400,3600,21000,25000,20908,0,1300,1240.4096004916246,245.47433300176635,24948.079582987702,304.1375550028697
1777028294,100,,Aggregated,80.400000,0.000000,1300,1300,1300,1300,1300,1300,1300,1400,3600,21000,25000,20988,0,1300,1240.3944319709824,245.47433300176635,24948.079582987702,304.13722126929673
1777028295,100,,Aggregated,80.000000,0.000000,1300,1300,1300,1300,1300,1300,1300,1400,3600,21000,25000,21069,0,1300,1240.4125251433377,245.47433300176635,24948.079582987702,304.1365513313399
1777028296,100,,Aggregated,80.300000,0.000000,1300,1300,1300,1300,1300,1300,1300,1400,3600,21000,25000,21147,0,1300,1240.5452901592644,245.47433300176635,24948.079582987702,304.13623681846127
1777028297,100,,Aggregated,80.300000,0.000000,1300,1300,1300,1300,1300,1300,1300,1400,3600,21000,25000,21242,0,1300,1239.9690192482346,245.47433300176635,24948.079582987702,304.1361453723755
1777028298,100,,Aggregated,79.800000,0.000000,1300,1300,1300,1300,1300,1300,1300,1400,3600,21000,25000,21322,0,1300,1239.7357914357517,245.47433300176635,24948.079582987702,304.1354469561955
1777028299,100,,Aggregated,82.100000,0.000000,1300,1300,1300,1300,1300,1300,1300,1400,3600,21000,25000,21402,0,1300,1239.7771628408616,245.47433300176635,24948.079582987702,304.1352210073825
1777028300,100,,Aggregated,82.300000,0.000000,1300,1300,1300,1300,1300,1300,1300,1400,3600,21000,25000,21482,0,1300,1239.8384166550175,245.47433300176635,24948.079582987702,304.13518294386
1777028301,100,,Aggregated,82.000000,0.000000,1300,1300,1300,1300,1300,1300,1300,1400,3600,21000,25000,21564,0,1300,1239.8582857562176,245.47433300176635,24948.079582987702,304.13476163977
1777028302,100,,Aggregated,81.800000,0.000000,1300,1300,1300,1300,1300,1300,1300,1400,3600,21000,25000,21650,0,1300,1239.6664417285965,245.47433300176635,24948.079582987702,304.1356120092379
1777028303,100,,Aggregated,81.400000,0.000000,1300,1300,1300,1300,1300,1300,1300,1400,3600,21000,25000,21730,0,1300,1239.493067731482,245.47433300176635,24948.079582987702,304.1355729406351
1777028304,100,,Aggregated,82.000000,0.000000,1300,1300,1300,1300,1300,1300,1300,1400,3600,21000,25000,21813,0,1300,1239.4628012563235,245.47433300176635,24948.079582987702,304.1354696740476
1777028305,100,,Aggregated,82.100000,0.000000,1300,1300,1300,1300,1300,1300,1300,1400,3600,21000,25000,21892,0,1300,1239.5026669545116,245.47433300176635,24948.079582987702,304.1357573542847
1777028306,100,,Aggregated,82.200000,0.000000,1300,1300,1300,1300,1300,1300,1300,1400,3600,21000,25000,21973,0,1300,1239.530281461164,245.47433300176635,24948.079582987702,304.13621262458474
1777028307,100,,Aggregated,82.100000,0.000000,1300,1300,1300,1300,1300,1300,1300,1400,3600,21000,25000,22054,0,1300,1239.5286742526134,245.47433300176635,24948.079582987702,304.13639249115806
1777028308,100,,Aggregated,82.800000,0.000000,1300,1300,1300,1300,1300,1300,1300,1400,3600,21000,25000,22130,0,1300,1239.5058163582078,245.47433300176635,24948.079582987702,304.13709896068684
1777028309,100,,Aggregated,81.000000,0.000000,1300,1300,1300,1300,1300,1300,1300,1400,3600,21000,25000,22222,0,1300,1239.3964119173875,245.47433300176635,24948.079582987702,304.13734137341373
1777028310,100,,Aggregated,81.100000,0.000000,1300,1300,1300,1300,1300,1300,1300,1400,3600,21000,25000,22302,0,1300,1239.1728801790994,245.47433300176635,24948.079582987702,304.1372971033988
1777028311,100,,Aggregated,81.900000,0.000000,1300,1300,1300,1300,1300,1300,1300,1400,3600,21000,25000,22384,0,1300,1239.206611553264,245.47433300176635,24948.079582987702,304.13759828448894
1777028312,100,,Aggregated,81.700000,0.000000,1300,1300,1300,1300,1300,1300,1300,1400,3600,21000,25000,22466,0,1300,1239.1207818835262,245.47433300176635,24948.079582987702,304.1379862903944
1777028313,100,,Aggregated,81.800000,0.000000,1300,1300,1300,1300,1300,1300,1300,1400,3600,21000,25000,22548,0,1300,1239.0519290849888,245.47433300176635,24948.079582987702,304.1380166755366
1777028314,100,,Aggregated,81.300000,0.000000,1300,1300,1300,1300,1300,1300,1300,1400,3600,21000,25000,22629,0,1300,1239.0185881985615,245.47433300176635,24948.079582987702,304.13827389632775
1777028315,100,,Aggregated,81.600000,0.000000,1300,1300,1300,1300,1300,1300,1300,1400,3600,21000,25000,22708,0,1300,1239.0671081948778,245.47433300176635,24948.079582987702,304.1388937819271
1777028316,100,,Aggregated,81.400000,0.000000,1300,1300,1300,1300,1300,1300,1300,1400,3600,21000,25000,22789,0,1300,1239.0828178989125,245.47433300176635,24948.079582987702,304.13844398613367
1777028317,100,,Aggregated,81.400000,0.000000,1300,1300,1300,1300,1300,1300,1300,1400,3600,21000,25000,22869,0,1300,1239.1315072211848,245.47433300176635,24948.079582987702,304.13900913900915
1777028318,100,,Aggregated,81.600000,0.000000,1300,1300,1300,1300,1300,1300,1300,1400,3600,21000,25000,22949,0,1300,1239.1722888312906,245.47433300176635,24948.079582987702,304.13878600374744
1777028319,100,,Aggregated,81.200000,0.000000,1300,1300,1300,1300,1300,1300,1300,1400,3500,21000,25000,23028,0,1300,1239.2876903468073,245.47433300176635,24948.079582987702,304.1389612645475
1777028320,100,,Aggregated,81.200000,0.000000,1300,1300,1300,1300,1300,1300,1300,1400,3500,21000,25000,23119,0,1300,1238.9029455073432,245.47433300176635,24948.079582987702,304.1388035814698
1777028321,100,,Aggregated,80.100000,0.000000,1300,1300,1300,1300,1300,1300,1300,1400,3500,21000,25000,23197,0,1300,1238.7901542071088,245.47433300176635,24948.079582987702,304.13876794413073
1777028322,100,,Aggregated,81.700000,0.000000,1300,1300,1300,1300,1300,1300,1300,1400,3500,21000,25000,23279,0,1300,1238.8697113429805,245.47433300176635,24948.079582987702,304.1376777352979
1777028323,100,,Aggregated,81.200000,0.000000,1300,1300,1300,1300,1300,1300,1300,1400,3500,21000,25000,23361,0,1300,1238.823548545191,245.47433300176635,24948.079582987702,304.1379649843757
1777028324,100,,Aggregated,81.100000,0.000000,1300,1300,1300,1300,1300,1300,1300,1400,3500,21000,25000,23441,0,1300,1238.8182254092042,245.47433300176635,24948.079582987702,304.13834734013057
1777028325,100,,Aggregated,81.000000,0.000000,1300,1300,1300,1300,1300,1300,1300,1400,3500,21000,25000,23523,0,1300,1238.812622981857,245.47433300176635,24948.079582987702,304.1379500913999
1777028326,100,,Aggregated,81.000000,0.000000,1300,1300,1300,1300,1300,1300,1300,1400,3500,21000,25000,23599,0,1300,1238.8389257148299,245.47433300176635,24948.079582987702,304.137929573287
1777028327,100,,Aggregated,81.300000,0.000000,1300,1300,1300,1300,1300,1300,1300,1400,3500,21000,25000,23678,0,1300,1239.0181722600855,245.47433300176635,24948.079582987702,304.13734268096965
1777028328,100,,Aggregated,80.900000,0.000000,1300,1300,1300,1300,1300,1300,1300,1400,3500,21000,25000,23757,0,1300,1239.146402080575,245.47433300176635,24948.079582987702,304.1377699204445
1777028329,100,,Aggregated,80.800000,0.000000,1300,1300,1300,1300,1300,1300,1300,1400,3500,21000,25000,23837,0,1300,1239.1931580498454,245.47433300176635,24948.079582987702,304.13823048202374
1777028330,100,,Aggregated,80.700000,0.000000,1300,1300,1300,1300,1300,1300,1300,1400,3500,21000,25000,23919,0,1300,1239.2326878429772,245.47433300176635,24948.079582987702,304.13809105731843
1777028331,100,,Aggregated,81.100000,0.000000,1300,1300,1300,1300,1300,1300,1300,1400,3500,21000,25000,23999,0,1300,1239.224449255354,245.47433300176635,24948.079582987702,304.13821409225386
1777028332,100,,Aggregated,79.700000,0.000000,1300,1300,1300,1300,1300,1300,1300,1400,3300,21000,25000,24081,0,1300,1239.178635615809,245.47433300176635,24948.079582987702,304.1378265022217
1777028333,100,,Aggregated,79.900000,0.000000,1300,1300,1300,1300,1300,1300,1300,1400,3300,21000,25000,24161,0,1300,1239.1957047348737,245.47433300176635,24948.079582987702,304.1379495881793
1777028334,100,,Aggregated,80.100000,0.000000,1300,1300,1300,1300,1300,1300,1300,1400,3300,21000,25000,24239,0,1300,1239.255677022494,245.47433300176635,24948.079582987702,304.13775320764057
1777028335,100,,Aggregated,79.900000,0.000000,1300,1300,1300,1300,1300,1300,1300,1400,3300,21000,25000,24324,0,1300,1239.2635354799904,245.47433300176635,24948.079582987702,304.13755961190594
1777028336,100,,Aggregated,79.700000,0.000000,1300,1300,1300,1300,1300,1300,1300,1400,3300,21000,25000,24403,0,1300,1239.2010701985128,245.47433300176635,24948.079582987702,304.13723722493137
1777028337,100,,Aggregated,79.800000,0.000000,1300,1300,1300,1300,1300,1300,1300,1400,3300,21000,25000,24485,0,1300,1239.2282772620927,245.47433300176635,24948.079582987702,304.13710434960177
1777028338,100,,Aggregated,80.100000,0.000000,1300,1300,1300,1300,1300,1300,1300,1400,3300,21000,25000,24562,0,1300,1239.2921919721673,245.47433300176635,24948.079582987702,304.1365523980132
1777028339,100,,Aggregated,80.400000,0.000000,1300,1300,1300,1300,1300,1300,1300,1400,3300,21000,25000,24639,0,1300,1239.454406840227,245.47433300176635,24948.079582987702,304.1365721011405
1777028340,100,,Aggregated,80.200000,0.000000,1300,1300,1300,1300,1300,1300,1300,1400,3300,21000,25000,24719,0,1300,1239.5819726583766,245.47433300176635,24948.079582987702,304.13661555888183
1777028341,100,,Aggregated,80.000000,0.000000,1300,1300,1300,1300,1300,1300,1300,1400,3300,21000,25000,24801,0,1300,1239.5867853538311,245.47433300176635,24948.079582987702,304.1364057900891
1777028342,100,,Aggregated,79.800000,0.000000,1300,1300,1300,1300,1300,1300,1300,1400,3300,21000,25000,24876,0,1300,1239.6014672481679,245.47433300176635,24948.079582987702,304.1365975237176
1777028343,100,,Aggregated,80.000000,0.000000,1300,1300,1300,1300,1300,1300,1300,1400,3300,21000,25000,24974,0,1300,1239.2255278045752,245.47433300176635,24948.079582987702,304.13726275326337
1777028344,100,,Aggregated,79.300000,0.000000,1300,1300,1300,1300,1300,1300,1300,1400,3300,21000,25000,25054,0,1300,1239.0191666307805,245.47433300176635,24948.079582987702,304.1377823900375
1777028345,100,,Aggregated,81.000000,0.000000,1300,1300,1300,1300,1300,1300,1300,1400,3300,21000,25000,25136,0,1300,1239.0155400957824,245.47433300176635,24948.079582987702,304.13757161043924
1777028346,100,,Aggregated,81.200000,0.000000,1300,1300,1300,1300,1300,1300,1300,1400,3300,21000,25000,25216,0,1300,1238.9980720283797,245.47433300176635,24948.079582987702,304.13816624365484
1777028347,100,,Aggregated,81.200000,0.000000,1300,1300,1300,1300,1300,1300,1300,1400,3300,21000,25000,25297,0,1300,1239.010650743352,245.47433300176635,24948.079582987702,304.1380005534253
1777028348,100,,Aggregated,81.100000,0.000000,1300,1300,1300,1300,1300,1300,1300,1400,3300,21000,25000,25377,0,1300,1239.036062726588,245.47433300176635,24948.079582987702,304.1379595696891
1777028349,100,,Aggregated,81.000000,0.000000,1300,1300,1300,1300,1300,1300,1300,1400,3300,21000,25000,25456,0,1300,1239.1075175146773,245.47433300176635,24948.079582987702,304.13780641106223
1777028350,100,,Aggregated,81.300000,0.000000,1300,1300,1300,1300,1300,1300,1300,1400,3300,21000,25000,25539,0,1300,1239.0843390347177,245.47433300176635,24948.079582987702,304.1377109518775
1777028351,100,,Aggregated,81.400000,0.000000,1300,1300,1300,1300,1300,1300,1300,1400,3300,21000,25000,25620,0,1300,1239.162779673637,245.47433300176635,24948.079582987702,304.1376268540203
1777028352,100,,Aggregated,81.900000,0.000000,1300,1300,1300,1300,1300,1300,1300,1400,3300,21000,25000,25706,0,1300,1238.8905458594315,245.47433300176635,24948.079582987702,304.13763323737646
1777028353,100,,Aggregated,81.000000,0.000000,1200,1300,1300,1300,1300,1300,1300,1400,3300,21000,25000,25789,0,1200,1238.765001618387,245.47433300176635,24948.079582987702,304.1372290511458
1777028354,100,,Aggregated,82.900000,0.000000,1200,1300,1300,1300,1300,1300,1300,1400,3300,21000,25000,25868,0,1200,1238.7424687138368,245.47433300176635,24948.079582987702,304.13715787845985
1777028355,100,,Aggregated,81.200000,0.000000,1200,1300,1300,1300,1300,1300,1300,1400,3300,21000,25000,25949,0,1200,1238.7476104114405,245.47433300176635,24948.079582987702,304.1369224247563
1777028356,100,,Aggregated,81.300000,0.000000,1200,1300,1300,1300,1300,1300,1300,1400,2800,21000,25000,26028,0,1200,1238.7807911280331,245.47433300176635,24948.079582987702,304.13754418318734
1777028357,100,,Aggregated,81.100000,0.000000,1200,1300,1300,1300,1300,1300,1300,1400,2800,21000,25000,26108,0,1200,1238.8702590849366,245.47433300176635,24948.079582987702,304.1375057453654
1777028358,100,,Aggregated,81.100000,0.000000,1200,1300,1300,1300,1300,1300,1300,1400,2800,21000,25000,26189,0,1200,1238.890844840145,245.47433300176635,24948.079582987702,304.1375004772996
1777028359,100,,Aggregated,81.000000,0.000000,1200,1300,1300,1300,1300,1300,1300,1400,2800,21000,25000,26271,0,1200,1238.868005466011,245.47433300176635,24948.079582987702,304.13790872064254
1777028360,100,,Aggregated,80.900000,0.000000,1200,1300,1300,1300,1300,1300,1300,1400,2800,21000,25000,26352,0,1200,1238.8089315125446,245.47433300176635,24948.079582987702,304.1384335154827
1777028361,100,,Aggregated,81.200000,0.000000,1200,1300,1300,1300,1300,1300,1300,1400,2800,21000,25000,26433,0,1200,1238.8194084354282,245.47433300176635,24948.079582987702,304.1389550940113
1777028362,100,,Aggregated,81.100000,0.000000,1200,1300,1300,1300,1300,1300,1300,1400,2800,21000,25000,26513,0,1200,1238.8471550579561,245.47433300176635,24948.079582987702,304.13913929015956
1777028363,100,,Aggregated,81.800000,0.000000,1200,1300,1300,1300,1300,1300,1300,1400,2800,21000,25000,26592,0,1200,1238.8731470619946,245.47433300176635,24948.079582987702,304.13876353790613
1777028364,100,,Aggregated,80.400000,0.000000,1200,1300,1300,1300,1300,1300,1300,1400,2800,21000,25000,26672,0,1200,1238.948554529826,245.47433300176635,24948.079582987702,304.1391721655669
1777028365,100,,Aggregated,80.500000,0.000000,1200,1300,1300,1300,1300,1300,1300,1400,2800,21000,25000,26755,0,1200,1238.9476962917017,245.47433300176635,24948.079582987702,304.13960007475237
1777028366,100,,Aggregated,80.200000,0.000000,1200,1300,1300,1300,1300,1300,1300,1400,2800,21000,25000,26837,0,1200,1238.8657845056284,245.47433300176635,24948.079582987702,304.1398442448858
1777028367,100,,Aggregated,80.300000,0.000000,1200,1300,1300,1300,1300,1300,1300,1400,2800,21000,25000,26917,0,1200,1238.8041109608591,245.47433300176635,24948.079582987702,304.1395029163726
1777028368,100,,Aggregated,80.500000,0.000000,1200,1300,1300,1300,1300,1300,1300,1400,2800,21000,25000,26999,0,1200,1238.840123698379,245.47433300176635,24948.079582987702,304.13952368606243
1777028369,100,,Aggregated,80.900000,0.000000,1200,1300,1300,1300,1300,1300,1300,1400,2700,21000,25000,27081,0,1200,1238.812749659306,245.47433300176635,24948.079582987702,304.1397658875226
1777028370,100,,Aggregated,80.900000,0.000000,1200,1300,1300,1300,1300,1300,1300,1400,2700,21000,25000,27161,0,1200,1238.773160808982,245.47433300176635,24948.079582987702,304.1399433010567
1777028371,100,,Aggregated,80.900000,0.000000,1200,1300,1300,1300,1300,1300,1300,1400,2700,21000,25000,27243,0,1200,1238.792850026786,245.47433300176635,24948.079582987702,304.1395220790662
1777028372,100,,Aggregated,80.800000,0.000000,1200,1300,1300,1300,1300,1300,1300,1400,2700,21000,25000,27322,0,1200,1238.8019438374456,245.47433300176635,24948.079582987702,304.13937486274796
1777028373,100,,Aggregated,80.800000,0.000000,1200,1300,1300,1300,1300,1300,1300,1400,2700,21000,25000,27401,0,1200,1238.8607783301932,245.47433300176635,24948.079582987702,304.1402503558264
1777028374,100,,Aggregated,80.800000,0.000000,1200,1300,1300,1300,1300,1300,1300,1400,2700,21000,25000,27481,0,1200,1238.958989152457,245.47433300176635,24948.079582987702,304.1403515155926
1777028375,100,,Aggregated,80.700000,0.000000,1200,1300,1300,1300,1300,1300,1300,1400,2700,21000,25000,27564,0,1200,1238.9419409822488,245.47433300176635,24948.079582987702,304.14156145697285
1777028376,100,,Aggregated,80.600000,0.000000,1200,1300,1300,1300,1300,1300,1300,1400,2700,21000,25000,27646,0,1200,1238.8817903489016,245.47433300176635,24948.079582987702,304.14186500759604
1777028377,100,,Aggregated,80.800000,0.000000,1200,1300,1300,1300,1300,1300,1300,1400,2700,21000,25000,27726,0,1200,1238.86012231403,245.47433300176635,24948.079582987702,304.1421770179615
1777028378,100,,Aggregated,80.600000,0.000000,1200,1300,1300,1300,1300,1300,1300,1400,2700,21000,25000,27807,0,1200,1238.8891059965388,245.47433300176635,24948.079582987702,304.14208652497575
1777028379,100,,Aggregated,80.500000,0.000000,1200,1300,1300,1300,1300,1300,1300,1400,2700,21000,25000,27888,0,1200,1238.893339699145,245.47433300176635,24948.079582987702,304.1417096959266
1777028380,100,,Aggregated,80.600000,0.000000,1200,1300,1300,1300,1300,1300,1300,1400,2700,21000,25000,27970,0,1200,1238.8659156174351,245.47433300176635,24948.079582987702,304.1417947801216
1777028381,100,,Aggregated,80.300000,0.000000,1200,1300,1300,1300,1300,1300,1300,1400,2500,21000,25000,28051,0,1200,1238.8214556916928,245.47433300176635,24948.079582987702,304.1423478663862
1777028382,100,,Aggregated,80.500000,0.000000,1200,1300,1300,1300,1300,1300,1300,1400,2500,21000,25000,28133,0,1200,1238.77312141807,245.47433300176635,24948.079582987702,304.1418618704013
1777028383,100,,Aggregated,80.600000,0.000000,1200,1300,1300,1300,1300,1300,1300,1400,2500,21000,25000,28212,0,1200,1238.7880050813314,245.47433300176635,24948.079582987702,304.14220898908263
1777028384,100,,Aggregated,80.800000,0.000000,1200,1300,1300,1300,1300,1300,1300,1400,2500,21000,25000,28291,0,1200,1238.8847646475415,245.47433300176635,24948.079582987702,304.142130006009
1777028385,100,,Aggregated,80.800000,0.000000,1200,1300,1300,1300,1300,1300,1300,1400,2500,21000,25000,28376,0,1200,1239.041293336782,245.47433300176635,24948.079582987702,304.14265576543556
1777028386,100,,Aggregated,80.800000,0.000000,1200,1300,1300,1300,1300,1300,1300,1400,2500,21000,25000,28459,0,1200,1238.6888806809275,245.47433300176635,24948.079582987702,304.1426262342317
1777028387,100,,Aggregated,80.200000,0.000000,1200,1300,1300,1300,1300,1300,1300,1400,2500,21000,25000,28538,0,1200,1238.6892094841755,245.47433300176635,24948.079582987702,304.1431775176957
1777028388,100,,Aggregated,81.300000,0.000000,1200,1300,1300,1300,1300,1300,1300,1400,2500,21000,25000,28617,0,1200,1238.7645893296426,245.47433300176635,24948.079582987702,304.14365586888914
1777028389,100,,Aggregated,81.000000,0.000000,1200,1300,1300,1300,1300,1300,1300,1400,2500,21000,25000,28696,0,1200,1238.8260240237778,245.47433300176635,24948.079582987702,304.14357401728466
1777028390,100,,Aggregated,80.800000,0.000000,1200,1300,1300,1300,1300,1300,1300,1400,2500,21000,25000,28777,0,1200,1238.820992294451,245.47433300176635,24948.079582987702,304.1441081419189
1777028391,100,,Aggregated,80.800000,0.000000,1200,1300,1300,1300,1300,1300,1300,1400,2500,21000,25000,28858,0,1200,1238.8721673124055,245.47433300176635,24948.079582987702,304.14443135352417
1777028392,100,,Aggregated,80.700000,0.000000,1200,1300,1300,1300,1300,1300,1300,1400,2500,21000,25000,28936,0,1200,1238.9285180443906,245.47433300176635,24948.079582987702,304.1443184959912
1777028393,100,,Aggregated,80.600000,0.000000,1200,1300,1300,1300,1300,1300,1300,1400,2500,21000,25000,29015,0,1200,1239.0108341005146,245.47433300176635,24948.079582987702,304.1445803894537
1777028394,100,,Aggregated,80.200000,0.000000,1200,1300,1300,1300,1300,1300,1300,1400,2500,21000,25000,29095,0,1200,1239.0865530291608,245.47433300176635,24948.079582987702,304.14514521395427
1777028395,100,,Aggregated,80.100000,0.000000,1200,1300,1300,1300,1300,1300,1300,1400,2500,21000,25000,29176,0,1200,1239.109335651371,245.47433300176635,24948.079582987702,304.14477652865367
1777028396,100,,Aggregated,80.300000,0.000000,1200,1300,1300,1300,1300,1300,1300,1400,2500,21000,25000,29257,0,1200,1239.114301352478,245.47433300176635,24948.079582987702,304.1446149639402
1777028397,100,,Aggregated,80.500000,0.000000,1200,1300,1300,1300,1300,1300,1300,1400,2500,21000,25000,29328,0,1200,1239.148294981262,245.47433300176635,24948.079582987702,304.14436715766504
1777028398,100,,Aggregated,79.500000,0.000000,1200,1300,1300,1300,1300,1300,1300,1400,2500,21000,25000,29421,0,1200,1239.3508881892326,245.47433300176635,24948.079582987702,304.1442846946059
1777028399,100,,Aggregated,79.700000,0.000000,1200,1300,1300,1300,1300,1300,1300,1400,2500,21000,25000,29499,0,1200,1239.0464805345741,245.47433300176635,24948.079582987702,304.14430997660935
1777028400,100,,Aggregated,79.700000,0.000000,1200,1300,1300,1300,1300,1300,1300,1400,2500,21000,25000,29578,0,1200,1239.1532871515797,245.47433300176635,24948.079582987702,304.14436405436476
1777028401,100,,Aggregated,80.200000,0.000000,1200,1300,1300,1300,1300,1300,1300,1400,2500,21000,25000,29658,0,1200,1239.2056308512852,245.47433300176635,24948.079582987702,304.14444669229215
1777028402,100,,Aggregated,79.800000,0.000000,1200,1300,1300,1300,1300,1300,1300,1400,2500,21000,25000,29738,0,1200,1239.2666850213,245.47433300176635,24948.079582987702,304.14466339363776
1777028403,100,,Aggregated,79.800000,0.000000,1200,1300,1300,1300,1300,1300,1300,1400,2500,21000,25000,29818,0,1200,1239.2964461774902,245.47433300176635,24948.079582987702,304.14467771144945
1777028404,100,,Aggregated,79.900000,0.000000,1200,1300,1300,1300,1300,1300,1300,1400,2500,21000,25000,29897,0,1200,1239.323200516085,245.47433300176635,24948.079582987702,304.1444626551159
1777028405,100,,Aggregated,80.000000,0.000000,1200,1300,1300,1300,1300,1300,1300,1400,2500,21000,25000,29978,0,1200,1239.3678253801875,245.47433300176635,24948.079582987702,304.1445726866369
1777028406,100,,Aggregated,80.100000,0.000000,1200,1300,1300,1300,1300,1300,1300,1400,2500,18000,25000,30057,0,1200,1239.4169181221387,245.47433300176635,24948.079582987702,304.144625212097
1777028407,100,,Aggregated,80.100000,0.000000,1200,1300,1300,1300,1300,1300,1300,1400,2500,18000,25000,30144,0,1200,1239.5206142045893,245.47433300176635,24948.079582987702,304.1451035031847
1777028408,100,,Aggregated,79.900000,0.000000,1200,1300,1300,1300,1300,1300,1300,1400,2500,18000,25000,30223,0,1200,1239.3064020213149,245.47433300176635,24948.079582987702,304.1446911292724
1777028409,100,,Aggregated,79.200000,0.000000,1200,1300,1300,1300,1300,1300,1300,1400,2500,18000,25000,30303,0,1200,1239.2896330311569,245.47433300176635,24948.079582987702,304.14483714483714
1777028410,100,,Aggregated,80.300000,0.000000,1200,1300,1300,1300,1300,1300,1300,1400,2500,18000,25000,30382,0,1200,1239.3427329160425,245.47433300176635,24948.079582987702,304.1452833914818
1777028411,100,,Aggregated,80.100000,0.000000,1200,1300,1300,1300,1300,1300,1300,1400,2500,18000,25000,30462,0,1200,1239.4185047817357,245.47433300176635,24948.079582987702,304.1454270894885
1777028412,100,,Aggregated,80.200000,0.000000,1200,1300,1300,1300,1300,1300,1300,1400,2500,18000,25000,30541,0,1200,1239.4560680286922,245.47433300176635,24948.079582987702,304.14613142988117
1777028413,100,,Aggregated,80.100000,0.000000,1200,1300,1300,1300,1300,1300,1300,1400,2500,18000,25000,30617,0,1200,1239.5606871196494,245.47433300176635,24948.079582987702,304.14531142829145
1777028414,100,,Aggregated,80.200000,0.000000,1200,1300,1300,1300,1300,1300,1300,1400,2500,18000,25000,30696,0,1200,1239.7017274889038,245.47433300176635,24948.079582987702,304.144709408392
1777028415,100,,Aggregated,80.100000,0.000000,1200,1300,1300,1300,1300,1300,1300,1400,2500,18000,25000,30779,0,1200,1239.699978688177,245.47433300176635,24948.079582987702,304.1446115858215
1777028416,100,,Aggregated,79.700000,0.000000,1200,1300,1300,1300,1300,1300,1300,1400,2500,18000,25000,30860,0,1200,1239.6567420787233,245.47433300176635,24948.079582987702,304.1445236552171
1777028417,100,,Aggregated,79.700000,0.000000,1200,1300,1300,1300,1300,1300,1300,1400,2500,18000,25000,30944,0,1200,1239.600513434505,245.47433300176635,24948.079582987702,304.14419596690794
1777028418,100,,Aggregated,80.100000,0.000000,1200,1300,1300,1300,1300,1300,1300,1400,2400,18000,25000,31024,0,1200,1239.565696705594,245.47433300176635,24948.079582987702,304.14440433212997
1777028419,100,,Aggregated,81.000000,0.000000,1200,1300,1300,1300,1300,1300,1300,1400,2400,18000,25000,31105,0,1200,1239.5705350001394,245.47433300176635,24948.079582987702,304.14399614209935
1777028420,100,,Aggregated,80.000000,0.000000,1200,1300,1300,1300,1300,1300,1300,1400,2400,18000,25000,31183,0,1200,1239.596557753467,245.47433300176635,24948.079582987702,304.1435718179778
1777028421,100,,Aggregated,80.000000,0.000000,1200,1300,1300,1300,1300,1300,1300,1400,2400,18000,25000,31262,0,1200,1239.6898184008812,245.47433300176635,24948.079582987702,304.1435608726249
1777028422,100,,Aggregated,80.000000,0.000000,1200,1300,1300,1300,1300,1300,1300,1400,2400,18000,25000,31341,0,1200,1239.765974113218,245.47433300176635,24948.079582987702,304.14406049583613
1777028423,100,,Aggregated,80.000000,0.000000,1200,1300,1300,1300,1300,1300,1300,1400,2400,18000,25000,31422,0,1200,1239.8020715704706,245.47433300176635,24948.079582987702,304.1441665075425
1777028424,100,,Aggregated,79.800000,0.000000,1200,1300,1300,1300,1300,1300,1300,1400,2400,18000,25000,31501,0,1200,1239.8353394301919,245.47433300176635,24948.079582987702,304.14396368369256
1777028425,100,,Aggregated,80.000000,0.000000,1200,1300,1300,1300,1300,1300,1300,1400,2400,18000,25000,31580,0,1200,1239.8906830288315,245.47433300176635,24948.079582987702,304.14407853071566
1777028426,100,,Aggregated,80.200000,0.000000,1200,1300,1300,1300,1300,1300,1300,1400,2400,18000,25000,31660,0,1200,1239.9512960837185,245.47433300176635,24948.079582987702,304.14396715097917
1777028427,100,,Aggregated,80.200000,0.000000,1200,1300,1300,1300,1300,1300,1300,1400,2400,18000,25000,31734,0,1200,1240.110604373216,245.47433300176635,24948.079582987702,304.1438205079725
1777028428,100,,Aggregated,79.800000,0.000000,1200,1300,1300,1300,1300,1300,1300,1400,2400,18000,25000,31823,0,1200,1239.9854691553462,245.47433300176635,24948.079582987702,304.1429469251799
1777028429,100,,Aggregated,79.000000,0.000000,1200,1300,1300,1300,1300,1300,1300,1400,2400,18000,25000,31901,0,1200,1239.9370186376152,245.47433300176635,24948.079582987702,304.1432870442933
1777028430,100,,Aggregated,79.900000,0.000000,1200,1300,1300,1300,1300,1300,1300,1400,2400,18000,25000,31972,0,1200,1240.1458236768615,245.47433300176635,24948.079582987702,304.14350056299264
1777028431,100,,Aggregated,79.600000,0.000000,1200,1300,1300,1300,1300,1300,1300,1400,2200,18000,25000,32050,0,1200,1240.4466020387374,245.47433300176635,24948.079582987702,304.143775351014
1777028432,100,,Aggregated,79.000000,0.000000,1200,1300,1300,1300,1300,1300,1300,1400,2200,18000,25000,32130,0,1200,1240.5197710346588,245.47433300176635,24948.079582987702,304.1431683784625
1777028433,100,,Aggregated,78.500000,0.000000,1200,1300,1300,1300,1300,1300,1300,1400,2200,18000,25000,32211,0,1200,1240.5183263537779,245.47433300176635,24948.079582987702,304.142653130918
1777028434,100,,Aggregated,78.700000,0.000000,1200,1300,1300,1300,1300,1300,1300,1400,2200,18000,25000,32291,0,1200,1240.541231827183,245.47433300176635,24948.079582987702,304.1425474590443
1777028435,100,,Aggregated,78.700000,0.000000,1200,1300,1300,1300,1300,1300,1300,1400,2200,18000,25000,32372,0,1200,1240.5433748151354,245.47433300176635,24948.079582987702,304.1424688001977
1777028436,100,,Aggregated,78.800000,0.000000,1200,1300,1300,1300,1300,1300,1300,1400,2200,18000,25000,32452,0,1200,1240.5784803997813,245.47433300176635,24948.079582987702,304.14273388389006
1777028437,100,,Aggregated,79.000000,0.000000,1200,1300,1300,1300,1300,1300,1300,1400,2200,18000,25000,32532,0,1200,1240.6003509307345,245.47433300176635,24948.079582987702,304.14293618590926
1777028438,100,,Aggregated,78.900000,0.000000,1200,1300,1300,1300,1300,1300,1300,1400,2200,18000,25000,32611,0,1200,1240.6404234595293,245.47433300176635,24948.079582987702,304.1434178651375
1777028439,100,,Aggregated,79.600000,0.000000,1200,1300,1300,1300,1300,1300,1300,1400,2200,18000,25000,32694,0,1200,1240.6357046266528,245.47433300176635,24948.079582987702,304.1438796109378
1777028440,100,,Aggregated,78.600000,0.000000,1200,1300,1300,1300,1300,1300,1300,1400,2200,18000,25000,32773,0,1200,1240.5897965431573,245.47433300176635,24948.079582987702,304.14392945412385
1777028441,100,,Aggregated,78.800000,0.000000,1200,1300,1300,1300,1300,1300,1300,1400,2200,18000,25000,32849,0,1200,1240.7224468497952,245.47433300176635,24948.079582987702,304.1438399951292
1777028442,100,,Aggregated,79.700000,0.000000,1200,1300,1300,1300,1300,1300,1300,1400,2200,18000,25000,32929,0,1200,1240.8572991202848,245.47433300176635,24948.079582987702,304.1440371708828
1777028443,100,,Aggregated,79.700000,0.000000,1200,1300,1300,1300,1300,1300,1300,1400,2200,18000,25000,33009,0,1200,1240.8908915023733,245.47433300176635,24948.079582987702,304.14399103274866
1777028444,100,,Aggregated,79.600000,0.000000,1200,1300,1300,1300,1300,1300,1300,1400,2200,18000,25000,33089,0,1200,1240.9264732646154,245.47433300176635,24948.079582987702,304.1438846746653
1777028445,100,,Aggregated,79.600000,0.000000,1200,1300,1300,1300,1300,1300,1300,1400,2200,18000,25000,33168,0,1200,1240.9354341174903,245.47433300176635,24948.079582987702,304.14381331403763
1777028446,100,,Aggregated,79.600000,0.000000,1200,1300,1300,1300,1300,1300,1300,1400,2200,18000,25000,33247,0,1200,1241.0029299114756,245.47433300176635,24948.079582987702,304.1439227599483
1777028447,100,,Aggregated,79.400000,0.000000,1200,1300,1300,1300,1300,1300,1300,1400,2200,18000,25000,33326,0,1200,1241.0702510656529,245.47433300176635,24948.079582987702,304.14433175298564
1777028448,100,,Aggregated,79.400000,0.000000,1200,1300,1300,1300,1300,1300,1300,1400,2200,18000,25000,33405,0,1200,1241.1291432199976,245.47433300176635,24948.079582987702,304.1446789402784
1777028449,100,,Aggregated,79.200000,0.000000,1200,1300,1300,1300,1300,1300,1300,1400,2200,18000,25000,33489,0,1200,1241.0854545387738,245.47433300176635,24948.079582987702,304.14455492848396
1777028450,100,,Aggregated,79.200000,0.000000,1200,1300,1300,1300,1300,1300,1300,1400,2200,18000,25000,33569,0,1200,1241.0656765409472,245.47433300176635,24948.079582987702,304.14462748369033
1777028451,100,,Aggregated,79.400000,0.000000,1200,1300,1300,1300,1300,1300,1300,1400,2200,18000,25000,33652,0,1200,1241.0448574480918,245.47433300176635,24948.079582987702,304.1448353738262
1777028452,100,,Aggregated,79.200000,0.000000,1200,1300,1300,1300,1300,1300,1300,1400,2200,18000,25000,33736,0,1200,1240.9405265519388,245.47433300176635,24948.079582987702,304.1450082997392
1777028453,100,,Aggregated,80.000000,0.000000,1200,1300,1300,1300,1300,1300,1300,1400,2200,18000,25000,33816,0,1200,1240.8738010867974,245.47433300176635,24948.079582987702,304.14496096522356
1777028454,100,,Aggregated,80.400000,0.000000,1200,1300,1300,1300,1300,1300,1300,1400,2200,18000,25000,33899,0,1200,1240.8619398361332,245.47433300176635,24948.079582987702,304.14463553497154
1777028455,100,,Aggregated,80.600000,0.000000,1200,1300,1300,1300,1300,1300,1300,1400,2200,18000,25000,33980,0,1200,1240.8068886748706,245.47433300176635,24948.079582987702,304.14461447910537
1777028456,100,,Aggregated,80.700000,0.000000,1200,1300,1300,1300,1300,1300,1300,1400,2100,18000,25000,34061,0,1200,1240.8030732952368,245.47433300176635,24948.079582987702,304.14453480520245
1777028457,100,,Aggregated,80.900000,0.000000,1200,1300,1300,1300,1300,1300,1300,1400,2100,18000,25000,34144,0,1200,1240.754445617711,245.47433300176635,24948.079582987702,304.14485707591376
1777028458,100,,Aggregated,81.100000,0.000000,1200,1300,1300,1300,1300,1300,1300,1400,2100,18000,25000,34226,0,1200,1240.7059376950026,245.47433300176635,24948.079582987702,304.14526967802254
1777028459,100,,Aggregated,81.500000,0.000000,1200,1300,1300,1300,1300,1300,1300,1400,2100,18000,25000,34306,0,1200,1240.6652671170098,245.47433300176635,24948.079582987702,304.14574709963273
1777028460,100,,Aggregated,81.800000,0.000000,1200,1300,1300,1300,1300,1300,1300,1400,2100,18000,25000,34387,0,1200,1240.6732204275484,245.47433300176635,24948.079582987702,304.145781836159
1777028461,100,,Aggregated,81.600000,0.000000,1200,1300,1300,1300,1300,1300,1300,1400,2100,18000,25000,34469,0,1200,1240.6645692616592,245.47433300176635,24948.079582987702,304.14607328324
1777028462,100,,Aggregated,81.600000,0.000000,1200,1300,1300,1300,1300,1300,1300,1400,2100,18000,25000,34548,0,1200,1240.6520665863488,245.47433300176635,24948.079582987702,304.14605765890934
1777028463,100,,Aggregated,81.500000,0.000000,1200,1300,1300,1300,1300,1300,1300,1400,2100,18000,25000,34630,0,1200,1240.6880902520118,245.47433300176635,24948.079582987702,304.1460005775339
1777028464,100,,Aggregated,81.400000,0.000000,1200,1300,1300,1300,1300,1300,1300,1400,2100,18000,25000,34711,0,1200,1240.6569629995442,245.47433300176635,24948.079582987702,304.1460343983175
1777028465,100,,Aggregated,80.900000,0.000000,1200,1300,1300,1300,1300,1300,1300,1400,2100,18000,25000,34793,0,1200,1240.6237818901263,245.47433300176635,24948.079582987702,304.1459776391803
1777028466,100,,Aggregated,81.100000,0.000000,1200,1300,1300,1300,1300,1300,1300,1400,2100,18000,25000,34875,0,1200,1240.580622475731,245.47433300176635,24948.079582987702,304.14597849462365
1777028467,100,,Aggregated,81.100000,0.000000,1200,1300,1300,1300,1300,1300,1300,1400,2100,18000,25000,34956,0,1200,1240.563279963042,245.47433300176635,24948.079582987702,304.14606934431856
1777028468,100,,Aggregated,81.300000,0.000000,1200,1300,1300,1300,1300,1300,1300,1400,2100,18000,25000,35037,0,1200,1240.5288903496926,245.47433300176635,24948.079582987702,304.1460456089277
1777028469,100,,Aggregated,81.000000,0.000000,1200,1300,1300,1300,1300,1300,1300,1400,2100,18000,25000,35116,0,1200,1240.5582119859948,245.47433300176635,24948.079582987702,304.14568857500853
1777028470,100,,Aggregated,81.100000,0.000000,1200,1300,1300,1300,1300,1300,1300,1400,2100,18000,25000,35197,0,1200,1240.5795126804019,245.47433300176635,24948.079582987702,304.14583629286585
1777028471,100,,Aggregated,80.800000,0.000000,1200,1300,1300,1300,1300,1300,1300,1400,2100,18000,25000,35277,0,1200,1240.5818957445651,245.47433300176635,24948.079582987702,304.14561895852825
1777028472,100,,Aggregated,80.900000,0.000000,1200,1300,1300,1300,1300,1300,1300,1400,2100,18000,25000,35357,0,1200,1240.6093600046152,245.47433300176635,24948.079582987702,304.1452894759171
1777028473,100,,Aggregated,80.900000,0.000000,1200,1300,1300,1300,1300,1300,1300,1400,2100,18000,25000,35434,0,1200,1240.7021721738233,245.47433300176635,24948.079582987702,304.1447762036462
1777028474,100,,Aggregated,80.600000,0.000000,1200,1300,1300,1300,1300,1300,1300,1400,2100,18000,25000,35529,0,1200,1240.4353381339242,245.47433300176635,24948.079582987702,304.1447549888823
1777028475,100,,Aggregated,80.700000,0.000000,1200,1300,1300,1300,1300,1300,1300,1400,2100,18000,25000,35607,0,1200,1240.3096911661528,245.47433300176635,24948.079582987702,304.1453365911197
1777028476,100,,Aggregated,81.300000,0.000000,1200,1300,1300,1300,1300,1300,1300,1400,2100,18000,25000,35683,0,1200,1240.4364751380804,245.47433300176635,24948.079582987702,304.14508309278926
1777028477,100,,Aggregated,81.500000,0.000000,1200,1300,1300,1300,1300,1300,1300,1400,2100,18000,25000,35760,0,1200,1240.5637298826116,245.47433300176635,24948.079582987702,304.1453020134228
1777028478,100,,Aggregated,80.800000,0.000000,1200,1300,1300,1300,1300,1300,1300,1400,2100,18000,25000,35840,0,1200,1240.6249903535204,245.47433300176635,24948.079582987702,304.14520089285713
1777028479,100,,Aggregated,80.600000,0.000000,1200,1300,1300,1300,1300,1300,1300,1400,2100,18000,25000,35919,0,1200,1240.6707740407635,245.47433300176635,24948.079582987702,304.1450764219494
1777028480,100,,Aggregated,80.100000,0.000000,1200,1300,1300,1300,1300,1300,1300,1400,2100,18000,25000,36000,0,1200,1240.7194242354772,245.47433300176635,24948.079582987702,304.1448888888889
1777028481,100,,Aggregated,80.300000,0.000000,1200,1300,1300,1300,1300,1300,1300,1400,2100,18000,25000,36080,0,1200,1240.7068190251441,245.47433300176635,24948.079582987702,304.14473392461196
1777028482,100,,Aggregated,80.100000,0.000000,1200,1300,1300,1300,1300,1300,1300,1400,2100,18000,25000,36161,0,1200,1240.6964639740645,245.47433300176635,24948.079582987702,304.14427145267
1777028483,100,,Aggregated,80.100000,0.000000,1200,1300,1300,1300,1300,1300,1300,1400,2100,18000,25000,36241,0,1200,1240.7164433692305,245.47433300176635,24948.079582987702,304.14439447035124
1777028484,100,,Aggregated,80.400000,0.000000,1200,1300,1300,1300,1300,1300,1300,1400,2100,18000,25000,36323,0,1200,1240.879050486369,245.47433300176635,24948.079582987702,304.144508988795
1777028485,100,,Aggregated,80.400000,0.000000,1200,1300,1300,1300,1300,1300,1300,1400,2100,18000,25000,36403,0,1200,1240.6911892787227,245.47433300176635,24948.079582987702,304.14446611543
1777028486,100,,Aggregated,78.600000,0.000000,1200,1300,1300,1300,1300,1300,1300,1400,2100,18000,25000,36482,0,1200,1240.7381071276616,245.47433300176635,24948.079582987702,304.1444547996272
1777028487,100,,Aggregated,79.400000,0.000000,1200,1300,1300,1300,1300,1300,1300,1400,2100,18000,25000,36564,0,1200,1240.7666082139074,245.47433300176635,24948.079582987702,304.144240236298
1777028488,100,,Aggregated,79.800000,0.000000,1200,1300,1300,1300,1300,1300,1300,1400,2100,18000,25000,36642,0,1200,1240.7764001086,245.47433300176635,24948.079582987702,304.1444790131543
1777028489,100,,Aggregated,79.900000,0.000000,1200,1300,1300,1300,1300,1300,1300,1400,2100,18000,25000,36722,0,1200,1240.8309353994416,245.47433300176635,24948.079582987702,304.14449104079296
1777028490,100,,Aggregated,80.200000,0.000000,1200,1300,1300,1300,1300,1300,1300,1400,2100,18000,25000,36804,0,1200,1240.8364534240654,245.47433300176635,24948.079582987702,304.14449516356916
1777028491,100,,Aggregated,80.000000,0.000000,1200,1300,1300,1300,1300,1300,1300,1400,2100,18000,25000,36882,0,1200,1240.83944106275,245.47433300176635,24948.079582987702,304.1448403015021
1777028492,100,,Aggregated,80.200000,0.000000,1200,1300,1300,1300,1300,1300,1300,1400,2100,18000,25000,36963,0,1200,1240.8815782579154,245.47433300176635,24948.079582987702,304.1445499553608
1777028493,100,,Aggregated,80.200000,0.000000,1200,1300,1300,1300,1300,1300,1300,1400,2100,18000,25000,37043,0,1200,1240.8820725019139,245.47433300176635,24948.079582987702,304.14439975164
1777028494,100,,Aggregated,80.000000,0.000000,1200,1300,1300,1300,1300,1300,1300,1400,2100,18000,25000,37123,0,1200,1240.9058024457454,245.47433300176635,24948.079582987702,304.14414244538426
1777028495,100,,Aggregated,80.100000,0.000000,1200,1300,1300,1300,1300,1300,1300,1400,2100,18000,25000,37203,0,1200,1240.9752405915488,245.47433300176635,24948.079582987702,304.1441550412601
1777028496,100,,Aggregated,81.100000,0.000000,1200,1300,1300,1300,1300,1300,1300,1400,2100,18000,25000,37286,0,1200,1240.9606224861698,245.47433300176635,24948.079582987702,304.1443437215041
1777028497,100,,Aggregated,79.600000,0.000000,1200,1300,1300,1300,1300,1300,1300,1400,2100,18000,25000,37367,0,1200,1240.8817481349938,245.47433300176635,24948.079582987702,304.14427168357105
1777028498,100,,Aggregated,79.800000,0.000000,1200,1300,1300,1300,1300,1300,1300,1400,2100,18000,25000,37449,0,1200,1240.8407964383125,245.47433300176635,24948.079582987702,304.14411599775696
1777028499,100,,Aggregated,80.300000,0.000000,1200,1300,1300,1300,1300,1300,1300,1400,2100,18000,25000,37530,0,1200,1240.8449672381169,245.47433300176635,24948.079582987702,304.14367172928326
1777028500,100,,Aggregated,80.300000,0.000000,1200,1300,1300,1300,1300,1300,1300,1400,2100,18000,25000,37611,0,1200,1240.8093242798807,245.47433300176635,24948.079582987702,304.1439738374412
1777028501,100,,Aggregated,80.500000,0.000000,1200,1300,1300,1300,1300,1300,1300,1400,2100,18000,25000,37693,0,1200,1240.796070251546,245.47433300176635,24948.079582987702,304.14403204839095
1777028502,100,,Aggregated,80.600000,0.000000,1200,1300,1300,1300,1300,1300,1300,1400,2100,18000,25000,37776,0,1200,1240.747063575297,245.47433300176635,24948.079582987702,304.1439008894536
1777028503,100,,Aggregated,80.600000,0.000000,1200,1300,1300,1300,1300,1300,1300,1400,2100,18000,25000,37856,0,1200,1240.707919784615,245.47433300176635,24948.079582987702,304.1441779374472
1777028504,100,,Aggregated,80.900000,0.000000,1200,1300,1300,1300,1300,1300,1300,1400,2100,18000,25000,37937,0,1200,1240.7085380495932,245.47433300176635,24948.079582987702,304.1442127738092
1777028505,100,,Aggregated,81.100000,0.000000,1200,1300,1300,1300,1300,1300,1300,1400,2000,18000,25000,38018,0,1200,1240.7255565298922,245.47433300176635,24948.079582987702,304.14424746172864
1777028506,100,,Aggregated,81.100000,0.000000,1200,1300,1300,1300,1300,1300,1300,1400,2000,18000,25000,38100,0,1200,1240.7065388381218,245.47433300176635,24948.079582987702,304.1443044619423
1777028507,100,,Aggregated,81.300000,0.000000,1200,1300,1300,1300,1300,1300,1300,1400,2000,18000,25000,38180,0,1200,1240.6707330086822,245.47433300176635,24948.079582987702,304.14447354635934
1777028508,100,,Aggregated,81.400000,0.000000,1200,1300,1300,1300,1300,1300,1300,1400,2000,18000,25000,38260,0,1200,1240.688081240654,245.47433300176635,24948.079582987702,304.1446941975954
1777028509,100,,Aggregated,81.200000,0.000000,1200,1300,1300,1300,1300,1300,1300,1400,2000,18000,25000,38341,0,1200,1240.7210619835812,245.47433300176635,24948.079582987702,304.14524921102736
1777028510,100,,Aggregated,81.000000,0.000000,1200,1300,1300,1300,1300,1300,1300,1400,2000,18000,25000,38420,0,1200,1240.723837382182,245.47433300176635,24948.079582987702,304.1451327433628
1777028511,100,,Aggregated,81.000000,0.000000,1200,1300,1300,1300,1300,1300,1300,1400,2000,18000,25000,38503,0,1200,1240.7028302084607,245.47433300176635,24948.079582987702,304.144690024154
1777028512,100,,Aggregated,80.900000,0.000000,1200,1300,1300,1300,1300,1300,1300,1400,2000,18000,25000,38586,0,1200,1240.6507196535879,245.47433300176635,24948.079582987702,304.1444047063702
1777028513,100,,Aggregated,80.900000,0.000000,1200,1300,1300,1300,1300,1300,1300,1400,2000,18000,25000,38666,0,1200,1240.6041051012364,245.47433300176635,24948.079582987702,304.1443645580096
1777028514,100,,Aggregated,80.800000,0.000000,1200,1300,1300,1300,1300,1300,1300,1400,2000,18000,25000,38745,0,1200,1240.6098019543513,245.47433300176635,24948.079582987702,304.14456058846304
1777028515,100,,Aggregated,80.800000,0.000000,1200,1300,1300,1300,1300,1300,1300,1400,2000,18000,25000,38830,0,1200,1240.6032234670447,245.47433300176635,24948.079582987702,304.1444759206799
1777028516,100,,Aggregated,80.900000,0.000000,1200,1300,1300,1300,1300,1300,1300,1400,2000,18000,25000,38911,0,1200,1240.5334258761368,245.47433300176635,24948.079582987702,304.144663462774
1777028517,100,,Aggregated,80.900000,0.000000,1200,1300,1300,1300,1300,1300,1300,1400,2000,18000,25000,38994,0,1200,1240.4954709232313,245.47433300176635,24948.079582987702,304.1446889265015
1777028518,100,,Aggregated,81.100000,0.000000,1200,1300,1300,1300,1300,1300,1300,1400,2000,18000,25000,39074,0,1200,1240.4599162127356,245.47433300176635,24948.079582987702,304.14464861544764
1777028519,100,,Aggregated,81.100000,0.000000,1200,1300,1300,1300,1300,1300,1300,1400,2000,18000,25000,39155,0,1200,1240.4603034054776,245.47433300176635,24948.079582987702,304.14432384114417
1777028520,100,,Aggregated,81.300000,0.000000,1200,1300,1300,1300,1300,1300,1300,1400,2000,18000,25000,39236,0,1200,1240.4563677204974,245.47433300176635,24948.079582987702,304.1446120909369
1777028521,100,,Aggregated,81.400000,0.000000,1200,1300,1300,1300,1300,1300,1300,1400,2000,18000,25000,39318,0,1200,1240.4384341216874,245.47433300176635,24948.079582987702,304.14431049392135
1777028522,100,,Aggregated,81.400000,0.000000,1200,1300,1300,1300,1300,1300,1300,1400,2000,18000,25000,39399,0,1200,1240.4211715791632,245.47433300176635,24948.079582987702,304.1443437650702
1777028523,100,,Aggregated,81.400000,0.000000,1200,1300,1300,1300,1300,1300,1300,1400,2000,18000,25000,39480,0,1200,1240.4035950421335,245.47433300176635,24948.079582987702,304.14447821681864
1777028524,100,,Aggregated,81.300000,0.000000,1200,1300,1300,1300,1300,1300,1300,1400,2000,18000,25000,39561,0,1200,1240.399077654495,245.47433300176635,24948.079582987702,304.14476378251305
1777028525,100,,Aggregated,81.200000,0.000000,1200,1300,1300,1300,1300,1300,1300,1400,2000,18000,25000,39642,0,1200,1240.3804923682328,245.47433300176635,24948.079582987702,304.1448463750568
1777028526,100,,Aggregated,81.200000,0.000000,1200,1300,1300,1300,1300,1300,1300,1400,2000,18000,25000,39722,0,1200,1240.3963032220274,245.47433300176635,24948.079582987702,304.14515885403557
1777028527,100,,Aggregated,81.400000,0.000000,1200,1300,1300,1300,1300,1300,1300,1400,2000,18000,25000,39806,0,1200,1240.3491022449707,245.47433300176635,24948.079582987702,304.145455458976
1777028528,100,,Aggregated,81.000000,0.000000,1200,1300,1300,1300,1300,1300,1300,1400,2000,18000,25000,39887,0,1200,1240.2951163192595,245.47433300176635,24948.079582987702,304.1455862812445
1777028529,100,,Aggregated,80.900000,0.000000,1200,1300,1300,1300,1300,1300,1300,1400,2000,18000,25000,39968,0,1200,1240.2852836258573,245.47433300176635,24948.079582987702,304.1453162530024
1777028530,100,,Aggregated,81.100000,0.000000,1200,1300,1300,1300,1300,1300,1300,1400,2000,18000,25000,40049,0,1200,1240.2630238947127,245.47433300176635,24948.079582987702,304.14554670528605
1777028531,100,,Aggregated,81.100000,0.000000,1200,1300,1300,1300,1300,1300,1300,1400,2000,18000,25000,40130,0,1200,1240.2487879143114,245.47433300176635,24948.079582987702,304.14562671318214
1777028532,100,,Aggregated,81.200000,0.000000,1200,1300,1300,1300,1300,1300,1300,1400,2000,18000,25000,40211,0,1200,1240.2400038018527,245.47433300176635,24948.079582987702,304.14590534928254
1777028533,100,,Aggregated,81.200000,0.000000,1200,1300,1300,1300,1300,1300,1300,1400,2000,18000,25000,40293,0,1200,1240.2309646101883,245.47433300176635,24948.079582987702,304.1457573275755
1777028534,100,,Aggregated,81.100000,0.000000,1200,1300,1300,1300,1300,1300,1300,1400,2000,18000,25000,40378,0,1200,1240.15889511705,245.47433300176635,24948.079582987702,304.1457229184209
1777028535,100,,Aggregated,81.100000,0.000000,1200,1300,1300,1300,1300,1300,1300,1400,2000,18000,25000,40460,0,1200,1240.0797864835206,245.47433300176635,24948.079582987702,304.14621848739495
1777028536,100,,Aggregated,81.400000,0.000000,1200,1300,1300,1300,1300,1300,1300,1400,2000,18000,25000,40540,0,1200,1240.074172950499,245.47433300176635,24948.079582987702,304.146077947706
1777028537,100,,Aggregated,81.600000,0.000000,1200,1300,1300,1300,1300,1300,1300,1400,2000,18000,25000,40622,0,1200,1240.0801299050313,245.47433300176635,24948.079582987702,304.1459800108316
1777028538,100,,Aggregated,81.600000,0.000000,1200,1300,1300,1300,1300,1300,1300,1400,2000,18000,25000,40700,0,1200,1240.0981780816012,245.47433300176635,24948.079582987702,304.1461425061425
1777028539,100,,Aggregated,81.500000,0.000000,1200,1300,1300,1300,1300,1300,1300,1400,2000,18000,25000,40776,0,1200,1240.1965933638703,245.47433300176635,24948.079582987702,304.14636060427705
1777028540,100,,Aggregated,81.300000,0.000000,1200,1300,1300,1300,1300,1300,1300,1400,2000,18000,25000,40856,0,1200,1240.268058753359,245.47433300176635,24948.079582987702,304.14612296847463
1777028541,100,,Aggregated,80.900000,0.000000,1200,1300,1300,1300,1300,1300,1300,1400,2000,18000,25000,40936,0,1200,1240.3002936374628,245.47433300176635,24948.079582987702,304.14603283173733
1777028542,100,,Aggregated,80.500000,0.000000,1200,1300,1300,1300,1300,1300,1300,1400,1900,18000,25000,41013,0,1200,1240.378473161148,245.47433300176635,24948.079582987702,304.14617316460635
1777028543,100,,Aggregated,80.400000,0.000000,1200,1300,1300,1300,1300,1300,1300,1400,1900,18000,25000,41090,0,1200,1240.487669331715,245.47433300176635,24948.079582987702,304.14621562423946
1777028544,100,,Aggregated,80.200000,0.000000,1200,1300,1300,1300,1300,1300,1300,1400,1900,18000,25000,41167,0,1200,1240.593250190378,245.47433300176635,24948.079582987702,304.1460150120242
1777028545,100,,Aggregated,79.700000,0.000000,1200,1300,1300,1300,1300,1300,1300,1400,1900,18000,25000,41248,0,1200,1240.6570125007102,245.47433300176635,24948.079582987702,304.14609193173004
1777028546,100,,Aggregated,79.100000,0.000000,1200,1300,1300,1300,1300,1300,1300,1400,1900,18000,25000,41330,0,1200,1240.6307024710948,245.47433300176635,24948.079582987702,304.1459472538108
1777028547,100,,Aggregated,78.600000,0.000000,1200,1300,1300,1300,1300,1300,1300,1400,1900,18000,25000,41413,0,1200,1240.5874798113246,245.47433300176635,24948.079582987702,304.14577548112914
1777028548,100,,Aggregated,78.800000,0.000000,1200,1300,1300,1300,1300,1300,1300,1400,1900,18000,25000,41497,0,1200,1240.4812624780193,245.47433300176635,24948.079582987702,304.1455767886835
1777028549,100,,Aggregated,79.000000,0.000000,1200,1300,1300,1300,1300,1300,1300,1400,1900,18000,25000,41580,0,1200,1240.3892354699722,245.47433300176635,24948.079582987702,304.14588744588747
1777028550,100,,Aggregated,79.200000,0.000000,1200,1300,1300,1300,1300,1300,1300,1400,1900,18000,25000,41661,0,1200,1240.368913288387,245.47433300176635,24948.079582987702,304.1456758119104
1777028551,100,,Aggregated,79.900000,0.000000,1200,1300,1300,1300,1300,1300,1300,1400,1900,18000,25000,41742,0,1200,1240.3663546659102,245.47433300176635,24948.079582987702,304.1456566527718
1777028552,100,,Aggregated,80.200000,0.000000,1200,1300,1300,1300,1300,1300,1300,1400,1900,18000,25000,41823,0,1200,1240.3478670580412,245.47433300176635,24948.079582987702,304.1459723118858
1777028553,100,,Aggregated,80.300000,0.000000,1200,1300,1300,1300,1300,1300,1300,1400,1900,18000,25000,41904,0,1200,1240.3269675054746,245.47433300176635,24948.079582987702,304.1458094692631
1777028554,100,,Aggregated,80.700000,0.000000,1200,1300,1300,1300,1300,1300,1300,1400,1900,18000,25000,41986,0,1200,1240.3104504630933,245.47433300176635,24948.079582987702,304.14542942885726
1777028555,100,,Aggregated,81.100000,0.000000,1200,1300,1300,1300,1300,1300,1300,1400,1800,18000,25000,42067,0,1200,1240.3091484976237,245.47433300176635,24948.079582987702,304.1452207193287
1777028556,100,,Aggregated,81.500000,0.000000,1200,1300,1300,1300,1300,1300,1300,1400,1800,18000,25000,42148,0,1200,1240.2879211166476,245.47433300176635,24948.079582987702,304.1453449748505
1777028557,100,,Aggregated,81.700000,0.000000,1200,1300,1300,1300,1300,1300,1300,1400,1800,18000,25000,42228,0,1200,1240.2985096009854,245.47433300176635,24948.079582987702,304.14511698399167
1777028558,100,,Aggregated,81.700000,0.000000,1200,1300,1300,1300,1300,1300,1300,1400,1800,18000,25000,42306,0,1200,1240.3219228256146,245.47433300176635,24948.079582987702,304.14499125419565
1777028559,100,,Aggregated,81.500000,0.000000,1200,1300,1300,1300,1300,1300,1300,1400,1800,18000,25000,42385,0,1200,1240.4096964958712,245.47433300176635,24948.079582987702,304.1452164680901
1777028560,100,,Aggregated,81.200000,0.000000,1200,1300,1300,1300,1300,1300,1300,1400,1800,18000,25000,42463,0,1200,1240.4673374069546,245.47433300176635,24948.079582987702,304.1456091185267
1777028561,100,,Aggregated,80.500000,0.000000,1200,1300,1300,1300,1300,1300,1300,1400,1800,18000,25000,42541,0,1200,1240.5334219423257,245.47433300176635,24948.079582987702,304.1455301944007
1777028562,100,,Aggregated,80.300000,0.000000,1200,1300,1300,1300,1300,1300,1300,1400,1800,18000,25000,42621,0,1200,1240.5985610246473,245.47433300176635,24948.079582987702,304.14511625724407
1777028563,100,,Aggregated,80.000000,0.000000,1200,1300,1300,1300,1300,1300,1300,1400,1800,18000,25000,42697,0,1200,1240.6821828742882,245.47433300176635,24948.079582987702,304.1449984776448
1777028564,100,,Aggregated,79.600000,0.000000,1200,1300,1300,1300,1300,1300,1300,1400,1800,18000,25000,42775,0,1200,1240.8167443300651,245.47433300176635,24948.079582987702,304.14529514903563
1777028565,100,,Aggregated,79.400000,0.000000,1200,1300,1300,1300,1300,1300,1300,1400,1800,18000,25000,42854,0,1200,1240.8637785895496,245.47433300176635,24948.079582987702,304.14523731740326
1777028566,100,,Aggregated,78.400000,0.000000,1200,1300,1300,1300,1300,1300,1300,1400,1800,18000,25000,42931,0,1200,1240.9539821779726,245.47433300176635,24948.079582987702,304.1453262211456
1777028567,100,,Aggregated,78.800000,0.000000,1200,1300,1300,1300,1300,1300,1300,1400,1800,18000,25000,43009,0,1200,1241.0427408334672,245.47433300176635,24948.079582987702,304.14524866888326
1777028568,100,,Aggregated,78.300000,0.000000,1200,1300,1300,1300,1300,1300,1300,1400,1800,18000,25000,43090,0,1200,1241.0819354113387,245.47433300176635,24948.079582987702,304.1450452541193
1777028569,100,,Aggregated,78.000000,0.000000,1200,1300,1300,1300,1300,1300,1300,1400,1800,18000,25000,43168,0,1200,1241.1195944651731,245.47433300176635,24948.079582987702,304.1449684951816
1777028570,100,,Aggregated,77.900000,0.000000,1200,1300,1300,1300,1300,1300,1300,1400,1800,18000,25000,43247,0,1200,1241.1702016564295,245.47433300176635,24948.079582987702,304.14472680185906
1777028571,100,,Aggregated,78.100000,0.000000,1200,1300,1300,1300,1300,1300,1300,1400,1800,18000,25000,43329,0,1200,1241.1697322902119,245.47433300176635,24948.079582987702,304.1449606499111
1777028572,100,,Aggregated,78.100000,0.000000,1200,1300,1300,1300,1300,1300,1300,1400,1800,18000,25000,43409,0,1200,1241.1712920511081,245.47433300176635,24948.079582987702,304.14524637747934
1777028573,100,,Aggregated,78.300000,0.000000,1200,1300,1300,1300,1300,1300,1300,1400,1800,18000,25000,43490,0,1200,1241.171875058946,245.47433300176635,24948.079582987702,304.14545872614394
1777028574,100,,Aggregated,78.600000,0.000000,1200,1300,1300,1300,1300,1300,1300,1400,1800,18000,25000,43572,0,1200,1241.1583342796011,245.47433300176635,24948.079582987702,304.14546038740474
1777028575,100,,Aggregated,78.800000,0.000000,1200,1300,1300,1300,1300,1300,1300,1400,1800,18000,25000,43652,0,1200,1241.13790195789,245.47433300176635,24948.079582987702,304.14523962246864
1777028576,100,,Aggregated,79.700000,0.000000,1200,1300,1300,1300,1300,1300,1300,1400,1800,18000,25000,43731,0,1200,1241.1754505351075,245.47433300176635,24948.079582987702,304.144954380188
1777028577,100,,Aggregated,79.500000,0.000000,1200,1300,1300,1300,1300,1300,1300,1400,1800,18000,25000,43804,0,1200,1241.2850720275726,245.47433300176635,24948.079582987702,304.1448726143731
1777028578,100,,Aggregated,79.700000,0.000000,1200,1300,1300,1300,1300,1300,1300,1400,1800,18000,25000,43899,0,1200,1241.0989699873285,245.47433300176635,24948.079582987702,304.1445818811362
1777028579,100,,Aggregated,80.000000,0.000000,1200,1300,1300,1300,1300,1300,1300,1400,1800,18000,25000,43979,0,1200,1241.0296887731577,245.47433300176635,24948.079582987702,304.1444553082153
1777028580,100,,Aggregated,80.600000,0.000000,1200,1300,1300,1300,1300,1300,1300,1400,1800,18000,25000,44060,0,1200,1241.0437659784752,245.47433300176635,24948.079582987702,304.14439400817065
1777028581,100,,Aggregated,81.000000,0.000000,1200,1300,1300,1300,1300,1300,1300,1400,1800,18000,25000,44138,0,1200,1241.0156902302685,245.47433300176635,24948.079582987702,304.1442294621415
1777028582,100,,Aggregated,81.000000,0.000000,1200,1300,1300,1300,1300,1300,1300,1400,1800,18000,25000,44225,0,1200,1240.9725447704145,245.47433300176635,24948.079582987702,304.1444657998869
1777028583,100,,Aggregated,81.100000,0.000000,1200,1300,1300,1300,1300,1300,1300,1400,1800,18000,25000,44308,0,1200,1240.902650412286,245.47433300176635,24948.079582987702,304.144443441365
1777028584,100,,Aggregated,81.200000,0.000000,1200,1300,1300,1300,1300,1300,1300,1400,1800,18000,25000,44392,0,1200,1240.8182545393424,245.47433300176635,24948.079582987702,304.1447107586953
1777028585,100,,Aggregated,81.500000,0.000000,1200,1300,1300,1300,1300,1300,1300,1400,1800,18000,25000,44474,0,1200,1240.7344413310802,245.47433300176635,24948.079582987702,304.1448486756307
1777028586,100,,Aggregated,81.800000,0.000000,1200,1300,1300,1300,1300,1300,1300,1400,1800,18000,25000,44557,0,1200,1240.712248220626,245.47433300176635,24948.079582987702,304.1444217519133
1777028587,100,,Aggregated,82.000000,0.000000,1200,1300,1300,1300,1300,1300,1300,1400,1800,18000,25000,44641,0,1200,1240.6344907281064,245.47433300176635,24948.079582987702,304.1443292040949
1777028588,100,,Aggregated,82.100000,0.000000,1200,1300,1300,1300,1300,1300,1300,1400,1800,18000,25000,44724,0,1200,1240.558455575069,245.47433300176635,24948.079582987702,304.14417315088093
1777028589,100,,Aggregated,82.500000,0.000000,1200,1300,1300,1300,1300,1300,1300,1400,1800,18000,25000,44802,0,1200,1240.5302106083961,245.47433300176635,24948.079582987702,304.14410070978977
1777028590,100,,Aggregated,82.200000,0.000000,1200,1300,1300,1300,1300,1300,1300,1400,1800,18000,25000,44883,0,1200,1240.5806311709184,245.47433300176635,24948.079582987702,304.144174854622
1777028591,100,,Aggregated,82.300000,0.000000,1200,1300,1300,1300,1300,1300,1300,1400,1800,18000,25000,44964,0,1200,1240.5773588900963,245.47433300176635,24948.079582987702,304.14402633217685
1777028592,100,,Aggregated,82.200000,0.000000,1200,1300,1300,1300,1300,1300,1300,1400,1600,18000,25000,45047,0,1200,1240.5519982372268,245.47433300176635,24948.079582987702,304.14418274246896
1777028593,100,,Aggregated,82.100000,0.000000,1200,1300,1300,1300,1300,1300,1300,1400,1600,18000,25000,45131,0,1200,1240.559595208315,245.47433300176635,24948.079582987702,304.1444018523853
1777028594,100,,Aggregated,82.000000,0.000000,1200,1300,1300,1300,1300,1300,1300,1400,1600,18000,25000,45212,0,1200,1240.4261382554532,245.47433300176635,24948.079582987702,304.1442979739892
1777028595,100,,Aggregated,80.800000,0.000000,1200,1300,1300,1300,1300,1300,1300,1400,1600,18000,25000,45293,0,1200,1240.4281526885284,245.47433300176635,24948.079582987702,304.14415031020246
1777028596,100,,Aggregated,81.900000,0.000000,1200,1300,1300,1300,1300,1300,1300,1400,1600,18000,25000,45374,0,1200,1240.425162935878,245.47433300176635,24948.079582987702,304.1441354079429
1777028597,100,,Aggregated,81.600000,0.000000,1200,1300,1300,1300,1300,1300,1300,1400,1600,18000,25000,45456,0,1200,1240.4117608468969,245.47433300176635,24948.079582987702,304.1439633931714
1777028598,100,,Aggregated,81.700000,0.000000,1200,1300,1300,1300,1300,1300,1300,1400,1600,18000,25000,45537,0,1200,1240.3675191679415,245.47433300176635,24948.079582987702,304.1441245580517
1777028599,100,,Aggregated,81.300000,0.000000,1200,1300,1300,1300,1300,1300,1300,1400,1600,18000,25000,45617,0,1200,1240.3813981505468,245.47433300176635,24948.079582987702,304.1441348620032
1777028600,100,,Aggregated,81.400000,0.000000,1200,1300,1300,1300,1300,1300,1300,1400,1600,18000,25000,45697,0,1200,1240.392971288608,245.47433300176635,24948.079582987702,304.14449526227105
1777028601,100,,Aggregated,80.900000,0.000000,1200,1300,1300,1300,1300,1300,1300,1400,1600,18000,25000,45776,0,1200,1240.4341440860615,245.47433300176635,24948.079582987702,304.14457357567284
1777028602,100,,Aggregated,81.300000,0.000000,1200,1300,1300,1300,1300,1300,1300,1400,1600,18000,25000,45855,0,1200,1240.476864167299,245.47433300176635,24948.079582987702,304.1443463090176
1777028603,100,,Aggregated,81.100000,0.000000,1200,1300,1300,1300,1300,1300,1300,1400,1600,18000,25000,45934,0,1200,1240.503111905485,245.47433300176635,24948.079582987702,304.1440327426307
1777028604,100,,Aggregated,81.000000,0.000000,1200,1300,1300,1300,1300,1300,1300,1400,1600,18000,25000,46014,0,1200,1240.5506808294306,245.47433300176635,24948.079582987702,304.1438257921502
1777028605,100,,Aggregated,81.800000,0.000000,1200,1300,1300,1300,1300,1300,1300,1400,1600,18000,25000,46096,0,1200,1240.5455984814832,245.47433300176635,24948.079582987702,304.14400381811873
1777028606,100,,Aggregated,80.100000,0.000000,1200,1300,1300,1300,1300,1300,1300,1400,1600,18000,25000,46177,0,1200,1240.5348907965758,245.47433300176635,24948.079582987702,304.1439894319683
1777028607,100,,Aggregated,80.100000,0.000000,1200,1300,1300,1300,1300,1300,1300,1400,1600,18000,25000,46264,0,1200,1240.6134640401287,245.47433300176635,24948.079582987702,304.1440428843161
1777028608,100,,Aggregated,80.100000,0.000000,1200,1300,1300,1300,1300,1300,1300,1400,1600,18000,25000,46351,0,1200,1240.2741640108193,245.47433300176635,24948.079582987702,304.1440961360057
1777028609,100,,Aggregated,79.400000,0.000000,1200,1300,1300,1300,1300,1300,1300,1400,1600,18000,25000,46434,0,1200,1240.1772153501631,245.47433300176635,24948.079582987702,304.144032390059
1777028610,100,,Aggregated,80.800000,0.000000,1200,1300,1300,1300,1300,1300,1300,1400,1600,18000,25000,46517,0,1200,1240.1270107638168,245.47433300176635,24948.079582987702,304.1440548616635
1777028611,100,,Aggregated,81.400000,0.000000,1200,1300,1300,1300,1300,1300,1300,1400,1600,18000,25000,46600,0,1200,1240.036102308486,245.47433300176635,24948.079582987702,304.143991416309
1777028612,100,,Aggregated,81.500000,0.000000,1200,1300,1300,1300,1300,1300,1300,1400,1600,18000,25000,46678,0,1200,1240.0708838709127,245.47433300176635,24948.079582987702,304.14422211748575
1777028613,100,,Aggregated,81.900000,0.000000,1200,1300,1300,1300,1300,1300,1300,1400,1600,18000,25000,46754,0,1200,1240.1445595492028,245.47433300176635,24948.079582987702,304.1443298969072
1777028614,100,,Aggregated,82.000000,0.000000,1200,1300,1300,1300,1300,1300,1300,1400,1600,18000,25000,46833,0,1200,1240.2188997198648,245.47433300176635,24948.079582987702,304.14380885273204
1777028615,100,,Aggregated,81.900000,0.000000,1200,1300,1300,1300,1300,1300,1300,1400,1600,18000,25000,46913,0,1200,1240.251132713607,245.47433300176635,24948.079582987702,304.14356361776055
1777028616,100,,Aggregated,81.900000,0.000000,1200,1300,1300,1300,1300,1300,1300,1400,1600,18000,25000,46994,0,1200,1240.322675378761,245.47433300176635,24948.079582987702,304.1433800059582
1777028617,100,,Aggregated,81.700000,0.000000,1200,1300,1300,1300,1300,1300,1300,1400,1600,18000,25000,47067,0,1200,1240.3465420083792,245.47433300176635,24948.079582987702,304.14347632098924
1777028618,100,,Aggregated,81.400000,0.000000,1200,1300,1300,1300,1300,1300,1300,1400,1600,18000,25000,47149,0,1200,1240.4560993208195,245.47433300176635,24948.079582987702,304.1436085600967
1777028619,100,,Aggregated,82.300000,0.000000,1200,1300,1300,1300,1300,1300,1300,1400,1600,18000,25000,47225,0,1200,1240.4341753961533,245.47433300176635,24948.079582987702,304.1434621492853
1777028620,100,,Aggregated,80.000000,0.000000,1200,1300,1300,1300,1300,1300,1300,1400,1600,18000,25000,47308,0,1200,1240.5342560684503,245.47433300176635,24948.079582987702,304.14356979792
1777028621,100,,Aggregated,79.600000,0.000000,1200,1300,1300,1300,1300,1300,1300,1400,1600,18000,25000,47388,0,1200,1240.507626823674,245.47433300176635,24948.079582987702,304.14341183421965
1777028622,100,,Aggregated,78.200000,0.000000,1200,1300,1300,1300,1300,1300,1300,1400,1600,18000,25000,47469,0,1200,1240.5098049982366,245.47433300176635,24948.079582987702,304.14369377909793
1777028623,100,,Aggregated,78.800000,0.000000,1200,1300,1300,1300,1300,1300,1300,1400,1600,18000,25000,47544,0,1200,1240.5935258164695,245.47433300176635,24948.079582987702,304.1437405350833
1777028624,100,,Aggregated,78.900000,0.000000,1200,1300,1300,1300,1300,1300,1300,1400,1600,18000,25000,47624,0,1200,1240.6778427018367,245.47433300176635,24948.079582987702,304.143583067361
1777028625,100,,Aggregated,79.000000,0.000000,1200,1300,1300,1300,1300,1300,1300,1400,1600,18000,25000,47704,0,1200,1240.6888930784687,245.47433300176635,24948.079582987702,304.1433842025826
1777028626,100,,Aggregated,78.700000,0.000000,1200,1300,1300,1300,1300,1300,1300,1400,1600,18000,25000,47785,0,1200,1240.6963375719642,245.47433300176635,24948.079582987702,304.143329496704
1777028627,100,,Aggregated,78.800000,0.000000,1200,1300,1300,1300,1300,1300,1300,1400,1600,18000,25000,47866,0,1200,1240.6766689082092,245.47433300176635,24948.079582987702,304.14331675928634
1777028628,100,,Aggregated,79.100000,0.000000,1200,1300,1300,1300,1300,1300,1300,1400,1600,18000,25000,47945,0,1200,1240.6806480229914,245.47433300176635,24948.079582987702,304.14347690061527
1777028629,100,,Aggregated,79.000000,0.000000,1200,1300,1300,1300,1300,1300,1300,1400,1600,18000,25000,48020,0,1200,1240.872051523872,245.47433300176635,24948.079582987702,304.1433152852978
1777028630,100,,Aggregated,79.700000,0.000000,1200,1300,1300,1300,1300,1300,1300,1400,1600,18000,25000,48107,0,1200,1240.8568888470156,245.47433300176635,24948.079582987702,304.1432847610535
1777028631,100,,Aggregated,79.500000,0.000000,1200,1300,1300,1300,1300,1300,1300,1400,1600,18000,25000,48188,0,1200,1240.71785866671,245.47433300176635,24948.079582987702,304.1435212085997
1777028632,100,,Aggregated,79.300000,0.000000,1200,1300,1300,1300,1300,1300,1300,1400,1600,18000,25000,48267,0,1200,1240.732520836627,245.47433300176635,24948.079582987702,304.14318271282656
1777028633,100,,Aggregated,79.900000,0.000000,1200,1300,1300,1300,1300,1300,1300,1400,1600,18000,25000,48347,0,1200,1240.755895269541,245.47433300176635,24948.079582987702,304.1429871553561
1777028634,100,,Aggregated,79.700000,0.000000,1200,1300,1300,1300,1300,1300,1300,1400,1600,18000,25000,48430,0,1200,1240.73048562477,245.47433300176635,24948.079582987702,304.1431757175305
1777028635,100,,Aggregated,79.800000,0.000000,1200,1300,1300,1300,1300,1300,1300,1400,1600,18000,25000,48514,0,1200,1240.6702083595176,245.47433300176635,24948.079582987702,304.1431751659315
1777028636,100,,Aggregated,80.300000,0.000000,1200,1300,1300,1300,1300,1300,1300,1400,1600,18000,25000,48595,0,1200,1240.5997054665636,245.47433300176635,24948.079582987702,304.1428747813561
1777028637,100,,Aggregated,80.600000,0.000000,1200,1300,1300,1300,1300,1300,1300,1400,1600,18000,25000,48676,0,1200,1240.6032592264285,245.47433300176635,24948.079582987702,304.1430684526255
1777028638,100,,Aggregated,80.900000,0.000000,1200,1300,1300,1300,1300,1300,1300,1400,1600,18000,25000,48755,0,1200,1240.6367448001363,245.47433300176635,24948.079582987702,304.14318531432673
1777028639,100,,Aggregated,80.900000,0.000000,1200,1300,1300,1300,1300,1300,1300,1400,1600,18000,25000,48835,0,1200,1240.664425426204,245.47433300176635,24948.079582987702,304.1433193406368
1777028640,100,,Aggregated,80.800000,0.000000,1200,1300,1300,1300,1300,1300,1300,1400,1600,18000,25000,48915,0,1200,1240.6674078398576,245.47433300176635,24948.079582987702,304.1432484922825
1777028641,100,,Aggregated,80.700000,0.000000,1200,1300,1300,1300,1300,1300,1300,1400,1600,18000,25000,48995,0,1200,1240.6928369338002,245.47433300176635,24948.079582987702,304.14321869578527
1777028642,100,,Aggregated,82.100000,0.000000,1200,1300,1300,1300,1300,1300,1300,1400,1600,18000,25000,49077,0,1200,1240.6949417308008,245.47433300176635,24948.079582987702,304.1431424088677
1777028643,100,,Aggregated,80.700000,0.000000,1200,1300,1300,1300,1300,1300,1300,1400,1600,18000,25000,49157,0,1200,1240.686039656745,245.47433300176635,24948.079582987702,304.1431942551417
1777028644,100,,Aggregated,80.700000,0.000000,1200,1300,1300,1300,1300,1300,1300,1400,1600,18000,25000,49239,0,1200,1240.664389395553,245.47433300176635,24948.079582987702,304.1431182599159
1777028645,100,,Aggregated,80.900000,0.000000,1200,1300,1300,1300,1300,1300,1300,1400,1600,18000,25000,49323,0,1200,1240.6178617834191,245.47433300176635,24948.079582987702,304.14328001135374
1777028646,100,,Aggregated,80.900000,0.000000,1200,1300,1300,1300,1300,1300,1300,1400,1600,18000,25000,49408,0,1200,1240.5291795945088,245.47433300176635,24948.079582987702,304.143539507772
1777028647,100,,Aggregated,80.700000,0.000000,1200,1300,1300,1300,1300,1300,1300,1400,1600,18000,25000,49490,0,1200,1240.4745435800687,245.47433300176635,24948.079582987702,304.14374621135585
1777028648,100,,Aggregated,80.700000,0.000000,1200,1300,1300,1300,1300,1300,1300,1400,1600,18000,25000,49573,0,1200,1240.4293780490289,245.47433300176635,24948.079582987702,304.143767776814
1777028649,100,,Aggregated,81.100000,0.000000,1200,1300,1300,1300,1300,1300,1300,1400,1600,18000,25000,49655,0,1200,1240.3668972421613,245.47433300176635,24948.079582987702,304.14397341657434
1777028650,100,,Aggregated,81.200000,0.000000,1200,1300,1300,1300,1300,1300,1300,1400,1600,18000,25000,49735,0,1200,1240.3476264464161,245.47433300176635,24948.079582987702,304.1441439630039
1777028651,100,,Aggregated,81.800000,0.000000,1200,1300,1300,1300,1300,1300,1300,1400,1600,18000,25000,49815,0,1200,1240.3591468379107,245.47433300176635,24948.079582987702,304.14419351600924
1777028652,100,,Aggregated,81.900000,0.000000,1200,1300,1300,1300,1300,1300,1300,1400,1600,18000,25000,49897,0,1200,1240.3683577507973,245.47433300176635,24948.079582987702,304.1441970459146
1777028653,100,,Aggregated,81.900000,0.000000,1200,1300,1300,1300,1300,1300,1300,1400,1600,18000,25000,49980,0,1200,1240.3390313880436,245.47433300176635,24948.079582987702,304.14433773509404
1777028654,100,,Aggregated,81.800000,0.000000,1200,1300,1300,1300,1300,1300,1300,1400,1600,13000,25000,50059,0,1200,1240.3350929524443,245.47433300176635,24948.079582987702,304.14448950238716
1777028655,100,,Aggregated,81.800000,0.000000,1200,1300,1300,1300,1300,1300,1300,1400,1600,13000,25000,50141,0,1200,1240.3290730935646,245.47433300176635,24948.079582987702,304.1443329809936
1777028656,100,,Aggregated,82.000000,0.000000,1200,1300,1300,1300,1300,1300,1300,1400,1600,13000,25000,50221,0,1200,1240.338986561507,245.47433300176635,24948.079582987702,304.14442165627923
1777028657,100,,Aggregated,81.900000,0.000000,1200,1300,1300,1300,1300,1300,1300,1400,1600,13000,25000,50302,0,1200,1240.347965924642,245.47433300176635,24948.079582987702,304.14428849747526
1777028658,100,,Aggregated,81.500000,0.000000,1200,1300,1300,1300,1300,1300,1300,1400,1600,13000,25000,50381,0,1200,1240.3652285142075,245.47433300176635,24948.079582987702,304.1444790694905
1777028659,100,,Aggregated,81.100000,0.000000,1200,1300,1300,1300,1300,1300,1300,1400,1600,13000,25000,50462,0,1200,1240.3777114425752,245.47433300176635,24948.079582987702,304.14446514208714
1777028660,100,,Aggregated,81.000000,0.000000,1200,1300,1300,1300,1300,1300,1300,1400,1600,13000,25000,50546,0,1200,1240.333513127868,245.47433300176635,24948.079582987702,304.14450203774777
1777028661,100,,Aggregated,80.400000,0.000000,1200,1300,1300,1300,1300,1300,1300,1400,1600,13000,25000,50629,0,1200,1240.2867620848963,245.47433300176635,24948.079582987702,304.144205889905
1777028662,100,,Aggregated,80.400000,0.000000,1200,1300,1300,1300,1300,1300,1300,1400,1600,13000,25000,50711,0,1200,1240.2301968338468,245.47433300176635,24948.079582987702,304.14432766066534
1777028663,100,,Aggregated,80.700000,0.000000,1200,1300,1300,1300,1300,1300,1300,1400,1600,13000,25000,50790,0,1200,1240.234986408371,245.47433300176635,24948.079582987702,304.1443197479819
1777028664,100,,Aggregated,81.200000,0.000000,1200,1300,1300,1300,1300,1300,1300,1400,1600,13000,25000,50875,0,1200,1240.215221965921,245.47433300176635,24948.079582987702,304.14425552825554
1777028665,100,,Aggregated,81.100000,0.000000,1200,1300,1300,1300,1300,1300,1300,1400,1600,13000,25000,50960,0,1200,1240.1125852419768,245.47433300176635,24948.079582987702,304.1441915227629
1777028666,100,,Aggregated,80.900000,0.000000,1200,1300,1300,1300,1300,1300,1300,1400,1600,13000,25000,51044,0,1200,1240.0107747028076,245.47433300176635,24948.079582987702,304.14403259932607
1777028667,100,,Aggregated,81.300000,0.000000,1200,1300,1300,1300,1300,1300,1300,1400,1600,13000,25000,51128,0,1200,1239.9582463623472,245.47433300176635,24948.079582987702,304.14430449069005
1777028668,100,,Aggregated,81.800000,0.000000,1200,1300,1300,1300,1300,1300,1300,1400,1600,13000,25000,51210,0,1200,1239.9075799642847,245.47433300176635,24948.079582987702,304.14430775239214
1777028669,100,,Aggregated,82.000000,0.000000,1200,1300,1300,1300,1300,1300,1300,1400,1600,13000,25000,51276,0,1200,1239.927765818317,245.47433300176635,24948.079582987702,304.1443170294095
1777028670,100,,Aggregated,82.300000,0.000000,1200,1300,1300,1300,1300,1300,1300,1400,1800,13000,25000,51323,0,1200,1240.296285697485,245.47433300176635,24948.079582987702,304.14443816612436
1777028671,100,,Aggregated,82.700000,0.000000,1200,1300,1300,1300,1300,1300,1300,1400,1800,13000,25000,51426,0,1200,1240.4606189067802,245.47433300176635,24948.079582987702,304.1443238828608
1777028672,100,,Aggregated,80.900000,0.000000,1200,1300,1300,1300,1300,1300,1300,1400,1800,13000,25000,51504,0,1200,1240.5140994395001,245.47433300176635,24948.079582987702,304.14414414414415
1777028673,100,,Aggregated,77.900000,0.000000,1200,1300,1300,1300,1300,1300,1300,1400,1800,13000,25000,51582,0,1200,1240.597339935056,245.47433300176635,24948.079582987702,304.1443914543833
1777028674,100,,Aggregated,79.500000,0.000000,1200,1300,1300,1300,1300,1300,1300,1400,1800,13000,25000,51663,0,1200,1240.6171735734656,245.47433300176635,24948.079582987702,304.14457155023905
1777028675,100,,Aggregated,79.100000,0.000000,1200,1300,1300,1300,1300,1300,1300,1400,1800,13000,25000,51740,0,1200,1240.6629917849423,245.47433300176635,24948.079582987702,304.1446076536529
1777028676,100,,Aggregated,79.000000,0.000000,1200,1300,1300,1300,1300,1300,1300,1400,1800,13000,25000,51819,0,1200,1240.745624264148,245.47433300176635,24948.079582987702,304.1447538547637
1777028677,100,,Aggregated,78.500000,0.000000,1200,1300,1300,1300,1300,1300,1300,1400,1800,13000,25000,51897,0,1200,1240.915881801644,245.47433300176635,24948.079582987702,304.1446904445344
1777028678,100,,Aggregated,77.700000,0.000000,1200,1300,1300,1300,1300,1300,1300,1400,1800,13000,25000,51976,0,1200,1240.859538309007,245.47433300176635,24948.079582987702,304.1444128059104
1777028679,100,,Aggregated,77.000000,0.000000,1200,1300,1300,1300,1300,1300,1300,1400,1800,13000,25000,52056,0,1200,1240.8734499542197,245.47433300176635,24948.079582987702,304.1442677116951
1777028680,100,,Aggregated,76.600000,0.000000,1200,1300,1300,1300,1300,1300,1300,1400,1800,13000,25000,52139,0,1200,1240.860138165478,245.47433300176635,24948.079582987702,304.1444024626479
1777028681,100,,Aggregated,76.500000,0.000000,1200,1300,1300,1300,1300,1300,1300,1400,1800,13000,25000,52221,0,1200,1240.8301374282744,245.47433300176635,24948.079582987702,304.1442523122882
1777028682,100,,Aggregated,78.100000,0.000000,1200,1300,1300,1300,1300,1300,1300,1400,1800,13000,25000,52303,0,1200,1240.8101966342417,245.47433300176635,24948.079582987702,304.1442555876336
1777028683,100,,Aggregated,81.100000,0.000000,1200,1300,1300,1300,1300,1300,1300,1400,1800,13000,25000,52384,0,1200,1240.7788097085333,245.47433300176635,24948.079582987702,304.14428069639587
1777028684,100,,Aggregated,79.300000,0.000000,1200,1300,1300,1300,1300,1300,1300,1400,1800,13000,25000,52462,0,1200,1240.7930591242014,245.47433300176635,24948.079582987702,304.1443330410583
1777028685,100,,Aggregated,79.700000,0.000000,1200,1300,1300,1300,1300,1300,1300,1400,1800,13000,25000,52544,0,1200,1240.809199598961,245.47433300176635,24948.079582987702,304.14433617539584
1777028686,100,,Aggregated,79.900000,0.000000,1200,1300,1300,1300,1300,1300,1300,1400,1800,13000,25000,52626,0,1200,1240.7967445025638,245.47433300176635,24948.079582987702,304.1443392999658
1777028687,100,,Aggregated,79.900000,0.000000,1200,1300,1300,1300,1300,1300,1300,1400,1800,13000,25000,52698,0,1200,1240.8375792974293,245.47433300176635,24948.079582987702,304.14433185320127
1777028688,100,,Aggregated,80.200000,0.000000,1200,1300,1300,1300,1300,1300,1300,1400,1800,13000,25000,52791,0,1200,1240.802073269002,245.47433300176635,24948.079582987702,304.1443996135705
1777028689,100,,Aggregated,80.800000,0.000000,1200,1300,1300,1300,1300,1300,1300,1400,1800,13000,25000,52870,0,1200,1240.700812611669,245.47433300176635,24948.079582987702,304.14439190467186
1777028690,100,,Aggregated,80.100000,0.000000,1200,1300,1300,1300,1300,1300,1300,1400,1800,13000,25000,52950,0,1200,1240.7168934723713,245.47433300176635,24948.079582987702,304.1442115203022
1777028691,100,,Aggregated,81.300000,0.000000,1200,1300,1300,1300,1300,1300,1300,1400,1800,13000,25000,53032,0,1200,1240.7281777854691,245.47433300176635,24948.079582987702,304.1440262483029
1777028692,100,,Aggregated,81.300000,0.000000,1200,1300,1300,1300,1300,1300,1300,1400,1800,13000,25000,53114,0,1200,1240.7031418448055,245.47433300176635,24948.079582987702,304.1442934066348
1777028693,100,,Aggregated,80.900000,0.000000,1200,1300,1300,1300,1300,1300,1300,1400,1800,13000,25000,53194,0,1200,1240.6900932864612,245.47433300176635,24948.079582987702,304.14418919427004
1777028694,100,,Aggregated,80.900000,0.000000,1200,1300,1300,1300,1300,1300,1300,1400,1800,13000,25000,53274,0,1200,1240.7080157470232,245.47433300176635,24948.079582987702,304.1443856290123
1777028695,100,,Aggregated,81.000000,0.000000,1200,1300,1300,1300,1300,1300,1300,1400,1800,13000,25000,53350,0,1200,1240.7671147982558,245.47433300176635,24948.079582987702,304.14444236176195
1777028696,100,,Aggregated,80.800000,0.000000,1200,1300,1300,1300,1300,1300,1300,1400,1800,13000,25000,53424,0,1200,1240.8379496596651,245.47433300176635,24948.079582987702,304.1445792153339
1777028697,100,,Aggregated,80.800000,0.000000,1200,1300,1300,1300,1300,1300,1300,1400,1800,13000,25000,53499,0,1200,1241.0127108947815,245.47433300176635,24948.079582987702,304.1444326062169
1777028698,100,,Aggregated,80.600000,0.000000,1200,1300,1300,1300,1300,1300,1300,1400,1800,13000,25000,53576,0,1200,1241.1641871957206,245.47433300176635,24948.079582987702,304.14461699268327
1777028699,100,,Aggregated,79.700000,0.000000,1200,1300,1300,1300,1300,1300,1300,1400,1800,13000,25000,53653,0,1200,1241.238836215868,245.47433300176635,24948.079582987702,304.14468902018524
1777028700,100,,Aggregated,79.900000,0.000000,1200,1300,1300,1300,1300,1300,1300,1400,1800,13000,25000,53735,0,1200,1241.2670279262668,245.47433300176635,24948.079582987702,304.14476598120405
1777028701,100,,Aggregated,78.300000,0.000000,1200,1300,1300,1300,1300,1300,1300,1400,1800,13000,25000,53816,0,1200,1241.2514883699268,245.47433300176635,24948.079582987702,304.1444551806154
1777028702,100,,Aggregated,78.000000,0.000000,1200,1300,1300,1300,1300,1300,1300,1400,1800,13000,25000,53906,0,1200,1241.11320742025,245.47433300176635,24948.079582987702,304.1446963232293
1777028703,100,,Aggregated,78.400000,0.000000,1200,1300,1300,1300,1300,1300,1300,1400,1800,13000,25000,53989,0,1200,1241.0062649018496,245.47433300176635,24948.079582987702,304.14449239659933
1777028704,100,,Aggregated,78.200000,0.000000,1200,1300,1300,1300,1300,1300,1300,1400,1800,13000,25000,54068,0,1200,1241.008737974198,245.47433300176635,24948.079582987702,304.14448472294146
1777028705,100,,Aggregated,79.100000,0.000000,1200,1300,1300,1300,1300,1300,1300,1400,1800,13000,25000,54146,0,1200,1241.0433491384927,245.47433300176635,24948.079582987702,304.14438739703763
1777028706,100,,Aggregated,79.300000,0.000000,1200,1300,1300,1300,1300,1300,1300,1400,1800,13000,25000,54226,0,1200,1241.0818280013423,245.47433300176635,24948.079582987702,304.1443219119979
1777028708,100,,Aggregated,79.300000,0.000000,1200,1300,1300,1300,1300,1300,1300,1400,1800,13000,25000,54306,0,1200,1241.0919379026398,245.47433300176635,24948.079582987702,304.14440393326703
1777028709,100,,Aggregated,79.400000,0.000000,1200,1300,1300,1300,1300,1300,1300,1400,1800,13000,25000,54387,0,1200,1241.0988223010609,245.47433300176635,24948.079582987702,304.1442072554103
1777028710,100,,Aggregated,80.000000,0.000000,1200,1300,1300,1300,1300,1300,1300,1400,1800,13000,25000,54465,0,1200,1241.1185219734116,245.47433300176635,24948.079582987702,304.1441108969063
1777028711,100,,Aggregated,80.600000,0.000000,1200,1300,1300,1300,1300,1300,1300,1400,1800,13000,25000,54546,0,1200,1241.1598824047928,245.47433300176635,24948.079582987702,304.1438418949144
1777028712,100,,Aggregated,81.000000,0.000000,1200,1300,1300,1300,1300,1300,1300,1400,1800,13000,25000,54628,0,1200,1241.1445793279427,245.47433300176635,24948.079582987702,304.1436992018745
1777028713,100,,Aggregated,80.900000,0.000000,1200,1300,1300,1300,1300,1300,1300,1400,1800,13000,25000,54711,0,1200,1241.1068942546626,245.47433300176635,24948.079582987702,304.14371881340134
1777028714,100,,Aggregated,81.100000,0.000000,1200,1300,1300,1300,1300,1300,1300,1400,1800,13000,25000,54792,0,1200,1241.0970775780195,245.47433300176635,24948.079582987702,304.1439261206015
1777028715,100,,Aggregated,80.200000,0.000000,1200,1300,1300,1300,1300,1300,1300,1400,1800,13000,25000,54871,0,1200,1241.0905253319777,245.47433300176635,24948.079582987702,304.14373712890233
1777028716,100,,Aggregated,80.100000,0.000000,1200,1300,1300,1300,1300,1300,1300,1400,1800,13000,25000,54952,0,1200,1241.0950096756624,245.47433300176635,24948.079582987702,304.1435798515068
1777028717,100,,Aggregated,80.200000,0.000000,1200,1300,1300,1300,1300,1300,1300,1400,1800,13000,25000,55031,0,1200,1241.1247731496612,245.47433300176635,24948.079582987702,304.14357362214025
1777028718,100,,Aggregated,80.200000,0.000000,1200,1300,1300,1300,1300,1300,1300,1400,1800,13000,25000,55100,0,1200,1241.1575858173685,245.47433300176635,24948.079582987702,304.14344827586206
1777028719,100,,Aggregated,80.400000,0.000000,1200,1300,1300,1300,1300,1300,1300,1400,1800,13000,25000,55197,0,1200,1241.1645186738033,245.47433300176635,24948.079582987702,304.14339547439175
1777028720,100,,Aggregated,79.400000,0.000000,1200,1300,1300,1300,1300,1300,1300,1400,1800,13000,25000,55277,0,1200,1241.0556204175668,245.47433300176635,24948.079582987702,304.1432241257666
1777028721,100,,Aggregated,80.800000,0.000000,1200,1300,1300,1300,1300,1300,1300,1400,1800,13000,25000,55356,0,1200,1241.0950368492474,245.47433300176635,24948.079582987702,304.14314618108244
1777028722,100,,Aggregated,81.000000,0.000000,1200,1300,1300,1300,1300,1300,1300,1400,1800,13000,25000,55435,0,1200,1241.1184019353464,245.47433300176635,24948.079582987702,304.1430684585551
1777028723,100,,Aggregated,80.800000,0.000000,1200,1300,1300,1300,1300,1300,1300,1400,1800,13000,25000,55516,0,1200,1241.1476574710348,245.47433300176635,24948.079582987702,304.14302183154405
1777028724,100,,Aggregated,80.400000,0.000000,1200,1300,1300,1300,1300,1300,1300,1400,1800,13000,25000,55596,0,1200,1241.1449712155174,245.47433300176635,24948.079582987702,304.14299589898553
1777028725,100,,Aggregated,80.300000,0.000000,1200,1300,1300,1300,1300,1300,1300,1400,1800,13000,25000,55680,0,1200,1241.1151316733099,245.47433300176635,24948.079582987702,304.14310344827584
1777028726,100,,Aggregated,80.300000,0.000000,1200,1300,1300,1300,1300,1300,1300,1400,1800,13000,25000,55764,0,1200,1241.0581728592792,245.47433300176635,24948.079582987702,304.143138942687
1777028727,100,,Aggregated,80.600000,0.000000,1200,1300,1300,1300,1300,1300,1300,1400,1800,13000,25000,55846,0,1200,1240.9976022744477,245.47433300176635,24948.079582987702,304.143322708878
1777028728,100,,Aggregated,80.900000,0.000000,1200,1300,1300,1300,1300,1300,1300,1400,1800,13000,25000,55928,0,1200,1240.9678147371046,245.47433300176635,24948.079582987702,304.1433986554141
1777028729,100,,Aggregated,81.200000,0.000000,1200,1300,1300,1300,1300,1300,1300,1400,1800,13000,25000,56008,0,1200,1240.9434016812922,245.47433300176635,24948.079582987702,304.14337237537495
1777028730,100,,Aggregated,82.400000,0.000000,1200,1300,1300,1300,1300,1300,1300,1400,1800,13000,25000,56071,0,1200,1240.9878887517207,245.47433300176635,24948.079582987702,304.1435144727221
1777028731,100,,Aggregated,81.000000,0.000000,1200,1300,1300,1300,1300,1300,1300,1400,1800,13000,25000,56165,0,1200,1241.1743894022225,245.47433300176635,24948.079582987702,304.1434523279623
1777028732,100,,Aggregated,79.300000,0.000000,1200,1300,1300,1300,1300,1300,1300,1400,1800,13000,25000,56248,0,1200,1240.9890541964828,245.47433300176635,24948.079582987702,304.14329398378607
1777028733,100,,Aggregated,80.500000,0.000000,1200,1300,1300,1300,1300,1300,1300,1400,1800,13000,25000,56328,0,1200,1240.9959977250883,245.47433300176635,24948.079582987702,304.1433745206647
1777028734,100,,Aggregated,81.300000,0.000000,1200,1300,1300,1300,1300,1300,1300,1400,1800,13000,25000,56408,0,1200,1241.0252624661875,245.47433300176635,24948.079582987702,304.14356119699335
1777028735,100,,Aggregated,81.100000,0.000000,1200,1300,1300,1300,1300,1300,1300,1400,1800,13000,25000,56486,0,1200,1241.0506357766994,245.47433300176635,24948.079582987702,304.14339836419646
1777028736,100,,Aggregated,81.000000,0.000000,1200,1300,1300,1300,1300,1300,1300,1400,1800,13000,25000,56565,0,1200,1241.1107400819164,245.47433300176635,24948.079582987702,304.1434279147883
1777028737,100,,Aggregated,80.500000,0.000000,1200,1300,1300,1300,1300,1300,1300,1400,1800,13000,25000,56643,0,1200,1241.1606490743363,245.47433300176635,24948.079582987702,304.14358349663684
1777028738,100,,Aggregated,79.900000,0.000000,1200,1300,1300,1300,1300,1300,1300,1400,1800,13000,25000,56724,0,1200,1241.18485020555,245.47433300176635,24948.079582987702,304.14357238558637
1777028739,100,,Aggregated,79.700000,0.000000,1200,1300,1300,1300,1300,1300,1300,1400,1800,13000,25000,56803,0,1200,1241.1993712190324,245.47433300176635,24948.079582987702,304.1436719891555
1777028740,100,,Aggregated,79.500000,0.000000,1200,1300,1300,1300,1300,1300,1300,1400,1800,13000,25000,56885,0,1200,1241.1976343980073,245.47433300176635,24948.079582987702,304.14381647182915
1777028741,100,,Aggregated,79.300000,0.000000,1200,1300,1300,1300,1300,1300,1300,1400,1800,13000,25000,56969,0,1200,1241.1444214064443,245.47433300176635,24948.079582987702,304.14388527093683
1777028742,100,,Aggregated,81.200000,0.000000,1200,1300,1300,1300,1300,1300,1300,1400,1800,13000,25000,57051,0,1200,1241.100383591344,245.47433300176635,24948.079582987702,304.143888801248
1777028743,100,,Aggregated,80.400000,0.000000,1200,1300,1300,1300,1300,1300,1300,1400,1800,13000,25000,57133,0,1200,1241.0647465915965,245.47433300176635,24948.079582987702,304.1436822851942
1777028744,100,,Aggregated,80.100000,0.000000,1200,1300,1300,1300,1300,1300,1300,1400,1800,13000,25000,57215,0,1200,1241.0362843596536,245.47433300176635,24948.079582987702,304.14351131696236
1777028745,100,,Aggregated,80.400000,0.000000,1200,1300,1300,1300,1300,1300,1300,1400,1800,13000,25000,57296,0,1200,1241.0278711924504,245.47433300176635,24948.079582987702,304.14367495113095
1777028746,100,,Aggregated,80.600000,0.000000,1200,1300,1300,1300,1300,1300,1300,1400,1800,13000,25000,57378,0,1200,1241.0133433024612,245.47433300176635,24948.079582987702,304.1435393356339
1777028747,100,,Aggregated,80.900000,0.000000,1200,1300,1300,1300,1300,1300,1300,1400,1800,13000,25000,57460,0,1200,1240.9754257252434,245.47433300176635,24948.079582987702,304.1437869822485
1777028748,100,,Aggregated,81.300000,0.000000,1200,1300,1300,1300,1300,1300,1300,1400,1800,13000,25000,57539,0,1200,1240.9712542052944,245.47433300176635,24948.079582987702,304.1438502580858
1777028749,100,,Aggregated,81.500000,0.000000,1200,1300,1300,1300,1300,1300,1300,1400,1800,13000,25000,57621,0,1200,1240.9853349323923,245.47433300176635,24948.079582987702,304.1438190937332
1777028750,100,,Aggregated,81.400000,0.000000,1200,1300,1300,1300,1300,1300,1300,1400,1800,13000,25000,57704,0,1200,1240.939467840363,245.47433300176635,24948.079582987702,304.1440108138084
1777028751,100,,Aggregated,81.700000,0.000000,1200,1300,1300,1300,1300,1300,1300,1400,1800,13000,25000,57786,0,1200,1240.8983836700652,245.47433300176635,24948.079582987702,304.14391028968953
1777028752,100,,Aggregated,81.800000,0.000000,1200,1300,1300,1300,1300,1300,1300,1400,1800,13000,25000,57868,0,1200,1240.8755910061611,245.47433300176635,24948.079582987702,304.1439828575378
1777028753,100,,Aggregated,81.600000,0.000000,1200,1300,1300,1300,1300,1300,1300,1400,1800,13000,25000,57948,0,1200,1240.8623030701067,245.47433300176635,24948.079582987702,304.1438531096845
1777028754,100,,Aggregated,81.500000,0.000000,1200,1300,1300,1300,1300,1300,1300,1400,1800,13000,25000,58028,0,1200,1240.8646620657205,245.47433300176635,24948.079582987702,304.14420624526093
1777028755,100,,Aggregated,81.400000,0.000000,1200,1300,1300,1300,1300,1300,1300,1400,1800,13000,25000,58107,0,1200,1240.8971659951403,245.47433300176635,24948.079582987702,304.14457810590807
1777028756,100,,Aggregated,81.200000,0.000000,1200,1300,1300,1300,1300,1300,1300,1400,1800,13000,25000,58187,0,1200,1240.9164213158197,245.47433300176635,24948.079582987702,304.1446199322873
1777028757,100,,Aggregated,81.000000,0.000000,1200,1300,1300,1300,1300,1300,1300,1400,1800,13000,25000,58263,0,1200,1240.9775465271377,245.47433300176635,24948.079582987702,304.14480888385424
1777028758,100,,Aggregated,80.800000,0.000000,1200,1300,1300,1300,1300,1300,1300,1400,1800,13000,25000,58341,0,1200,1241.0601880299216,245.47433300176635,24948.079582987702,304.14478668517853
1777028759,100,,Aggregated,80.200000,0.000000,1200,1300,1300,1300,1300,1300,1300,1400,1800,13000,25000,58419,0,1200,1241.1104545727867,245.47433300176635,24948.079582987702,304.1448330166555
1777028760,100,,Aggregated,80.100000,0.000000,1200,1300,1300,1300,1300,1300,1300,1400,1800,13000,25000,58497,0,1200,1241.1723180552272,245.47433300176635,24948.079582987702,304.1447766552131
1777028761,100,,Aggregated,79.600000,0.000000,1200,1300,1300,1300,1300,1300,1300,1400,1800,13000,25000,58578,0,1200,1241.2090348073461,245.47433300176635,24948.079582987702,304.1446276759193
1777028762,100,,Aggregated,79.200000,0.000000,1200,1300,1300,1300,1300,1300,1300,1400,1800,13000,25000,58657,0,1200,1241.216501843884,245.47433300176635,24948.079582987702,304.1448249995738
1777028763,100,,Aggregated,79.000000,0.000000,1200,1300,1300,1300,1300,1300,1300,1400,1800,13000,25000,58737,0,1200,1241.250122337551,245.47433300176635,24948.079582987702,304.1451384987316
1777028764,100,,Aggregated,78.800000,0.000000,1200,1300,1300,1300,1300,1300,1300,1400,1800,13000,25000,58816,0,1200,1241.2916552970246,245.47433300176635,24948.079582987702,304.1450625680087
1777028765,100,,Aggregated,78.600000,0.000000,1200,1300,1300,1300,1300,1300,1300,1400,1800,13000,25000,58896,0,1200,1241.302326525227,245.47433300176635,24948.079582987702,304.1453748981255
1777028766,100,,Aggregated,78.600000,0.000000,1200,1300,1300,1300,1300,1300,1300,1400,1800,13000,25000,58979,0,1200,1241.2994111906064,245.47433300176635,24948.079582987702,304.14525509079505
1777028767,100,,Aggregated,78.700000,0.000000,1200,1300,1300,1300,1300,1300,1300,1400,1800,13000,25000,59061,0,1200,1241.2523967004902,245.47433300176635,24948.079582987702,304.14495182946445
1777028768,100,,Aggregated,78.900000,0.000000,1200,1300,1300,1300,1300,1300,1300,1400,1800,13000,25000,59145,0,1200,1241.2086183740748,245.47433300176635,24948.079582987702,304.1450503001099
1777028769,100,,Aggregated,79.500000,0.000000,1200,1300,1300,1300,1300,1300,1300,1400,1800,13000,25000,59225,0,1200,1241.1736040858354,245.47433300176635,24948.079582987702,304.1450232165471
1777028770,100,,Aggregated,80.100000,0.000000,1200,1300,1300,1300,1300,1300,1300,1400,1800,13000,25000,59305,0,1200,1241.1779550864273,245.47433300176635,24948.079582987702,304.14502993002276
1777028771,100,,Aggregated,80.400000,0.000000,1200,1300,1300,1300,1300,1300,1300,1400,1800,13000,25000,59386,0,1200,1241.1674850046422,245.47433300176635,24948.079582987702,304.1451183780689
1777028772,100,,Aggregated,80.600000,0.000000,1200,1300,1300,1300,1300,1300,1300,1400,1800,13000,25000,59466,0,1200,1241.1776792170606,245.47433300176635,24948.079582987702,304.1452594760031
1777028773,100,,Aggregated,80.800000,0.000000,1200,1300,1300,1300,1300,1300,1300,1400,1800,13000,25000,59547,0,1200,1241.1987188493717,245.47433300176635,24948.079582987702,304.14528019883454
1777028774,100,,Aggregated,80.700000,0.000000,1200,1300,1300,1300,1300,1300,1300,1400,1800,13000,25000,59627,0,1200,1241.203297968228,245.47433300176635,24948.079582987702,304.14545424052864
1777028775,100,,Aggregated,80.900000,0.000000,1200,1300,1300,1300,1300,1300,1300,1400,1800,13000,25000,59709,0,1200,1241.204627730384,245.47433300176635,24948.079582987702,304.1452209884607
1777028776,100,,Aggregated,80.900000,0.000000,1200,1300,1300,1300,1300,1300,1300,1400,1800,13000,25000,59792,0,1200,1241.1750654426576,245.47433300176635,24948.079582987702,304.1456382124699
1777028777,100,,Aggregated,81.000000,0.000000,1200,1300,1300,1300,1300,1300,1300,1400,1800,13000,25000,59875,0,1200,1241.1254921048753,245.47433300176635,24948.079582987702,304.1455866388309
1777028778,100,,Aggregated,81.100000,0.000000,1200,1300,1300,1300,1300,1300,1300,1400,1800,13000,25000,59958,0,1200,1241.0658523532888,245.47433300176635,24948.079582987702,304.14540178124685
1777028779,100,,Aggregated,81.200000,0.000000,1200,1300,1300,1300,1300,1300,1300,1400,1800,13000,25000,60041,0,1200,1241.01084928593,245.47433300176635,24948.079582987702,304.1452174347529
1777028780,100,,Aggregated,81.100000,0.000000,1200,1300,1300,1300,1300,1300,1300,1400,1800,13000,25000,60122,0,1200,1240.9893831227084,245.47433300176635,24948.079582987702,304.1453378131133
1777028781,100,,Aggregated,81.500000,0.000000,1200,1300,1300,1300,1300,1300,1300,1400,1800,13000,25000,60205,0,1200,1240.9671928325304,245.47433300176635,24948.079582987702,304.14535337596544
1777028782,100,,Aggregated,81.500000,0.000000,1200,1300,1300,1300,1300,1300,1300,1400,1800,13000,25000,60285,0,1200,1240.9409964444462,245.47433300176635,24948.079582987702,304.14532636642616
1777028783,100,,Aggregated,81.600000,0.000000,1200,1300,1300,1300,1300,1300,1300,1400,1800,13000,25000,60366,0,1200,1240.9472779707683,245.47433300176635,24948.079582987702,304.14531358711855
1777028784,100,,Aggregated,81.800000,0.000000,1200,1300,1300,1300,1300,1300,1300,1400,1800,13000,25000,60448,0,1200,1240.9284527807924,245.47433300176635,24948.079582987702,304.1453149814717
1777028785,100,,Aggregated,81.700000,0.000000,1200,1300,1300,1300,1300,1300,1300,1400,1800,13000,25000,60533,0,1200,1240.8783311979473,245.47433300176635,24948.079582987702,304.14565608841457
1777028786,100,,Aggregated,82.100000,0.000000,1200,1300,1300,1300,1300,1300,1300,1400,1800,13000,25000,60614,0,1200,1240.843438586487,245.47433300176635,24948.079582987702,304.1453789553569
1777028787,100,,Aggregated,82.200000,0.000000,1200,1300,1300,1300,1300,1300,1300,1400,1800,13000,25000,60695,0,1200,1240.837838073899,245.47433300176635,24948.079582987702,304.14539912678146
1777028788,100,,Aggregated,82.100000,0.000000,1200,1300,1300,1300,1300,1300,1300,1400,1800,13000,25000,60780,0,1200,1240.7863632462027,245.47433300176635,24948.079582987702,304.1453438631129
1777028789,100,,Aggregated,81.800000,0.000000,1200,1300,1300,1300,1300,1300,1300,1400,1800,13000,25000,60862,0,1200,1240.7201617350747,245.47433300176635,24948.079582987702,304.14521376228186
1777028790,100,,Aggregated,82.000000,0.000000,1200,1300,1300,1300,1300,1300,1300,1400,1800,13000,25000,60944,0,1200,1240.6945699430314,245.47433300176635,24948.079582987702,304.14505119453923
1777028791,100,,Aggregated,81.900000,0.000000,1200,1300,1300,1300,1300,1300,1300,1400,1800,13000,25000,61028,0,1200,1240.6529392727468,245.47433300176635,24948.079582987702,304.14494985908107
1777028792,100,,Aggregated,81.900000,0.000000,1200,1300,1300,1300,1300,1300,1300,1400,1800,13000,25000,61109,0,1200,1240.6162769527925,245.47433300176635,24948.079582987702,304.1450031910193
1777028793,100,,Aggregated,82.100000,0.000000,1200,1300,1300,1300,1300,1300,1300,1400,1800,13000,25000,61193,0,1200,1240.5819834045265,245.47433300176635,24948.079582987702,304.145261712941
1777028794,100,,Aggregated,82.100000,0.000000,1200,1300,1300,1300,1300,1300,1300,1400,1800,13000,25000,61265,0,1200,1240.5525042739775,245.47433300176635,24948.079582987702,304.14512364318944
1777028795,100,,Aggregated,82.400000,0.000000,1200,1300,1300,1300,1300,1300,1300,1400,1800,13000,25000,61357,0,1200,1240.5983525516433,245.47433300176635,24948.079582987702,304.14503642616165
1777028796,100,,Aggregated,82.300000,0.000000,1200,1300,1300,1300,1300,1300,1300,1400,1800,13000,25000,61438,0,1200,1240.4897371571374,245.47433300176635,24948.079582987702,304.14518701780656
1777028797,100,,Aggregated,82.400000,0.000000,1200,1300,1300,1300,1300,1300,1300,1400,1800,13000,25000,61514,0,1200,1240.5183303400718,245.47433300176635,24948.079582987702,304.145040153461
1777028798,100,,Aggregated,82.200000,0.000000,1200,1300,1300,1300,1300,1300,1300,1400,1800,13000,25000,61593,0,1200,1240.5833683157373,245.47433300176635,24948.079582987702,304.1450651859789
1777028799,100,,Aggregated,82.000000,0.000000,1200,1300,1300,1300,1300,1300,1300,1400,1800,13000,25000,61670,0,1200,1240.6418167760855,245.47433300176635,24948.079582987702,304.1451272904167
1777028800,100,,Aggregated,81.200000,0.000000,1200,1300,1300,1300,1300,1300,1300,1400,1800,13000,25000,61748,0,1200,1240.705745360793,245.47433300176635,24948.079582987702,304.14517069378763
1777028801,100,,Aggregated,80.700000,0.000000,1200,1300,1300,1300,1300,1300,1300,1400,1800,13000,25000,61827,0,1200,1240.7396605959086,245.47433300176635,24948.079582987702,304.14522781309137
1777028802,100,,Aggregated,80.400000,0.000000,1200,1300,1300,1300,1300,1300,1300,1400,1800,13000,25000,61907,0,1200,1240.779242666406,245.47433300176635,24948.079582987702,304.1453955126238
1777028803,100,,Aggregated,80.000000,0.000000,1200,1300,1300,1300,1300,1300,1300,1400,1800,13000,25000,61988,0,1200,1240.784546711318,245.47433300176635,24948.079582987702,304.1454475059689
1777028804,100,,Aggregated,79.700000,0.000000,1200,1300,1300,1300,1300,1300,1300,1400,1800,13000,25000,62070,0,1200,1240.7818592482693,245.47433300176635,24948.079582987702,304.1454809086515
1777028805,100,,Aggregated,79.500000,0.000000,1200,1300,1300,1300,1300,1300,1300,1400,1800,13000,25000,62151,0,1200,1240.7757979711516,245.47433300176635,24948.079582987702,304.1455004746505
1777028806,100,,Aggregated,79.400000,0.000000,1200,1300,1300,1300,1300,1300,1300,1400,1800,13000,25000,62224,0,1200,1240.8147330282545,245.47433300176635,24948.079582987702,304.1453458472615
1777028807,100,,Aggregated,79.100000,0.000000,1200,1300,1300,1300,1300,1300,1300,1400,1800,13000,25000,62298,0,1200,1240.9922733533683,245.47433300176635,24948.079582987702,304.14514109602237
1777028808,100,,Aggregated,78.500000,0.000000,1200,1300,1300,1300,1300,1300,1300,1400,1800,13000,25000,62378,0,1200,1241.0593793770747,245.47433300176635,24948.079582987702,304.1450832024111
1777028809,100,,Aggregated,78.100000,0.000000,1200,1300,1300,1300,1300,1300,1300,1400,1800,13000,25000,62460,0,1200,1241.0502829809977,245.47433300176635,24948.079582987702,304.1450208133205
1777028810,100,,Aggregated,78.300000,0.000000,1200,1300,1300,1300,1300,1300,1300,1400,1800,13000,25000,62540,0,1200,1241.0357120454764,245.47433300176635,24948.079582987702,304.1451551007355
1777028811,100,,Aggregated,78.700000,0.000000,1200,1300,1300,1300,1300,1300,1300,1400,1800,13000,25000,62619,0,1200,1241.0641075098001,245.47433300176635,24948.079582987702,304.1449560037688
1777028812,100,,Aggregated,79.000000,0.000000,1200,1300,1300,1300,1300,1300,1300,1400,1800,13000,25000,62697,0,1200,1241.111239203839,245.47433300176635,24948.079582987702,304.14519035998535
1777028813,100,,Aggregated,78.700000,0.000000,1200,1300,1300,1300,1300,1300,1300,1400,1800,13000,25000,62774,0,1200,1241.1727163167398,245.47433300176635,24948.079582987702,304.1453149393061
1777028814,100,,Aggregated,78.800000,0.000000,1200,1300,1300,1300,1300,1300,1300,1400,1800,13000,25000,62856,0,1200,1241.2004095953625,245.47433300176635,24948.079582987702,304.1452208221968
1777028815,100,,Aggregated,78.400000,0.000000,1200,1300,1300,1300,1300,1300,1300,1400,1800,13000,25000,62936,0,1200,1241.1855084442648,245.47433300176635,24948.079582987702,304.1455129019957
1777028816,100,,Aggregated,78.300000,0.000000,1200,1300,1300,1300,1300,1300,1300,1400,1800,13000,25000,63014,0,1200,1241.2206849673935,245.47433300176635,24948.079582987702,304.14542800012697
1777028817,100,,Aggregated,78.500000,0.000000,1200,1300,1300,1300,1300,1300,1300,1400,1800,13000,25000,63095,0,1200,1241.2550983252602,245.47433300176635,24948.079582987702,304.1455424360092
1777028818,100,,Aggregated,78.800000,0.000000,1200,1300,1300,1300,1300,1300,1300,1400,1800,13000,25000,63175,0,1200,1241.2421230266139,245.47433300176635,24948.079582987702,304.14554808072813
1777028819,100,,Aggregated,79.400000,0.000000,1200,1300,1300,1300,1300,1300,1300,1400,1800,13000,25000,63255,0,1200,1241.2529685835502,245.47433300176635,24948.079582987702,304.1453007667378
1777028820,100,,Aggregated,79.700000,0.000000,1200,1300,1300,1300,1300,1300,1300,1400,1800,13000,25000,63335,0,1200,1241.2715010710745,245.47433300176635,24948.079582987702,304.1452119681061
1777028821,100,,Aggregated,79.400000,0.000000,1200,1300,1300,1300,1300,1300,1300,1400,1800,13000,25000,63417,0,1200,1241.2737218778627,245.47433300176635,24948.079582987702,304.1452134285759
1777028822,100,,Aggregated,79.200000,0.000000,1200,1300,1300,1300,1300,1300,1300,1400,1800,13000,25000,63498,0,1200,1241.2522781234768,245.47433300176635,24948.079582987702,304.14548489716213
1777028823,100,,Aggregated,79.700000,0.000000,1200,1300,1300,1300,1300,1300,1300,1400,1800,13000,25000,63573,0,1200,1241.2989885930729,245.47433300176635,24948.079582987702,304.1453919116606
1777028824,100,,Aggregated,79.900000,0.000000,1200,1300,1300,1300,1300,1300,1300,1400,1800,13000,25000,63650,0,1200,1241.4011301537225,245.47433300176635,24948.079582987702,304.1458915946583
1777028825,100,,Aggregated,79.800000,0.000000,1200,1300,1300,1300,1300,1300,1300,1400,1800,13000,25000,63730,0,1200,1241.4479007994275,245.47433300176635,24948.079582987702,304.14608504628904
1777028826,100,,Aggregated,79.400000,0.000000,1200,1300,1300,1300,1300,1300,1300,1400,1800,13000,25000,63810,0,1200,1241.463334558792,245.47433300176635,24948.079582987702,304.14615264065196
1777028827,100,,Aggregated,79.100000,0.000000,1200,1300,1300,1300,1300,1300,1300,1400,1800,13000,25000,63890,0,1200,1241.4601114510797,245.47433300176635,24948.079582987702,304.14606354672094
1777028828,100,,Aggregated,79.400000,0.000000,1200,1300,1300,1300,1300,1300,1300,1400,1800,13000,25000,63973,0,1200,1241.4478589395912,245.47433300176635,24948.079582987702,304.1461397777187
1777028829,100,,Aggregated,79.500000,0.000000,1200,1300,1300,1300,1300,1300,1300,1400,1800,13000,25000,64053,0,1200,1241.4245534580507,245.47433300176635,24948.079582987702,304.14611337486144
1777028830,100,,Aggregated,79.500000,0.000000,1200,1300,1300,1300,1300,1300,1300,1400,1800,13000,25000,64134,0,1200,1241.4347765444293,245.47433300176635,24948.079582987702,304.1461627218012
1777028831,100,,Aggregated,79.700000,0.000000,1200,1300,1300,1300,1300,1300,1300,1400,1800,13000,25000,64215,0,1200,1241.422754313999,245.47433300176635,24948.079582987702,304.1462119442498
1777028832,100,,Aggregated,79.700000,0.000000,1200,1300,1300,1300,1300,1300,1300,1400,1800,13000,25000,64295,0,1200,1241.4324349077904,245.47433300176635,24948.079582987702,304.1463099774477
1777028833,100,,Aggregated,79.800000,0.000000,1200,1300,1300,1300,1300,1300,1300,1400,1800,13000,25000,64375,0,1200,1241.4556449861814,245.47433300176635,24948.079582987702,304.1465941747573
1777028834,100,,Aggregated,79.500000,0.000000,1200,1300,1300,1300,1300,1300,1300,1400,1800,13000,25000,64454,0,1200,1241.4765435244108,245.47433300176635,24948.079582987702,304.14643001210163
1777028835,100,,Aggregated,79.900000,0.000000,1200,1300,1300,1300,1300,1300,1300,1400,1800,13000,25000,64534,0,1200,1241.4896364085198,245.47433300176635,24948.079582987702,304.14658939473765
1777028836,100,,Aggregated,80.200000,0.000000,1200,1300,1300,1300,1300,1300,1300,1400,1800,13000,25000,64614,0,1200,1241.5100792692374,245.47433300176635,24948.079582987702,304.1467793357477
1777028837,100,,Aggregated,80.300000,0.000000,1200,1300,1300,1300,1300,1300,1300,1400,1800,13000,25000,64688,0,1200,1241.7611312510282,245.47433300176635,24948.079582987702,304.1467041800643
1777028838,100,,Aggregated,80.300000,0.000000,1200,1300,1300,1300,1300,1300,1300,1400,1800,13000,25000,64768,0,1200,1241.444402333322,245.47433300176635,24948.079582987702,304.14658473320156
1777028839,100,,Aggregated,78.100000,0.000000,1200,1300,1300,1300,1300,1300,1300,1400,1800,13000,25000,64849,0,1200,1241.5986343768066,245.47433300176635,24948.079582987702,304.14678715169083
1777028840,100,,Aggregated,80.900000,0.000000,1200,1300,1300,1300,1300,1300,1300,1400,1800,13000,25000,64932,0,1200,1241.6287143485729,245.47433300176635,24948.079582987702,304.14664572167806
1777028841,100,,Aggregated,79.300000,0.000000,1200,1300,1300,1300,1300,1300,1300,1400,1800,13000,25000,65015,0,1200,1241.5989681451429,245.47433300176635,24948.079582987702,304.14684303622244
1777028842,100,,Aggregated,79.600000,0.000000,1200,1300,1300,1300,1300,1300,1300,1400,1800,13000,25000,65096,0,1200,1241.5660902526345,245.47433300176635,24948.079582987702,304.1468600221212
1777028843,100,,Aggregated,79.600000,0.000000,1200,1300,1300,1300,1300,1300,1300,1400,1800,13000,25000,65175,0,1200,1241.5666223993014,245.47433300176635,24948.079582987702,304.1466359800537
1777028844,100,,Aggregated,79.900000,0.000000,1200,1300,1300,1300,1300,1300,1300,1400,1800,13000,25000,65257,0,1200,1241.5849092977385,245.47433300176635,24948.079582987702,304.14666625802596
1777028845,100,,Aggregated,80.000000,0.000000,1200,1300,1300,1300,1300,1300,1300,1400,1800,13000,25000,65339,0,1200,1241.5666906588478,245.47433300176635,24948.079582987702,304.1467576791809
1777028846,100,,Aggregated,80.000000,0.000000,1200,1300,1300,1300,1300,1300,1300,1400,1800,13000,25000,65421,0,1200,1241.5344717509738,245.47433300176635,24948.079582987702,304.146696015041
1777028847,100,,Aggregated,80.200000,0.000000,1200,1300,1300,1300,1300,1300,1300,1400,1800,13000,25000,65499,0,1200,1241.5435257733602,245.47433300176635,24948.079582987702,304.1466129253882
1777028848,100,,Aggregated,80.500000,0.000000,1200,1300,1300,1300,1300,1300,1300,1400,1800,13000,25000,65578,0,1200,1241.5805020942105,245.47433300176635,24948.079582987702,304.14651254994055
1777028849,100,,Aggregated,82.400000,0.000000,1200,1300,1300,1300,1300,1300,1300,1400,1800,13000,25000,65659,0,1200,1241.5949550753014,245.47433300176635,24948.079582987702,304.14659071871336
1777028850,100,,Aggregated,79.200000,0.000000,1200,1300,1300,1300,1300,1300,1300,1400,1800,13000,25000,65740,0,1200,1241.5913491056908,245.47433300176635,24948.079582987702,304.14666869485853
1777028851,100,,Aggregated,80.800000,0.000000,1200,1300,1300,1300,1300,1300,1300,1400,1800,13000,25000,65823,0,1200,1241.5683814175297,245.47433300176635,24948.079582987702,304.1466812512344
1777028852,100,,Aggregated,80.700000,0.000000,1200,1300,1300,1300,1300,1300,1300,1400,1800,13000,25000,65901,0,1200,1241.5670288646004,245.47433300176635,24948.079582987702,304.14678077722647
1777028853,100,,Aggregated,80.600000,0.000000,1200,1300,1300,1300,1300,1300,1300,1400,1800,13000,25000,65980,0,1200,1241.6028470167637,245.47433300176635,24948.079582987702,304.1468020612307
1777028854,100,,Aggregated,80.400000,0.000000,1200,1300,1300,1300,1300,1300,1300,1400,1800,13000,25000,66060,0,1200,1241.6283673705886,245.47433300176635,24948.079582987702,304.1468362095065
1777028855,100,,Aggregated,80.200000,0.000000,1200,1300,1300,1300,1300,1300,1300,1400,1800,13000,25000,66139,0,1200,1241.6384949198523,245.47433300176635,24948.079582987702,304.1466457007212
1777028856,100,,Aggregated,80.300000,0.000000,1200,1300,1300,1300,1300,1300,1300,1400,1800,13000,25000,66221,0,1200,1241.6440238539622,245.47433300176635,24948.079582987702,304.14688693918845
1777028857,100,,Aggregated,80.000000,0.000000,1200,1300,1300,1300,1300,1300,1300,1400,1800,13000,25000,66304,0,1200,1241.6344317645276,245.47433300176635,24948.079582987702,304.1471102799228
1777028858,100,,Aggregated,79.800000,0.000000,1200,1300,1300,1300,1300,1300,1300,1400,1800,13000,25000,66383,0,1200,1241.6101727557716,245.47433300176635,24948.079582987702,304.1470406579998
1777028859,100,,Aggregated,80.100000,0.000000,1200,1300,1300,1300,1300,1300,1300,1400,1800,13000,25000,66460,0,1200,1241.639422947479,245.47433300176635,24948.079582987702,304.14706590430336
1777028860,100,,Aggregated,80.500000,0.000000,1200,1300,1300,1300,1300,1300,1300,1400,1800,13000,25000,66540,0,1200,1241.6877793809351,245.47433300176635,24948.079582987702,304.1473399458972
1777028861,100,,Aggregated,80.100000,0.000000,1200,1300,1300,1300,1300,1300,1300,1400,1800,13000,25000,66618,0,1200,1241.71636534122,245.47433300176635,24948.079582987702,304.14722747605754
1777028862,100,,Aggregated,79.900000,0.000000,1200,1300,1300,1300,1300,1300,1300,1400,1800,13000,25000,66695,0,1200,1241.7936110154203,245.47433300176635,24948.079582987702,304.1471624559562
1777028863,100,,Aggregated,79.600000,0.000000,1200,1300,1300,1300,1300,1300,1300,1400,1800,13000,25000,66776,0,1200,1241.8182079165324,245.47433300176635,24948.079582987702,304.14717862705163
1777028864,100,,Aggregated,79.200000,0.000000,1200,1300,1300,1300,1300,1300,1300,1400,1800,13000,25000,66857,0,1200,1241.810743681101,245.47433300176635,24948.079582987702,304.147224673557
1777028865,100,,Aggregated,79.400000,0.000000,1200,1300,1300,1300,1300,1300,1300,1400,1800,13000,25000,66933,0,1200,1241.871478034623,245.47433300176635,24948.079582987702,304.14726666965475
1777028866,100,,Aggregated,79.500000,0.000000,1200,1300,1300,1300,1300,1300,1300,1400,1800,13000,25000,67016,0,1200,1241.8860909621653,245.47433300176635,24948.079582987702,304.14724841828814
1777028867,100,,Aggregated,79.100000,0.000000,1200,1300,1300,1300,1300,1300,1300,1400,1800,13000,25000,67096,0,1200,1241.859896107837,245.47433300176635,24948.079582987702,304.14731131513054
1777028868,100,,Aggregated,79.300000,0.000000,1200,1300,1300,1300,1300,1300,1300,1400,1800,13000,25000,67177,0,1200,1241.8667671845774,245.47433300176635,24948.079582987702,304.14717834973277
1777028869,100,,Aggregated,79.200000,0.000000,1200,1300,1300,1300,1300,1300,1300,1400,1800,13000,25000,67259,0,1200,1241.8374685926542,245.47433300176635,24948.079582987702,304.1472070652255
1777028870,100,,Aggregated,79.000000,0.000000,1200,1300,1300,1300,1300,1300,1300,1400,1800,13000,25000,67339,0,1200,1241.8327023801105,245.47433300176635,24948.079582987702,304.1472103832846
1777028871,100,,Aggregated,79.700000,0.000000,1200,1300,1300,1300,1300,1300,1300,1400,1800,13000,25000,67420,0,1200,1241.8375694649094,245.47433300176635,24948.079582987702,304.1469296944527
1777028872,100,,Aggregated,79.700000,0.000000,1200,1300,1300,1300,1300,1300,1300,1400,1800,13000,25000,67502,0,1200,1241.8137258313857,245.47433300176635,24948.079582987702,304.147047494889
1777028873,100,,Aggregated,79.900000,0.000000,1200,1300,1300,1300,1300,1300,1300,1400,1800,13000,25000,67582,0,1200,1241.830226576976,245.47433300176635,24948.079582987702,304.1469622088722
1777028874,100,,Aggregated,80.600000,0.000000,1200,1300,1300,1300,1300,1300,1300,1400,1800,13000,25000,67652,0,1200,1241.833447517284,245.47433300176635,24948.079582987702,304.1471057766215
1777028875,100,,Aggregated,80.400000,0.000000,1200,1300,1300,1300,1300,1300,1300,1400,1800,13000,25000,67746,0,1200,1241.8667730693803,245.47433300176635,24948.079582987702,304.14728544858735
1777028876,100,,Aggregated,80.500000,0.000000,1200,1300,1300,1300,1300,1300,1300,1400,1800,13000,25000,67826,0,1200,1241.786897677797,245.47433300176635,24948.079582987702,304.1474655736738
1777028877,100,,Aggregated,81.200000,0.000000,1200,1300,1300,1300,1300,1300,1300,1400,1800,13000,25000,67905,0,1200,1241.807862543456,245.47433300176635,24948.079582987702,304.14766217509754
1777028878,100,,Aggregated,80.900000,0.000000,1200,1300,1300,1300,1300,1300,1300,1400,1800,13000,25000,67983,0,1200,1241.8446283043452,245.47433300176635,24948.079582987702,304.14752217466133
1777028879,100,,Aggregated,80.800000,0.000000,1200,1300,1300,1300,1300,1300,1300,1400,1800,13000,25000,68060,0,1200,1241.894649003501,245.47433300176635,24948.079582987702,304.14763444019985
1777028880,100,,Aggregated,80.600000,0.000000,1200,1300,1300,1300,1300,1300,1300,1400,1800,13000,25000,68141,0,1200,1241.9322793993538,245.47433300176635,24948.079582987702,304.1477964808265
1777028881,100,,Aggregated,80.000000,0.000000,1200,1300,1300,1300,1300,1300,1300,1400,1800,13000,25000,68220,0,1200,1241.950559820659,245.47433300176635,24948.079582987702,304.1477279390208
1777028882,100,,Aggregated,80.000000,0.000000,1200,1300,1300,1300,1300,1300,1300,1400,1800,13000,25000,68300,0,1200,1241.9666500946603,245.47433300176635,24948.079582987702,304.14778916544657
1777028883,100,,Aggregated,79.800000,0.000000,1200,1300,1300,1300,1300,1300,1300,1400,1800,13000,25000,68382,0,1200,1241.9552509664143,245.47433300176635,24948.079582987702,304.1479336667544
1777028884,100,,Aggregated,79.600000,0.000000,1200,1300,1300,1300,1300,1300,1300,1400,1800,13000,25000,68462,0,1200,1241.9456239124809,245.47433300176635,24948.079582987702,304.14779001489876
1777028885,100,,Aggregated,79.900000,0.000000,1200,1300,1300,1300,1300,1300,1300,1400,1800,13000,25000,68545,0,1200,1241.9329103831403,245.47433300176635,24948.079582987702,304.1478298927712
1777028886,100,,Aggregated,79.700000,0.000000,1200,1300,1300,1300,1300,1300,1300,1400,1800,13000,25000,68624,0,1200,1241.9853033439517,245.47433300176635,24948.079582987702,304.147645138727
1777028887,100,,Aggregated,79.700000,0.000000,1200,1300,1300,1300,1300,1300,1300,1400,1800,13000,25000,68705,0,1200,1241.9297323134756,245.47433300176635,24948.079582987702,304.1475147369187
1777028888,100,,Aggregated,79.100000,0.000000,1200,1300,1300,1300,1300,1300,1300,1400,1800,13000,25000,68787,0,1200,1241.9104272084887,245.47433300176635,24948.079582987702,304.14754241353745
1777028889,100,,Aggregated,79.900000,0.000000,1200,1300,1300,1300,1300,1300,1300,1400,1800,13000,25000,68866,0,1200,1241.933827384767,245.47433300176635,24948.079582987702,304.1475328899602
1777028890,100,,Aggregated,80.200000,0.000000,1200,1300,1300,1300,1300,1300,1300,1400,1800,13000,25000,68948,0,1200,1241.929166787107,245.47433300176635,24948.079582987702,304.1474154435227
1777028891,100,,Aggregated,80.000000,0.000000,1200,1300,1300,1300,1300,1300,1300,1400,1800,13000,25000,69028,0,1200,1241.9200753820699,245.47433300176635,24948.079582987702,304.147331517645
1777028892,100,,Aggregated,80.600000,0.000000,1200,1300,1300,1300,1300,1300,1300,1400,1800,13000,25000,69106,0,1200,1241.9507133482132,245.47433300176635,24948.079582987702,304.14751251700284
1777028893,100,,Aggregated,80.600000,0.000000,1200,1300,1300,1300,1300,1300,1300,1400,1800,13000,25000,69184,0,1200,1241.9919418726251,245.47433300176635,24948.079582987702,304.1476063829787
1777028894,100,,Aggregated,80.500000,0.000000,1200,1300,1300,1300,1300,1300,1300,1400,1800,13000,25000,69260,0,1200,1242.0470840199634,245.47433300176635,24948.079582987702,304.1474732890557
1777028895,100,,Aggregated,80.100000,0.000000,1200,1300,1300,1300,1300,1300,1300,1400,1800,13000,25000,69337,0,1200,1242.1150000483383,245.47433300176635,24948.079582987702,304.1474970073698
1777028896,100,,Aggregated,79.800000,0.000000,1200,1300,1300,1300,1300,1300,1300,1400,1800,13000,25000,69415,0,1200,1242.193331306556,245.47433300176635,24948.079582987702,304.14730245624145
1777028897,100,,Aggregated,79.300000,0.000000,1200,1300,1300,1300,1300,1300,1300,1400,1800,13000,25000,69487,0,1200,1242.2427170444482,245.47433300176635,24948.079582987702,304.14738008548363
1777028898,100,,Aggregated,79.400000,0.000000,1200,1300,1300,1300,1300,1300,1300,1400,1800,13000,25000,69571,0,1200,1242.3008494161004,245.47433300176635,24948.079582987702,304.14743211970506
1777028899,100,,Aggregated,78.700000,0.000000,1200,1300,1300,1300,1300,1300,1300,1400,1800,13000,25000,69646,0,1200,1242.3420197106304,245.47433300176635,24948.079582987702,304.1472302788387
1777028900,100,,Aggregated,78.500000,0.000000,1200,1300,1300,1300,1300,1300,1300,1400,1800,13000,25000,69724,0,1200,1242.414655438681,245.47433300176635,24948.079582987702,304.14718031094026
1777028901,100,,Aggregated,78.400000,0.000000,1200,1300,1300,1300,1300,1300,1300,1400,1800,13000,25000,69807,0,1200,1242.434695708319,245.47433300176635,24948.079582987702,304.14707694070796
1777028902,100,,Aggregated,77.500000,0.000000,1200,1300,1300,1300,1300,1300,1300,1400,1800,13000,25000,69886,0,1200,1242.4330134817064,245.47433300176635,24948.079582987702,304.14692499213004
1777028903,100,,Aggregated,77.700000,0.000000,1200,1300,1300,1300,1300,1300,1300,1400,1800,13000,25000,69967,0,1200,1242.4322320549054,245.47433300176635,24948.079582987702,304.1469121157117
1777028904,100,,Aggregated,77.800000,0.000000,1200,1300,1300,1300,1300,1300,1300,1400,1800,8900,25000,70046,0,1200,1242.4501857127677,245.47433300176635,24948.079582987702,304.14670359478055
1777028905,100,,Aggregated,78.100000,0.000000,1200,1300,1300,1300,1300,1300,1300,1400,1800,8900,25000,70125,0,1200,1242.4831274922428,245.47433300176635,24948.079582987702,304.1467807486631
1777028906,100,,Aggregated,78.200000,0.000000,1200,1300,1300,1300,1300,1300,1300,1400,1800,8900,25000,70203,0,1200,1242.5227533298944,245.47433300176635,24948.079582987702,304.147016509266
1777028907,100,,Aggregated,78.400000,0.000000,1200,1300,1300,1300,1300,1300,1300,1400,1800,8900,25000,70281,0,1200,1242.5627844168635,245.47433300176635,24948.079582987702,304.14682488866123
1777028908,100,,Aggregated,78.700000,0.000000,1200,1300,1300,1300,1300,1300,1300,1400,1800,8900,25000,70360,0,1200,1242.5939381066735,245.47433300176635,24948.079582987702,304.1468732234224
1777028909,100,,Aggregated,78.500000,0.000000,1200,1300,1300,1300,1300,1300,1300,1400,1800,8900,25000,70439,0,1200,1242.632678753581,245.47433300176635,24948.079582987702,304.14683626968014
1777028910,100,,Aggregated,78.600000,0.000000,1200,1300,1300,1300,1300,1300,1300,1400,1800,8900,25000,70518,0,1200,1242.6546174584419,245.47433300176635,24948.079582987702,304.14694120650046
1777028911,100,,Aggregated,78.800000,0.000000,1200,1300,1300,1300,1300,1300,1300,1400,1800,8900,25000,70597,0,1200,1242.694960038705,245.47433300176635,24948.079582987702,304.1469325892035
1777028912,100,,Aggregated,79.200000,0.000000,1200,1300,1300,1300,1300,1300,1300,1400,1800,8900,25000,70676,0,1200,1242.7193414245776,245.47433300176635,24948.079582987702,304.14698058746956
1777028913,100,,Aggregated,78.900000,0.000000,1200,1300,1300,1300,1300,1300,1300,1400,1800,8900,25000,70754,0,1200,1242.7570017764294,245.47433300176635,24948.079582987702,304.1473273595839
1777028914,100,,Aggregated,78.900000,0.000000,1200,1300,1300,1300,1300,1300,1300,1400,1800,8900,25000,70835,0,1200,1242.7775406846272,245.47433300176635,24948.079582987702,304.14737065010235
1777028915,100,,Aggregated,78.500000,0.000000,1200,1300,1300,1300,1300,1300,1300,1400,1800,8900,25000,70915,0,1200,1242.7726606244735,245.47433300176635,24948.079582987702,304.1474582246351
1777028916,100,,Aggregated,78.700000,0.000000,1200,1300,1300,1300,1300,1300,1300,1400,1800,8900,25000,70993,0,1200,1242.7898575126485,245.47433300176635,24948.079582987702,304.1476906173848
1777028917,100,,Aggregated,78.800000,0.000000,1200,1300,1300,1300,1300,1300,1300,1400,1800,8900,25000,71070,0,1200,1242.8533931033835,245.47433300176635,24948.079582987702,304.14765723934147
1777028918,100,,Aggregated,79.000000,0.000000,1200,1300,1300,1300,1300,1300,1300,1400,1800,8900,25000,71147,0,1200,1242.9127571914405,245.47433300176635,24948.079582987702,304.147792598423
1777028919,100,,Aggregated,78.800000,0.000000,1200,1300,1300,1300,1300,1300,1300,1400,1800,8900,25000,71221,0,1200,1242.9821298969741,245.47433300176635,24948.079582987702,304.14769520225775
1777028920,100,,Aggregated,78.500000,0.000000,1200,1300,1300,1300,1300,1300,1300,1400,1800,8900,25000,71295,0,1200,1243.1099717333248,245.47433300176635,24948.079582987702,304.1475699558174
1777028921,100,,Aggregated,78.500000,0.000000,1200,1300,1300,1300,1300,1300,1300,1400,1800,8900,25000,71374,0,1200,1243.1896091477342,245.47433300176635,24948.079582987702,304.14761677921933
1777028922,100,,Aggregated,77.600000,0.000000,1200,1300,1300,1300,1300,1300,1300,1400,1800,8900,25000,71451,0,1200,1243.2289698945626,245.47433300176635,24948.079582987702,304.14758365873115
1777028923,100,,Aggregated,77.500000,0.000000,1200,1300,1300,1300,1300,1300,1300,1400,1800,8900,25000,71530,0,1200,1243.2703442567097,245.47433300176635,24948.079582987702,304.1477422060674
1777028924,100,,Aggregated,77.400000,0.000000,1200,1300,1300,1300,1300,1300,1300,1400,1800,8900,25000,71609,0,1200,1243.3027462674454,245.47433300176635,24948.079582987702,304.1476490385287
1777028925,100,,Aggregated,77.500000,0.000000,1200,1300,1300,1300,1300,1300,1300,1400,1800,8900,25000,71690,0,1200,1243.318941809687,245.47433300176635,24948.079582987702,304.1478309387641
