Timestamp,User Count,Type,Name,Requests/s,Failures/s,50%,66%,75%,80%,90%,95%,98%,99%,99.9%,99.99%,100%,Total Request Count,Total Failure Count,Total Median Response Time,Total Average Response Time,Total Min Response Time,Total Max Response Time,Total Average Content Size
1777052012,0,,Aggregated,0.000000,0.000000,N/A,N/A,N/A,N/A,N/A,N/A,N/A,N/A,N/A,N/A,N/A,0,0,0,0.0,0,0,0
1777052013,10,,Aggregated,0.000000,0.000000,N/A,N/A,N/A,N/A,N/A,N/A,N/A,N/A,N/A,N/A,N/A,0,0,0,0.0,0,0,0
1777052014,20,,Aggregated,0.000000,0.000000,N/A,N/A,N/A,N/A,N/A,N/A,N/A,N/A,N/A,N/A,N/A,0,0,0,0.0,0,0,0
1777052015,30,,Aggregated,0.000000,0.000000,N/A,N/A,N/A,N/A,N/A,N/A,N/A,N/A,N/A,N/A,N/A,0,0,0,0.0,0,0,0
1777052016,40,,Aggregated,0.000000,0.000000,N/A,N/A,N/A,N/A,N/A,N/A,N/A,N/A,N/A,N/A,N/A,0,0,0,0.0,0,0,0
1777052017,50,,Aggregated,0.000000,0.000000,N/A,N/A,N/A,N/A,N/A,N/A,N/A,N/A,N/A,N/A,N/A,0,0,0,0.0,0,0,0
1777052018,60,,Aggregated,0.000000,0.000000,N/A,N/A,N/A,N/A,N/A,N/A,N/A,N/A,N/A,N/A,N/A,0,0,0,0.0,0,0,0
1777052019,70,,Aggregated,0.000000,0.000000,N/A,N/A,N/A,N/A,N/A,N/A,N/A,N/A,N/A,N/A,N/A,0,0,0,0.0,0,0,0
1777052020,80,,Aggregated,0.000000,0.000000,N/A,N/A,N/A,N/A,N/A,N/A,N/A,N/A,N/A,N/A,N/A,0,0,0,0.0,0,0,0
1777052021,90,,Aggregated,0.000000,0.000000,N/A,N/A,N/A,N/A,N/A,N/A,N/A,N/A,N/A,N/A,N/A,0,0,0,0.0,0,0,0
1777052022,100,,Aggregated,0.000000,0.000000,N/A,N/A,N/A,N/A,N/A,N/A,N/A,N/A,N/A,N/A,N/A,0,0,0,0.0,0,0,0
1777052023,100,,Aggregated,0.000000,0.000000,N/A,N/A,N/A,N/A,N/A,N/A,N/A,N/A,N/A,N/A,N/A,0,0,0,0.0,0,0,0
1777052024,100,,Aggregated,0.000000,0.000000,N/A,N/A,N/A,N/A,N/A,N/A,N/A,N/A,N/A,N/A,N/A,0,0,0,0.0,0,0,0
1777052025,100,,Aggregated,0.000000,0.000000,3800,3800,3800,3800,3800,3800,3800,3800,3800,3800,3800,2,0,3815.6434999837074,3815.768770495197,3815.6434999837074,3815.894041006686,0.0
1777052026,100,,Aggregated,0.000000,0.000000,8900,10000,11000,12000,12000,13000,13000,14000,14000,14000,14000,79,0,8900,8944.479087567697,3815.6434999837074,13738.840291975066,0.0
1777052027,100,,Aggregated,0.000000,0.000000,7900,9700,11000,12000,13000,14000,14000,14000,14000,14000,14000,124,0,7900,7689.585616280496,928.9160830085166,14461.543833982432,0.0
1777052028,100,,Aggregated,6.800000,0.000000,1400,6400,8600,9400,12000,13000,14000,14000,14000,14000,14000,238,0,1400,4595.554000712215,760.9806249965914,14461.543833982432,0.0
1777052029,100,,Aggregated,6.800000,0.000000,1400,1700,6700,7900,11000,13000,14000,14000,14000,14000,14000,311,0,1400,3777.6924340952587,737.4027500045486,14461.543833982432,0.0
1777052030,100,,Aggregated,12.400000,0.000000,1200,1400,1700,6200,9700,12000,14000,14000,14000,14000,14000,421,0,1200,3055.9521650138086,635.9329169790726,14461.543833982432,0.0
1777052031,100,,Aggregated,31.100000,0.000000,1200,1300,1400,1700,9200,12000,13000,14000,14000,14000,14000,501,0,1200,2744.92240779798,635.9329169790726,14461.543833982432,0.0
1777052032,100,,Aggregated,42.100000,0.000000,1200,1400,1500,1700,8700,12000,13000,14000,14000,14000,14000,565,0,1200,2587.053808578356,635.9329169790726,14461.543833982432,0.0
1777052033,100,,Aggregated,42.100000,0.000000,1200,1400,1600,1700,7900,11000,13000,14000,14000,14000,14000,623,0,1200,2502.914105895081,635.9329169790726,14461.543833982432,0.0
1777052034,100,,Aggregated,56.300000,0.000000,1200,1500,1700,1800,7200,11000,13000,14000,14000,14000,14000,681,0,1200,2442.271548544112,635.9329169790726,14461.543833982432,0.0
1777052035,100,,Aggregated,56.300000,0.000000,1300,1600,1700,1800,6900,11000,13000,14000,14000,14000,14000,739,0,1300,2381.261953789535,635.9329169790726,14461.543833982432,0.0
1777052036,100,,Aggregated,67.100000,0.000000,1400,1600,1700,1900,6700,10000,13000,14000,14000,14000,14000,770,0,1400,2367.1983014823577,635.9329169790726,14461.543833982432,0.0
1777052037,100,,Aggregated,67.100000,0.000000,1400,1700,1800,2200,6400,10000,13000,14000,14000,14000,14000,800,0,1400,2373.15213939557,635.9329169790726,14461.543833982432,0.0
1777052038,100,,Aggregated,69.500000,0.000000,1400,1700,1900,2300,6200,9900,12000,14000,14000,14000,14000,824,0,1400,2391.5396487408216,635.9329169790726,14461.543833982432,0.0
1777052039,100,,Aggregated,69.500000,0.000000,1400,1700,2100,2400,6200,9700,12000,14000,14000,14000,14000,843,0,1400,2420.400499185559,635.9329169790726,14461.543833982432,0.0
1777052040,100,,Aggregated,60.200000,0.000000,1400,1700,2300,2600,5700,9700,12000,14000,14000,14000,14000,861,0,1400,2452.1045679215426,635.9329169790726,14461.543833982432,0.0
1777052041,100,,Aggregated,60.200000,0.000000,1500,1800,2300,2900,5700,9700,12000,14000,14000,14000,14000,881,0,1500,2496.817482621272,635.9329169790726,14461.543833982432,0.0
1777052042,100,,Aggregated,43.700000,0.000000,1500,1800,2500,3300,5200,9700,12000,14000,14000,14000,14000,906,0,1500,2558.943706100743,635.9329169790726,14461.543833982432,0.0
1777052043,100,,Aggregated,39.600000,0.000000,1500,1800,2600,3700,5200,9600,12000,14000,14000,14000,14000,922,0,1500,2604.1781609027116,635.9329169790726,14461.543833982432,0.0
1777052044,100,,Aggregated,33.900000,0.000000,1500,1900,2900,3800,5400,9400,12000,14000,14000,14000,14000,941,0,1500,2657.3924565370207,635.9329169790726,14461.543833982432,0.0
1777052045,100,,Aggregated,29.800000,0.000000,1500,2100,3200,4200,5400,9400,12000,14000,14000,14000,14000,959,0,1500,2708.5711755916063,635.9329169790726,14461.543833982432,0.0
1777052046,100,,Aggregated,29.800000,0.000000,1600,2300,3700,4500,5400,9200,12000,14000,14000,14000,14000,975,0,1600,2746.7724724096624,635.9329169790726,14461.543833982432,0.0
1777052047,100,,Aggregated,21.600000,0.000000,1600,2300,3800,4600,5500,9200,12000,14000,14000,14000,14000,992,0,1600,2791.163010600147,635.9329169790726,14461.543833982432,0.0
1777052048,100,,Aggregated,21.200000,0.000000,1600,2500,4300,5000,5500,8900,12000,13000,14000,14000,14000,1030,0,1600,2876.2034737168774,635.9329169790726,14461.543833982432,0.0
1777052049,100,,Aggregated,19.000000,0.000000,1700,2600,4400,5000,5500,8900,12000,13000,14000,14000,14000,1045,0,1700,2901.0760416003827,635.9329169790726,14461.543833982432,0.0
1777052050,100,,Aggregated,19.200000,0.000000,1700,3100,4500,4900,5500,8900,12000,13000,14000,14000,14000,1079,0,1700,2945.9868165472017,635.9329169790726,14461.543833982432,0.0
1777052051,100,,Aggregated,19.700000,0.000000,1700,3300,4400,4800,5400,8700,12000,13000,14000,14000,14000,1119,0,1700,2969.5880694945927,635.9329169790726,14461.543833982432,0.0
1777052052,100,,Aggregated,21.200000,0.000000,1700,3400,4300,4800,5400,8700,12000,13000,14000,14000,14000,1137,0,1700,2975.964390954644,635.9329169790726,14461.543833982432,0.0
1777052053,100,,Aggregated,22.600000,0.000000,1800,3400,4300,4800,5400,8700,12000,13000,14000,14000,14000,1164,0,1800,2980.6667373415066,635.9329169790726,14461.543833982432,0.0
1777052054,100,,Aggregated,23.100000,0.000000,1800,3400,4300,4700,5400,8600,12000,13000,14000,14000,14000,1182,0,1800,2990.2109298997884,635.9329169790726,14461.543833982432,0.0
1777052055,100,,Aggregated,24.100000,0.000000,1800,3600,4300,4700,5400,7900,12000,13000,14000,14000,14000,1204,0,1800,3006.039250287813,635.9329169790726,14461.543833982432,0.0
1777052056,100,,Aggregated,23.900000,0.000000,1800,3600,4300,4700,5400,7900,12000,13000,14000,14000,14000,1225,0,1800,3032.6248595375832,635.9329169790726,14461.543833982432,0.0
1777052057,100,,Aggregated,23.900000,0.000000,1900,3700,4400,4700,5400,7900,12000,13000,14000,14000,14000,1242,0,1900,3055.0913692443532,635.9329169790726,14461.543833982432,0.0
1777052058,100,,Aggregated,24.500000,0.000000,2100,3800,4500,4800,5400,7900,12000,13000,14000,14000,14000,1264,0,2100,3088.8242098303463,635.9329169790726,14461.543833982432,0.0
1777052059,100,,Aggregated,25.200000,0.000000,2100,3800,4500,4900,5400,7900,12000,13000,14000,14000,14000,1279,0,2100,3112.838972483616,635.9329169790726,14461.543833982432,0.0
1777052060,100,,Aggregated,24.200000,0.000000,2300,3800,4600,4900,5400,7600,12000,13000,14000,14000,14000,1291,0,2300,3134.552932396228,635.9329169790726,14461.543833982432,0.0
1777052061,100,,Aggregated,24.200000,0.000000,2300,3800,4600,4900,5400,7600,12000,13000,14000,14000,14000,1298,0,2300,3150.6853534079764,635.9329169790726,14461.543833982432,0.0
1777052062,100,,Aggregated,21.600000,0.000000,2300,3800,4700,5000,5500,7500,12000,13000,14000,14000,14000,1311,0,2300,3184.112403488635,635.9329169790726,14461.543833982432,0.0
1777052063,100,,Aggregated,19.100000,0.000000,2300,3900,4700,5000,5500,7400,12000,13000,14000,14000,14000,1323,0,2300,3218.6917866716935,635.9329169790726,14461.543833982432,0.0
1777052064,100,,Aggregated,17.400000,0.000000,2300,4000,4800,5000,5700,7500,12000,13000,14000,14000,14000,1336,0,2300,3259.1104421292202,635.9329169790726,14461.543833982432,0.0
1777052065,100,,Aggregated,15.500000,0.000000,2500,4100,4900,5100,6400,7900,12000,13000,14000,14000,14000,1352,0,2400,3311.5051366025787,635.9329169790726,14461.543833982432,0.0
1777052066,100,,Aggregated,15.600000,0.000000,2500,4300,4900,5100,6700,7900,12000,13000,14000,14000,14000,1371,0,2500,3373.1286865563115,635.9329169790726,14461.543833982432,0.0
1777052067,100,,Aggregated,14.500000,0.000000,2600,4300,4900,5200,7000,7900,12000,13000,14000,14000,14000,1389,0,2600,3425.4487705908723,635.9329169790726,14461.543833982432,0.0
1777052068,100,,Aggregated,14.500000,0.000000,2800,4400,5000,5300,7000,7900,12000,13000,14000,14000,14000,1417,0,2800,3480.1692018191675,635.9329169790726,14461.543833982432,0.0
1777052069,100,,Aggregated,14.500000,0.000000,3000,4500,5000,5300,7000,7900,12000,13000,14000,14000,14000,1438,0,3000,3501.495634141664,635.9329169790726,14461.543833982432,0.0
1777052070,100,,Aggregated,15.100000,0.000000,3200,4400,5000,5300,6900,7900,11000,13000,14000,14000,14000,1477,0,3200,3518.0925997932936,635.9329169790726,14461.543833982432,0.0
1777052071,100,,Aggregated,16.500000,0.000000,3200,4400,5000,5200,6900,7900,11000,13000,14000,14000,14000,1491,0,3200,3520.5626075738815,635.9329169790726,14461.543833982432,0.0
1777052072,100,,Aggregated,18.000000,0.000000,3300,4400,5000,5200,6900,7800,11000,13000,14000,14000,14000,1512,0,3300,3527.4568619487964,635.9329169790726,14461.543833982432,0.0
1777052073,100,,Aggregated,18.800000,0.000000,3300,4400,4900,5200,6800,7700,11000,13000,14000,14000,14000,1534,0,3300,3540.0489811613666,635.9329169790726,14461.543833982432,0.0
1777052074,100,,Aggregated,20.100000,0.000000,3400,4400,4900,5200,6800,7700,11000,13000,14000,14000,14000,1557,0,3400,3554.3122644358145,635.9329169790726,14461.543833982432,0.0
1777052075,100,,Aggregated,20.400000,0.000000,3500,4500,4900,5100,6700,7700,11000,13000,14000,14000,14000,1583,0,3500,3575.1261831816387,635.9329169790726,14461.543833982432,0.0
1777052076,100,,Aggregated,21.900000,0.000000,3600,4500,4900,5100,6700,7700,11000,13000,14000,14000,14000,1600,0,3600,3588.1502169403407,635.9329169790726,14461.543833982432,0.0
1777052077,100,,Aggregated,22.800000,0.000000,3600,4500,4900,5100,6600,7700,11000,12000,14000,14000,14000,1617,0,3600,3600.873666164198,635.9329169790726,14461.543833982432,0.0
1777052078,100,,Aggregated,22.000000,0.000000,3700,4500,4900,5100,6600,7700,11000,12000,14000,14000,14000,1636,0,3600,3611.34209832119,635.9329169790726,14461.543833982432,0.0
1777052079,100,,Aggregated,22.700000,0.000000,3700,4600,4900,5100,6600,7700,11000,12000,14000,14000,14000,1662,0,3700,3629.1765033961738,635.9329169790726,14461.543833982432,0.0
1777052080,100,,Aggregated,22.800000,0.000000,3800,4600,4900,5100,6500,7700,11000,12000,14000,14000,14000,1684,0,3700,3645.5068216166624,635.9329169790726,14461.543833982432,0.0
1777052081,100,,Aggregated,21.500000,0.000000,3800,4600,4900,5100,6500,7700,11000,12000,14000,14000,14000,1698,0,3800,3654.143465117483,635.9329169790726,14461.543833982432,0.0
1777052082,100,,Aggregated,20.900000,0.000000,3800,4600,4900,5100,6500,7600,11000,12000,14000,14000,14000,1715,0,3800,3668.8931439845405,635.9329169790726,14461.543833982432,0.0
1777052083,100,,Aggregated,21.000000,0.000000,3800,4700,5000,5100,6500,7600,11000,12000,14000,14000,14000,1741,0,3800,3693.327380466105,635.9329169790726,14461.543833982432,0.0
1777052084,100,,Aggregated,20.600000,0.000000,3800,4700,5000,5100,6500,7600,11000,12000,14000,14000,14000,1757,0,3800,3705.552188824981,635.9329169790726,14461.543833982432,0.0
1777052085,100,,Aggregated,21.200000,0.000000,3900,4700,5000,5200,6400,7600,11000,12000,14000,14000,14000,1780,0,3900,3725.4908395940956,635.9329169790726,14461.543833982432,0.0
1777052086,100,,Aggregated,20.100000,0.000000,3900,4700,5000,5200,6400,7600,11000,12000,14000,14000,14000,1803,0,3900,3743.4503286541717,635.9329169790726,14461.543833982432,0.0
1777052087,100,,Aggregated,19.600000,0.000000,4000,4700,5000,5200,6400,7600,11000,12000,14000,14000,14000,1814,0,4000,3752.0564550145755,635.9329169790726,14461.543833982432,0.0
1777052088,100,,Aggregated,19.600000,0.000000,4000,4700,5000,5200,6300,7600,11000,12000,14000,14000,14000,1832,0,4000,3761.9139501809063,635.9329169790726,14461.543833982432,0.0
1777052089,100,,Aggregated,20.300000,0.000000,4000,4800,5100,5200,6300,7600,11000,12000,14000,14000,14000,1845,0,4000,3772.276940663127,635.9329169790726,14461.543833982432,0.0
1777052090,100,,Aggregated,19.800000,0.000000,4100,4800,5100,5300,6200,7600,10000,12000,14000,14000,14000,1870,0,4100,3795.701380871878,635.9329169790726,14461.543833982432,0.0
1777052091,100,,Aggregated,19.200000,0.000000,4100,4800,5100,5300,6200,7600,10000,12000,14000,14000,14000,1886,0,4100,3813.024700413243,635.9329169790726,14461.543833982432,0.0
1777052092,100,,Aggregated,19.000000,0.000000,4100,4900,5100,5300,6200,7600,10000,12000,14000,14000,14000,1898,0,4100,3826.1117536118577,635.9329169790726,14461.543833982432,0.0
1777052093,100,,Aggregated,17.600000,0.000000,4100,4900,5100,5300,6200,7600,10000,12000,14000,14000,14000,1913,0,4100,3844.491395899804,635.9329169790726,14461.543833982432,0.0
1777052094,100,,Aggregated,17.800000,0.000000,4200,4900,5100,5300,6400,7600,10000,12000,14000,14000,14000,1920,0,4200,3854.4076144215705,635.9329169790726,14461.543833982432,0.0
1777052095,100,,Aggregated,16.900000,0.000000,4200,4900,5200,5400,6500,7600,10000,12000,14000,14000,14000,1937,0,4200,3881.4551826827114,635.9329169790726,14461.543833982432,0.0
1777052096,100,,Aggregated,16.700000,0.000000,4300,4900,5200,5400,6600,7600,10000,12000,14000,14000,14000,1959,0,4300,3913.259595850114,635.9329169790726,14461.543833982432,0.0
1777052097,100,,Aggregated,16.500000,0.000000,4300,4900,5200,5400,6600,7600,10000,12000,14000,14000,14000,1977,0,4300,3936.4837958701596,635.9329169790726,14461.543833982432,0.0
1777052098,100,,Aggregated,15.600000,0.000000,4400,4900,5300,5500,6600,7600,10000,12000,14000,14000,14000,1997,0,4400,3960.2919079320327,635.9329169790726,14461.543833982432,0.0
1777052099,100,,Aggregated,16.500000,0.000000,4400,5000,5300,5500,6600,7500,9900,12000,14000,14000,14000,2012,0,4400,3975.9235205294713,635.9329169790726,14461.543833982432,0.0
1777052100,100,,Aggregated,15.600000,0.000000,4400,5000,5300,5500,6600,7500,9900,12000,14000,14000,14000,2021,0,4400,3984.4693717077203,635.9329169790726,14461.543833982432,0.0
1777052101,100,,Aggregated,16.000000,0.000000,4400,5000,5300,5500,6600,7500,9900,12000,14000,14000,14000,2036,0,4400,3999.422215378859,635.9329169790726,14461.543833982432,0.0
1777052102,100,,Aggregated,15.100000,0.000000,4400,5000,5400,5700,6600,7500,9900,12000,14000,14000,14000,2057,0,4400,4020.2661065519205,635.9329169790726,14461.543833982432,0.0
1777052103,100,,Aggregated,15.600000,0.000000,4400,5000,5400,5700,6600,7500,9900,12000,14000,14000,14000,2075,0,4400,4041.0901960483566,635.9329169790726,14461.543833982432,0.0
1777052104,100,,Aggregated,15.400000,0.000000,4500,5100,5400,5800,6600,7500,9900,12000,14000,14000,14000,2097,0,4500,4063.205289286299,635.9329169790726,14461.543833982432,0.0
1777052105,100,,Aggregated,15.900000,0.000000,4500,5100,5400,5800,6600,7500,9700,12000,14000,14000,14000,2115,0,4500,4078.239803097621,635.9329169790726,14461.543833982432,0.0
1777052106,100,,Aggregated,16.600000,0.000000,4500,5100,5400,5800,6600,7500,9700,12000,14000,14000,14000,2141,0,4500,4091.0814947508125,635.9329169790726,14461.543833982432,0.0
1777052107,100,,Aggregated,17.000000,0.000000,4500,5100,5400,5800,6600,7500,9700,12000,14000,14000,14000,2173,0,4500,4091.803404036145,635.9329169790726,14461.543833982432,0.0
1777052108,100,,Aggregated,18.700000,0.000000,4400,5000,5400,5700,6500,7500,9700,12000,14000,14000,14000,2207,0,4400,4086.547426337824,635.9329169790726,14461.543833982432,0.0
1777052109,100,,Aggregated,19.300000,0.000000,4400,5000,5400,5700,6500,7500,9700,12000,14000,14000,14000,2234,0,4400,4078.54888999979,635.9329169790726,14461.543833982432,0.0
1777052110,100,,Aggregated,20.200000,0.000000,4400,5000,5400,5700,6500,7500,9700,12000,14000,14000,14000,2260,0,4400,4072.0695878360966,635.9329169790726,14461.543833982432,0.0
1777052111,100,,Aggregated,22.000000,0.000000,4400,5000,5400,5700,6500,7500,9700,12000,14000,14000,14000,2284,0,4400,4068.3250620308677,635.9329169790726,14461.543833982432,0.0
1777052112,100,,Aggregated,23.200000,0.000000,4400,5000,5400,5700,6500,7500,9600,12000,14000,14000,14000,2320,0,4400,4061.5486791536628,635.9329169790726,14461.543833982432,0.0
1777052113,100,,Aggregated,23.800000,0.000000,4300,5000,5300,5700,6500,7500,9600,12000,14000,14000,14000,2330,0,4300,4060.7917144366825,635.9329169790726,14461.543833982432,0.0
1777052114,100,,Aggregated,26.000000,0.000000,4300,5000,5300,5600,6500,7400,9400,12000,14000,14000,14000,2365,0,4300,4057.846273489434,635.9329169790726,14461.543833982432,0.0
1777052115,100,,Aggregated,26.300000,0.000000,4300,4900,5300,5600,6500,7400,9400,12000,14000,14000,14000,2379,0,4300,4056.831676637013,635.9329169790726,14461.543833982432,0.0
1777052116,100,,Aggregated,27.100000,0.000000,4200,4900,5300,5600,6500,7400,9200,12000,14000,14000,14000,2405,0,4200,4057.723979736137,635.9329169790726,14461.543833982432,0.0
1777052117,100,,Aggregated,26.800000,0.000000,4300,4900,5300,5600,6500,7400,9200,12000,14000,14000,14000,2424,0,4300,4061.3600814489837,635.9329169790726,14461.543833982432,0.0
1777052118,100,,Aggregated,26.300000,0.000000,4300,4900,5300,5600,6500,7400,9200,12000,14000,14000,14000,2440,0,4300,4064.9741118579377,635.9329169790726,14461.543833982432,0.0
1777052119,100,,Aggregated,25.300000,0.000000,4300,4900,5300,5500,6500,7400,9200,12000,14000,14000,14000,2455,0,4300,4070.8724745329805,635.9329169790726,14461.543833982432,0.0
1777052120,100,,Aggregated,24.000000,0.000000,4300,4900,5300,5600,6500,7400,9200,12000,14000,14000,14000,2475,0,4300,4082.4495813040494,635.9329169790726,14461.543833982432,0.0
1777052121,100,,Aggregated,22.400000,0.000000,4400,4900,5300,5600,6400,7400,9200,12000,14000,14000,14000,2485,0,4400,4088.696622191358,635.9329169790726,14461.543833982432,0.0
1777052122,100,,Aggregated,21.700000,0.000000,4400,5000,5300,5600,6400,7400,9200,12000,14000,14000,14000,2496,0,4400,4097.755181081933,635.9329169790726,14461.543833982432,0.0
1777052123,100,,Aggregated,21.500000,0.000000,4400,5000,5400,5700,6500,7400,9200,12000,14000,14000,14000,2520,0,4400,4120.116044618852,635.9329169790726,14461.543833982432,0.0
1777052124,100,,Aggregated,18.600000,0.000000,4400,5000,5400,5700,6500,7400,9200,12000,14000,14000,14000,2528,0,4400,4127.371037324568,635.9329169790726,14461.543833982432,0.0
1777052125,100,,Aggregated,18.300000,0.000000,4400,5000,5400,5700,6500,7400,9200,12000,14000,14000,14000,2545,0,4400,4143.130596571561,635.9329169790726,14461.543833982432,0.0
1777052126,100,,Aggregated,16.700000,0.000000,4400,5000,5400,5800,6500,7400,8900,12000,14000,14000,14000,2557,0,4400,4155.803065516079,635.9329169790726,14461.543833982432,0.0
1777052127,100,,Aggregated,16.800000,0.000000,4400,5000,5400,5800,6500,7400,8900,12000,14000,14000,14000,2565,0,4400,4165.544361803365,635.9329169790726,14461.543833982432,0.0
1777052128,100,,Aggregated,15.900000,0.000000,4400,5000,5400,5800,6500,7400,8900,12000,14000,14000,14000,2572,0,4400,4174.449293718782,635.9329169790726,14461.543833982432,0.0
1777052129,100,,Aggregated,14.700000,0.000000,4400,5100,5400,5900,6600,7500,8900,12000,14000,14000,14000,2585,0,4400,4194.059963646318,635.9329169790726,14461.543833982432,0.0
1777052130,100,,Aggregated,13.900000,0.000000,4400,5100,5500,5900,6600,7600,8900,12000,14000,14000,14000,2600,0,4400,4215.925169945616,635.9329169790726,14461.543833982432,0.0
1777052131,100,,Aggregated,13.200000,0.000000,4400,5100,5500,6000,6700,7600,8900,12000,14000,14000,14000,2622,0,4400,4247.141959121501,635.9329169790726,14461.543833982432,0.0
1777052132,100,,Aggregated,12.700000,0.000000,4500,5100,5600,6000,6900,7700,8900,12000,14000,14000,14000,2650,0,4500,4280.113588845891,635.9329169790726,14461.543833982432,0.0
1777052133,100,,Aggregated,11.900000,0.000000,4500,5100,5600,6000,6900,7700,8900,12000,14000,14000,14000,2673,0,4500,4294.629697261011,635.9329169790726,14461.543833982432,0.0
1777052134,100,,Aggregated,13.600000,0.000000,4500,5100,5600,6000,6900,7700,8900,12000,14000,14000,14000,2687,0,4500,4297.206988674598,635.9329169790726,14461.543833982432,0.0
1777052135,100,,Aggregated,15.300000,0.000000,4500,5100,5600,6000,6800,7600,8700,12000,14000,14000,14000,2715,0,4500,4298.090606731722,635.9329169790726,14461.543833982432,0.0
1777052136,100,,Aggregated,16.300000,0.000000,4500,5100,5500,6000,6800,7600,8700,12000,14000,14000,14000,2744,0,4500,4295.897423493642,635.9329169790726,14461.543833982432,0.0
1777052137,100,,Aggregated,16.300000,0.000000,4500,5100,5500,6000,6800,7600,8700,12000,14000,14000,14000,2748,0,4500,4295.949280107174,635.9329169790726,14461.543833982432,0.0
1777052138,100,,Aggregated,17.600000,0.000000,4500,5100,5500,6000,6800,7600,8700,12000,14000,14000,14000,2773,0,4500,4301.173049594842,635.9329169790726,14461.543833982432,0.0
1777052139,100,,Aggregated,18.600000,0.000000,4500,5100,5500,6000,6800,7600,8700,12000,14000,14000,14000,2810,0,4500,4305.231748630769,635.9329169790726,14461.543833982432,0.0
1777052140,100,,Aggregated,19.900000,0.000000,4500,5100,5500,5900,6800,7600,8700,12000,14000,14000,14000,2835,0,4500,4306.283400523995,635.9329169790726,14461.543833982432,0.0
1777052141,100,,Aggregated,20.700000,0.000000,4500,5100,5500,5900,6800,7600,8700,12000,14000,14000,14000,2860,0,4500,4303.597099353678,635.9329169790726,14461.543833982432,0.0
1777052142,100,,Aggregated,23.000000,0.000000,4400,5100,5400,5900,6700,7600,8700,12000,14000,14000,14000,2899,0,4400,4292.114230031892,635.9329169790726,14461.543833982432,0.0
1777052143,100,,Aggregated,24.500000,0.000000,4400,5100,5400,5900,6700,7600,8700,11000,14000,14000,14000,2926,0,4400,4285.446730202808,635.9329169790726,14461.543833982432,0.0
1777052144,100,,Aggregated,24.500000,0.000000,4400,5000,5400,5900,6700,7600,8600,11000,14000,14000,14000,2960,0,4400,4274.295589017009,635.9329169790726,14461.543833982432,0.0
1777052145,100,,Aggregated,23.900000,0.000000,4400,5000,5400,5800,6700,7600,8600,11000,14000,14000,14000,2997,0,4400,4260.586245604409,635.9329169790726,14461.543833982432,0.0
1777052146,100,,Aggregated,24.000000,0.000000,4400,5000,5400,5800,6700,7600,8400,11000,14000,14000,14000,3011,0,4400,4256.207796327283,635.9329169790726,14461.543833982432,0.0
1777052147,100,,Aggregated,25.900000,0.000000,4400,5000,5400,5800,6700,7600,8200,11000,14000,14000,14000,3051,0,4400,4241.574998521631,635.9329169790726,14461.543833982432,0.0
1777052148,100,,Aggregated,27.100000,0.000000,4400,5000,5400,5800,6700,7600,8200,11000,14000,14000,14000,3070,0,4400,4235.294988771867,635.9329169790726,14461.543833982432,0.0
1777052149,100,,Aggregated,28.700000,0.000000,4300,4900,5400,5700,6700,7600,8200,11000,14000,14000,14000,3130,0,4300,4210.786354575893,635.9329169790726,14461.543833982432,0.0
1777052150,100,,Aggregated,29.000000,0.000000,4300,4900,5300,5700,6600,7600,8200,11000,14000,14000,14000,3176,0,4300,4184.7714308449395,635.9329169790726,14461.543833982432,0.0
1777052151,100,,Aggregated,31.100000,0.000000,4200,4900,5300,5700,6600,7600,8200,11000,14000,14000,14000,3238,0,4200,4145.194518732428,635.9329169790726,14461.543833982432,0.0
1777052152,100,,Aggregated,31.800000,0.000000,4100,4900,5300,5700,6600,7500,8200,11000,14000,14000,14000,3275,0,4100,4122.729856382177,635.9329169790726,14461.543833982432,0.0
1777052153,100,,Aggregated,34.500000,0.000000,4100,4900,5300,5600,6600,7500,8200,11000,14000,14000,14000,3327,0,4100,4090.558875520818,635.9329169790726,14461.543833982432,0.0
1777052154,100,,Aggregated,36.800000,0.000000,4000,4900,5200,5600,6500,7500,8200,11000,14000,14000,14000,3397,0,4000,4042.5924429101806,635.9329169790726,14461.543833982432,0.0
1777052155,100,,Aggregated,37.600000,0.000000,4000,4800,5200,5500,6500,7500,8200,11000,14000,14000,14000,3457,0,4000,4001.277231179308,635.9329169790726,14461.543833982432,0.0
1777052156,100,,Aggregated,43.000000,0.000000,3900,4800,5200,5500,6500,7500,8200,11000,14000,14000,14000,3504,0,3900,3971.398731991697,635.9329169790726,14461.543833982432,0.0
1777052157,100,,Aggregated,43.100000,0.000000,3900,4800,5200,5500,6500,7500,8200,11000,14000,14000,14000,3567,0,3900,3933.2565644846827,635.9329169790726,14461.543833982432,0.0
1777052158,100,,Aggregated,45.700000,0.000000,3800,4700,5200,5400,6500,7500,8200,11000,14000,14000,14000,3609,0,3800,3905.7004281362597,635.9329169790726,14461.543833982432,0.0
1777052159,100,,Aggregated,47.600000,0.000000,3800,4700,5100,5400,6500,7500,8200,11000,14000,14000,14000,3669,0,3800,3871.3361329435315,635.9329169790726,14461.543833982432,0.0
1777052160,100,,Aggregated,54.200000,0.000000,3800,4700,5100,5400,6500,7500,8200,10000,14000,14000,14000,3713,0,3800,3849.781568548604,635.9329169790726,14461.543833982432,0.0
1777052161,100,,Aggregated,52.500000,0.000000,3700,4700,5100,5400,6500,7500,8200,10000,14000,14000,14000,3777,0,3700,3817.1822617301805,635.9329169790726,14461.543833982432,0.0
1777052162,100,,Aggregated,55.000000,0.000000,3700,4700,5100,5400,6500,7500,8100,10000,14000,14000,14000,3812,0,3700,3801.7429652344945,635.9329169790726,14461.543833982432,0.0
1777052163,100,,Aggregated,54.500000,0.000000,3700,4600,5100,5400,6400,7400,8100,10000,14000,14000,14000,3870,0,3700,3776.1020566147504,635.9329169790726,14461.543833982432,0.0
1777052164,100,,Aggregated,53.600000,0.000000,3700,4600,5100,5400,6400,7400,8100,10000,14000,14000,14000,3910,0,3700,3759.6859721261135,635.9329169790726,14461.543833982432,0.0
1777052165,100,,Aggregated,55.000000,0.000000,3600,4600,5100,5300,6400,7400,8100,10000,14000,14000,14000,3969,0,3600,3734.8610870619746,635.9329169790726,14461.543833982432,0.0
1777052166,100,,Aggregated,51.900000,0.000000,3600,4600,5000,5300,6400,7400,8100,9900,14000,14000,14000,4010,0,3600,3718.317202516645,635.9329169790726,14461.543833982432,0.0
1777052167,100,,Aggregated,52.200000,0.000000,3600,4600,5000,5300,6400,7300,8100,9900,14000,14000,14000,4061,0,3600,3695.4519060090283,635.9329169790726,14461.543833982432,0.0
1777052168,100,,Aggregated,52.200000,0.000000,3500,4500,5000,5300,6400,7300,8100,9900,14000,14000,14000,4097,0,3500,3681.39680871434,635.9329169790726,14461.543833982432,0.0
1777052169,100,,Aggregated,52.600000,0.000000,3500,4500,5000,5300,6400,7300,8100,9900,14000,14000,14000,4124,0,3500,3674.119374739232,635.9329169790726,14461.543833982432,0.0
1777052170,100,,Aggregated,46.700000,0.000000,3500,4500,5000,5300,6400,7200,8100,9900,14000,14000,14000,4144,0,3500,3671.999439582916,635.9329169790726,14461.543833982432,0.0
1777052171,100,,Aggregated,47.600000,0.000000,3500,4500,5000,5300,6400,7200,8100,9900,14000,14000,14000,4165,0,3500,3673.010568208753,635.9329169790726,14461.543833982432,0.0
1777052172,100,,Aggregated,43.400000,0.000000,3500,4500,5000,5300,6400,7200,8100,9900,14000,14000,14000,4180,0,3500,3674.0003151831233,635.9329169790726,14461.543833982432,0.0
1777052173,100,,Aggregated,40.900000,0.000000,3500,4500,5000,5300,6300,7200,8100,9700,14000,14000,14000,4209,0,3500,3678.321517553686,635.9329169790726,14461.543833982432,0.0
1777052174,100,,Aggregated,39.500000,0.000000,3600,4500,5000,5200,6300,7200,8100,9700,14000,14000,14000,4228,0,3600,3682.0995671928863,635.9329169790726,14461.543833982432,0.0
1777052175,100,,Aggregated,36.700000,0.000000,3600,4500,4900,5200,6300,7200,8100,9700,14000,14000,14000,4256,0,3600,3686.7524326657885,635.9329169790726,14461.543833982432,0.0
1777052176,100,,Aggregated,34.200000,0.000000,3600,4500,4900,5200,6300,7200,8100,9700,14000,14000,14000,4273,0,3600,3690.433854924555,635.9329169790726,14461.543833982432,0.0
1777052177,100,,Aggregated,31.700000,0.000000,3600,4500,4900,5200,6300,7200,8100,9700,14000,14000,14000,4285,0,3600,3693.4210849497445,635.9329169790726,14461.543833982432,0.0
1777052178,100,,Aggregated,28.400000,0.000000,3600,4500,4900,5200,6300,7200,8100,9700,14000,14000,14000,4297,0,3600,3697.898621986419,635.9329169790726,14461.543833982432,0.0
1777052179,100,,Aggregated,24.000000,0.000000,3600,4500,5000,5300,6300,7200,8100,9700,14000,14000,14000,4312,0,3600,3705.157991788662,635.9329169790726,14461.543833982432,0.0
1777052180,100,,Aggregated,22.300000,0.000000,3600,4600,5000,5300,6300,7200,8100,9700,14000,14000,14000,4327,0,3600,3713.4645644427446,635.9329169790726,14461.543833982432,0.0
1777052181,100,,Aggregated,19.800000,0.000000,3700,4600,5000,5300,6300,7200,8100,9700,14000,14000,14000,4351,0,3700,3727.7059738402163,635.9329169790726,14461.543833982432,0.0
1777052182,100,,Aggregated,18.800000,0.000000,3700,4600,5000,5400,6300,7200,8100,9700,14000,14000,14000,4375,0,3700,3741.0149241741146,635.9329169790726,14461.543833982432,0.0
1777052183,100,,Aggregated,18.300000,0.000000,3700,4600,5100,5400,6300,7200,8100,9700,14000,14000,14000,4399,0,3700,3750.1737963579835,635.9329169790726,14461.543833982432,0.0
1777052184,100,,Aggregated,17.900000,0.000000,3700,4600,5000,5400,6300,7200,8100,9700,14000,14000,14000,4444,0,3700,3752.349493167367,635.9329169790726,14461.543833982432,0.0
1777052185,100,,Aggregated,17.900000,0.000000,3700,4600,5000,5400,6300,7200,8100,9700,14000,14000,14000,4447,0,3700,3752.0479389405828,635.9329169790726,14461.543833982432,0.0
1777052186,100,,Aggregated,19.100000,0.000000,3700,4600,5000,5300,6300,7100,8000,9700,14000,14000,14000,4521,0,3700,3741.0017791521336,635.9329169790726,14461.543833982432,0.0
1777052187,100,,Aggregated,20.800000,0.000000,3600,4600,5000,5300,6300,7100,8000,9700,14000,14000,14000,4554,0,3600,3732.169001428141,635.9329169790726,14461.543833982432,0.0
1777052188,100,,Aggregated,21.900000,0.000000,3600,4600,5000,5300,6300,7100,8000,9700,14000,14000,14000,4582,0,3600,3724.4371561289286,635.9329169790726,14461.543833982432,0.0
1777052189,100,,Aggregated,25.300000,0.000000,3600,4500,5000,5300,6300,7100,8000,9600,14000,14000,14000,4610,0,3600,3720.6146408277104,635.9329169790726,14461.543833982432,0.0
1777052190,100,,Aggregated,26.500000,0.000000,3600,4500,5000,5300,6300,7100,8000,9600,14000,14000,14000,4644,0,3600,3717.1552611091083,635.9329169790726,14461.543833982432,0.0
1777052191,100,,Aggregated,28.400000,0.000000,3500,4500,5000,5300,6300,7100,7900,9600,14000,14000,14000,4670,0,3500,3714.089356506143,635.9329169790726,14461.543833982432,0.0
1777052192,100,,Aggregated,31.200000,0.000000,3500,4500,4900,5300,6300,7100,7900,9600,14000,14000,14000,4697,0,3500,3712.329567208783,635.9329169790726,14461.543833982432,0.0
1777052193,100,,Aggregated,32.500000,0.000000,3600,4500,4900,5200,6300,7000,7900,9400,14000,14000,14000,4724,0,3500,3712.847845023004,635.9329169790726,14461.543833982432,0.0
1777052194,100,,Aggregated,31.900000,0.000000,3600,4500,4900,5200,6300,7000,7900,9400,14000,14000,14000,4739,0,3600,3713.414143800539,635.9329169790726,14461.543833982432,0.0
1777052195,100,,Aggregated,32.500000,0.000000,3600,4500,4900,5200,6300,7000,7900,9400,14000,14000,14000,4756,0,3600,3715.8768575510585,635.9329169790726,14461.543833982432,0.0
1777052196,100,,Aggregated,31.600000,0.000000,3600,4500,4900,5200,6300,7000,7900,9400,14000,14000,14000,4771,0,3600,3719.4148952638575,635.9329169790726,14461.543833982432,0.0
1777052197,100,,Aggregated,29.400000,0.000000,3600,4500,4900,5200,6300,7000,7900,9400,14000,14000,14000,4783,0,3600,3723.062047305417,635.9329169790726,14461.543833982432,0.0
1777052198,100,,Aggregated,27.700000,0.000000,3600,4500,5000,5300,6300,7000,7900,9200,14000,14000,14000,4808,0,3600,3731.6423431110215,635.9329169790726,14461.543833982432,0.0
1777052199,100,,Aggregated,24.100000,0.000000,3600,4500,5000,5300,6300,7000,7900,9200,14000,14000,14000,4823,0,3600,3737.4533697928086,635.9329169790726,14461.543833982432,0.0
1777052200,100,,Aggregated,23.000000,0.000000,3600,4600,5000,5300,6200,7000,7900,9200,14000,14000,14000,4853,0,3600,3748.7293350186847,635.9329169790726,14461.543833982432,0.0
1777052201,100,,Aggregated,22.700000,0.000000,3700,4600,5000,5300,6200,7000,7900,9200,14000,14000,14000,4889,0,3700,3754.4605928721085,635.9329169790726,14461.543833982432,0.0
1777052202,100,,Aggregated,20.400000,0.000000,3600,4600,5000,5300,6200,7000,7900,9200,14000,14000,14000,4931,0,3600,3751.4969327997737,635.9329169790726,14461.543833982432,0.0
1777052203,100,,Aggregated,20.100000,0.000000,3600,4500,5000,5300,6200,7000,7900,9200,14000,14000,14000,4979,0,3600,3741.266538790038,635.9329169790726,14461.543833982432,0.0
1777052204,100,,Aggregated,22.300000,0.000000,3600,4500,5000,5300,6200,6900,7900,9200,14000,14000,14000,5021,0,3600,3728.5589930819933,635.9329169790726,14461.543833982432,0.0
1777052205,100,,Aggregated,22.900000,0.000000,3600,4500,4900,5200,6200,6900,7900,9200,14000,14000,14000,5078,0,3600,3709.1282023069475,635.9329169790726,14461.543833982432,0.0
1777052206,100,,Aggregated,25.500000,0.000000,3500,4500,4900,5200,6200,6900,7900,8900,14000,14000,14000,5115,0,3500,3697.2289869383267,635.9329169790726,14461.543833982432,0.0
1777052207,100,,Aggregated,28.000000,0.000000,3500,4400,4900,5200,6200,6900,7900,8900,14000,14000,14000,5143,0,3500,3689.475762076331,635.9329169790726,14461.543833982432,0.0
1777052208,100,,Aggregated,31.900000,0.000000,3500,4400,4900,5200,6200,6900,7900,8900,14000,14000,14000,5175,0,3500,3682.795418201057,635.9329169790726,14461.543833982432,0.0
1777052209,100,,Aggregated,34.400000,0.000000,3500,4400,4900,5200,6100,6900,7900,8900,14000,14000,14000,5203,0,3500,3679.6836770581126,635.9329169790726,14461.543833982432,0.0
1777052210,100,,Aggregated,36.500000,0.000000,3500,4400,4900,5200,6100,6900,7900,8900,14000,14000,14000,5224,0,3500,3679.713809977284,635.9329169790726,14461.543833982432,0.0
1777052211,100,,Aggregated,36.600000,0.000000,3500,4400,4900,5200,6100,6900,7900,8900,14000,14000,14000,5249,0,3500,3680.1333068581275,635.9329169790726,14461.543833982432,0.0
1777052212,100,,Aggregated,37.500000,0.000000,3500,4400,4900,5200,6100,6900,7900,8900,14000,14000,14000,5273,0,3500,3682.750790131639,635.9329169790726,14461.543833982432,0.0
1777052213,100,,Aggregated,37.700000,0.000000,3500,4400,4900,5200,6100,6900,7900,8900,14000,14000,14000,5294,0,3500,3684.823960991341,635.9329169790726,14461.543833982432,0.0
1777052214,100,,Aggregated,35.600000,0.000000,3500,4400,4900,5200,6100,6900,7900,8900,14000,14000,14000,5315,0,3500,3688.016372544345,635.9329169790726,14461.543833982432,0.0
1777052215,100,,Aggregated,34.300000,0.000000,3500,4400,4900,5200,6100,6900,7900,8900,14000,14000,14000,5326,0,3500,3689.5202333030693,635.9329169790726,14461.543833982432,0.0
1777052216,100,,Aggregated,31.800000,0.000000,3600,4400,4900,5200,6100,6900,7900,8900,14000,14000,14000,5355,0,3600,3695.366069676046,635.9329169790726,14461.543833982432,0.0
1777052217,100,,Aggregated,29.600000,0.000000,3600,4400,4900,5200,6100,6900,7900,8900,14000,14000,14000,5378,0,3600,3699.7362520197494,635.9329169790726,14461.543833982432,0.0
1777052218,100,,Aggregated,24.800000,0.000000,3600,4400,4900,5200,6100,6900,7900,8900,14000,14000,14000,5389,0,3600,3702.122024082251,635.9329169790726,14461.543833982432,0.0
1777052219,100,,Aggregated,24.400000,0.000000,3600,4500,4900,5200,6100,6900,7900,8700,14000,14000,14000,5410,0,3600,3707.029925813913,635.9329169790726,14461.543833982432,0.0
1777052220,100,,Aggregated,22.800000,0.000000,3600,4500,4900,5200,6100,6800,7900,8700,14000,14000,14000,5425,0,3600,3711.2547539143407,635.9329169790726,14461.543833982432,0.0
1777052221,100,,Aggregated,21.400000,0.000000,3600,4500,4900,5200,6100,6800,7900,8700,14000,14000,14000,5440,0,3600,3716.9539053667863,635.9329169790726,14461.543833982432,0.0
1777052222,100,,Aggregated,20.900000,0.000000,3600,4500,4900,5200,6100,6800,7900,8700,14000,14000,14000,5456,0,3600,3723.743678058541,635.9329169790726,14461.543833982432,0.0
1777052223,100,,Aggregated,19.500000,0.000000,3600,4500,4900,5200,6100,6800,7900,8700,14000,14000,14000,5474,0,3600,3731.718587121919,635.9329169790726,14461.543833982432,0.0
1777052224,100,,Aggregated,19.100000,0.000000,3600,4500,4900,5200,6100,6800,7900,8700,14000,14000,14000,5481,0,3600,3734.9302028729,635.9329169790726,14461.543833982432,0.0
1777052225,100,,Aggregated,18.300000,0.000000,3700,4500,5000,5300,6200,6800,7900,8700,14000,14000,14000,5516,0,3700,3750.056049143096,635.9329169790726,14461.543833982432,0.0
1777052226,100,,Aggregated,17.700000,0.000000,3700,4600,5000,5300,6100,6800,7900,8700,14000,14000,14000,5537,0,3700,3756.235058672092,635.9329169790726,14461.543833982432,0.0
1777052227,100,,Aggregated,16.400000,0.000000,3700,4600,5000,5300,6100,6800,7900,8700,14000,14000,14000,5550,0,3700,3759.1920349083557,635.9329169790726,14461.543833982432,0.0
1777052228,100,,Aggregated,19.000000,0.000000,3700,4600,5000,5300,6100,6800,7900,8700,14000,14000,14000,5566,0,3700,3763.2605080311437,635.9329169790726,14461.543833982432,0.0
1777052229,100,,Aggregated,17.800000,0.000000,3700,4600,5000,5300,6100,6800,7900,8700,14000,14000,14000,5591,0,3700,3769.3338045956466,635.9329169790726,14461.543833982432,0.0
1777052230,100,,Aggregated,17.200000,0.000000,3700,4600,5000,5300,6100,6800,7900,8700,14000,14000,14000,5604,0,3700,3772.779552610141,635.9329169790726,14461.543833982432,0.0
1777052231,100,,Aggregated,17.700000,0.000000,3700,4600,5000,5300,6100,6800,7900,8700,14000,14000,14000,5620,0,3700,3778.742011534922,635.9329169790726,14461.543833982432,0.0
1777052232,100,,Aggregated,17.900000,0.000000,3700,4600,5000,5300,6100,6800,7900,8700,14000,14000,14000,5633,0,3700,3784.2557155439845,635.9329169790726,14461.543833982432,0.0
1777052234,100,,Aggregated,17.900000,0.000000,3700,4600,5100,5300,6200,6800,7900,8700,14000,14000,14000,5645,0,3700,3789.8706917020813,635.9329169790726,14461.543833982432,0.0
1777052235,100,,Aggregated,18.000000,0.000000,3700,4600,5100,5300,6200,6800,7900,8700,14000,14000,14000,5665,0,3700,3798.9562962106297,635.9329169790726,14461.543833982432,0.0
1777052236,100,,Aggregated,17.600000,0.000000,3700,4600,5100,5400,6200,6800,7900,8700,14000,14000,14000,5684,0,3700,3807.371749456053,635.9329169790726,14461.543833982432,0.0
1777052237,100,,Aggregated,17.100000,0.000000,3700,4600,5100,5400,6200,6800,7900,8700,14000,14000,14000,5700,0,3700,3814.8422239309216,635.9329169790726,14461.543833982432,0.0
1777052238,100,,Aggregated,18.400000,0.000000,3800,4600,5100,5400,6200,6800,7800,8700,14000,14000,14000,5721,0,3800,3823.626395412905,635.9329169790726,14461.543833982432,0.0
1777052239,100,,Aggregated,16.800000,0.000000,3800,4700,5100,5400,6200,6800,7800,8700,14000,14000,14000,5738,0,3800,3829.1233695882383,635.9329169790726,14461.543833982432,0.0
1777052240,100,,Aggregated,16.300000,0.000000,3800,4700,5100,5400,6200,6800,7800,8700,14000,14000,14000,5751,0,3800,3832.3651304173645,635.9329169790726,14461.543833982432,0.0
1777052241,100,,Aggregated,17.100000,0.000000,3800,4700,5100,5400,6200,6800,7800,8700,14000,14000,14000,5778,0,3800,3840.181187302941,635.9329169790726,14461.543833982432,0.0
1777052242,100,,Aggregated,17.200000,0.000000,3800,4700,5100,5400,6200,6800,7800,8700,14000,14000,14000,5792,0,3800,3843.9898189717464,635.9329169790726,14461.543833982432,0.0
1777052243,100,,Aggregated,16.000000,0.000000,3800,4700,5100,5400,6200,6800,7800,8700,14000,14000,14000,5801,0,3800,3846.6607417301175,635.9329169790726,14461.543833982432,0.0
1777052244,100,,Aggregated,17.400000,0.000000,3800,4700,5100,5400,6200,6800,7800,8700,14000,14000,14000,5819,0,3800,3852.8537843674862,635.9329169790726,14461.543833982432,0.0
1777052245,100,,Aggregated,17.200000,0.000000,3800,4700,5100,5400,6200,6800,7800,8700,14000,14000,14000,5832,0,3800,3857.763264500586,635.9329169790726,14461.543833982432,0.0
1777052246,100,,Aggregated,17.400000,0.000000,3800,4700,5200,5500,6200,6800,7800,8700,14000,14000,14000,5845,0,3800,3863.691456669534,635.9329169790726,14461.543833982432,0.0
1777052247,100,,Aggregated,17.400000,0.000000,3800,4700,5200,5500,6300,6800,7800,8700,14000,14000,14000,5852,0,3800,3867.7081369375337,635.9329169790726,14461.543833982432,0.0
1777052248,100,,Aggregated,16.700000,0.000000,3800,4700,5200,5500,6300,6800,7800,8700,14000,14000,14000,5854,0,3800,3868.64484684702,635.9329169790726,14461.543833982432,0.0
1777052249,100,,Aggregated,15.500000,0.000000,3800,4700,5200,5500,6300,6900,7800,8700,14000,14000,14000,5867,0,3800,3877.544152645034,635.9329169790726,14461.543833982432,0.0
1777052250,100,,Aggregated,13.300000,0.000000,3800,4700,5200,5500,6300,6900,7900,9000,14000,14000,14000,5878,0,3800,3887.2235042578113,635.9329169790726,14461.543833982432,0.0
1777052251,100,,Aggregated,13.300000,0.000000,3800,4700,5200,5500,6300,6900,7900,9000,14000,14000,14000,5879,0,3800,3888.1251608808357,635.9329169790726,14461.543833982432,0.0
1777052252,100,,Aggregated,12.500000,0.000000,3800,4700,5200,5500,6300,7000,8000,9400,14000,14000,14000,5890,0,3800,3899.370051886147,635.9329169790726,14461.543833982432,0.0
1777052253,100,,Aggregated,10.100000,0.000000,3800,4700,5200,5500,6300,7000,8100,9800,14000,14000,14000,5900,0,3800,3910.4326753649907,635.9329169790726,14461.543833982432,0.0
1777052254,100,,Aggregated,9.500000,0.000000,3800,4700,5200,5500,6300,7100,8200,10000,14000,14000,14000,5909,0,3800,3920.6476556289313,635.9329169790726,14461.543833982432,0.0
1777052255,100,,Aggregated,9.500000,0.000000,3800,4700,5200,5500,6300,7100,8200,10000,14000,14000,14000,5918,0,3800,3930.9744391945605,635.9329169790726,14461.543833982432,0.0
1777052256,100,,Aggregated,9.700000,0.000000,3800,4800,5200,5500,6400,7200,8700,11000,14000,14000,14000,5931,0,3800,3947.118134840561,635.9329169790726,14461.543833982432,0.0
1777052257,100,,Aggregated,8.800000,0.000000,3800,4800,5200,5600,6400,7200,8900,11000,14000,14000,14000,5935,0,3800,3952.1174019709097,635.9329169790726,14461.543833982432,0.0
1777052258,100,,Aggregated,9.200000,0.000000,3800,4800,5200,5600,6400,7500,9700,11000,14000,14000,14000,5961,0,3800,3982.0837735472946,635.9329169790726,14461.543833982432,0.0
1777052259,100,,Aggregated,9.200000,0.000000,3800,4800,5300,5600,6400,7500,9800,11000,14000,14000,14000,5976,0,3800,3995.493805741873,635.9329169790726,14461.543833982432,0.0
1777052260,100,,Aggregated,10.600000,0.000000,3800,4800,5300,5600,6400,7600,9800,11000,14000,14000,14000,6001,0,3800,4011.02476304457,635.9329169790726,14461.543833982432,0.0
1777052261,100,,Aggregated,10.900000,0.000000,3900,4800,5300,5700,6400,7600,9800,11000,14000,14000,14000,6016,0,3900,4017.1267740032436,635.9329169790726,14461.543833982432,0.0
1777052262,100,,Aggregated,10.900000,0.000000,3900,4800,5300,5700,6400,7500,9800,11000,14000,14000,14000,6042,0,3900,4023.0575298509775,635.9329169790726,14461.543833982432,0.0
1777052263,100,,Aggregated,13.300000,0.000000,3900,4800,5300,5700,6400,7500,9800,11000,14000,14000,14000,6074,0,3900,4025.9975069533452,635.9329169790726,14461.543833982432,0.0
1777052264,100,,Aggregated,15.500000,0.000000,3900,4800,5300,5700,6400,7500,9700,11000,14000,14000,14000,6109,0,3900,4026.2485684826597,635.9329169790726,14461.543833982432,0.0
1777052265,100,,Aggregated,17.200000,0.000000,3900,4800,5300,5600,6400,7500,9700,11000,14000,14000,14000,6151,0,3900,4020.7588900495225,635.9329169790726,14461.543833982432,0.0
1777052266,100,,Aggregated,19.000000,0.000000,3800,4800,5300,5600,6400,7500,9700,11000,14000,14000,14000,6207,0,3800,4006.385246043619,635.9329169790726,14461.543833982432,0.0
1777052267,100,,Aggregated,21.500000,0.000000,3800,4700,5200,5600,6400,7500,9700,11000,14000,14000,14000,6310,0,3800,3963.9570371142304,584.4202080043033,14461.543833982432,0.0
1777052268,100,,Aggregated,25.900000,0.000000,3800,4700,5200,5600,6400,7500,9700,11000,14000,14000,14000,6389,0,3800,3927.030450479064,584.4202080043033,14461.543833982432,0.0
1777052269,100,,Aggregated,33.500000,0.000000,3700,4700,5200,5500,6400,7500,9700,11000,14000,14000,14000,6510,0,3700,3872.9977982123664,584.4202080043033,14461.543833982432,0.0
1777052270,100,,Aggregated,33.500000,0.000000,3700,4700,5200,5500,6400,7500,9600,11000,14000,14000,14000,6579,0,3700,3840.594859880753,574.3460830126423,14461.543833982432,0.0
1777052271,100,,Aggregated,49.000000,0.000000,3700,4600,5100,5500,6400,7400,9600,11000,14000,14000,14000,6679,0,3700,3806.653089140194,574.3460830126423,14461.543833982432,0.0
1777052272,100,,Aggregated,49.000000,0.000000,3700,4600,5100,5500,6400,7400,9600,11000,14000,14000,14000,6693,0,3700,3800.0714918623053,396.13283300423063,14461.543833982432,0.0
1777052273,100,,Aggregated,62.300000,0.000000,3600,4600,5100,5500,6300,7400,9400,11000,14000,14000,14000,6796,0,3600,3770.284037349792,377.2093329753261,14461.543833982432,0.0
1777052274,100,,Aggregated,65.100000,0.000000,3600,4600,5100,5400,6300,7400,9300,11000,14000,14000,14000,6826,0,3600,3759.2142141986806,377.2093329753261,14461.543833982432,0.0
1777052275,100,,Aggregated,70.400000,0.000000,3600,4600,5100,5400,6300,7400,9300,11000,14000,14000,14000,6857,0,3600,3750.48579504422,377.2093329753261,14461.543833982432,0.0
1777052276,100,,Aggregated,70.400000,0.000000,3600,4600,5100,5400,6300,7400,9300,11000,14000,14000,14000,6888,0,3600,3744.876469995235,377.2093329753261,14461.543833982432,0.0
1777052277,100,,Aggregated,70.600000,0.000000,3500,4600,5100,5400,6300,7300,9200,11000,14000,14000,14000,6935,0,3500,3737.4934731423355,377.2093329753261,14461.543833982432,0.0
1777052278,100,,Aggregated,69.800000,0.000000,3500,4600,5100,5400,6300,7300,9200,11000,14000,14000,14000,6990,0,3500,3726.5800024486407,377.2093329753261,14461.543833982432,0.0
1777052279,100,,Aggregated,65.400000,0.000000,3500,4600,5100,5400,6300,7200,9200,11000,14000,14000,14000,7045,0,3500,3713.463303706461,377.2093329753261,14461.543833982432,0.0
1777052280,100,,Aggregated,60.800000,0.000000,3500,4500,5100,5400,6300,7200,9200,11000,14000,14000,14000,7095,0,3500,3701.5251758200034,377.2093329753261,14461.543833982432,0.0
1777052281,100,,Aggregated,60.800000,0.000000,3400,4500,5100,5400,6300,7200,9100,11000,14000,14000,14000,7121,0,3400,3695.5883438347014,377.2093329753261,14461.543833982432,0.0
1777052282,100,,Aggregated,49.200000,0.000000,3400,4500,5000,5400,6300,7200,9100,11000,14000,14000,14000,7180,0,3400,3683.4985256715663,377.2093329753261,14461.543833982432,0.0
1777052283,100,,Aggregated,48.600000,0.000000,3400,4500,5000,5400,6300,7200,9100,11000,14000,14000,14000,7229,0,3400,3672.813521710594,377.2093329753261,14461.543833982432,0.0
1777052284,100,,Aggregated,47.200000,0.000000,3400,4500,5000,5400,6300,7200,9100,11000,14000,14000,14000,7266,0,3400,3665.7672174270533,377.2093329753261,14461.543833982432,0.0
1777052285,100,,Aggregated,44.700000,0.000000,3300,4500,5000,5400,6300,7200,9100,11000,14000,14000,14000,7299,0,3300,3661.2241880670063,377.2093329753261,14461.543833982432,0.0
1777052286,100,,Aggregated,44.700000,0.000000,3300,4500,5000,5400,6300,7200,9100,11000,14000,14000,14000,7326,0,3300,3658.015563767154,377.2093329753261,14461.543833982432,0.0
1777052287,100,,Aggregated,44.700000,0.000000,3300,4400,5000,5300,6300,7100,9100,11000,14000,14000,14000,7385,0,3300,3648.938007722851,377.2093329753261,14461.543833982432,0.0
1777052288,100,,Aggregated,43.800000,0.000000,3300,4400,5000,5300,6300,7100,9000,11000,14000,14000,14000,7415,0,3300,3644.3292050895766,377.2093329753261,14461.543833982432,0.0
1777052289,100,,Aggregated,44.200000,0.000000,3300,4400,5000,5300,6300,7100,9000,11000,14000,14000,14000,7474,0,3300,3634.3392555234227,377.2093329753261,14461.543833982432,0.0
1777052290,100,,Aggregated,44.200000,0.000000,3300,4400,5000,5300,6300,7100,9000,11000,14000,14000,14000,7498,0,3300,3629.6057642247292,377.2093329753261,14461.543833982432,0.0
1777052291,100,,Aggregated,43.100000,0.000000,3300,4400,5000,5300,6300,7100,9000,11000,14000,14000,14000,7545,0,3300,3621.3087200010614,377.2093329753261,14461.543833982432,0.0
1777052292,100,,Aggregated,43.100000,0.000000,3200,4400,4900,5300,6200,7100,9000,11000,14000,14000,14000,7575,0,3200,3616.798895273933,377.2093329753261,14461.543833982432,0.0
1777052293,100,,Aggregated,42.000000,0.000000,3200,4400,4900,5300,6200,7100,9000,11000,14000,14000,14000,7611,0,3200,3612.9547834422488,377.2093329753261,14461.543833982432,0.0
1777052294,100,,Aggregated,41.000000,0.000000,3200,4400,4900,5300,6200,7100,9000,11000,14000,14000,14000,7634,0,3200,3611.5296503838035,377.2093329753261,14461.543833982432,0.0
1777052295,100,,Aggregated,38.700000,0.000000,3200,4400,4900,5300,6200,7000,9000,11000,14000,14000,14000,7664,0,3200,3611.4906702861385,377.2093329753261,14461.543833982432,0.0
1777052296,100,,Aggregated,37.800000,0.000000,3200,4400,4900,5300,6200,7000,9000,11000,14000,14000,14000,7682,0,3200,3611.1702802914606,377.2093329753261,14461.543833982432,0.0
1777052297,100,,Aggregated,37.300000,0.000000,3300,4400,4900,5300,6200,7000,8900,11000,14000,14000,14000,7717,0,3300,3611.74897363392,377.2093329753261,14461.543833982432,0.0
1777052298,100,,Aggregated,35.300000,0.000000,3300,4400,4900,5300,6200,7000,8900,11000,14000,14000,14000,7742,0,3300,3612.4238081716503,377.2093329753261,14461.543833982432,0.0
1777052299,100,,Aggregated,33.800000,0.000000,3300,4400,4900,5300,6200,7000,8900,11000,14000,14000,14000,7766,0,3300,3613.3483391796162,377.2093329753261,14461.543833982432,0.0
1777052300,100,,Aggregated,32.600000,0.000000,3300,4400,4900,5200,6200,7000,8900,11000,14000,14000,14000,7784,0,3300,3614.672843095053,377.2093329753261,14461.543833982432,0.0
1777052301,100,,Aggregated,30.200000,0.000000,3300,4400,4900,5200,6200,7000,8900,11000,14000,14000,14000,7800,0,3300,3616.2112620279336,377.2093329753261,14461.543833982432,0.0
1777052302,100,,Aggregated,27.200000,0.000000,3300,4400,4900,5200,6200,7000,8900,11000,14000,14000,14000,7818,0,3300,3619.400457505241,377.2093329753261,14461.543833982432,0.0
1777052303,100,,Aggregated,25.500000,0.000000,3300,4400,4900,5200,6200,7000,8900,11000,14000,14000,14000,7840,0,3300,3623.4809376997537,377.2093329753261,14461.543833982432,0.0
1777052304,100,,Aggregated,23.300000,0.000000,3300,4400,4900,5200,6200,7000,8900,11000,14000,14000,14000,7874,0,3300,3628.947324621409,377.2093329753261,14461.543833982432,0.0
1777052305,100,,Aggregated,22.000000,0.000000,3300,4400,4900,5200,6200,7000,8900,11000,14000,14000,14000,7884,0,3300,3630.5729261831502,377.2093329753261,14461.543833982432,0.0
1777052306,100,,Aggregated,22.400000,0.000000,3300,4400,4900,5200,6200,7000,8900,11000,14000,14000,14000,7911,0,3300,3633.7458917580548,377.2093329753261,14461.543833982432,0.0
1777052307,100,,Aggregated,22.000000,0.000000,3300,4400,4900,5200,6200,7000,8900,11000,14000,14000,14000,7929,0,3300,3635.173366159907,377.2093329753261,14461.543833982432,0.0
1777052308,100,,Aggregated,22.400000,0.000000,3300,4400,4900,5200,6200,7000,8900,11000,14000,14000,14000,7947,0,3300,3637.3616520583596,377.2093329753261,14461.543833982432,0.0
1777052309,100,,Aggregated,22.100000,0.000000,3300,4400,4900,5200,6200,7000,8900,11000,14000,14000,14000,7965,0,3300,3640.4572032527085,377.2093329753261,14461.543833982432,0.0
1777052310,100,,Aggregated,20.000000,0.000000,3300,4400,4900,5200,6200,7000,8900,11000,14000,14000,14000,7980,0,3300,3644.185688892957,377.2093329753261,14461.543833982432,0.0
1777052311,100,,Aggregated,20.200000,0.000000,3400,4400,4900,5200,6200,7000,8900,11000,14000,14000,14000,7998,0,3400,3648.3360929176984,377.2093329753261,14461.543833982432,0.0
1777052312,100,,Aggregated,20.000000,0.000000,3400,4400,4900,5300,6200,7000,8800,11000,14000,14000,14000,8014,0,3400,3652.544700912863,377.2093329753261,14461.543833982432,0.0
1777052313,100,,Aggregated,19.300000,0.000000,3400,4400,4900,5300,6200,7000,8800,11000,14000,14000,14000,8022,0,3400,3654.9894313804093,377.2093329753261,14461.543833982432,0.0
1777052314,100,,Aggregated,20.100000,0.000000,3400,4400,5000,5300,6200,7000,8800,11000,14000,14000,14000,8038,0,3400,3660.775989035045,377.2093329753261,14461.543833982432,0.0
1777052315,100,,Aggregated,19.200000,0.000000,3400,4400,5000,5300,6200,7000,8800,11000,14000,14000,14000,8049,0,3400,3664.970869444229,377.2093329753261,14461.543833982432,0.0
1777052316,100,,Aggregated,17.800000,0.000000,3400,4400,5000,5300,6200,7000,8800,11000,14000,14000,14000,8058,0,3400,3668.6293685921587,377.2093329753261,14461.543833982432,0.0
1777052317,100,,Aggregated,16.600000,0.000000,3400,4400,5000,5300,6200,7000,8800,11000,14000,14000,14000,8072,0,3400,3675.1013435734108,377.2093329753261,14461.543833982432,0.0
1777052318,100,,Aggregated,15.400000,0.000000,3400,4500,5000,5300,6300,7100,8800,11000,14000,14000,14000,8088,0,3400,3682.512819309535,377.2093329753261,14461.543833982432,0.0
1777052319,100,,Aggregated,13.800000,0.000000,3400,4500,5000,5300,6300,7200,8700,11000,14000,14000,14000,8101,0,3400,3689.536460147946,377.2093329753261,14461.543833982432,0.0
1777052320,100,,Aggregated,14.700000,0.000000,3400,4500,5000,5300,6300,7300,8700,11000,14000,14000,14000,8120,0,3400,3698.8620243419377,377.2093329753261,14461.543833982432,0.0
1777052321,100,,Aggregated,13.000000,0.000000,3400,4500,5000,5400,6300,7300,8700,11000,14000,14000,14000,8139,0,3400,3707.131869198617,377.2093329753261,14461.543833982432,0.0
1777052322,100,,Aggregated,14.000000,0.000000,3400,4500,5000,5400,6300,7300,8700,11000,14000,14000,14000,8151,0,3400,3711.7258896901662,377.2093329753261,14461.543833982432,0.0
1777052323,100,,Aggregated,14.000000,0.000000,3400,4500,5000,5400,6300,7300,8700,11000,14000,14000,14000,8161,0,3400,3715.396063762352,377.2093329753261,14461.543833982432,0.0
1777052324,100,,Aggregated,13.800000,0.000000,3400,4500,5100,5400,6400,7300,8700,11000,14000,14000,14000,8179,0,3400,3721.3880834442457,377.2093329753261,14461.543833982432,0.0
1777052325,100,,Aggregated,14.100000,0.000000,3500,4500,5100,5400,6400,7300,8700,11000,14000,14000,14000,8193,0,3500,3726.103158147014,377.2093329753261,14461.543833982432,0.0
1777052326,100,,Aggregated,14.400000,0.000000,3500,4500,5100,5400,6400,7300,8700,11000,14000,14000,14000,8204,0,3500,3730.1924734059653,377.2093329753261,14461.543833982432,0.0
1777052327,100,,Aggregated,14.400000,0.000000,3500,4500,5100,5400,6400,7300,8700,11000,14000,14000,14000,8206,0,3500,3731.022499435115,377.2093329753261,14461.543833982432,0.0
1777052328,100,,Aggregated,14.000000,0.000000,3500,4500,5100,5400,6400,7400,8700,11000,14000,14000,14000,8223,0,3500,3739.0409368830788,377.2093329753261,14461.543833982432,0.0
1777052329,100,,Aggregated,14.300000,0.000000,3500,4600,5100,5400,6400,7400,8700,11000,14000,14000,14000,8241,0,3500,3747.5316751192313,377.2093329753261,14461.543833982432,0.0
1777052330,100,,Aggregated,14.300000,0.000000,3500,4600,5100,5400,6400,7500,8700,11000,14000,14000,14000,8251,0,3500,3752.4046055972103,377.2093329753261,14461.543833982432,0.0
1777052331,100,,Aggregated,14.600000,0.000000,3500,4600,5100,5500,6500,7500,8700,11000,14000,14000,14000,8273,0,3500,3762.882448904091,377.2093329753261,14461.543833982432,0.0
1777052332,100,,Aggregated,14.100000,0.000000,3500,4600,5100,5500,6500,7500,8700,11000,14000,14000,14000,8295,0,3500,3772.1119397517305,377.2093329753261,14461.543833982432,0.0
1777052333,100,,Aggregated,13.400000,0.000000,3500,4600,5100,5500,6500,7500,8700,11000,14000,14000,14000,8316,0,3500,3778.1881975746364,377.2093329753261,14461.543833982432,0.0
1777052334,100,,Aggregated,13.400000,0.000000,3500,4600,5100,5500,6500,7500,8700,11000,14000,14000,14000,8338,0,3500,3783.0554200782744,377.2093329753261,14461.543833982432,0.0
1777052335,100,,Aggregated,14.300000,0.000000,3500,4600,5100,5500,6500,7500,8700,11000,14000,14000,14000,8358,0,3500,3786.1024124876276,377.2093329753261,14461.543833982432,0.0
1777052336,100,,Aggregated,14.500000,0.000000,3500,4600,5100,5500,6500,7500,8700,11000,14000,14000,14000,8379,0,3500,3788.540046538804,377.2093329753261,14461.543833982432,0.0
1777052337,100,,Aggregated,16.000000,0.000000,3500,4600,5100,5500,6500,7500,8700,11000,14000,14000,14000,8405,0,3500,3791.7212684450537,377.2093329753261,14461.543833982432,0.0
1777052338,100,,Aggregated,17.400000,0.000000,3500,4600,5100,5500,6500,7500,8700,11000,14000,14000,14000,8426,0,3500,3793.2954406733656,377.2093329753261,14461.543833982432,0.0
1777052339,100,,Aggregated,18.300000,0.000000,3600,4600,5100,5500,6500,7500,8700,11000,14000,14000,14000,8451,0,3600,3794.7530900325346,377.2093329753261,14461.543833982432,0.0
1777052340,100,,Aggregated,19.800000,0.000000,3600,4600,5100,5500,6500,7500,8700,11000,14000,14000,14000,8468,0,3600,3795.922959163432,377.2093329753261,14461.543833982432,0.0
1777052341,100,,Aggregated,20.500000,0.000000,3600,4600,5100,5500,6500,7500,8700,11000,14000,14000,14000,8495,0,3600,3798.2175196866324,377.2093329753261,14461.543833982432,0.0
1777052342,100,,Aggregated,20.500000,0.000000,3600,4600,5100,5500,6500,7500,8600,11000,14000,14000,14000,8515,0,3600,3799.4593799947156,377.2093329753261,14461.543833982432,0.0
1777052343,100,,Aggregated,21.200000,0.000000,3600,4600,5100,5500,6500,7500,8600,11000,14000,14000,14000,8538,0,3600,3800.8333171248546,377.2093329753261,14461.543833982432,0.0
1777052344,100,,Aggregated,23.400000,0.000000,3600,4600,5100,5500,6500,7500,8600,11000,14000,14000,14000,8573,0,3600,3802.5119041938715,377.2093329753261,14461.543833982432,0.0
1777052345,100,,Aggregated,23.100000,0.000000,3600,4600,5100,5500,6500,7500,8600,11000,14000,14000,14000,8587,0,3600,3802.516265928504,377.2093329753261,14461.543833982432,0.0
1777052346,100,,Aggregated,22.900000,0.000000,3600,4600,5100,5400,6400,7500,8500,11000,14000,14000,14000,8620,0,3600,3803.849057799665,377.2093329753261,14461.543833982432,0.0
1777052347,100,,Aggregated,23.800000,0.000000,3600,4600,5100,5400,6400,7500,8500,11000,14000,14000,14000,8647,0,3600,3804.2966551669047,377.2093329753261,14461.543833982432,0.0
1777052348,100,,Aggregated,23.400000,0.000000,3700,4600,5100,5400,6400,7500,8500,11000,14000,14000,14000,8683,0,3700,3804.3624541990253,377.2093329753261,14461.543833982432,0.0
1777052349,100,,Aggregated,24.700000,0.000000,3600,4600,5100,5400,6400,7500,8500,11000,14000,14000,14000,8708,0,3600,3803.5886109484677,377.2093329753261,14461.543833982432,0.0
1777052350,100,,Aggregated,23.600000,0.000000,3600,4600,5100,5400,6400,7500,8500,11000,14000,14000,14000,8730,0,3600,3802.3958311540946,377.2093329753261,14461.543833982432,0.0
1777052351,100,,Aggregated,24.600000,0.000000,3600,4600,5100,5400,6400,7500,8500,11000,14000,14000,14000,8747,0,3600,3802.3919821722093,377.2093329753261,14461.543833982432,0.0
1777052352,100,,Aggregated,25.700000,0.000000,3600,4500,5100,5400,6400,7500,8400,11000,14000,14000,14000,8797,0,3600,3801.6628242602364,377.2093329753261,14461.543833982432,0.0
1777052353,100,,Aggregated,26.900000,0.000000,3700,4500,5100,5400,6400,7500,8300,10000,14000,14000,14000,8806,0,3700,3801.8102440921266,377.2093329753261,14461.543833982432,0.0
1777052354,100,,Aggregated,25.300000,0.000000,3700,4500,5100,5400,6400,7500,8300,10000,14000,14000,14000,8847,0,3700,3800.833653170487,377.2093329753261,14461.543833982432,0.0
1777052355,100,,Aggregated,26.200000,0.000000,3600,4500,5100,5400,6400,7400,8300,10000,14000,14000,14000,8881,0,3600,3797.5470944075287,377.2093329753261,14461.543833982432,0.0
1777052356,100,,Aggregated,27.600000,0.000000,3600,4500,5100,5400,6400,7400,8300,10000,14000,14000,14000,8917,0,3600,3794.1655671257336,377.2093329753261,14461.543833982432,0.0
1777052357,100,,Aggregated,28.000000,0.000000,3600,4500,5000,5400,6400,7400,8200,10000,14000,14000,14000,8957,0,3600,3789.382238981929,377.2093329753261,14461.543833982432,0.0
1777052358,100,,Aggregated,29.300000,0.000000,3600,4500,5000,5400,6400,7400,8200,10000,14000,14000,14000,8989,0,3600,3786.0390791686655,377.2093329753261,14461.543833982432,0.0
1777052359,100,,Aggregated,30.300000,0.000000,3600,4500,5000,5400,6400,7400,8200,10000,14000,14000,14000,9041,0,3600,3779.4216057573362,377.2093329753261,14461.543833982432,0.0
1777052360,100,,Aggregated,32.400000,0.000000,3600,4500,5000,5400,6400,7400,8200,10000,14000,14000,14000,9093,0,3600,3771.3684687703817,377.2093329753261,14461.543833982432,0.0
1777052361,100,,Aggregated,33.300000,0.000000,3500,4500,5000,5400,6400,7400,8200,10000,14000,14000,14000,9136,0,3500,3764.4204096189983,377.2093329753261,14461.543833982432,0.0
1777052362,100,,Aggregated,34.000000,0.000000,3500,4500,5000,5400,6400,7400,8200,10000,14000,14000,14000,9152,0,3500,3762.2448016999824,377.2093329753261,14461.543833982432,0.0
1777052363,100,,Aggregated,35.000000,0.000000,3500,4500,5000,5400,6400,7400,8200,10000,14000,14000,14000,9199,0,3500,3756.986665678582,377.2093329753261,14461.543833982432,0.0
1777052364,100,,Aggregated,37.300000,0.000000,3500,4400,5000,5300,6400,7400,8200,10000,14000,14000,14000,9229,0,3500,3753.8383336487473,377.2093329753261,14461.543833982432,0.0
1777052365,100,,Aggregated,38.000000,0.000000,3500,4400,5000,5300,6400,7400,8200,10000,14000,14000,14000,9277,0,3500,3748.137292088201,377.2093329753261,14461.543833982432,0.0
1777052366,100,,Aggregated,38.800000,0.000000,3500,4400,5000,5300,6400,7400,8200,10000,14000,14000,14000,9311,0,3500,3744.508803502335,377.2093329753261,14461.543833982432,0.0
1777052367,100,,Aggregated,38.600000,0.000000,3500,4400,5000,5300,6400,7400,8200,10000,14000,14000,14000,9345,0,3500,3740.007004966124,377.2093329753261,14461.543833982432,0.0
1777052368,100,,Aggregated,38.200000,0.000000,3500,4400,5000,5300,6400,7400,8200,10000,14000,14000,14000,9376,0,3500,3736.0709821698456,377.2093329753261,14461.543833982432,0.0
1777052369,100,,Aggregated,38.600000,0.000000,3400,4400,4900,5300,6400,7400,8200,10000,14000,14000,14000,9399,0,3400,3733.9987328697193,377.2093329753261,14461.543833982432,0.0
1777052370,100,,Aggregated,38.900000,0.000000,3400,4400,4900,5300,6400,7400,8200,10000,14000,14000,14000,9442,0,3400,3731.3479864251826,377.2093329753261,14461.543833982432,0.0
1777052371,100,,Aggregated,36.900000,0.000000,3400,4400,4900,5300,6300,7300,8200,10000,14000,14000,14000,9493,0,3400,3727.523383895661,377.2093329753261,14461.543833982432,0.0
1777052372,100,,Aggregated,36.100000,0.000000,3400,4400,4900,5300,6300,7300,8200,10000,14000,14000,14000,9533,0,3400,3721.832068147857,377.2093329753261,14461.543833982432,0.0
1777052373,100,,Aggregated,34.700000,0.000000,3400,4400,4900,5300,6300,7300,8200,10000,14000,14000,14000,9573,0,3400,3716.175654556512,377.2093329753261,14461.543833982432,0.0
1777052374,100,,Aggregated,36.900000,0.000000,3400,4400,4900,5300,6300,7300,8200,10000,14000,14000,14000,9600,0,3400,3712.8816195128547,377.2093329753261,14461.543833982432,0.0
1777052375,100,,Aggregated,36.100000,0.000000,3300,4400,4900,5300,6300,7300,8200,10000,14000,14000,14000,9668,0,3300,3702.9868177348617,377.2093329753261,14461.543833982432,0.0
1777052376,100,,Aggregated,37.300000,0.000000,3300,4400,4900,5300,6300,7300,8200,10000,14000,14000,14000,9698,0,3300,3698.269022111954,377.2093329753261,14461.543833982432,0.0
1777052377,100,,Aggregated,38.700000,0.000000,3300,4400,4900,5200,6300,7300,8200,10000,14000,14000,14000,9736,0,3300,3693.3589280316096,377.2093329753261,14461.543833982432,0.0
1777052378,100,,Aggregated,39.100000,0.000000,3300,4400,4900,5200,6300,7300,8200,10000,14000,14000,14000,9772,0,3300,3688.953346361415,377.2093329753261,14461.543833982432,0.0
1777052379,100,,Aggregated,38.900000,0.000000,3300,4300,4900,5200,6300,7300,8100,10000,14000,14000,14000,9837,0,3300,3679.3949545062196,377.2093329753261,14461.543833982432,0.0
1777052380,100,,Aggregated,38.000000,0.000000,3300,4300,4900,5200,6300,7200,8100,10000,14000,14000,14000,9895,0,3300,3669.249700966515,377.2093329753261,14461.543833982432,0.0
1777052381,100,,Aggregated,42.300000,0.000000,3300,4300,4900,5200,6300,7200,8100,10000,14000,14000,14000,9927,0,3300,3664.984050835975,377.2093329753261,14461.543833982432,0.0
1777052382,100,,Aggregated,43.500000,0.000000,3300,4300,4900,5200,6300,7200,8100,10000,14000,14000,14000,9986,0,3300,3655.854921350347,377.2093329753261,14461.543833982432,0.0
1777052383,100,,Aggregated,46.100000,0.000000,3300,4300,4900,5200,6300,7200,8100,10000,13000,14000,14000,10033,0,3300,3648.3087086840055,377.2093329753261,14461.543833982432,0.0
1777052384,100,,Aggregated,42.900000,0.000000,3200,4300,4900,5200,6300,7200,8100,10000,13000,14000,14000,10062,0,3200,3643.980634517567,377.2093329753261,14461.543833982432,0.0
1777052385,100,,Aggregated,44.800000,0.000000,3200,4300,4800,5200,6300,7200,8100,10000,13000,14000,14000,10115,0,3200,3636.620994543721,377.2093329753261,14461.543833982432,0.0
1777052386,100,,Aggregated,44.800000,0.000000,3200,4300,4800,5200,6300,7200,8100,10000,13000,14000,14000,10161,0,3200,3629.6445771675726,377.2093329753261,14461.543833982432,0.0
1777052387,100,,Aggregated,42.800000,0.000000,3200,4200,4800,5200,6300,7200,8100,10000,13000,14000,14000,10223,0,3200,3620.178278360727,377.2093329753261,14461.543833982432,0.0
1777052388,100,,Aggregated,46.500000,0.000000,3200,4200,4800,5200,6300,7200,8100,10000,13000,14000,14000,10269,0,3200,3613.312224082059,377.2093329753261,14461.543833982432,0.0
1777052389,100,,Aggregated,46.900000,0.000000,3200,4200,4800,5200,6300,7200,8100,10000,13000,14000,14000,10293,0,3200,3609.8282081445445,377.2093329753261,14461.543833982432,0.0
1777052390,100,,Aggregated,48.200000,0.000000,3100,4200,4800,5200,6200,7200,8100,10000,13000,14000,14000,10362,0,3100,3599.963486080875,377.2093329753261,14461.543833982432,0.0
1777052391,100,,Aggregated,46.100000,0.000000,3100,4200,4800,5100,6200,7100,8100,10000,13000,14000,14000,10406,0,3100,3593.7900588177927,377.2093329753261,14461.543833982432,0.0
1777052392,100,,Aggregated,47.100000,0.000000,3100,4200,4800,5100,6200,7100,8100,10000,13000,14000,14000,10433,0,3100,3589.8586562765086,377.2093329753261,14461.543833982432,0.0
1777052393,100,,Aggregated,45.900000,0.000000,3100,4200,4800,5100,6200,7100,8100,10000,13000,14000,14000,10490,0,3100,3582.4213800027433,377.2093329753261,14461.543833982432,0.0
1777052394,100,,Aggregated,48.600000,0.000000,3100,4200,4800,5100,6200,7100,8100,10000,13000,14000,14000,10517,0,3100,3579.502953038211,377.2093329753261,14461.543833982432,0.0
1777052395,100,,Aggregated,47.900000,0.000000,3100,4200,4800,5100,6200,7100,8100,10000,13000,14000,14000,10555,0,3100,3576.652316565592,377.2093329753261,14461.543833982432,0.0
1777052396,100,,Aggregated,46.400000,0.000000,3100,4200,4800,5100,6200,7100,8100,10000,13000,14000,14000,10575,0,3100,3576.4053174328074,377.2093329753261,14461.543833982432,0.0
1777052397,100,,Aggregated,45.400000,0.000000,3100,4200,4800,5100,6200,7100,8100,10000,13000,14000,14000,10596,0,3100,3576.5183750687934,377.2093329753261,14461.543833982432,0.0
1777052398,100,,Aggregated,41.900000,0.000000,3100,4100,4700,5100,6200,7100,8100,10000,13000,14000,14000,10630,0,3100,3576.647180689553,377.2093329753261,14461.543833982432,0.0
1777052399,100,,Aggregated,39.700000,0.000000,3100,4100,4700,5100,6200,7100,8100,10000,13000,14000,14000,10654,0,3100,3577.126973947239,377.2093329753261,14461.543833982432,0.0
1777052400,100,,Aggregated,37.600000,0.000000,3100,4100,4700,5100,6200,7100,8100,10000,13000,14000,14000,10693,0,3100,3577.2599273994083,377.2093329753261,14461.543833982432,0.0
1777052401,100,,Aggregated,36.000000,0.000000,3100,4100,4700,5100,6200,7100,8100,10000,13000,14000,14000,10715,0,3100,3576.774670428363,377.2093329753261,14461.543833982432,0.0
1777052402,100,,Aggregated,34.200000,0.000000,3100,4100,4700,5100,6200,7100,8100,10000,13000,14000,14000,10758,0,3100,3575.453121306729,377.2093329753261,14461.543833982432,0.0
1777052403,100,,Aggregated,33.500000,0.000000,3100,4100,4700,5100,6200,7100,8100,10000,13000,14000,14000,10796,0,3100,3572.5768943106555,377.2093329753261,14461.543833982432,0.0
1777052404,100,,Aggregated,29.900000,0.000000,3100,4100,4700,5100,6200,7100,8100,10000,13000,14000,14000,10826,0,3100,3570.519522828636,377.2093329753261,14461.543833982432,0.0
1777052405,100,,Aggregated,30.800000,0.000000,3100,4100,4700,5100,6200,7100,8100,10000,13000,14000,14000,10848,0,3100,3569.220108812115,377.2093329753261,14461.543833982432,0.0
1777052406,100,,Aggregated,30.600000,0.000000,3100,4100,4700,5100,6200,7000,8000,10000,13000,14000,14000,10881,0,3100,3569.0572209526586,377.2093329753261,14461.543833982432,0.0
1777052407,100,,Aggregated,30.900000,0.000000,3100,4100,4700,5100,6200,7000,8000,10000,13000,14000,14000,10895,0,3100,3569.4386608629525,377.2093329753261,14461.543833982432,0.0
1777052408,100,,Aggregated,30.000000,0.000000,3100,4100,4700,5100,6200,7000,8000,10000,13000,14000,14000,10915,0,3100,3570.1542719592153,377.2093329753261,14461.543833982432,0.0
1777052409,100,,Aggregated,30.100000,0.000000,3100,4100,4700,5100,6200,7000,8000,10000,13000,14000,14000,10949,0,3100,3572.42256540304,377.2093329753261,14461.543833982432,0.0
1777052410,100,,Aggregated,29.700000,0.000000,3100,4100,4700,5100,6200,7000,8000,10000,13000,14000,14000,10976,0,3100,3573.117358985324,377.2093329753261,14461.543833982432,0.0
1777052411,100,,Aggregated,28.400000,0.000000,3200,4100,4700,5100,6200,7000,8000,10000,13000,14000,14000,10999,0,3200,3573.413829398579,377.2093329753261,14461.543833982432,0.0
1777052412,100,,Aggregated,29.400000,0.000000,3200,4100,4700,5100,6200,7000,8000,9900,13000,14000,14000,11014,0,3200,3573.9209101838596,377.2093329753261,14461.543833982432,0.0
1777052413,100,,Aggregated,29.300000,0.000000,3200,4100,4700,5100,6100,7000,8000,9900,13000,14000,14000,11043,0,3200,3574.8258213589584,377.2093329753261,14461.543833982432,0.0
1777052414,100,,Aggregated,27.500000,0.000000,3200,4100,4700,5100,6100,7000,8000,9900,13000,14000,14000,11064,0,3200,3576.5629961639575,377.2093329753261,14461.543833982432,0.0
1777052415,100,,Aggregated,25.400000,0.000000,3200,4100,4700,5100,6100,7000,8000,9900,13000,14000,14000,11081,0,3200,3578.086493206935,377.2093329753261,14461.543833982432,0.0
1777052416,100,,Aggregated,25.400000,0.000000,3200,4100,4700,5100,6100,7000,8000,9900,13000,14000,14000,11091,0,3200,3579.378214578672,377.2093329753261,14461.543833982432,0.0
1777052417,100,,Aggregated,23.800000,0.000000,3200,4100,4700,5100,6100,7000,8000,9900,13000,14000,14000,11129,0,3200,3585.049938611486,377.2093329753261,14461.543833982432,0.0
1777052418,100,,Aggregated,23.600000,0.000000,3200,4100,4700,5100,6100,7000,8000,9900,13000,14000,14000,11152,0,3200,3586.63621273254,377.2093329753261,14461.543833982432,0.0
1777052419,100,,Aggregated,21.000000,0.000000,3200,4100,4700,5100,6100,7000,8000,9900,13000,14000,14000,11186,0,3200,3589.424061753018,377.2093329753261,14461.543833982432,0.0
1777052420,100,,Aggregated,22.900000,0.000000,3200,4100,4700,5100,6100,7000,8000,9900,13000,14000,14000,11228,0,3200,3587.7017891783194,377.2093329753261,14461.543833982432,0.0
1777052421,100,,Aggregated,23.700000,0.000000,3200,4100,4700,5100,6100,7000,8000,9900,13000,14000,14000,11256,0,3200,3586.4247060101375,377.2093329753261,14461.543833982432,0.0
1777052422,100,,Aggregated,23.600000,0.000000,3200,4100,4700,5100,6100,7000,8000,9900,13000,14000,14000,11294,0,3200,3584.7795444016388,377.2093329753261,14461.543833982432,0.0
1777052423,100,,Aggregated,23.800000,0.000000,3200,4100,4700,5000,6100,7000,8000,9800,13000,14000,14000,11358,0,3200,3577.5837640991394,377.2093329753261,14461.543833982432,0.0
1777052424,100,,Aggregated,25.700000,0.000000,3200,4100,4700,5000,6100,7000,8000,9800,13000,14000,14000,11391,0,3200,3571.6425916375224,377.2093329753261,14461.543833982432,0.0
1777052425,100,,Aggregated,28.900000,0.000000,3200,4100,4700,5000,6100,7000,8000,9800,13000,14000,14000,11451,0,3200,3564.762366744569,377.2093329753261,14461.543833982432,0.0
1777052426,100,,Aggregated,31.500000,0.000000,3200,4100,4700,5000,6100,7000,8000,9800,13000,14000,14000,11455,0,3200,3564.450570362991,377.2093329753261,14461.543833982432,0.0
1777052427,100,,Aggregated,32.700000,0.000000,3100,4100,4600,5000,6100,7000,8000,9800,13000,14000,14000,11527,0,3100,3557.640999089614,377.2093329753261,14461.543833982432,0.0
1777052428,100,,Aggregated,36.000000,0.000000,3100,4100,4600,5000,6100,7000,7900,9800,13000,14000,14000,11571,0,3100,3553.2055229711295,377.2093329753261,14461.543833982432,0.0
1777052429,100,,Aggregated,36.400000,0.000000,3100,4000,4600,5000,6100,7000,7900,9800,13000,14000,14000,11610,0,3100,3548.65091481869,377.2093329753261,14461.543833982432,0.0
1777052430,100,,Aggregated,39.800000,0.000000,3100,4000,4600,5000,6100,7000,7900,9800,13000,14000,14000,11619,0,3100,3548.3131103836013,377.2093329753261,14461.543833982432,0.0
1777052431,100,,Aggregated,41.900000,0.000000,3100,4000,4600,5000,6100,7000,7900,9800,13000,14000,14000,11670,0,3100,3545.309741571051,377.2093329753261,14461.543833982432,0.0
1777052432,100,,Aggregated,41.400000,0.000000,3100,4000,4600,5000,6100,6900,7900,9800,13000,14000,14000,11697,0,3100,3543.6814249531612,377.2093329753261,14461.543833982432,0.0
1777052433,100,,Aggregated,39.200000,0.000000,3100,4000,4600,5000,6100,6900,7900,9800,13000,14000,14000,11722,0,3100,3542.451787451641,377.2093329753261,14461.543833982432,0.0
1777052434,100,,Aggregated,41.400000,0.000000,3100,4000,4600,5000,6100,6900,7900,9800,13000,14000,14000,11745,0,3100,3541.922116904733,377.2093329753261,14461.543833982432,0.0
1777052435,100,,Aggregated,38.100000,0.000000,3100,4000,4600,5000,6100,6900,7900,9800,13000,14000,14000,11754,0,3100,3542.4539133669473,377.2093329753261,14461.543833982432,0.0
1777052436,100,,Aggregated,36.400000,0.000000,3100,4000,4600,5000,6100,6900,7900,9800,13000,14000,14000,11762,0,3100,3543.3235207347493,377.2093329753261,14461.543833982432,0.0
1777052437,100,,Aggregated,35.500000,0.000000,3100,4000,4600,5000,6100,6900,7900,9800,13000,14000,14000,11767,0,3100,3544.1231942230943,377.2093329753261,14461.543833982432,0.0
1777052438,100,,Aggregated,30.400000,0.000000,3100,4000,4600,5000,6100,6900,7900,9800,13000,14000,14000,11773,0,3100,3545.6021259633185,377.2093329753261,14461.543833982432,0.0
1777052439,100,,Aggregated,30.700000,0.000000,3100,4000,4600,5000,6100,7000,7900,9800,13000,14000,14000,11778,0,3100,3547.1728916843394,377.2093329753261,14461.543833982432,0.0
1777052440,100,,Aggregated,24.000000,0.000000,3100,4000,4600,5000,6100,7000,8000,9800,13000,14000,14000,11788,0,3100,3551.2330756885144,377.2093329753261,14461.543833982432,0.0
1777052441,100,,Aggregated,20.200000,0.000000,3100,4000,4600,5000,6100,7000,8100,9800,13000,14000,14000,11800,0,3100,3556.8591775572218,377.2093329753261,14461.543833982432,0.0
1777052442,100,,Aggregated,16.800000,0.000000,3100,4000,4600,5000,6100,7000,8100,9800,13000,14000,14000,11810,0,3100,3561.9589365515835,377.2093329753261,14461.543833982432,0.0
1777052443,100,,Aggregated,16.900000,0.000000,3100,4000,4600,5000,6100,7100,8200,10000,13000,14000,14000,11827,0,3100,3571.23755392037,377.2093329753261,14461.543833982432,0.0
1777052444,100,,Aggregated,13.000000,0.000000,3100,4100,4700,5000,6100,7100,8300,10000,13000,14000,14000,11844,0,3100,3580.906081251618,377.2093329753261,14461.543833982432,0.0
1777052445,100,,Aggregated,11.400000,0.000000,3100,4100,4700,5000,6200,7200,8600,10000,13000,14000,14000,11855,0,3100,3586.9581695706606,377.2093329753261,14461.543833982432,0.0
1777052446,100,,Aggregated,10.500000,0.000000,3100,4100,4700,5000,6200,7200,8800,10000,13000,14000,14000,11869,0,3100,3593.730929470648,377.2093329753261,14461.543833982432,0.0
1777052447,100,,Aggregated,9.800000,0.000000,3100,4100,4700,5100,6200,7300,8800,10000,13000,14000,14000,11889,0,3100,3600.612851215163,377.2093329753261,14461.543833982432,0.0
1777052448,100,,Aggregated,10.000000,0.000000,3100,4100,4700,5100,6200,7300,8800,10000,13000,14000,14000,11900,0,3100,3603.5083688423615,377.2093329753261,14461.543833982432,0.0
1777052449,100,,Aggregated,10.700000,0.000000,3200,4100,4700,5100,6200,7300,8800,10000,13000,14000,14000,11925,0,3200,3609.304122492412,377.2093329753261,14461.543833982432,0.0
1777052450,100,,Aggregated,12.200000,0.000000,3200,4100,4700,5100,6200,7300,8800,10000,13000,14000,14000,11936,0,3200,3611.5962977314052,377.2093329753261,14461.543833982432,0.0
1777052451,100,,Aggregated,12.700000,0.000000,3200,4100,4700,5100,6200,7300,8800,10000,13000,14000,14000,11960,0,3200,3616.1989691238373,377.2093329753261,14461.543833982432,0.0
1777052452,100,,Aggregated,14.700000,0.000000,3200,4100,4700,5100,6200,7200,8800,10000,13000,14000,14000,11983,0,3200,3619.8889592417677,377.2093329753261,14461.543833982432,0.0
1777052454,100,,Aggregated,14.700000,0.000000,3200,4100,4700,5100,6200,7200,8800,10000,13000,14000,14000,11999,0,3200,3622.0065123142,377.2093329753261,14461.543833982432,0.0
1777052455,100,,Aggregated,16.000000,0.000000,3200,4100,4700,5100,6200,7200,8800,10000,13000,14000,14000,12020,0,3200,3624.4507124000115,377.2093329753261,14461.543833982432,0.0
1777052456,100,,Aggregated,17.200000,0.000000,3200,4100,4700,5100,6200,7200,8800,10000,13000,14000,14000,12039,0,3200,3626.5375363685675,377.2093329753261,14461.543833982432,0.0
1777052457,100,,Aggregated,17.200000,0.000000,3200,4100,4700,5100,6200,7200,8700,10000,13000,14000,14000,12062,0,3200,3629.2155843290675,377.2093329753261,14461.543833982432,0.0
1777052458,100,,Aggregated,18.400000,0.000000,3200,4200,4700,5100,6200,7200,8700,10000,13000,14000,14000,12074,0,3200,3630.859821180159,377.2093329753261,14461.543833982432,0.0
1777052459,100,,Aggregated,18.400000,0.000000,3200,4200,4800,5100,6200,7200,8700,10000,13000,14000,14000,12087,0,3200,3632.9909032166147,377.2093329753261,14461.543833982432,0.0
1777052460,100,,Aggregated,19.300000,0.000000,3200,4200,4800,5100,6200,7200,8700,10000,13000,14000,14000,12098,0,3200,3635.016472482825,377.2093329753261,14461.543833982432,0.0
1777052461,100,,Aggregated,18.400000,0.000000,3200,4200,4800,5100,6200,7200,8700,10000,13000,14000,14000,12109,0,3200,3637.472735889687,377.2093329753261,14461.543833982432,0.0
1777052462,100,,Aggregated,18.700000,0.000000,3200,4200,4800,5100,6200,7200,8700,10000,13000,14000,14000,12115,0,3200,3638.9859578562323,377.2093329753261,14461.543833982432,0.0
1777052463,100,,Aggregated,17.300000,0.000000,3200,4200,4800,5100,6200,7300,8700,10000,13000,14000,14000,12130,0,3200,3643.723853315687,377.2093329753261,14461.543833982432,0.0
1777052464,100,,Aggregated,17.300000,0.000000,3200,4200,4800,5100,6300,7300,8700,10000,13000,14000,14000,12137,0,3200,3646.160349345908,377.2093329753261,14461.543833982432,0.0
1777052465,100,,Aggregated,15.500000,0.000000,3200,4200,4800,5200,6300,7400,8700,10000,13000,14000,14000,12147,0,3200,3650.166126513568,377.2093329753261,14461.543833982432,0.0
1777052466,100,,Aggregated,14.700000,0.000000,3200,4200,4800,5200,6300,7400,8800,10000,13000,14000,14000,12158,0,3200,3654.7746611909265,377.2093329753261,14461.543833982432,0.0
1777052467,100,,Aggregated,13.800000,0.000000,3200,4200,4800,5200,6300,7400,8900,10000,13000,14000,14000,12170,0,3200,3660.1211174994455,377.2093329753261,14461.543833982432,0.0
1777052468,100,,Aggregated,12.700000,0.000000,3200,4200,4800,5200,6300,7400,9000,10000,13000,14000,14000,12182,0,3200,3665.868703877462,377.2093329753261,14461.543833982432,0.0
1777052469,100,,Aggregated,11.900000,0.000000,3200,4200,4800,5200,6300,7500,9100,10000,13000,14000,14000,12194,0,3200,3671.6461333176403,377.2093329753261,14461.543833982432,0.0
1777052470,100,,Aggregated,10.800000,0.000000,3200,4200,4800,5200,6300,7500,9200,10000,13000,14000,14000,12205,0,3200,3676.779432449926,377.2093329753261,14461.543833982432,0.0
1777052471,100,,Aggregated,10.700000,0.000000,3200,4200,4800,5200,6300,7500,9300,10000,13000,14000,14000,12227,0,3200,3686.1915466700166,377.2093329753261,14461.543833982432,0.0
1777052472,100,,Aggregated,10.700000,0.000000,3200,4200,4800,5200,6400,7500,9300,10000,13000,14000,14000,12238,0,3200,3690.026822731848,377.2093329753261,14461.543833982432,0.0
1777052473,100,,Aggregated,11.700000,0.000000,3200,4200,4800,5200,6400,7500,9200,10000,13000,14000,14000,12253,0,3200,3694.909432248709,377.2093329753261,14461.543833982432,0.0
1777052474,100,,Aggregated,11.700000,0.000000,3200,4200,4800,5200,6400,7600,9200,10000,13000,14000,14000,12271,0,3200,3700.417517783261,377.2093329753261,14461.543833982432,0.0
1777052475,100,,Aggregated,12.300000,0.000000,3200,4200,4900,5200,6400,7600,9200,10000,13000,14000,14000,12288,0,3200,3704.5257781344735,377.2093329753261,14461.543833982432,0.0
1777052476,100,,Aggregated,13.400000,0.000000,3200,4200,4900,5200,6400,7600,9200,10000,13000,14000,14000,12306,0,3200,3708.8492591931913,377.2093329753261,14461.543833982432,0.0
1777052477,100,,Aggregated,14.100000,0.000000,3300,4300,4900,5200,6400,7500,9200,10000,13000,14000,14000,12326,0,3300,3712.6310574297827,377.2093329753261,14461.543833982432,0.0
1777052478,100,,Aggregated,14.100000,0.000000,3300,4300,4900,5200,6400,7500,9200,10000,13000,14000,14000,12337,0,3300,3714.7345794192693,377.2093329753261,14461.543833982432,0.0
1777052479,100,,Aggregated,14.100000,0.000000,3300,4300,4900,5300,6400,7500,9200,10000,13000,14000,14000,12353,0,3300,3717.9634731107867,377.2093329753261,14461.543833982432,0.0
1777052480,100,,Aggregated,15.400000,0.000000,3300,4300,4900,5300,6400,7500,9200,10000,13000,14000,14000,12365,0,3300,3719.9421536835002,377.2093329753261,14461.543833982432,0.0
1777052481,100,,Aggregated,15.500000,0.000000,3300,4300,4900,5300,6400,7500,9200,10000,13000,14000,14000,12392,0,3300,3724.5911355446688,377.2093329753261,14461.543833982432,0.0
1777052482,100,,Aggregated,15.900000,0.000000,3300,4300,4900,5300,6400,7500,9200,10000,13000,14000,14000,12408,0,3300,3726.865139013419,377.2093329753261,14461.543833982432,0.0
1777052483,100,,Aggregated,16.000000,0.000000,3300,4300,4900,5300,6400,7500,9200,10000,13000,14000,14000,12425,0,3300,3729.4545971865164,377.2093329753261,14461.543833982432,0.0
1777052484,100,,Aggregated,16.600000,0.000000,3300,4300,4900,5300,6400,7500,9200,10000,13000,14000,14000,12434,0,3300,3731.297597736001,377.2093329753261,14461.543833982432,0.0
1777052485,100,,Aggregated,17.400000,0.000000,3300,4300,4900,5300,6400,7500,9200,10000,13000,14000,14000,12444,0,3300,3733.4130058294263,377.2093329753261,14461.543833982432,0.0
1777052486,100,,Aggregated,17.400000,0.000000,3300,4300,4900,5300,6400,7500,9200,10000,13000,14000,14000,12451,0,3300,3735.2658463845746,377.2093329753261,14461.543833982432,0.0
1777052487,100,,Aggregated,15.200000,0.000000,3300,4300,4900,5300,6400,7500,9200,10000,13000,14000,14000,12461,0,3300,3738.301553707761,377.2093329753261,14461.543833982432,0.0
1777052488,100,,Aggregated,15.200000,0.000000,3300,4300,4900,5300,6400,7500,9200,10000,13000,14000,14000,12474,0,3300,3742.1673288841894,377.2093329753261,14461.543833982432,0.0
1777052489,100,,Aggregated,15.200000,0.000000,3300,4300,4900,5300,6500,7600,9200,10000,13000,14000,14000,12490,0,3300,3747.5709184648786,377.2093329753261,14461.543833982432,0.0
1777052490,100,,Aggregated,13.700000,0.000000,3300,4300,4900,5400,6500,7600,9200,10000,13000,14000,14000,12508,0,3300,3754.204054951497,377.2093329753261,14461.543833982432,0.0
1777052491,100,,Aggregated,13.700000,0.000000,3300,4300,4900,5400,6500,7600,9200,10000,13000,14000,14000,12520,0,3300,3758.605491450506,377.2093329753261,14461.543833982432,0.0
1777052492,100,,Aggregated,13.700000,0.000000,3300,4400,4900,5400,6500,7700,9200,10000,13000,14000,14000,12531,0,3300,3762.780458656078,377.2093329753261,14461.543833982432,0.0
1777052493,100,,Aggregated,14.200000,0.000000,3300,4400,5000,5400,6500,7700,9200,10000,13000,14000,14000,12543,0,3300,3767.14587409674,377.2093329753261,14461.543833982432,0.0
1777052494,100,,Aggregated,12.800000,0.000000,3300,4400,5000,5400,6500,7700,9200,10000,13000,14000,14000,12557,0,3300,3771.1937387248095,377.2093329753261,14461.543833982432,0.0
1777052495,100,,Aggregated,12.300000,0.000000,3300,4400,5000,5400,6500,7700,9200,10000,13000,14000,14000,12567,0,3300,3774.027766945998,377.2093329753261,14461.543833982432,0.0
1777052496,100,,Aggregated,12.300000,0.000000,3300,4400,5000,5400,6500,7700,9200,10000,13000,14000,14000,12584,0,3300,3779.2006472009184,377.2093329753261,14461.543833982432,0.0
1777052497,100,,Aggregated,12.700000,0.000000,3300,4400,5000,5400,6600,7700,9200,10000,13000,14000,14000,12594,0,3300,3782.3772745289325,377.2093329753261,14461.543833982432,0.0
1777052498,100,,Aggregated,12.700000,0.000000,3300,4400,5000,5400,6600,7700,9200,10000,13000,14000,14000,12607,0,3300,3786.3687348695503,377.2093329753261,14461.543833982432,0.0
1777052499,100,,Aggregated,12.700000,0.000000,3300,4400,5000,5400,6600,7700,9200,10000,13000,14000,14000,12621,0,3300,3791.0640998436347,377.2093329753261,14461.543833982432,0.0
1777052500,100,,Aggregated,13.000000,0.000000,3300,4400,5000,5400,6600,7700,9200,10000,13000,14000,14000,12634,0,3300,3795.069484314901,377.2093329753261,14461.543833982432,0.0
1777052501,100,,Aggregated,13.100000,0.000000,3300,4400,5000,5400,6600,7700,9200,10000,13000,14000,14000,12652,0,3300,3800.6129099881,377.2093329753261,14461.543833982432,0.0
1777052502,100,,Aggregated,13.100000,0.000000,3300,4400,5000,5400,6600,7700,9200,10000,13000,14000,14000,12663,0,3300,3803.8899619004587,377.2093329753261,14461.543833982432,0.0
1777052503,100,,Aggregated,12.400000,0.000000,3300,4400,5000,5400,6600,7700,9200,10000,13000,14000,14000,12679,0,3300,3808.4464703415542,377.2093329753261,14461.543833982432,0.0
1777052504,100,,Aggregated,12.400000,0.000000,3300,4400,5000,5400,6700,7700,9200,10000,13000,14000,14000,12691,0,3300,3811.6797294639905,377.2093329753261,14461.543833982432,0.0
1777052505,100,,Aggregated,13.200000,0.000000,3300,4400,5000,5500,6700,7700,9100,10000,13000,14000,14000,12708,0,3300,3816.0453473110238,377.2093329753261,14461.543833982432,0.0
1777052506,100,,Aggregated,13.400000,0.000000,3300,4400,5100,5500,6700,7700,9100,10000,13000,14000,14000,12723,0,3300,3819.83173151344,377.2093329753261,14461.543833982432,0.0
1777052507,100,,Aggregated,14.100000,0.000000,3300,4400,5100,5500,6700,7700,9100,10000,13000,14000,14000,12738,0,3300,3823.8459893497825,377.2093329753261,14461.543833982432,0.0
1777052508,100,,Aggregated,14.100000,0.000000,3300,4400,5100,5500,6700,7700,9100,10000,13000,14000,14000,12754,0,3300,3827.6489079244566,377.2093329753261,14461.543833982432,0.0
1777052509,100,,Aggregated,14.100000,0.000000,3300,4400,5100,5500,6800,7700,9100,10000,13000,14000,14000,12765,0,3300,3830.387392358752,377.2093329753261,14461.543833982432,0.0
1777052510,100,,Aggregated,14.100000,0.000000,3300,4400,5100,5500,6800,7700,9100,10000,13000,14000,14000,12793,0,3300,3836.3593925683244,377.2093329753261,14461.543833982432,0.0
1777052511,100,,Aggregated,14.100000,0.000000,3300,4400,5100,5500,6800,7700,9100,10000,13000,14000,14000,12801,0,3300,3837.9068475282093,377.2093329753261,14461.543833982432,0.0
1777052512,100,,Aggregated,14.400000,0.000000,3400,4400,5100,5500,6800,7700,9100,10000,13000,14000,14000,12818,0,3400,3840.9491394654888,377.2093329753261,14461.543833982432,0.0
1777052513,100,,Aggregated,15.700000,0.000000,3400,4400,5100,5600,6800,7700,9100,10000,13000,14000,14000,12839,0,3400,3844.1598500826904,377.2093329753261,14461.543833982432,0.0
1777052514,100,,Aggregated,15.700000,0.000000,3400,4400,5100,5600,6800,7700,9100,10000,13000,14000,14000,12850,0,3400,3845.8493019100115,377.2093329753261,14461.543833982432,0.0
1777052515,100,,Aggregated,15.500000,0.000000,3400,4400,5100,5600,6700,7700,9100,10000,13000,14000,14000,12858,0,3400,3847.188537042669,377.2093329753261,14461.543833982432,0.0
1777052516,100,,Aggregated,15.900000,0.000000,3400,4400,5100,5600,6800,7700,9100,10000,13000,14000,14000,12886,0,3400,3852.738663886204,377.2093329753261,14461.543833982432,0.0
1777052517,100,,Aggregated,15.000000,0.000000,3400,4500,5100,5600,6800,7700,9100,10000,13000,14000,14000,12901,0,3400,3855.648485863848,377.2093329753261,14461.543833982432,0.0
1777052518,100,,Aggregated,16.100000,0.000000,3400,4500,5100,5600,6800,7700,9100,10000,13000,14000,14000,12916,0,3400,3858.6597571232933,377.2093329753261,14461.543833982432,0.0
1777052519,100,,Aggregated,16.100000,0.000000,3400,4500,5100,5600,6800,7700,9100,10000,13000,14000,14000,12922,0,3400,3859.8936166134877,377.2093329753261,14461.543833982432,0.0
1777052520,100,,Aggregated,16.700000,0.000000,3400,4500,5100,5600,6800,7700,9100,10000,13000,14000,14000,12945,0,3400,3865.010453531131,377.2093329753261,14461.543833982432,0.0
1777052521,100,,Aggregated,15.700000,0.000000,3400,4500,5200,5600,6800,7700,9100,10000,13000,14000,14000,12969,0,3400,3868.779625253946,377.2093329753261,14461.543833982432,0.0
1777052522,100,,Aggregated,16.200000,0.000000,3400,4500,5200,5700,6800,7700,9100,10000,13000,14000,14000,12985,0,3400,3871.340365765065,377.2093329753261,14461.543833982432,0.0
1777052523,100,,Aggregated,16.700000,0.000000,3400,4500,5200,5700,6800,7700,9100,10000,13000,14000,14000,12998,0,3400,3873.521347630434,377.2093329753261,14461.543833982432,0.0
1777052524,100,,Aggregated,15.900000,0.000000,3400,4500,5200,5700,6800,7700,9100,10000,13000,14000,14000,13019,0,3400,3876.8285227328097,377.2093329753261,14461.543833982432,0.0
1777052525,100,,Aggregated,15.700000,0.000000,3400,4500,5200,5700,6800,7700,9100,10000,13000,14000,14000,13030,0,3400,3878.445978194745,377.2093329753261,14461.543833982432,0.0
1777052526,100,,Aggregated,16.100000,0.000000,3400,4500,5200,5700,6800,7700,9100,10000,13000,14000,14000,13046,0,3400,3881.137577935964,377.2093329753261,14461.543833982432,0.0
1777052527,100,,Aggregated,16.400000,0.000000,3400,4500,5200,5700,6800,7700,9100,10000,13000,14000,14000,13069,0,3400,3884.755475505063,377.2093329753261,14461.543833982432,0.0
1777052528,100,,Aggregated,15.900000,0.000000,3400,4500,5200,5700,6800,7700,9100,10000,13000,14000,14000,13095,0,3400,3888.3308310741995,377.2093329753261,14461.543833982432,0.0
1777052529,100,,Aggregated,15.900000,0.000000,3400,4500,5200,5700,6700,7700,9100,10000,13000,14000,14000,13112,0,3400,3890.3142182415104,377.2093329753261,14461.543833982432,0.0
1777052530,100,,Aggregated,17.000000,0.000000,3400,4500,5200,5700,6700,7700,9100,10000,13000,14000,14000,13123,0,3400,3891.4640283248236,377.2093329753261,14461.543833982432,0.0
1777052531,100,,Aggregated,19.000000,0.000000,3400,4500,5200,5700,6700,7700,9100,10000,13000,14000,14000,13154,0,3400,3894.4899076010042,377.2093329753261,14461.543833982432,0.0
1777052532,100,,Aggregated,17.800000,0.000000,3400,4500,5200,5700,6700,7700,9100,10000,13000,14000,14000,13173,0,3400,3895.6146448384266,377.2093329753261,14461.543833982432,0.0
1777052533,100,,Aggregated,16.900000,0.000000,3400,4600,5200,5700,6700,7700,9100,10000,13000,14000,14000,13191,0,3400,3896.940714467405,377.2093329753261,14461.543833982432,0.0
1777052534,100,,Aggregated,19.100000,0.000000,3500,4600,5200,5700,6700,7700,9100,10000,13000,14000,14000,13213,0,3500,3898.5514203783814,377.2093329753261,14461.543833982432,0.0
1777052535,100,,Aggregated,19.200000,0.000000,3500,4600,5200,5700,6700,7700,9100,10000,13000,14000,14000,13239,0,3500,3899.5343954039204,377.2093329753261,14461.543833982432,0.0
1777052536,100,,Aggregated,20.000000,0.000000,3500,4600,5200,5700,6700,7700,9100,10000,13000,14000,14000,13253,0,3500,3900.555693305325,377.2093329753261,14461.543833982432,0.0
1777052537,100,,Aggregated,20.000000,0.000000,3500,4600,5200,5700,6700,7700,9100,10000,13000,14000,14000,13261,0,3500,3901.319874220909,377.2093329753261,14461.543833982432,0.0
1777052538,100,,Aggregated,20.600000,0.000000,3500,4600,5200,5700,6700,7700,9100,10000,13000,14000,14000,13286,0,3500,3904.418009352065,377.2093329753261,14461.543833982432,0.0
1777052539,100,,Aggregated,19.600000,0.000000,3500,4600,5200,5700,6700,7700,9000,10000,13000,14000,14000,13307,0,3500,3906.7290655453153,377.2093329753261,14461.543833982432,0.0
1777052540,100,,Aggregated,19.400000,0.000000,3500,4600,5200,5700,6700,7700,9000,10000,13000,14000,14000,13338,0,3500,3909.9154773800733,377.2093329753261,14461.543833982432,0.0
1777052541,100,,Aggregated,19.300000,0.000000,3500,4600,5200,5700,6700,7700,9000,10000,13000,14000,14000,13358,0,3500,3911.383281622955,377.2093329753261,14461.543833982432,0.0
1777052542,100,,Aggregated,20.300000,0.000000,3500,4600,5200,5700,6700,7700,9000,10000,13000,14000,14000,13374,0,3500,3912.2973250401915,377.2093329753261,14461.543833982432,0.0
1777052543,100,,Aggregated,20.300000,0.000000,3500,4600,5200,5700,6700,7700,9000,10000,13000,14000,14000,13374,0,3500,3912.2973250401915,377.2093329753261,14461.543833982432,0.0
1777052544,100,,Aggregated,19.000000,0.000000,3500,4600,5200,5700,6700,7700,9000,10000,13000,14000,14000,13405,0,3500,3915.5649045508794,377.2093329753261,14461.543833982432,0.0
1777052545,100,,Aggregated,18.800000,0.000000,3500,4600,5200,5700,6700,7700,9000,10000,13000,14000,14000,13425,0,3500,3917.6546986005624,377.2093329753261,14461.543833982432,0.0
1777052546,100,,Aggregated,18.200000,0.000000,3500,4600,5200,5700,6700,7700,9000,10000,13000,14000,14000,13446,0,3500,3920.2240265231803,377.2093329753261,14461.543833982432,0.0
1777052547,100,,Aggregated,18.700000,0.000000,3500,4600,5200,5700,6700,7700,9000,10000,13000,14000,14000,13473,0,3500,3922.77630888672,377.2093329753261,14461.543833982432,0.0
1777052548,100,,Aggregated,19.000000,0.000000,3500,4600,5200,5700,6700,7700,9000,10000,13000,14000,14000,13491,0,3500,3923.5892471160637,377.2093329753261,14461.543833982432,0.0
1777052549,100,,Aggregated,20.400000,0.000000,3500,4600,5200,5700,6700,7700,9000,10000,13000,14000,14000,13512,0,3500,3924.579025475044,377.2093329753261,14461.543833982432,0.0
1777052550,100,,Aggregated,20.400000,0.000000,3500,4600,5200,5700,6700,7700,9000,10000,13000,14000,14000,13532,0,3500,3925.688604515428,377.2093329753261,14461.543833982432,0.0
1777052551,100,,Aggregated,19.800000,0.000000,3500,4600,5200,5700,6700,7700,9000,10000,13000,14000,14000,13550,0,3500,3926.731248146699,377.2093329753261,14461.543833982432,0.0
1777052552,100,,Aggregated,19.800000,0.000000,3500,4600,5200,5700,6700,7700,9000,10000,13000,14000,14000,13571,0,3500,3928.5648914821077,377.2093329753261,14461.543833982432,0.0
1777052553,100,,Aggregated,19.700000,0.000000,3600,4600,5200,5700,6700,7700,9000,10000,13000,14000,14000,13588,0,3600,3930.1696167920077,377.2093329753261,14461.543833982432,0.0
1777052554,100,,Aggregated,20.100000,0.000000,3600,4600,5200,5700,6700,7700,9000,10000,13000,14000,14000,13608,0,3600,3932.0728057585825,377.2093329753261,14461.543833982432,0.0
1777052555,100,,Aggregated,20.600000,0.000000,3600,4700,5200,5700,6700,7700,9000,10000,13000,14000,14000,13623,0,3600,3933.7938370198794,377.2093329753261,14461.543833982432,0.0
1777052556,100,,Aggregated,20.200000,0.000000,3600,4700,5300,5700,6700,7700,9000,10000,13000,14000,14000,13640,0,3600,3935.8876302733024,377.2093329753261,14461.543833982432,0.0
1777052557,100,,Aggregated,19.800000,0.000000,3600,4700,5300,5700,6700,7700,9000,10000,13000,14000,14000,13656,0,3600,3937.896651677052,377.2093329753261,14461.543833982432,0.0
1777052558,100,,Aggregated,19.400000,0.000000,3600,4700,5300,5700,6700,7700,9000,10000,13000,14000,14000,13666,0,3600,3939.1842807735875,377.2093329753261,14461.543833982432,0.0
1777052559,100,,Aggregated,18.000000,0.000000,3600,4700,5300,5700,6700,7700,9000,10000,13000,14000,14000,13687,0,3600,3942.4181691271156,377.2093329753261,14461.543833982432,0.0
1777052560,100,,Aggregated,17.900000,0.000000,3600,4700,5300,5700,6700,7700,9000,10000,13000,14000,14000,13694,0,3600,3943.6600115598685,377.2093329753261,14461.543833982432,0.0
1777052561,100,,Aggregated,16.900000,0.000000,3600,4700,5300,5700,6700,7700,9000,10000,13000,14000,14000,13703,0,3600,3945.7097706500617,377.2093329753261,14461.543833982432,0.0
1777052562,100,,Aggregated,16.500000,0.000000,3600,4700,5300,5700,6700,7700,9000,10000,13000,14000,14000,13713,0,3600,3948.277357429072,377.2093329753261,14461.543833982432,0.0
1777052563,100,,Aggregated,15.500000,0.000000,3600,4700,5300,5700,6700,7700,9000,10000,13000,14000,14000,13728,0,3600,3952.2738988692313,377.2093329753261,14461.543833982432,0.0
1777052564,100,,Aggregated,15.200000,0.000000,3600,4700,5300,5700,6700,7700,9000,10000,13000,14000,14000,13741,0,3600,3956.1376330454,377.2093329753261,14461.543833982432,0.0
1777052565,100,,Aggregated,13.900000,0.000000,3600,4700,5300,5700,6700,7700,9000,10000,13000,14000,14000,13752,0,3600,3959.430982660769,377.2093329753261,14461.543833982432,0.0
1777052566,100,,Aggregated,13.600000,0.000000,3600,4700,5300,5700,6700,7700,9000,10000,13000,14000,14000,13762,0,3600,3962.8340557095553,377.2093329753261,14461.543833982432,0.0
1777052567,100,,Aggregated,13.200000,0.000000,3600,4700,5300,5700,6800,7700,9000,10000,13000,14000,14000,13779,0,3600,3968.5504313092993,377.2093329753261,14461.543833982432,0.0
1777052568,100,,Aggregated,13.100000,0.000000,3600,4700,5300,5700,6800,7700,9000,10000,13000,14000,14000,13785,0,3600,3970.634414479136,377.2093329753261,14461.543833982432,0.0
1777052569,100,,Aggregated,11.900000,0.000000,3600,4700,5300,5700,6800,7800,9000,10000,13000,14000,14000,13798,0,3600,3975.1153281192837,377.2093329753261,14461.543833982432,0.0
1777052570,100,,Aggregated,12.000000,0.000000,3600,4700,5300,5700,6800,7800,9000,10000,13000,14000,14000,13802,0,3600,3976.3909855950483,377.2093329753261,14461.543833982432,0.0
1777052571,100,,Aggregated,12.300000,0.000000,3600,4700,5300,5700,6800,7800,9000,10000,13000,14000,14000,13814,0,3600,3980.792745983412,377.2093329753261,14461.543833982432,0.0
1777052572,100,,Aggregated,11.200000,0.000000,3600,4700,5300,5700,6800,7800,9100,10000,13000,14000,14000,13823,0,3600,3984.085975295804,377.2093329753261,14461.543833982432,0.0
1777052573,100,,Aggregated,11.000000,0.000000,3600,4700,5300,5700,6800,7800,9100,10000,13000,14000,14000,13833,0,3600,3988.1918746787346,377.2093329753261,14461.543833982432,0.0
1777052574,100,,Aggregated,10.800000,0.000000,3600,4700,5300,5800,6800,7800,9200,10000,13000,14000,14000,13844,0,3600,3992.818746560889,377.2093329753261,14461.543833982432,0.0
1777052575,100,,Aggregated,10.400000,0.000000,3600,4700,5300,5800,6900,7800,9200,10000,13000,14000,14000,13851,0,3600,3995.8576328826066,377.2093329753261,14461.543833982432,0.0
1777052576,100,,Aggregated,10.300000,0.000000,3600,4700,5300,5800,6900,7900,9300,10000,13000,14000,14000,13863,0,3600,4001.324339790379,377.2093329753261,14461.543833982432,0.0
1777052577,100,,Aggregated,10.000000,0.000000,3600,4700,5300,5800,6900,7900,9400,10000,13000,14000,14000,13872,0,3600,4005.314262339825,377.2093329753261,14461.543833982432,0.0
1777052578,100,,Aggregated,9.300000,0.000000,3700,4700,5300,5800,6900,7900,9400,10000,13000,14000,14000,13881,0,3700,4009.73464307723,377.2093329753261,14461.543833982432,0.0
1777052579,100,,Aggregated,10.000000,0.000000,3700,4700,5400,5800,6900,7900,9500,10000,13000,14000,14000,13884,0,3700,4011.354526659395,377.2093329753261,14461.543833982432,0.0
1777052580,100,,Aggregated,10.000000,0.000000,3700,4700,5400,5800,6900,7900,9500,10000,13000,14000,14000,13892,0,3700,4015.421485883246,377.2093329753261,14461.543833982432,0.0
1777052581,100,,Aggregated,8.600000,0.000000,3700,4700,5400,5800,6900,7900,9600,10000,13000,14000,14000,13909,0,3700,4023.9561304950807,377.2093329753261,14461.543833982432,0.0
1777052582,100,,Aggregated,9.100000,0.000000,3700,4700,5400,5800,7000,7900,9700,10000,13000,14000,14000,13928,0,3700,4032.376492064266,377.2093329753261,14461.543833982432,0.0
1777052583,100,,Aggregated,9.300000,0.000000,3700,4800,5400,5800,7000,8000,9700,10000,13000,14000,14000,13949,0,3700,4039.747591402472,377.2093329753261,14461.543833982432,0.0
1777052584,100,,Aggregated,9.000000,0.000000,3700,4800,5400,5800,7000,8000,9700,10000,13000,14000,14000,13972,0,3700,4045.127263158388,377.2093329753261,14461.543833982432,0.0
1777052585,100,,Aggregated,10.900000,0.000000,3700,4800,5400,5800,7000,8000,9700,10000,13000,14000,14000,14016,0,3700,4047.5825349581123,377.2093329753261,14461.543833982432,0.0
1777052586,100,,Aggregated,13.100000,0.000000,3700,4800,5400,5800,7000,8000,9700,10000,13000,14000,14000,14067,0,3700,4043.474168015486,377.2093329753261,14461.543833982432,0.0
1777052587,100,,Aggregated,14.200000,0.000000,3700,4800,5400,5800,7000,8000,9700,10000,13000,14000,14000,14094,0,3700,4039.7669305417808,377.2093329753261,14461.543833982432,0.0
1777052588,100,,Aggregated,17.700000,0.000000,3700,4700,5400,5800,7000,8000,9700,10000,13000,14000,14000,14128,0,3700,4036.2963429072597,377.2093329753261,14461.543833982432,0.0
1777052589,100,,Aggregated,22.300000,0.000000,3600,4700,5400,5800,7000,8000,9700,10000,13000,14000,14000,14140,0,3600,4035.4665662901525,377.2093329753261,14461.543833982432,0.0
1777052590,100,,Aggregated,23.700000,0.000000,3700,4700,5400,5800,7000,8000,9700,10000,13000,14000,14000,14158,0,3700,4035.2039938323032,377.2093329753261,14461.543833982432,0.0
1777052591,100,,Aggregated,24.900000,0.000000,3700,4700,5400,5800,7000,8000,9700,10000,13000,14000,14000,14168,0,3700,4035.574155941968,377.2093329753261,14461.543833982432,0.0
1777052592,100,,Aggregated,24.800000,0.000000,3700,4700,5400,5800,7000,8000,9700,10000,13000,14000,14000,14180,0,3700,4036.7613524219855,377.2093329753261,14461.543833982432,0.0
1777052593,100,,Aggregated,25.900000,0.000000,3700,4700,5400,5800,7000,8000,9700,10000,13000,14000,14000,14189,0,3700,4038.213411079198,377.2093329753261,14461.543833982432,0.0
1777052594,100,,Aggregated,26.400000,0.000000,3700,4700,5400,5800,7000,8000,9700,10000,13000,14000,14000,14201,0,3700,4040.31124489844,377.2093329753261,14461.543833982432,0.0
1777052595,100,,Aggregated,25.100000,0.000000,3700,4800,5400,5800,7000,8000,9700,10000,13000,14000,14000,14208,0,3700,4041.77812054897,377.2093329753261,14461.543833982432,0.0
1777052596,100,,Aggregated,22.400000,0.000000,3700,4800,5400,5800,7000,8000,9700,10000,13000,14000,14000,14220,0,3700,4045.34412415083,377.2093329753261,14461.543833982432,0.0
1777052597,100,,Aggregated,21.900000,0.000000,3700,4800,5400,5800,7000,8000,9700,10000,13000,14000,14000,14227,0,3700,4047.6743772526797,377.2093329753261,14461.543833982432,0.0
1777052598,100,,Aggregated,17.800000,0.000000,3700,4800,5400,5800,7000,8100,9700,10000,13000,14000,14000,14237,0,3700,4051.2954756450026,377.2093329753261,14461.543833982432,0.0
1777052599,100,,Aggregated,13.400000,0.000000,3700,4800,5400,5800,7000,8100,9700,10000,13000,14000,14000,14261,0,3700,4059.7055155412577,377.2093329753261,14461.543833982432,0.0
1777052600,100,,Aggregated,11.800000,0.000000,3700,4800,5400,5800,7000,8100,9700,10000,13000,14000,14000,14274,0,3700,4063.9648353452358,377.2093329753261,14461.543833982432,0.0
1777052601,100,,Aggregated,12.000000,0.000000,3700,4800,5400,5800,7100,8200,9700,10000,13000,14000,14000,14287,0,3700,4067.840697371168,377.2093329753261,14461.543833982432,0.0
1777052602,100,,Aggregated,12.600000,0.000000,3700,4800,5400,5900,7100,8200,9700,10000,13000,14000,14000,14315,0,3700,4074.2210280103286,377.2093329753261,14461.543833982432,0.0
1777052603,100,,Aggregated,11.800000,0.000000,3700,4800,5400,5900,7100,8200,9700,10000,13000,14000,14000,14332,0,3700,4076.576974722218,377.2093329753261,14461.543833982432,0.0
1777052604,100,,Aggregated,12.200000,0.000000,3700,4800,5400,5900,7100,8200,9700,10000,13000,14000,14000,14347,0,3700,4078.2506947365123,377.2093329753261,14461.543833982432,0.0
1777052605,100,,Aggregated,13.400000,0.000000,3700,4800,5400,5900,7100,8100,9700,10000,13000,14000,14000,14369,0,3700,4080.4278612645767,377.2093329753261,14461.543833982432,0.0
1777052606,100,,Aggregated,14.600000,0.000000,3700,4800,5400,5900,7100,8100,9700,10000,13000,14000,14000,14389,0,3700,4081.9083081239673,377.2093329753261,14461.543833982432,0.0
1777052607,100,,Aggregated,15.100000,0.000000,3700,4800,5400,5900,7100,8100,9600,10000,13000,14000,14000,14408,0,3700,4083.1700389259954,377.2093329753261,14461.543833982432,0.0
1777052608,100,,Aggregated,16.500000,0.000000,3700,4800,5400,5800,7100,8100,9600,10000,13000,14000,14000,14446,0,3700,4084.400490687707,377.2093329753261,14461.543833982432,0.0
1777052609,100,,Aggregated,16.800000,0.000000,3700,4800,5400,5800,7100,8100,9600,10000,13000,14000,14000,14473,0,3700,4084.06479446608,377.2093329753261,14461.543833982432,0.0
1777052610,100,,Aggregated,19.800000,0.000000,3700,4800,5400,5800,7100,8100,9600,10000,13000,14000,14000,14490,0,3700,4083.7845939769204,377.2093329753261,14461.543833982432,0.0
1777052611,100,,Aggregated,20.900000,0.000000,3700,4800,5400,5800,7100,8100,9600,10000,13000,14000,14000,14503,0,3700,4083.934793061265,377.2093329753261,14461.543833982432,0.0
1777052612,100,,Aggregated,20.700000,0.000000,3700,4800,5400,5800,7100,8100,9600,10000,13000,14000,14000,14512,0,3700,4084.192889061431,377.2093329753261,14461.543833982432,0.0
1777052613,100,,Aggregated,21.200000,0.000000,3700,4800,5400,5800,7100,8100,9600,10000,13000,14000,14000,14528,0,3700,4085.399351862027,377.2093329753261,14461.543833982432,0.0
1777052614,100,,Aggregated,21.600000,0.000000,3700,4800,5400,5800,7100,8100,9600,10000,13000,14000,14000,14539,0,3700,4086.664541584873,377.2093329753261,14461.543833982432,0.0
1777052615,100,,Aggregated,20.400000,0.000000,3700,4800,5400,5800,7100,8100,9600,10000,13000,14000,14000,14548,0,3700,4088.152493030072,377.2093329753261,14461.543833982432,0.0
1777052616,100,,Aggregated,19.700000,0.000000,3700,4800,5400,5800,7100,8100,9600,10000,13000,14000,14000,14563,0,3700,4091.472163626551,377.2093329753261,14461.543833982432,0.0
1777052617,100,,Aggregated,18.800000,0.000000,3700,4800,5400,5900,7100,8100,9600,10000,13000,14000,14000,14576,0,3700,4094.6992665754296,377.2093329753261,14461.543833982432,0.0
1777052618,100,,Aggregated,18.000000,0.000000,3700,4800,5400,5900,7100,8100,9600,10000,13000,14000,14000,14579,0,3700,4095.5248221256934,377.2093329753261,14461.543833982432,0.0
1777052619,100,,Aggregated,17.900000,0.000000,3700,4800,5400,5900,7100,8100,9600,10000,13000,14000,14000,14586,0,3700,4097.814981253365,377.2093329753261,14461.543833982432,0.0
1777052620,100,,Aggregated,15.200000,0.000000,3700,4800,5400,5900,7100,8200,9600,10000,13000,14000,14000,14598,0,3700,4101.962336249116,377.2093329753261,14461.543833982432,0.0
1777052621,100,,Aggregated,12.300000,0.000000,3700,4800,5400,5900,7100,8200,9700,10000,13000,14000,14000,14606,0,3700,4105.037191983062,377.2093329753261,14461.543833982432,0.0
1777052622,100,,Aggregated,11.600000,0.000000,3700,4800,5400,5900,7200,8200,9700,10000,13000,14000,14000,14610,0,3700,4106.704933765476,377.2093329753261,14461.543833982432,0.0
1777052623,100,,Aggregated,11.100000,0.000000,3700,4800,5400,5900,7200,8200,9700,10000,13000,14000,14000,14616,0,3700,4109.410017473839,377.2093329753261,14461.543833982432,0.0
1777052624,100,,Aggregated,9.700000,0.000000,3700,4800,5400,5900,7200,8200,9700,11000,13000,14000,14000,14625,0,3700,4113.942293947324,377.2093329753261,14461.543833982432,0.0
1777052625,100,,Aggregated,8.900000,0.000000,3700,4800,5400,5900,7200,8200,9800,11000,13000,14000,14000,14631,0,3700,4116.94017682917,377.2093329753261,14461.543833982432,0.0
1777052626,100,,Aggregated,8.500000,0.000000,3800,4900,5400,5900,7200,8300,9800,11000,13000,14000,14000,14644,0,3800,4123.953393672261,377.2093329753261,14461.543833982432,0.0
1777052627,100,,Aggregated,8.300000,0.000000,3800,4900,5500,5900,7200,8300,9800,11000,13000,14000,14000,14654,0,3800,4129.070695152833,377.2093329753261,14461.543833982432,0.0
1777052628,100,,Aggregated,8.100000,0.000000,3800,4900,5500,5900,7200,8300,9900,11000,13000,14000,14000,14669,0,3800,4136.554694149401,377.2093329753261,14461.543833982432,0.0
1777052629,100,,Aggregated,7.900000,0.000000,3800,4900,5500,5900,7300,8400,10000,11000,13000,14000,14000,14684,0,3800,4143.651661585913,377.2093329753261,14461.543833982432,0.0
1777052630,100,,Aggregated,7.700000,0.000000,3800,4900,5500,5900,7300,8400,10000,11000,13000,14000,14000,14695,0,3800,4148.432893474207,377.2093329753261,14461.543833982432,0.0
1777052631,100,,Aggregated,8.700000,0.000000,3800,4900,5500,5900,7300,8400,10000,11000,13000,14000,14000,14714,0,3800,4155.118740112851,377.2093329753261,14461.543833982432,0.0
1777052632,100,,Aggregated,9.500000,0.000000,3800,4900,5500,5900,7300,8400,10000,11000,13000,14000,14000,14739,0,3800,4160.365426372992,377.2093329753261,14461.543833982432,0.0
1777052633,100,,Aggregated,10.500000,0.000000,3800,4900,5500,6000,7300,8400,10000,11000,13000,14000,14000,14759,0,3800,4163.211910595472,377.2093329753261,14461.543833982432,0.0
1777052634,100,,Aggregated,10.600000,0.000000,3800,4900,5500,6000,7300,8400,10000,11000,13000,14000,14000,14774,0,3800,4164.864071187735,377.2093329753261,14461.543833982432,0.0
1777052635,100,,Aggregated,13.200000,0.000000,3800,4900,5500,6000,7300,8400,10000,11000,13000,14000,14000,14802,0,3800,4166.844220407828,377.2093329753261,14461.543833982432,0.0
1777052636,100,,Aggregated,14.700000,0.000000,3800,4900,5500,6000,7300,8400,10000,11000,13000,14000,14000,14806,0,3800,4167.176772489304,377.2093329753261,14461.543833982432,0.0
1777052637,100,,Aggregated,14.700000,0.000000,3800,4900,5500,6000,7300,8400,10000,11000,13000,14000,14000,14833,0,3800,4169.083991234521,377.2093329753261,14461.543833982432,0.0
1777052638,100,,Aggregated,16.800000,0.000000,3800,4900,5500,6000,7300,8400,10000,11000,13000,14000,14000,14853,0,3800,4170.258024241744,377.2093329753261,14461.543833982432,0.0
1777052639,100,,Aggregated,15.900000,0.000000,3800,4900,5500,5900,7300,8400,10000,11000,13000,14000,14000,14866,0,3800,4171.385837830528,377.2093329753261,14461.543833982432,0.0
1777052640,100,,Aggregated,18.500000,0.000000,3800,4900,5500,6000,7300,8400,10000,11000,13000,14000,14000,14877,0,3800,4172.905585833079,377.2093329753261,14461.543833982432,0.0
1777052641,100,,Aggregated,18.400000,0.000000,3800,4900,5500,6000,7300,8400,10000,11000,13000,14000,14000,14890,0,3800,4174.598362501393,377.2093329753261,14461.543833982432,0.0
1777052642,100,,Aggregated,18.200000,0.000000,3800,4900,5500,6000,7300,8400,10000,11000,13000,14000,14000,14900,0,3800,4176.195255580253,377.2093329753261,14461.543833982432,0.0
1777052643,100,,Aggregated,17.300000,0.000000,3800,4900,5500,6000,7300,8400,10000,11000,13000,14000,14000,14921,0,3800,4179.451083979814,377.2093329753261,14461.543833982432,0.0
1777052644,100,,Aggregated,18.100000,0.000000,3800,4900,5500,6000,7300,8400,10000,11000,13000,14000,14000,14935,0,3800,4182.275626859448,377.2093329753261,14461.543833982432,0.0
1777052645,100,,Aggregated,16.400000,0.000000,3800,4900,5500,6000,7300,8400,10000,11000,13000,14000,14000,14951,0,3800,4185.18858244571,377.2093329753261,14461.543833982432,0.0
1777052646,100,,Aggregated,15.700000,0.000000,3800,4900,5600,6000,7300,8400,10000,11000,13000,14000,14000,14987,0,3800,4189.713194853726,377.2093329753261,14461.543833982432,0.0
1777052647,100,,Aggregated,16.500000,0.000000,3800,4900,5500,6000,7300,8400,10000,11000,13000,14000,14000,15031,0,3800,4190.013793029198,377.2093329753261,14461.543833982432,0.0
1777052648,100,,Aggregated,14.900000,0.000000,3800,4900,5500,6000,7300,8400,10000,11000,13000,14000,14000,15057,0,3800,4188.448701400336,377.2093329753261,14461.543833982432,0.0
1777052649,100,,Aggregated,18.100000,0.000000,3800,4900,5500,6000,7300,8400,10000,11000,13000,14000,14000,15084,0,3800,4186.270043715329,377.2093329753261,14461.543833982432,0.0
1777052650,100,,Aggregated,19.200000,0.000000,3800,4900,5500,6000,7300,8400,10000,11000,13000,14000,14000,15112,0,3800,4184.393070726237,377.2093329753261,14461.543833982432,0.0
1777052651,100,,Aggregated,20.400000,0.000000,3800,4900,5500,6000,7300,8400,10000,11000,13000,14000,14000,15123,0,3800,4183.811554587109,377.2093329753261,14461.543833982432,0.0
1777052652,100,,Aggregated,22.600000,0.000000,3800,4900,5500,6000,7300,8400,10000,11000,13000,14000,14000,15161,0,3800,4182.657376897757,377.2093329753261,14461.543833982432,0.0
1777052653,100,,Aggregated,23.300000,0.000000,3800,4900,5500,6000,7300,8400,10000,11000,13000,14000,14000,15183,0,3800,4182.267292626086,377.2093329753261,14461.543833982432,0.0
1777052654,100,,Aggregated,22.900000,0.000000,3800,4900,5500,6000,7300,8400,10000,11000,13000,14000,14000,15208,0,3800,4182.360300002888,377.2093329753261,14461.543833982432,0.0
1777052655,100,,Aggregated,25.500000,0.000000,3800,4900,5500,6000,7300,8400,10000,11000,13000,14000,14000,15223,0,3800,4182.609119114295,377.2093329753261,14461.543833982432,0.0
1777052656,100,,Aggregated,26.200000,0.000000,3800,4900,5500,6000,7300,8400,10000,11000,13000,14000,14000,15247,0,3800,4183.153762105265,377.2093329753261,14461.543833982432,0.0
1777052657,100,,Aggregated,27.000000,0.000000,3800,4900,5500,6000,7200,8400,10000,11000,13000,14000,14000,15268,0,3800,4183.942133532554,377.2093329753261,14461.543833982432,0.0
1777052658,100,,Aggregated,27.200000,0.000000,3800,4900,5500,6000,7200,8400,10000,11000,13000,14000,14000,15277,0,3800,4184.504592144401,377.2093329753261,14461.543833982432,0.0
1777052659,100,,Aggregated,26.000000,0.000000,3800,4900,5500,6000,7200,8400,10000,11000,13000,14000,14000,15305,0,3800,4185.947193633649,377.2093329753261,14461.543833982432,0.0
1777052660,100,,Aggregated,23.700000,0.000000,3800,4900,5500,6000,7200,8400,10000,11000,13000,14000,14000,15325,0,3800,4187.035595441892,377.2093329753261,14461.543833982432,0.0
1777052661,100,,Aggregated,22.900000,0.000000,3800,4900,5500,5900,7200,8400,10000,11000,13000,14000,14000,15338,0,3800,4187.746373575042,377.2093329753261,14461.543833982432,0.0
1777052662,100,,Aggregated,21.300000,0.000000,3800,4900,5500,5900,7200,8400,10000,11000,13000,14000,14000,15355,0,3800,4188.962738699185,377.2093329753261,14461.543833982432,0.0
1777052663,100,,Aggregated,21.300000,0.000000,3800,4900,5500,5900,7200,8400,10000,11000,13000,14000,14000,15368,0,3800,4190.439465137105,377.2093329753261,14461.543833982432,0.0
1777052664,100,,Aggregated,21.700000,0.000000,3800,4900,5500,5900,7200,8300,10000,11000,13000,14000,14000,15385,0,3800,4192.250426127852,377.2093329753261,14461.543833982432,0.0
1777052665,100,,Aggregated,19.400000,0.000000,3800,4900,5500,6000,7200,8300,10000,11000,13000,14000,14000,15396,0,3800,4193.574705625557,377.2093329753261,14461.543833982432,0.0
1777052666,100,,Aggregated,18.500000,0.000000,3800,4900,5500,6000,7200,8300,10000,11000,13000,14000,14000,15403,0,3800,4194.710574726939,377.2093329753261,14461.543833982432,0.0
1777052667,100,,Aggregated,17.600000,0.000000,3800,4900,5500,6000,7200,8300,10000,11000,13000,14000,14000,15415,0,3800,4196.972972390014,377.2093329753261,14461.543833982432,0.0
1777052668,100,,Aggregated,17.500000,0.000000,3800,4900,5500,6000,7200,8300,10000,11000,13000,14000,14000,15422,0,3800,4198.589818290886,377.2093329753261,14461.543833982432,0.0
1777052669,100,,Aggregated,15.600000,0.000000,3800,4900,5500,6000,7200,8400,10000,11000,13000,14000,14000,15428,0,3800,4200.2101850676745,377.2093329753261,14461.543833982432,0.0
1777052670,100,,Aggregated,14.700000,0.000000,3800,4900,5500,6000,7300,8400,10000,11000,13000,14000,14000,15439,0,3800,4203.58596342445,377.2093329753261,14461.543833982432,0.0
1777052671,100,,Aggregated,13.600000,0.000000,3800,4900,5500,6000,7300,8400,10000,11000,13000,14000,14000,15446,0,3800,4205.874047548564,377.2093329753261,14461.543833982432,0.0
1777052672,100,,Aggregated,12.300000,0.000000,3800,4900,5500,6000,7300,8400,10000,11000,13000,14000,14000,15465,0,3800,4212.372837138774,377.2093329753261,14461.543833982432,0.0
1777052673,100,,Aggregated,11.400000,0.000000,3800,4900,5600,6000,7300,8500,10000,11000,13000,14000,14000,15475,0,3800,4215.592606393027,377.2093329753261,14461.543833982432,0.0
1777052674,100,,Aggregated,10.700000,0.000000,3800,4900,5600,6000,7300,8500,10000,11000,13000,14000,14000,15494,0,3800,4222.354188799994,377.2093329753261,14461.543833982432,0.0
1777052675,100,,Aggregated,11.000000,0.000000,3800,5000,5600,6000,7400,8600,10000,11000,13000,14000,14000,15513,0,3800,4228.117976012964,377.2093329753261,14461.543833982432,0.0
1777052676,100,,Aggregated,10.700000,0.000000,3900,5000,5600,6000,7400,8600,10000,11000,13000,14000,14000,15525,0,3900,4230.933967856499,377.2093329753261,14461.543833982432,0.0
1777052677,100,,Aggregated,10.900000,0.000000,3900,5000,5600,6000,7400,8600,10000,11000,13000,14000,14000,15546,0,3900,4234.343704595146,377.2093329753261,14461.543833982432,0.0
1777052679,100,,Aggregated,11.500000,0.000000,3900,5000,5600,6000,7400,8600,10000,11000,13000,14000,14000,15561,0,3900,4236.067694008745,377.2093329753261,14461.543833982432,0.0
1777052680,100,,Aggregated,12.200000,0.000000,3900,5000,5600,6000,7400,8600,10000,11000,13000,14000,14000,15574,0,3900,4238.043241035388,377.2093329753261,14461.543833982432,0.0
1777052681,100,,Aggregated,13.900000,0.000000,3900,5000,5600,6000,7400,8600,10000,11000,13000,14000,14000,15591,0,3900,4240.075037776286,377.2093329753261,14461.543833982432,0.0
1777052682,100,,Aggregated,13.900000,0.000000,3900,5000,5600,6000,7400,8600,10000,11000,13000,14000,14000,15610,0,3900,4242.553292607243,377.2093329753261,14461.543833982432,0.0
1777052683,100,,Aggregated,14.600000,0.000000,3900,5000,5600,6000,7400,8600,10000,11000,13000,14000,14000,15627,0,3900,4244.756468341078,377.2093329753261,14461.543833982432,0.0
1777052684,100,,Aggregated,15.100000,0.000000,3900,5000,5600,6000,7400,8600,10000,11000,13000,14000,14000,15640,0,3900,4246.531636850961,377.2093329753261,14461.543833982432,0.0
1777052685,100,,Aggregated,16.200000,0.000000,3900,5000,5600,6100,7400,8600,10000,11000,13000,14000,14000,15654,0,3900,4248.497554622336,377.2093329753261,14461.543833982432,0.0
1777052686,100,,Aggregated,16.200000,0.000000,3900,5000,5700,6100,7400,8600,10000,11000,13000,14000,14000,15676,0,3900,4250.840896990562,377.2093329753261,14461.543833982432,0.0
1777052687,100,,Aggregated,16.500000,0.000000,3900,5000,5700,6100,7300,8600,10000,11000,13000,14000,14000,15691,0,3900,4252.38696023275,377.2093329753261,14461.543833982432,0.0
1777052688,100,,Aggregated,16.300000,0.000000,3900,5000,5700,6100,7300,8600,10000,11000,13000,14000,14000,15714,0,3900,4254.650978072355,377.2093329753261,14461.543833982432,0.0
1777052689,100,,Aggregated,16.300000,0.000000,3900,5000,5700,6100,7300,8600,10000,11000,13000,14000,14000,15727,0,3900,4256.173497075924,377.2093329753261,14461.543833982432,0.0
1777052690,100,,Aggregated,16.600000,0.000000,3900,5000,5700,6100,7300,8600,10000,11000,13000,14000,14000,15740,0,3900,4257.530845257057,377.2093329753261,14461.543833982432,0.0
1777052691,100,,Aggregated,16.700000,0.000000,3900,5000,5700,6100,7300,8600,10000,11000,13000,14000,14000,15752,0,3900,4259.087749141068,377.2093329753261,14461.543833982432,0.0
1777052692,100,,Aggregated,16.600000,0.000000,3900,5000,5700,6100,7300,8600,10000,11000,13000,14000,14000,15765,0,3900,4260.868624395502,377.2093329753261,14461.543833982432,0.0
1777052693,100,,Aggregated,16.600000,0.000000,3900,5000,5700,6100,7300,8600,10000,11000,13000,14000,14000,15774,0,3900,4262.462468292447,377.2093329753261,14461.543833982432,0.0
1777052694,100,,Aggregated,15.200000,0.000000,3900,5100,5700,6100,7400,8600,10000,11000,13000,14000,14000,15784,0,3900,4264.584909582173,377.2093329753261,14461.543833982432,0.0
1777052695,100,,Aggregated,15.200000,0.000000,3900,5100,5700,6100,7400,8600,10000,11000,13000,14000,14000,15789,0,3900,4265.71095572424,377.2093329753261,14461.543833982432,0.0
1777052696,100,,Aggregated,14.700000,0.000000,3900,5100,5700,6100,7400,8600,10000,11000,13000,14000,14000,15797,0,3900,4267.763150432871,377.2093329753261,14461.543833982432,0.0
1777052697,100,,Aggregated,14.300000,0.000000,3900,5100,5700,6100,7400,8600,10000,11000,13000,14000,14000,15806,0,3900,4270.561474931234,377.2093329753261,14461.543833982432,0.0
1777052698,100,,Aggregated,12.100000,0.000000,3900,5100,5700,6100,7400,8600,10000,11000,13000,14000,14000,15820,0,3900,4275.006579965429,377.2093329753261,14461.543833982432,0.0
1777052699,100,,Aggregated,11.500000,0.000000,3900,5100,5700,6100,7400,8700,10000,11000,13000,14000,14000,15829,0,3900,4278.102489574204,377.2093329753261,14461.543833982432,0.0
1777052700,100,,Aggregated,11.500000,0.000000,3900,5100,5700,6100,7400,8700,10000,11000,13000,14000,14000,15836,0,3900,4280.647656145492,377.2093329753261,14461.543833982432,0.0
1777052701,100,,Aggregated,10.600000,0.000000,3900,5100,5700,6100,7400,8700,10000,11000,13000,14000,14000,15845,0,3900,4284.07097323629,377.2093329753261,14461.543833982432,0.0
1777052702,100,,Aggregated,9.800000,0.000000,3900,5100,5700,6100,7400,8700,10000,11000,13000,14000,14000,15859,0,3900,4289.440848089041,377.2093329753261,14461.543833982432,0.0
1777052703,100,,Aggregated,9.300000,0.000000,3900,5100,5700,6100,7500,8700,10000,11000,13000,14000,14000,15870,0,3900,4293.793452933342,377.2093329753261,14461.543833982432,0.0
1777052704,100,,Aggregated,9.700000,0.000000,3900,5100,5700,6100,7500,8800,10000,11000,13000,14000,14000,15877,0,3900,4296.392959380935,377.2093329753261,14461.543833982432,0.0
1777052705,100,,Aggregated,9.400000,0.000000,3900,5100,5700,6100,7500,8800,10000,11000,13000,14000,14000,15895,0,3900,4302.734141643475,377.2093329753261,14461.543833982432,0.0
1777052706,100,,Aggregated,9.400000,0.000000,4000,5100,5700,6100,7500,8800,10000,11000,13000,14000,14000,15904,0,4000,4305.552075492393,377.2093329753261,14461.543833982432,0.0
1777052707,100,,Aggregated,10.500000,0.000000,4000,5100,5700,6100,7500,8900,10000,11000,13000,14000,14000,15924,0,4000,4311.412640200139,377.2093329753261,14461.543833982432,0.0
1777052708,100,,Aggregated,10.700000,0.000000,4000,5100,5700,6100,7500,8900,10000,11000,13000,14000,14000,15937,0,4000,4314.7019099845065,377.2093329753261,14461.543833982432,0.0
1777052709,100,,Aggregated,10.700000,0.000000,4000,5100,5700,6100,7500,8900,10000,11000,13000,14000,14000,15942,0,4000,4315.89509528855,377.2093329753261,14461.543833982432,0.0
1777052710,100,,Aggregated,11.500000,0.000000,4000,5100,5700,6100,7500,8900,10000,11000,13000,14000,14000,15961,0,4000,4320.493409944932,377.2093329753261,14461.543833982432,0.0
1777052711,100,,Aggregated,11.500000,0.000000,4000,5100,5800,6100,7500,8900,10000,11000,13000,14000,14000,15972,0,4000,4322.765749108321,377.2093329753261,14461.543833982432,0.0
1777052712,100,,Aggregated,11.700000,0.000000,4000,5100,5800,6200,7500,8900,10000,11000,13000,14000,14000,15988,0,4000,4326.254727324558,377.2093329753261,14461.543833982432,0.0
1777052713,100,,Aggregated,12.700000,0.000000,4000,5100,5800,6200,7500,8800,10000,11000,13000,14000,14000,16006,0,4000,4329.416117068604,377.2093329753261,14461.543833982432,0.0
1777052714,100,,Aggregated,12.700000,0.000000,4000,5100,5800,6200,7500,8800,10000,11000,13000,14000,14000,16018,0,4000,4331.518146052385,377.2093329753261,14461.543833982432,0.0
1777052715,100,,Aggregated,12.600000,0.000000,4000,5100,5800,6200,7500,8800,10000,11000,13000,14000,14000,16036,0,4000,4334.739173376221,377.2093329753261,14461.543833982432,0.0
1777052716,100,,Aggregated,13.500000,0.000000,4000,5100,5800,6200,7500,8800,10000,11000,13000,14000,14000,16053,0,4000,4337.125310871927,377.2093329753261,14461.543833982432,0.0
1777052717,100,,Aggregated,14.200000,0.000000,4000,5100,5800,6200,7500,8800,10000,11000,13000,14000,14000,16074,0,4000,4339.400925574156,377.2093329753261,14461.543833982432,0.0
1777052718,100,,Aggregated,14.200000,0.000000,4000,5100,5800,6200,7500,8800,10000,11000,13000,14000,14000,16119,0,4000,4340.878779528313,377.2093329753261,14461.543833982432,0.0
1777052719,100,,Aggregated,15.300000,0.000000,4000,5100,5800,6200,7500,8800,10000,11000,13000,14000,14000,16143,0,4000,4340.517052417386,377.2093329753261,14461.543833982432,0.0
1777052720,100,,Aggregated,18.500000,0.000000,4000,5100,5800,6200,7500,8800,10000,11000,13000,14000,14000,16183,0,4000,4338.116016159237,377.2093329753261,14461.543833982432,0.0
1777052721,100,,Aggregated,18.700000,0.000000,4000,5100,5800,6200,7500,8800,10000,11000,13000,14000,14000,16232,0,4000,4333.422896542452,377.2093329753261,14461.543833982432,0.0
1777052722,100,,Aggregated,21.300000,0.000000,4000,5100,5800,6200,7500,8800,10000,11000,13000,14000,14000,16273,0,4000,4327.828985098889,377.2093329753261,14461.543833982432,0.0
1777052723,100,,Aggregated,21.300000,0.000000,4000,5100,5800,6200,7500,8800,10000,11000,13000,14000,14000,16303,0,4000,4324.2259500278615,377.2093329753261,14461.543833982432,0.0
1777052724,100,,Aggregated,28.400000,0.000000,4000,5100,5800,6200,7500,8800,10000,11000,13000,14000,14000,16359,0,4000,4318.022348190795,377.2093329753261,14461.543833982432,0.0
1777052725,100,,Aggregated,28.400000,0.000000,3900,5100,5700,6200,7500,8800,10000,11000,13000,14000,14000,16388,0,3900,4314.601081617779,377.2093329753261,14461.543833982432,0.0
1777052726,100,,Aggregated,30.000000,0.000000,3900,5100,5700,6100,7500,8800,10000,11000,13000,14000,14000,16413,0,3900,4311.500603919594,377.2093329753261,14461.543833982432,0.0
1777052727,100,,Aggregated,34.000000,0.000000,3900,5100,5700,6100,7500,8800,10000,11000,13000,14000,14000,16463,0,3900,4306.851315273196,377.2093329753261,14461.543833982432,0.0
1777052728,100,,Aggregated,36.000000,0.000000,3900,5100,5700,6100,7500,8800,10000,11000,13000,14000,14000,16509,0,3900,4302.532016830017,377.2093329753261,14461.543833982432,0.0
1777052729,100,,Aggregated,36.000000,0.000000,3900,5100,5700,6100,7500,8800,10000,11000,13000,14000,14000,16547,0,3900,4297.863184979018,377.2093329753261,14461.543833982432,0.0
1777052730,100,,Aggregated,37.200000,0.000000,3900,5100,5700,6100,7500,8800,10000,11000,13000,14000,14000,16593,0,3900,4292.421508980577,377.2093329753261,14461.543833982432,0.0
1777052731,100,,Aggregated,41.800000,0.000000,3900,5100,5700,6100,7500,8800,10000,11000,13000,14000,14000,16637,0,3900,4286.891707655747,377.2093329753261,14461.543833982432,0.0
1777052732,100,,Aggregated,41.800000,0.000000,3900,5100,5700,6100,7500,8800,10000,11000,13000,14000,14000,16682,0,3900,4281.312683454898,377.2093329753261,14461.543833982432,0.0
1777052733,100,,Aggregated,42.500000,0.000000,3800,5000,5700,6100,7500,8800,10000,11000,13000,14000,14000,16766,0,3800,4269.396750023293,377.2093329753261,14461.543833982432,0.0
1777052734,100,,Aggregated,42.500000,0.000000,3800,5000,5700,6100,7500,8800,10000,11000,13000,14000,14000,16808,0,3800,4262.2461955351955,377.2093329753261,14461.543833982432,0.0
1777052735,100,,Aggregated,44.500000,0.000000,3800,5000,5700,6100,7500,8700,10000,11000,13000,14000,14000,16896,0,3800,4248.0712930881045,377.2093329753261,14461.543833982432,0.0
1777052736,100,,Aggregated,44.500000,0.000000,3800,5000,5700,6100,7500,8700,10000,11000,13000,14000,14000,16937,0,3800,4241.545512566959,377.2093329753261,14461.543833982432,0.0
1777052737,100,,Aggregated,50.400000,0.000000,3800,5000,5700,6100,7500,8700,10000,11000,12000,14000,14000,17025,0,3800,4228.060726373852,377.2093329753261,14461.543833982432,0.0
1777052738,100,,Aggregated,50.400000,0.000000,3800,5000,5700,6100,7500,8700,10000,11000,12000,14000,14000,17058,0,3800,4222.594283247783,377.2093329753261,14461.543833982432,0.0
1777052739,100,,Aggregated,52.400000,0.000000,3800,5000,5700,6100,7500,8700,10000,11000,12000,14000,14000,17068,0,3800,4221.251980478539,377.2093329753261,14461.543833982432,0.0
1777052740,100,,Aggregated,52.400000,0.000000,3800,5000,5700,6100,7500,8700,10000,11000,12000,14000,14000,17068,0,3800,4221.251980478539,377.2093329753261,14461.543833982432,0.0
1777052741,100,,Aggregated,52.100000,0.000000,3800,5000,5700,6100,7400,8700,10000,11000,12000,14000,14000,17176,0,3800,4213.560631320007,377.2093329753261,14461.543833982432,0.0
1777052742,100,,Aggregated,48.400000,0.000000,3800,5000,5700,6100,7400,8700,10000,11000,12000,14000,14000,17177,0,3800,4213.429314245936,377.2093329753261,14461.543833982432,0.0
1777052743,100,,Aggregated,48.400000,0.000000,3800,5000,5700,6100,7400,8700,10000,11000,12000,14000,14000,17224,0,3800,4207.556724926469,377.2093329753261,14461.543833982432,0.0
1777052744,100,,Aggregated,52.600000,0.000000,3800,5000,5600,6100,7400,8700,10000,11000,12000,14000,14000,17262,0,3800,4204.815523430915,377.2093329753261,14461.543833982432,0.0
1777052745,100,,Aggregated,49.400000,0.000000,3800,4900,5600,6100,7400,8700,10000,11000,12000,14000,14000,17309,0,3800,4200.42704199205,377.2093329753261,14461.543833982432,0.0
1777052746,100,,Aggregated,45.400000,0.000000,3800,4900,5600,6100,7400,8700,10000,11000,12000,14000,14000,17342,0,3800,4197.1589961610125,377.2093329753261,14461.543833982432,0.0
1777052747,100,,Aggregated,41.700000,0.000000,3700,4900,5600,6000,7400,8700,10000,11000,12000,14000,14000,17410,0,3700,4190.710592813629,377.2093329753261,14461.543833982432,0.0
1777052748,100,,Aggregated,39.800000,0.000000,3700,4900,5600,6000,7400,8700,10000,11000,12000,14000,14000,17450,0,3700,4185.940955652453,377.2093329753261,14461.543833982432,0.0
1777052749,100,,Aggregated,41.100000,0.000000,3700,4900,5600,6000,7400,8700,10000,11000,12000,14000,14000,17488,0,3700,4181.334430810063,377.2093329753261,14461.543833982432,0.0
1777052750,100,,Aggregated,37.600000,0.000000,3700,4900,5600,6000,7400,8700,10000,11000,12000,14000,14000,17542,0,3700,4175.360442172621,377.2093329753261,14461.543833982432,0.0
1777052751,100,,Aggregated,41.200000,0.000000,3700,4900,5600,6000,7400,8700,10000,11000,12000,14000,14000,17601,0,3700,4168.0127687353615,377.2093329753261,14461.543833982432,0.0
1777052752,100,,Aggregated,45.300000,0.000000,3700,4900,5600,6000,7400,8700,10000,11000,12000,14000,14000,17726,0,3700,4146.955015598679,377.2093329753261,14461.543833982432,0.0
1777052753,100,,Aggregated,42.700000,0.000000,3700,4900,5600,6000,7400,8600,10000,11000,12000,14000,14000,17760,0,3700,4141.318909553554,377.2093329753261,14461.543833982432,0.0
1777052754,100,,Aggregated,50.400000,0.000000,3700,4900,5500,6000,7400,8600,10000,11000,12000,14000,14000,17846,0,3700,4128.380862869222,377.2093329753261,14461.543833982432,0.0
1777052755,100,,Aggregated,51.300000,0.000000,3600,4900,5500,6000,7400,8600,10000,11000,12000,14000,14000,17958,0,3600,4110.1524629674905,377.2093329753261,14461.543833982432,0.0
1777052756,100,,Aggregated,57.900000,0.000000,3600,4900,5500,6000,7300,8600,10000,11000,12000,14000,14000,17995,0,3600,4103.902042848022,377.2093329753261,14461.543833982432,0.0
1777052757,100,,Aggregated,62.400000,0.000000,3600,4800,5500,6000,7300,8600,10000,11000,12000,14000,14000,18097,0,3600,4089.37198646257,377.2093329753261,14461.543833982432,0.0
1777052758,100,,Aggregated,64.300000,0.000000,3600,4800,5500,6000,7300,8600,10000,11000,12000,14000,14000,18124,0,3600,4085.445743542772,377.2093329753261,14461.543833982432,0.0
1777052759,100,,Aggregated,64.300000,0.000000,3600,4800,5500,6000,7300,8600,10000,11000,12000,14000,14000,18176,0,3600,4079.364525700821,377.2093329753261,14461.543833982432,0.0
1777052760,100,,Aggregated,66.300000,0.000000,3600,4800,5500,6000,7300,8600,10000,11000,12000,14000,14000,18219,0,3600,4074.1962428975885,377.2093329753261,14461.543833982432,0.0
1777052761,100,,Aggregated,69.600000,0.000000,3600,4800,5500,6000,7300,8600,10000,11000,12000,14000,14000,18265,0,3600,4068.632733163379,377.2093329753261,14461.543833982432,0.0
1777052762,100,,Aggregated,69.200000,0.000000,3500,4800,5500,6000,7300,8600,10000,11000,12000,14000,14000,18286,0,3500,4066.914698367883,377.2093329753261,14461.543833982432,0.0
1777052763,100,,Aggregated,67.900000,0.000000,3500,4800,5500,6000,7300,8600,10000,11000,12000,14000,14000,18322,0,3500,4065.513533217339,377.2093329753261,14461.543833982432,0.0
1777052764,100,,Aggregated,60.500000,0.000000,3500,4800,5500,6000,7300,8600,10000,11000,12000,14000,14000,18340,0,3500,4064.9035068262874,377.2093329753261,14461.543833982432,0.0
1777052765,100,,Aggregated,56.500000,0.000000,3500,4800,5500,6000,7300,8500,10000,11000,12000,14000,14000,18365,0,3500,4065.0275265533405,377.2093329753261,14461.543833982432,0.0
1777052766,100,,Aggregated,48.600000,0.000000,3500,4800,5500,6000,7300,8500,10000,11000,12000,14000,14000,18389,0,3500,4064.8688251300255,377.2093329753261,14461.543833982432,0.0
1777052767,100,,Aggregated,48.600000,0.000000,3600,4800,5500,6000,7300,8500,10000,11000,12000,14000,14000,18402,0,3600,4064.7978711454202,377.2093329753261,14461.543833982432,0.0
1777052768,100,,Aggregated,40.500000,0.000000,3600,4800,5500,5900,7300,8500,10000,11000,12000,14000,14000,18437,0,3600,4065.3055842251406,377.2093329753261,14461.543833982432,0.0
1777052769,100,,Aggregated,34.900000,0.000000,3600,4800,5500,5900,7300,8500,10000,11000,12000,14000,14000,18444,0,3600,4065.6394983974164,377.2093329753261,14461.543833982432,0.0
1777052770,100,,Aggregated,34.900000,0.000000,3600,4800,5500,5900,7300,8500,10000,11000,12000,14000,14000,18444,0,3600,4065.6394983974164,377.2093329753261,14461.543833982432,0.0
1777052771,100,,Aggregated,26.100000,0.000000,3600,4800,5500,5900,7300,8500,10000,11000,12000,14000,14000,18493,0,3600,4069.6586359330577,377.2093329753261,14461.543833982432,0.0
1777052772,100,,Aggregated,23.100000,0.000000,3600,4800,5500,5900,7300,8500,10000,11000,12000,14000,14000,18507,0,3600,4070.203073468747,377.2093329753261,14461.543833982432,0.0
1777052773,100,,Aggregated,19.000000,0.000000,3600,4800,5500,5900,7300,8500,10000,11000,12000,14000,14000,18526,0,3600,4071.2867916407845,377.2093329753261,14461.543833982432,0.0
1777052774,100,,Aggregated,21.600000,0.000000,3600,4800,5500,5900,7300,8500,10000,11000,12000,14000,14000,18546,0,3600,4072.3913901391234,377.2093329753261,14461.543833982432,0.0
1777052775,100,,Aggregated,21.100000,0.000000,3600,4800,5500,5900,7300,8500,10000,11000,12000,14000,14000,18556,0,3600,4072.376920143737,377.2093329753261,14461.543833982432,0.0
1777052776,100,,Aggregated,20.700000,0.000000,3600,4800,5500,5900,7300,8500,10000,11000,12000,14000,14000,18577,0,3600,4073.3280324382386,377.2093329753261,14461.543833982432,0.0
1777052777,100,,Aggregated,19.300000,0.000000,3600,4800,5500,5900,7300,8500,10000,11000,12000,14000,14000,18595,0,3600,4075.0395244700826,377.2093329753261,14461.543833982432,0.0
1777052778,100,,Aggregated,18.500000,0.000000,3600,4800,5500,5900,7300,8500,10000,11000,12000,14000,14000,18610,0,3600,4076.628327381198,377.2093329753261,14461.543833982432,0.0
1777052779,100,,Aggregated,17.600000,0.000000,3600,4800,5500,5900,7300,8500,10000,11000,12000,14000,14000,18626,0,3600,4078.24019265538,377.2093329753261,14461.543833982432,0.0
1777052780,100,,Aggregated,18.700000,0.000000,3600,4800,5500,5900,7300,8500,10000,11000,12000,14000,14000,18655,0,3600,4080.747780181031,377.2093329753261,14461.543833982432,0.0
1777052781,100,,Aggregated,18.600000,0.000000,3600,4800,5500,5900,7300,8500,10000,11000,12000,14000,14000,18676,0,3600,4081.807438438487,377.2093329753261,14461.543833982432,0.0
1777052782,100,,Aggregated,20.600000,0.000000,3600,4800,5500,5900,7300,8500,10000,11000,12000,14000,14000,18700,0,3600,4082.398946485408,377.2093329753261,14461.543833982432,0.0
1777052783,100,,Aggregated,21.300000,0.000000,3600,4800,5500,5900,7300,8500,10000,11000,12000,14000,14000,18730,0,3600,4082.9075402463504,377.2093329753261,14461.543833982432,0.0
1777052784,100,,Aggregated,19.800000,0.000000,3600,4800,5500,5900,7300,8500,10000,11000,12000,14000,14000,18759,0,3600,4082.5234285420916,377.2093329753261,14461.543833982432,0.0
1777052785,100,,Aggregated,18.700000,0.000000,3700,4800,5500,5900,7200,8500,10000,11000,12000,14000,14000,18774,0,3600,4082.361107989514,377.2093329753261,14461.543833982432,0.0
1777052786,100,,Aggregated,21.400000,0.000000,3700,4800,5500,5900,7200,8500,10000,11000,12000,14000,14000,18800,0,3700,4082.60899346516,377.2093329753261,14461.543833982432,0.0
1777052787,100,,Aggregated,22.200000,0.000000,3700,4800,5500,5900,7200,8500,10000,11000,12000,14000,14000,18820,0,3700,4082.399492537623,377.2093329753261,14461.543833982432,0.0
1777052788,100,,Aggregated,21.100000,0.000000,3700,4800,5500,5900,7200,8500,10000,11000,12000,14000,14000,18835,0,3700,4083.005553480702,377.2093329753261,14461.543833982432,0.0
1777052789,100,,Aggregated,22.900000,0.000000,3700,4800,5500,5900,7200,8500,10000,11000,12000,14000,14000,18856,0,3700,4084.04080336806,377.2093329753261,14461.543833982432,0.0
1777052790,100,,Aggregated,21.800000,0.000000,3700,4800,5500,5900,7200,8500,10000,11000,12000,14000,14000,18867,0,3700,4084.845129415389,377.2093329753261,14461.543833982432,0.0
1777052791,100,,Aggregated,22.000000,0.000000,3700,4800,5500,5900,7200,8500,10000,11000,12000,14000,14000,18881,0,3700,4085.818471321175,377.2093329753261,14461.543833982432,0.0
1777052792,100,,Aggregated,21.400000,0.000000,3700,4800,5500,5900,7200,8500,10000,11000,12000,14000,14000,18895,0,3700,4087.21452259725,377.2093329753261,14461.543833982432,0.0
1777052793,100,,Aggregated,20.700000,0.000000,3700,4800,5500,5900,7200,8500,10000,11000,12000,14000,14000,18903,0,3700,4088.257212791149,377.2093329753261,14461.543833982432,0.0
1777052794,100,,Aggregated,18.900000,0.000000,3700,4800,5500,5900,7200,8500,10000,11000,12000,14000,14000,18907,0,3700,4088.874541431749,377.2093329753261,14461.543833982432,0.0
1777052795,100,,Aggregated,19.700000,0.000000,3700,4800,5500,5900,7200,8500,10000,11000,12000,14000,14000,18912,0,3700,4089.823596729592,377.2093329753261,14461.543833982432,0.0
1777052796,100,,Aggregated,15.700000,0.000000,3700,4900,5500,5900,7300,8500,10000,11000,12000,14000,14000,18921,0,3700,4091.9879269559224,377.2093329753261,14461.543833982432,0.0
1777052797,100,,Aggregated,14.100000,0.000000,3700,4900,5500,5900,7300,8500,10000,11000,12000,14000,14000,18931,0,3700,4094.4467931267227,377.2093329753261,14461.543833982432,0.0
1777052798,100,,Aggregated,13.700000,0.000000,3700,4900,5500,5900,7300,8500,10000,11000,12000,14000,14000,18935,0,3700,4095.603635891101,377.2093329753261,14461.543833982432,0.0
1777052799,100,,Aggregated,11.900000,0.000000,3700,4900,5500,5900,7300,8600,10000,11000,12000,14000,14000,18951,0,3700,4100.67768581774,377.2093329753261,14461.543833982432,0.0
1777052800,100,,Aggregated,11.300000,0.000000,3700,4900,5500,6000,7300,8600,10000,11000,12000,14000,14000,18963,0,3700,4104.713800722356,377.2093329753261,14461.543833982432,0.0
1777052801,100,,Aggregated,10.100000,0.000000,3700,4900,5500,6000,7300,8600,10000,11000,12000,14000,14000,18974,0,3700,4108.53682347407,377.2093329753261,14461.543833982432,0.0
1777052802,100,,Aggregated,8.900000,0.000000,3700,4900,5500,6000,7300,8600,10000,11000,12000,14000,14000,18982,0,3700,4111.460557768203,377.2093329753261,14461.543833982432,0.0
1777052803,100,,Aggregated,9.400000,0.000000,3700,4900,5500,6000,7300,8700,10000,11000,12000,14000,14000,18992,0,3700,4115.070682803551,377.2093329753261,14461.543833982432,0.0
1777052804,100,,Aggregated,8.600000,0.000000,3700,4900,5500,6000,7300,8700,10000,11000,12000,14000,14000,18997,0,3700,4116.993183422225,377.2093329753261,14461.543833982432,0.0
1777052805,100,,Aggregated,9.100000,0.000000,3700,4900,5500,6000,7300,8700,10000,11000,12000,14000,14000,19001,0,3700,4118.651430914427,377.2093329753261,14461.543833982432,0.0
1777052806,100,,Aggregated,9.100000,0.000000,3700,4900,5500,6000,7300,8700,10000,11000,13000,14000,14000,19006,0,3700,4120.929341386299,377.2093329753261,14461.543833982432,0.0
1777052807,100,,Aggregated,8.800000,0.000000,3700,4900,5500,6000,7400,8700,10000,11000,13000,14000,14000,19015,0,3700,4124.703766627927,377.2093329753261,14461.543833982432,0.0
1777052808,100,,Aggregated,8.500000,0.000000,3700,4900,5500,6000,7400,8700,10000,11000,13000,14000,14000,19025,0,3700,4128.732000872219,377.2093329753261,14461.543833982432,0.0
1777052809,100,,Aggregated,8.400000,0.000000,3700,4900,5500,6000,7400,8800,10000,11000,13000,14000,14000,19036,0,3700,4132.931133937589,377.2093329753261,14461.543833982432,0.0
1777052810,100,,Aggregated,8.400000,0.000000,3700,4900,5500,6000,7400,8800,10000,11000,13000,14000,14000,19048,0,3700,4137.382265017477,377.2093329753261,14461.543833982432,0.0
1777052811,100,,Aggregated,8.600000,0.000000,3700,4900,5500,6000,7400,8800,10000,11000,13000,14000,14000,19066,0,3700,4143.884763674756,377.2093329753261,14461.543833982432,0.0
1777052812,100,,Aggregated,8.400000,0.000000,3700,4900,5600,6000,7400,8900,10000,11000,13000,14000,14000,19088,0,3700,4151.052641383168,377.2093329753261,14461.543833982432,0.0
1777052813,100,,Aggregated,8.700000,0.000000,3700,4900,5600,6000,7400,8900,10000,11000,13000,14000,14000,19092,0,3700,4152.202331627324,377.2093329753261,14461.543833982432,0.0
1777052814,100,,Aggregated,9.700000,0.000000,3700,4900,5600,6000,7500,8900,10000,11000,13000,14000,14000,19116,0,3700,4157.265843131613,377.2093329753261,14461.543833982432,0.0
1777052815,100,,Aggregated,10.200000,0.000000,3700,4900,5600,6000,7500,8900,10000,11000,13000,14000,14000,19124,0,3700,4158.3233029380335,377.2093329753261,14461.543833982432,0.0
1777052816,100,,Aggregated,9.600000,0.000000,3700,4900,5600,6000,7500,8900,10000,11000,13000,14000,14000,19146,0,3700,4161.284130850461,377.2093329753261,14461.543833982432,0.0
1777052817,100,,Aggregated,12.000000,0.000000,3700,4900,5600,6000,7500,8900,10000,11000,13000,14000,14000,19160,0,3700,4163.100015940968,377.2093329753261,14461.543833982432,0.0
1777052818,100,,Aggregated,13.400000,0.000000,3700,4900,5600,6000,7400,8900,10000,11000,13000,14000,14000,19167,0,3700,4163.94138991991,377.2093329753261,14461.543833982432,0.0
1777052819,100,,Aggregated,13.400000,0.000000,3700,4900,5600,6000,7400,8900,10000,11000,13000,14000,14000,19174,0,3700,4164.843705206989,377.2093329753261,14461.543833982432,0.0
1777052820,100,,Aggregated,14.400000,0.000000,3700,4900,5600,6000,7500,8900,10000,11000,13000,14000,14000,19180,0,3700,4165.945971427053,377.2093329753261,14461.543833982432,0.0
1777052821,100,,Aggregated,14.400000,0.000000,3700,4900,5600,6000,7500,8900,10000,11000,13000,14000,14000,19192,0,3700,4168.547713939712,377.2093329753261,14461.543833982432,0.0
1777052822,100,,Aggregated,13.700000,0.000000,3700,4900,5600,6000,7500,8900,10000,11000,13000,14000,14000,19197,0,3700,4169.59939434406,377.2093329753261,14461.543833982432,0.0
1777052823,100,,Aggregated,13.400000,0.000000,3700,4900,5600,6000,7500,8900,10000,11000,13000,14000,14000,19207,0,3700,4172.083213267192,377.2093329753261,14461.543833982432,0.0
1777052824,100,,Aggregated,12.100000,0.000000,3700,4900,5600,6000,7500,8900,10000,11000,13000,14000,14000,19218,0,3700,4175.257628077269,377.2093329753261,14461.543833982432,0.0
1777052825,100,,Aggregated,11.400000,0.000000,3700,4900,5600,6100,7500,8900,10000,11000,13000,14000,14000,19226,0,3700,4177.585350868823,377.2093329753261,14461.543833982432,0.0
1777052826,100,,Aggregated,12.100000,0.000000,3700,4900,5600,6100,7500,8900,10000,11000,13000,14000,14000,19239,0,3700,4181.599918755027,377.2093329753261,14461.543833982432,0.0
1777052827,100,,Aggregated,10.300000,0.000000,3700,4900,5600,6100,7500,8900,10000,11000,13000,14000,14000,19245,0,3700,4183.597979787525,377.2093329753261,14461.543833982432,0.0
1777052828,100,,Aggregated,9.600000,0.000000,3700,4900,5600,6100,7500,8900,10000,11000,13000,14000,14000,19255,0,3700,4187.153319683767,377.2093329753261,14461.543833982432,0.0
1777052829,100,,Aggregated,9.700000,0.000000,3700,4900,5600,6100,7500,9000,10000,11000,13000,14000,14000,19269,0,3700,4192.284139968439,377.2093329753261,14461.543833982432,0.0
1777052830,100,,Aggregated,8.700000,0.000000,3700,4900,5600,6100,7500,9000,10000,11000,13000,14000,14000,19281,0,3700,4196.194764410244,377.2093329753261,14461.543833982432,0.0
1777052831,100,,Aggregated,8.100000,0.000000,3700,4900,5600,6100,7500,9000,10000,11000,13000,14000,14000,19284,0,3700,4197.160616459339,377.2093329753261,14461.543833982432,0.0
1777052832,100,,Aggregated,10.200000,0.000000,3700,4900,5600,6100,7500,9100,10000,11000,13000,14000,14000,19299,0,3700,4201.966495367214,377.2093329753261,14461.543833982432,0.0
1777052833,100,,Aggregated,10.200000,0.000000,3700,4900,5600,6100,7500,9100,10000,11000,13000,14000,14000,19300,0,3700,4202.270779974552,377.2093329753261,14461.543833982432,0.0
1777052834,100,,Aggregated,10.000000,0.000000,3700,4900,5700,6100,7500,9100,10000,11000,13000,14000,14000,19316,0,3700,4207.40815849606,377.2093329753261,14461.543833982432,0.0
1777052835,100,,Aggregated,9.600000,0.000000,3700,4900,5700,6100,7500,9100,10000,11000,13000,14000,14000,19323,0,3700,4209.633697649221,377.2093329753261,14461.543833982432,0.0
1777052836,100,,Aggregated,9.600000,0.000000,3700,4900,5700,6100,7600,9100,11000,11000,13000,14000,14000,19346,0,3700,4216.401118644826,377.2093329753261,14461.543833982432,0.0
1777052837,100,,Aggregated,9.600000,0.000000,3700,4900,5700,6100,7600,9100,11000,11000,13000,14000,14000,19346,0,3700,4216.401118644826,377.2093329753261,14461.543833982432,0.0
1777052838,100,,Aggregated,9.200000,0.000000,3700,4900,5700,6100,7600,9100,10000,11000,13000,14000,14000,19356,0,3700,4219.07448850107,377.2093329753261,14461.543833982432,0.0
1777052839,100,,Aggregated,10.300000,0.000000,3800,4900,5700,6100,7600,9200,10000,11000,13000,14000,14000,19366,0,3800,4222.021472884628,377.2093329753261,14461.543833982432,0.0
1777052840,100,,Aggregated,10.500000,0.000000,3800,4900,5700,6100,7600,9200,11000,11000,13000,14000,14000,19370,0,3800,4223.348033751094,377.2093329753261,14461.543833982432,0.0
1777052841,100,,Aggregated,10.400000,0.000000,3800,4900,5700,6100,7600,9200,11000,11000,13000,14000,14000,19377,0,3800,4225.914314922726,377.2093329753261,14461.543833982432,0.0
1777052842,100,,Aggregated,9.000000,0.000000,3800,5000,5700,6100,7600,9200,11000,11000,13000,14000,14000,19386,0,3800,4229.210593605318,377.2093329753261,14461.543833982432,0.0
1777052843,100,,Aggregated,8.800000,0.000000,3800,5000,5700,6100,7600,9200,11000,11000,13000,14000,14000,19395,0,3800,4232.525442719914,377.2093329753261,14461.543833982432,0.0
1777052844,100,,Aggregated,8.500000,0.000000,3800,5000,5700,6100,7600,9200,11000,11000,13000,14000,14000,19400,0,3800,4234.591022189058,377.2093329753261,14461.543833982432,0.0
1777052845,100,,Aggregated,8.600000,0.000000,3800,5000,5700,6100,7600,9200,11000,11000,13000,14000,14000,19413,0,3800,4239.449554233901,377.2093329753261,14461.543833982432,0.0
1777052846,100,,Aggregated,8.600000,0.000000,3800,5000,5700,6100,7600,9300,11000,11000,13000,14000,14000,19431,0,3800,4245.730108450401,377.2093329753261,14461.543833982432,0.0
1777052847,100,,Aggregated,8.400000,0.000000,3800,5000,5700,6100,7600,9300,11000,11000,13000,14000,14000,19438,0,3800,4248.231398708238,377.2093329753261,14461.543833982432,0.0
1777052848,100,,Aggregated,9.200000,0.000000,3800,5000,5700,6100,7700,9300,11000,11000,13000,14000,14000,19457,0,3800,4254.660886936875,377.2093329753261,14461.543833982432,0.0
1777052849,100,,Aggregated,8.600000,0.000000,3800,5000,5700,6100,7700,9400,11000,11000,13000,14000,14000,19464,0,3800,4256.83794298478,377.2093329753261,14461.543833982432,0.0
1777052850,100,,Aggregated,9.500000,0.000000,3800,5000,5700,6100,7700,9400,11000,11000,13000,14000,14000,19478,0,3800,4260.713638502657,377.2093329753261,14461.543833982432,0.0
1777052851,100,,Aggregated,9.900000,0.000000,3800,5000,5700,6200,7700,9400,11000,11000,13000,14000,14000,19485,0,3800,4262.363878041047,377.2093329753261,14461.543833982432,0.0
1777052852,100,,Aggregated,9.900000,0.000000,3800,5000,5700,6200,7700,9400,11000,11000,13000,14000,14000,19498,0,3800,4265.43211407179,377.2093329753261,14461.543833982432,0.0
1777052853,100,,Aggregated,10.800000,0.000000,3800,5000,5700,6200,7700,9400,11000,11000,13000,14000,14000,19510,0,3800,4267.82656615017,377.2093329753261,14461.543833982432,0.0
1777052854,100,,Aggregated,10.800000,0.000000,3800,5000,5700,6200,7700,9400,11000,11000,13000,14000,14000,19515,0,3800,4268.946002983082,377.2093329753261,14461.543833982432,0.0
1777052855,100,,Aggregated,11.200000,0.000000,3800,5000,5700,6200,7700,9400,11000,11000,13000,14000,14000,19522,0,3800,4270.546993170416,377.2093329753261,14461.543833982432,0.0
1777052856,100,,Aggregated,11.500000,0.000000,3800,5000,5700,6200,7700,9400,11000,11000,13000,14000,14000,19526,0,3800,4271.72713991206,377.2093329753261,14461.543833982432,0.0
1777052857,100,,Aggregated,12.000000,0.000000,3800,5000,5700,6200,7700,9400,11000,11000,13000,14000,14000,19529,0,3800,4272.6955831607775,377.2093329753261,14461.543833982432,0.0
1777052858,100,,Aggregated,10.700000,0.000000,3800,5000,5700,6200,7700,9400,11000,11000,13000,14000,14000,19533,0,3800,4274.074612165146,377.2093329753261,14461.543833982432,0.0
1777052859,100,,Aggregated,9.500000,0.000000,3800,5000,5700,6200,7700,9400,11000,11000,13000,14000,14000,19536,0,3800,4275.228090969073,377.2093329753261,14461.543833982432,0.0
1777052860,100,,Aggregated,8.300000,0.000000,3800,5000,5700,6200,7700,9400,11000,11000,13000,14000,14000,19547,0,3800,4279.9139683735,377.2093329753261,14461.543833982432,0.0
1777052861,100,,Aggregated,7.500000,0.000000,3800,5000,5700,6200,7700,9500,11000,11000,13000,14000,14000,19556,0,3800,4283.960929284504,377.2093329753261,14461.543833982432,0.0
1777052862,100,,Aggregated,7.300000,0.000000,3800,5000,5700,6200,7700,9500,11000,11000,13000,14000,14000,19568,0,3800,4289.162241597854,377.2093329753261,14461.543833982432,0.0
1777052863,100,,Aggregated,6.900000,0.000000,3800,5000,5700,6200,7700,9500,11000,11000,13000,14000,14000,19569,0,3800,4289.603393366846,377.2093329753261,14461.543833982432,0.0
1777052864,100,,Aggregated,7.400000,0.000000,3800,5000,5700,6200,7800,9500,11000,11000,13000,14000,14000,19589,0,3800,4298.698835183868,377.2093329753261,14461.543833982432,0.0
1777052865,100,,Aggregated,7.000000,0.000000,3800,5000,5700,6200,7800,9600,11000,12000,13000,14000,14000,19602,0,3800,4304.290161046518,377.2093329753261,14461.543833982432,0.0
1777052866,100,,Aggregated,5.900000,0.000000,3800,5000,5800,6200,7800,9700,11000,12000,13000,14000,14000,19617,0,3800,4310.473151261242,377.2093329753261,14461.543833982432,0.0
1777052867,100,,Aggregated,6.900000,0.000000,3800,5000,5800,6200,7800,9700,11000,12000,13000,14000,14000,19626,0,3800,4313.775366841168,377.2093329753261,14461.543833982432,0.0
1777052868,100,,Aggregated,8.000000,0.000000,3800,5000,5800,6200,7800,9700,11000,12000,13000,14000,14000,19636,0,3800,4316.813804292254,377.2093329753261,14461.543833982432,0.0
1777052869,100,,Aggregated,9.300000,0.000000,3800,5000,5800,6200,7800,9700,11000,12000,13000,14000,14000,19642,0,3800,4318.241659543312,377.2093329753261,14461.543833982432,0.0
1777052870,100,,Aggregated,9.600000,0.000000,3800,5000,5800,6200,7800,9700,11000,12000,13000,14000,14000,19656,0,3800,4321.699168110284,377.2093329753261,14461.543833982432,0.0
1777052871,100,,Aggregated,10.400000,0.000000,3800,5000,5800,6200,7800,9700,11000,12000,13000,14000,14000,19662,0,3800,4323.282795224684,377.2093329753261,14461.543833982432,0.0
1777052872,100,,Aggregated,10.900000,0.000000,3800,5000,5800,6200,7900,9700,11000,12000,13000,14000,14000,19668,0,3800,4325.013313090949,377.2093329753261,14461.543833982432,0.0
1777052873,100,,Aggregated,10.900000,0.000000,3800,5000,5800,6200,7900,9700,11000,12000,13000,14000,14000,19676,0,3800,4327.180993839745,377.2093329753261,14461.543833982432,0.0
1777052874,100,,Aggregated,10.300000,0.000000,3800,5000,5800,6200,7900,9700,11000,12000,13000,14000,14000,19677,0,3800,4327.5062107260665,377.2093329753261,14461.543833982432,0.0
1777052875,100,,Aggregated,10.000000,0.000000,3800,5000,5800,6200,7900,9700,11000,12000,13000,14000,14000,19684,0,3800,4329.913624129947,377.2093329753261,14461.543833982432,0.0
1777052876,100,,Aggregated,10.700000,0.000000,3800,5000,5800,6200,7900,9700,11000,12000,13000,14000,14000,19686,0,3800,4330.6395244504665,377.2093329753261,14461.543833982432,0.0
1777052877,100,,Aggregated,10.700000,0.000000,3800,5000,5800,6200,7900,9700,11000,12000,13000,14000,14000,19686,0,3800,4330.6395244504665,377.2093329753261,14461.543833982432,0.0
1777052878,100,,Aggregated,8.200000,0.000000,3800,5000,5800,6300,7900,9700,11000,12000,13000,14000,14000,19702,0,3800,4337.506579981116,377.2093329753261,14461.543833982432,0.0
1777052879,100,,Aggregated,6.600000,0.000000,3800,5000,5800,6300,7900,9800,11000,12000,13000,14000,14000,19708,0,3800,4340.128947478839,377.2093329753261,14461.543833982432,0.0
1777052880,100,,Aggregated,7.000000,0.000000,3800,5000,5800,6300,7900,9800,11000,12000,14000,14000,14000,19717,0,3800,4344.419118759345,377.2093329753261,14461.543833982432,0.0
1777052881,100,,Aggregated,6.500000,0.000000,3800,5100,5800,6300,7900,9800,11000,12000,14000,15000,15000,19723,0,3800,4347.478795139481,377.2093329753261,14585.873791977065,0.0
1777052882,100,,Aggregated,6.100000,0.000000,3800,5100,5800,6300,7900,9800,11000,12000,14000,15000,15000,19730,0,3800,4351.138180824178,377.2093329753261,15037.367000011727,0.0
1777052883,100,,Aggregated,6.100000,0.000000,3800,5100,5800,6300,7900,9800,11000,12000,14000,15000,15000,19734,0,3800,4353.292436697427,377.2093329753261,15226.97883399087,0.0
1777052884,100,,Aggregated,6.200000,0.000000,3800,5100,5800,6300,7900,9800,11000,12000,14000,16000,16000,19737,0,3800,4355.01933250342,377.2093329753261,15970.090999995591,0.0
1777052885,100,,Aggregated,6.200000,0.000000,3800,5100,5800,6300,7900,9800,11000,12000,15000,16000,16000,19744,0,3800,4359.136832047757,377.2093329753261,16124.080707988469,0.0
1777052886,100,,Aggregated,5.800000,0.000000,3800,5100,5800,6300,7900,9800,11000,12000,15000,16000,16000,19747,0,3800,4360.963124697874,377.2093329753261,16444.783458020538,0.0
1777052887,100,,Aggregated,5.900000,0.000000,3800,5100,5800,6300,7900,9800,11000,12000,16000,17000,17000,19755,0,3800,4365.887912184252,377.2093329753261,16717.58220900665,0.0
1777052888,100,,Aggregated,6.000000,0.000000,3800,5100,5800,6300,7900,9800,11000,12000,16000,17000,17000,19762,0,3800,4370.343881071798,377.2093329753261,17338.23991700774,0.0
1777052889,100,,Aggregated,6.100000,0.000000,3800,5100,5800,6300,8000,9800,11000,12000,16000,17000,17000,19767,0,3800,4373.545861074816,377.2093329753261,17338.23991700774,0.0
1777052891,100,,Aggregated,5.800000,0.000000,3800,5100,5800,6300,8000,9900,11000,12000,17000,17000,17000,19777,0,3800,4379.7932791221565,377.2093329753261,17338.23991700774,0.0
1777052892,100,,Aggregated,5.800000,0.000000,3800,5100,5800,6300,8000,9900,11000,12000,17000,17000,17000,19777,0,3800,4379.7932791221565,377.2093329753261,17338.23991700774,0.0
1777052893,100,,Aggregated,5.900000,0.000000,3800,5100,5800,6300,8000,9900,11000,12000,17000,18000,19000,19793,0,3800,4389.261460882072,377.2093329753261,18847.128082998097,0.0
1777052894,100,,Aggregated,6.000000,0.000000,3800,5100,5800,6300,8000,9900,11000,12000,17000,18000,19000,19798,0,3800,4392.028387147181,377.2093329753261,18847.128082998097,0.0
1777052895,100,,Aggregated,5.300000,0.000000,3800,5100,5800,6300,8000,10000,11000,13000,17000,18000,19000,19808,0,3800,4397.736044510142,377.2093329753261,18847.128082998097,0.0
1777052896,100,,Aggregated,6.300000,0.000000,3800,5100,5800,6300,8000,10000,11000,13000,17000,18000,19000,19814,0,3800,4401.011204194352,377.2093329753261,18847.128082998097,0.0
1777052897,100,,Aggregated,6.400000,0.000000,3800,5100,5800,6300,8100,10000,11000,13000,17000,18000,19000,19827,0,3800,4407.8248364326855,377.2093329753261,18847.128082998097,0.0
1777052898,100,,Aggregated,7.100000,0.000000,3800,5100,5800,6300,8100,10000,11000,13000,17000,18000,19000,19840,0,3800,4413.799433606088,377.2093329753261,18847.128082998097,0.0
1777052899,100,,Aggregated,7.000000,0.000000,3800,5100,5800,6300,8100,10000,11000,13000,17000,18000,19000,19869,0,3800,4423.241843940151,377.2093329753261,18847.128082998097,0.0
1777052900,100,,Aggregated,8.500000,0.000000,3800,5100,5800,6300,8200,10000,11000,13000,17000,18000,19000,19902,0,3800,4427.959217410959,377.2093329753261,18847.128082998097,0.0
1777052901,100,,Aggregated,8.500000,0.000000,3800,5100,5800,6300,8100,10000,11000,13000,17000,18000,19000,19927,0,3800,4428.404910558834,377.2093329753261,18847.128082998097,0.0
1777052902,100,,Aggregated,10.700000,0.000000,3800,5100,5800,6300,8100,10000,11000,13000,17000,18000,19000,19936,0,3800,4428.3360748018595,377.2093329753261,18847.128082998097,0.0
1777052903,100,,Aggregated,13.100000,0.000000,3800,5100,5800,6300,8100,10000,11000,13000,17000,18000,19000,19950,0,3800,4428.169123425052,377.2093329753261,18847.128082998097,0.0
1777052904,100,,Aggregated,15.000000,0.000000,3800,5100,5800,6300,8100,10000,11000,13000,17000,18000,19000,19957,0,3800,4428.330375922621,377.2093329753261,18847.128082998097,0.0
1777052905,100,,Aggregated,15.900000,0.000000,3800,5100,5800,6300,8100,10000,11000,13000,17000,18000,19000,19965,0,3800,4428.774438594378,377.2093329753261,18847.128082998097,0.0
1777052906,100,,Aggregated,15.700000,0.000000,3800,5100,5800,6300,8100,10000,11000,13000,17000,18000,19000,19981,0,3800,4429.936775104933,377.2093329753261,18847.128082998097,0.0
1777052907,100,,Aggregated,15.700000,0.000000,3800,5100,5800,6300,8100,10000,11000,13000,17000,18000,19000,19981,0,3800,4429.936775104933,377.2093329753261,18847.128082998097,0.0
1777052908,100,,Aggregated,16.700000,0.000000,3800,5100,5800,6300,8100,10000,11000,13000,17000,18000,19000,19999,0,3800,4432.850262019135,377.2093329753261,18847.128082998097,0.0
1777052909,100,,Aggregated,16.700000,0.000000,3800,5100,5800,6300,8100,10000,11000,13000,17000,17000,19000,20005,0,3800,4434.042136215831,377.2093329753261,18847.128082998097,0.0
1777052910,100,,Aggregated,15.400000,0.000000,3800,5100,5800,6300,8200,10000,11000,13000,17000,17000,19000,20013,0,3800,4435.97620411521,377.2093329753261,18847.128082998097,0.0
1777052911,100,,Aggregated,15.400000,0.000000,3800,5100,5800,6300,8200,10000,11000,13000,17000,17000,19000,20024,0,3800,4438.82048102066,377.2093329753261,18847.128082998097,0.0
