Timestamp,User Count,Type,Name,Requests/s,Failures/s,50%,66%,75%,80%,90%,95%,98%,99%,99.9%,99.99%,100%,Total Request Count,Total Failure Count,Total Median Response Time,Total Average Response Time,Total Min Response Time,Total Max Response Time,Total Average Content Size
1777047205,0,,Aggregated,0.000000,0.000000,N/A,N/A,N/A,N/A,N/A,N/A,N/A,N/A,N/A,N/A,N/A,0,0,0,0.0,0,0,0
1777047206,10,,Aggregated,0.000000,0.000000,N/A,N/A,N/A,N/A,N/A,N/A,N/A,N/A,N/A,N/A,N/A,0,0,0,0.0,0,0,0
1777047207,20,,Aggregated,0.000000,0.000000,N/A,N/A,N/A,N/A,N/A,N/A,N/A,N/A,N/A,N/A,N/A,0,0,0,0.0,0,0,0
1777047208,30,,Aggregated,0.000000,0.000000,520,630,1400,1400,2400,2400,2400,2600,2600,2600,2600,60,0,520,907.3873160339039,292.16625000117347,2596.3315830158535,0.0
1777047209,40,,Aggregated,0.000000,0.000000,450,530,580,600,1400,2200,2400,2400,2600,2600,2600,139,0,450,648.782778482318,267.0395839959383,2596.3315830158535,0.0
1777047210,50,,Aggregated,6.333333,0.000000,490,530,580,590,660,1400,2400,2400,2600,2600,2600,224,0,490,600.1147165353749,267.0395839959383,2596.3315830158535,0.0
1777047211,60,,Aggregated,25.750000,0.000000,530,590,600,630,680,1400,2200,2400,2600,2600,2600,307,0,530,603.6481013997831,267.0395839959383,2596.3315830158535,0.0
1777047212,70,,Aggregated,37.800000,0.000000,580,640,680,690,760,1300,2200,2400,2600,2600,2600,391,0,580,627.6967850710412,267.0395839959383,2596.3315830158535,0.0
1777047213,80,,Aggregated,45.333333,0.000000,620,690,740,770,850,990,2200,2400,2600,2600,2600,488,0,620,665.050178964431,267.0395839959383,2596.3315830158535,0.0
1777047214,90,,Aggregated,51.714286,0.000000,670,750,830,870,1000,1100,1400,2400,2600,2600,2600,574,0,670,709.8578206175359,267.0395839959383,2596.3315830158535,0.0
1777047215,100,,Aggregated,54.625000,0.000000,700,840,900,960,1100,1100,1400,2200,2600,2600,2600,661,0,700,752.6757974530191,267.0395839959383,2596.3315830158535,0.0
1777047216,100,,Aggregated,58.111111,0.000000,750,900,1000,1000,1200,1200,1400,2200,2600,2600,2600,747,0,750,797.8321954958924,267.0395839959383,2596.3315830158535,0.0
1777047217,100,,Aggregated,62.200000,0.000000,810,1000,1100,1100,1200,1200,1400,2200,2600,2600,2600,828,0,800,834.3653344375389,267.0395839959383,2596.3315830158535,0.0
1777047218,100,,Aggregated,69.700000,0.000000,850,1000,1100,1100,1200,1200,1400,2200,2600,2600,2600,894,0,840,860.5544588471473,267.0395839959383,2596.3315830158535,0.0
1777047219,100,,Aggregated,78.600000,0.000000,900,1100,1100,1200,1200,1400,1500,1600,2400,2600,2600,1004,0,900,900.6075897670083,267.0395839959383,2596.3315830158535,0.0
1777047220,100,,Aggregated,85.600000,0.000000,930,1100,1100,1200,1200,1400,1500,1600,2400,2600,2600,1092,0,930,910.146998251858,267.0395839959383,2596.3315830158535,0.0
1777047221,100,,Aggregated,85.900000,0.000000,980,1100,1200,1200,1200,1300,1500,1500,2400,2600,2600,1178,0,980,928.8546634192265,267.0395839959383,2596.3315830158535,0.0
1777047222,100,,Aggregated,86.100000,0.000000,1000,1100,1200,1200,1200,1300,1500,1500,2400,2600,2600,1264,0,1000,944.0215850214902,267.0395839959383,2596.3315830158535,0.0
1777047223,100,,Aggregated,86.600000,0.000000,1000,1100,1200,1200,1200,1300,1500,1500,2400,2600,2600,1346,0,1000,956.8877595379375,267.0395839959383,2596.3315830158535,0.0
1777047224,100,,Aggregated,86.200000,0.000000,1100,1200,1200,1200,1200,1300,1500,1500,2400,2600,2600,1436,0,1100,969.6720369414489,267.0395839959383,2596.3315830158535,0.0
1777047225,100,,Aggregated,87.300000,0.000000,1100,1200,1200,1200,1200,1300,1500,1500,2400,2600,2600,1525,0,1100,982.1312843237957,267.0395839959383,2596.3315830158535,0.0
1777047226,100,,Aggregated,86.900000,0.000000,1100,1200,1200,1200,1200,1300,1400,1500,2400,2600,2600,1609,0,1100,990.5475087363756,267.0395839959383,2596.3315830158535,0.0
1777047227,100,,Aggregated,85.500000,0.000000,1100,1200,1200,1200,1200,1300,1400,1500,2400,2600,2600,1697,0,1100,1000.1659560829245,267.0395839959383,2596.3315830158535,0.0
1777047228,100,,Aggregated,87.000000,0.000000,1100,1200,1200,1200,1200,1300,1400,1500,2400,2600,2600,1783,0,1100,1008.1908761092608,267.0395839959383,2596.3315830158535,0.0
1777047229,100,,Aggregated,86.700000,0.000000,1100,1200,1200,1200,1200,1300,1400,1500,2400,2600,2600,1867,0,1100,1015.1839437041986,267.0395839959383,2596.3315830158535,0.0
1777047230,100,,Aggregated,86.500000,0.000000,1100,1200,1200,1200,1200,1300,1400,1500,2400,2600,2600,1955,0,1100,1021.5899374811343,267.0395839959383,2596.3315830158535,0.0
1777047231,100,,Aggregated,86.400000,0.000000,1100,1200,1200,1200,1200,1300,1400,1500,2400,2600,2600,2033,0,1100,1029.564964778025,267.0395839959383,2596.3315830158535,0.0
1777047232,100,,Aggregated,86.100000,0.000000,1100,1200,1200,1200,1200,1300,1400,1500,2400,2600,2600,2125,0,1100,1033.9837713833783,267.0395839959383,2596.3315830158535,0.0
1777047233,100,,Aggregated,83.700000,0.000000,1100,1200,1200,1200,1200,1300,1400,1500,2400,2600,2600,2214,0,1100,1039.1536768565902,267.0395839959383,2596.3315830158535,0.0
1777047234,100,,Aggregated,85.500000,0.000000,1100,1200,1200,1200,1200,1300,1400,1500,2400,2600,2600,2289,0,1100,1042.6496645248935,267.0395839959383,2596.3315830158535,0.0
1777047235,100,,Aggregated,85.800000,0.000000,1100,1200,1200,1200,1200,1300,1400,1500,2400,2600,2600,2384,0,1100,1047.745753537831,267.0395839959383,2596.3315830158535,0.0
1777047236,100,,Aggregated,86.000000,0.000000,1100,1200,1200,1200,1200,1300,1400,1500,2400,2600,2600,2473,0,1100,1051.4000364667377,267.0395839959383,2596.3315830158535,0.0
1777047237,100,,Aggregated,85.800000,0.000000,1100,1200,1200,1200,1200,1300,1400,1500,2400,2600,2600,2562,0,1100,1054.8392598135724,267.0395839959383,2596.3315830158535,0.0
1777047238,100,,Aggregated,85.700000,0.000000,1100,1200,1200,1200,1200,1300,1400,1500,2400,2600,2600,2646,0,1100,1057.853500920028,267.0395839959383,2596.3315830158535,0.0
1777047239,100,,Aggregated,86.200000,0.000000,1100,1200,1200,1200,1200,1300,1400,1500,2400,2600,2600,2735,0,1100,1060.3447961372199,267.0395839959383,2596.3315830158535,0.0
1777047240,100,,Aggregated,85.800000,0.000000,1100,1200,1200,1200,1200,1300,1400,1500,2400,2600,2600,2822,0,1100,1063.8968256021412,267.0395839959383,2596.3315830158535,0.0
1777047241,100,,Aggregated,86.300000,0.000000,1100,1200,1200,1200,1200,1300,1400,1500,2400,2600,2600,2911,0,1100,1065.3786940258753,267.0395839959383,2596.3315830158535,0.0
1777047242,100,,Aggregated,86.400000,0.000000,1100,1200,1200,1200,1200,1300,1400,1500,2400,2600,2600,2998,0,1100,1067.8133503937058,267.0395839959383,2596.3315830158535,0.0
1777047243,100,,Aggregated,88.500000,0.000000,1100,1200,1200,1200,1200,1300,1400,1500,2400,2600,2600,3085,0,1100,1070.2089776678197,267.0395839959383,2596.3315830158535,0.0
1777047244,100,,Aggregated,87.000000,0.000000,1100,1200,1200,1200,1200,1300,1400,1500,2400,2600,2600,3168,0,1100,1072.3028931695412,267.0395839959383,2596.3315830158535,0.0
1777047245,100,,Aggregated,86.200000,0.000000,1100,1200,1200,1200,1200,1300,1400,1500,2400,2600,2600,3258,0,1100,1074.840839043043,267.0395839959383,2596.3315830158535,0.0
1777047246,100,,Aggregated,87.100000,0.000000,1100,1200,1200,1200,1200,1300,1400,1500,2400,2600,2600,3340,0,1100,1076.6280874441065,267.0395839959383,2596.3315830158535,0.0
1777047247,100,,Aggregated,86.800000,0.000000,1100,1200,1200,1200,1200,1300,1400,1400,2400,2600,2600,3418,0,1100,1078.6465413546316,267.0395839959383,2596.3315830158535,0.0
1777047248,100,,Aggregated,86.900000,0.000000,1100,1200,1200,1200,1200,1300,1400,1400,2400,2600,2600,3518,0,1100,1082.0988789636915,267.0395839959383,2596.3315830158535,0.0
1777047249,100,,Aggregated,86.800000,0.000000,1100,1200,1200,1200,1200,1300,1400,1400,2400,2600,2600,3606,0,1100,1083.1955145086117,267.0395839959383,2596.3315830158535,0.0
1777047250,100,,Aggregated,86.300000,0.000000,1100,1200,1200,1200,1200,1300,1400,1400,2400,2600,2600,3684,0,1100,1084.5881106096856,267.0395839959383,2596.3315830158535,0.0
1777047251,100,,Aggregated,86.800000,0.000000,1100,1200,1200,1200,1200,1300,1400,1400,2400,2600,2600,3773,0,1100,1086.3232785868195,267.0395839959383,2596.3315830158535,0.0
1777047252,100,,Aggregated,86.800000,0.000000,1200,1200,1200,1200,1200,1300,1400,1400,2400,2600,2600,3864,0,1200,1088.3225570181403,267.0395839959383,2596.3315830158535,0.0
1777047253,100,,Aggregated,87.000000,0.000000,1200,1200,1200,1200,1200,1300,1400,1400,2400,2600,2600,3953,0,1200,1089.7603385145944,267.0395839959383,2596.3315830158535,0.0
1777047254,100,,Aggregated,86.100000,0.000000,1200,1200,1200,1200,1200,1300,1400,1400,2400,2600,2600,4039,0,1200,1090.4040751679486,267.0395839959383,2596.3315830158535,0.0
1777047255,100,,Aggregated,87.100000,0.000000,1200,1200,1200,1200,1200,1300,1400,1400,2400,2600,2600,4125,0,1200,1091.7372793370378,267.0395839959383,2596.3315830158535,0.0
1777047256,100,,Aggregated,86.200000,0.000000,1200,1200,1200,1200,1200,1300,1400,1400,2400,2600,2600,4211,0,1200,1092.925488278132,267.0395839959383,2596.3315830158535,0.0
1777047257,100,,Aggregated,87.100000,0.000000,1200,1200,1200,1200,1200,1300,1400,1400,2400,2600,2600,4297,0,1200,1094.206853748484,267.0395839959383,2596.3315830158535,0.0
1777047258,100,,Aggregated,86.200000,0.000000,1200,1200,1200,1200,1200,1300,1300,1400,2400,2600,2600,4380,0,1200,1095.4989157281582,267.0395839959383,2596.3315830158535,0.0
1777047259,100,,Aggregated,86.300000,0.000000,1200,1200,1200,1200,1200,1300,1300,1400,2400,2600,2600,4472,0,1200,1097.1268681910274,267.0395839959383,2596.3315830158535,0.0
1777047260,100,,Aggregated,87.100000,0.000000,1200,1200,1200,1200,1200,1300,1300,1400,2400,2600,2600,4559,0,1200,1098.056522675415,267.0395839959383,2596.3315830158535,0.0
1777047261,100,,Aggregated,86.200000,0.000000,1200,1200,1200,1200,1200,1300,1300,1400,2400,2600,2600,4644,0,1200,1099.300233984532,267.0395839959383,2596.3315830158535,0.0
1777047262,100,,Aggregated,86.200000,0.000000,1200,1200,1200,1200,1200,1300,1300,1400,2400,2600,2600,4731,0,1200,1100.4971626324568,267.0395839959383,2596.3315830158535,0.0
1777047263,100,,Aggregated,86.100000,0.000000,1200,1200,1200,1200,1200,1300,1300,1400,2400,2600,2600,4816,0,1200,1101.4514784315384,267.0395839959383,2596.3315830158535,0.0
1777047264,100,,Aggregated,86.700000,0.000000,1200,1200,1200,1200,1200,1300,1300,1400,2400,2600,2600,4903,0,1200,1103.5784580014904,267.0395839959383,2596.3315830158535,0.0
1777047265,100,,Aggregated,86.200000,0.000000,1200,1200,1200,1200,1200,1300,1300,1400,2400,2600,2600,4979,0,1200,1104.3486635865022,267.0395839959383,2596.3315830158535,0.0
1777047266,100,,Aggregated,86.300000,0.000000,1200,1200,1200,1200,1200,1300,1300,1400,2400,2600,2600,5067,0,1200,1105.5193088766932,267.0395839959383,2596.3315830158535,0.0
1777047267,100,,Aggregated,85.900000,0.000000,1200,1200,1200,1200,1200,1300,1300,1400,2400,2600,2600,5150,0,1200,1106.49272242506,267.0395839959383,2596.3315830158535,0.0
1777047268,100,,Aggregated,86.100000,0.000000,1200,1200,1200,1200,1200,1300,1300,1400,2400,2600,2600,5241,0,1200,1107.6322819807433,267.0395839959383,2596.3315830158535,0.0
1777047269,100,,Aggregated,85.300000,0.000000,1200,1200,1200,1200,1200,1300,1300,1400,2400,2600,2600,5314,0,1200,1108.4211133538263,267.0395839959383,2596.3315830158535,0.0
1777047270,100,,Aggregated,86.000000,0.000000,1200,1200,1200,1200,1200,1300,1400,1400,2400,2600,2600,5417,0,1200,1109.0850206727264,267.0395839959383,2596.3315830158535,0.0
1777047271,100,,Aggregated,85.900000,0.000000,1200,1200,1200,1200,1200,1300,1400,1400,2400,2600,2600,5505,0,1200,1109.4831694105558,267.0395839959383,2596.3315830158535,0.0
1777047272,100,,Aggregated,85.800000,0.000000,1200,1200,1200,1200,1200,1300,1400,1400,2400,2600,2600,5590,0,1200,1110.4557802506129,267.0395839959383,2596.3315830158535,0.0
1777047273,100,,Aggregated,85.800000,0.000000,1200,1200,1200,1200,1200,1300,1300,1400,2400,2600,2600,5676,0,1200,1111.387762688683,267.0395839959383,2596.3315830158535,0.0
1777047274,100,,Aggregated,85.700000,0.000000,1200,1200,1200,1200,1200,1300,1300,1400,2400,2600,2600,5757,0,1200,1112.3105094420591,267.0395839959383,2596.3315830158535,0.0
1777047275,100,,Aggregated,85.600000,0.000000,1200,1200,1200,1200,1200,1300,1300,1400,2400,2600,2600,5847,0,1200,1113.252533538903,267.0395839959383,2596.3315830158535,0.0
1777047276,100,,Aggregated,85.300000,0.000000,1200,1200,1200,1200,1200,1300,1300,1400,2400,2600,2600,5932,0,1200,1114.0402525463232,267.0395839959383,2596.3315830158535,0.0
1777047277,100,,Aggregated,85.800000,0.000000,1200,1200,1200,1200,1200,1300,1300,1400,2200,2600,2600,6018,0,1200,1115.054323961755,267.0395839959383,2596.3315830158535,0.0
1777047278,100,,Aggregated,85.600000,0.000000,1200,1200,1200,1200,1200,1300,1300,1400,2200,2600,2600,6106,0,1200,1115.3102828527344,267.0395839959383,2596.3315830158535,0.0
1777047279,100,,Aggregated,86.200000,0.000000,1200,1200,1200,1200,1200,1300,1300,1400,2200,2600,2600,6189,0,1200,1115.7984549156265,267.0395839959383,2596.3315830158535,0.0
1777047280,100,,Aggregated,85.300000,0.000000,1200,1200,1200,1200,1200,1300,1300,1400,2200,2600,2600,6270,0,1200,1116.3772395554856,267.0395839959383,2596.3315830158535,0.0
1777047281,100,,Aggregated,85.700000,0.000000,1200,1200,1200,1200,1200,1300,1300,1400,2200,2600,2600,6353,0,1200,1117.8513639305727,267.0395839959383,2596.3315830158535,0.0
1777047282,100,,Aggregated,85.800000,0.000000,1200,1200,1200,1200,1200,1300,1300,1400,2200,2600,2600,6451,0,1200,1118.291334562376,267.0395839959383,2596.3315830158535,0.0
1777047283,100,,Aggregated,85.100000,0.000000,1200,1200,1200,1200,1200,1300,1400,1400,2200,2600,2600,6538,0,1200,1118.9410300253599,267.0395839959383,2596.3315830158535,0.0
1777047284,100,,Aggregated,85.100000,0.000000,1200,1200,1200,1200,1200,1300,1300,1400,2200,2600,2600,6625,0,1200,1119.2642460578054,267.0395839959383,2596.3315830158535,0.0
1777047285,100,,Aggregated,85.800000,0.000000,1200,1200,1200,1200,1200,1300,1300,1400,2200,2600,2600,6704,0,1200,1119.6289479990746,267.0395839959383,2596.3315830158535,0.0
1777047286,100,,Aggregated,86.400000,0.000000,1200,1200,1200,1200,1200,1300,1300,1400,2200,2600,2600,6799,0,1200,1120.105118708432,267.0395839959383,2596.3315830158535,0.0
1777047287,100,,Aggregated,85.300000,0.000000,1200,1200,1200,1200,1200,1300,1300,1400,2200,2600,2600,6885,0,1200,1119.879830461538,267.0395839959383,2596.3315830158535,0.0
1777047288,100,,Aggregated,85.900000,0.000000,1200,1200,1200,1200,1200,1300,1300,1400,2200,2600,2600,6972,0,1200,1120.439001682255,267.0395839959383,2596.3315830158535,0.0
1777047289,100,,Aggregated,86.100000,0.000000,1200,1200,1200,1200,1200,1300,1300,1400,2200,2600,2600,7058,0,1200,1120.930223324413,267.0395839959383,2596.3315830158535,0.0
1777047290,100,,Aggregated,86.000000,0.000000,1200,1200,1200,1200,1200,1300,1300,1400,2200,2600,2600,7143,0,1200,1121.4178510217994,267.0395839959383,2596.3315830158535,0.0
1777047291,100,,Aggregated,85.900000,0.000000,1200,1200,1200,1200,1200,1300,1300,1400,2200,2600,2600,7230,0,1200,1122.1123364875461,267.0395839959383,2596.3315830158535,0.0
1777047292,100,,Aggregated,86.300000,0.000000,1200,1200,1200,1200,1200,1300,1300,1400,2200,2600,2600,7309,0,1200,1122.3610926390804,267.0395839959383,2596.3315830158535,0.0
1777047293,100,,Aggregated,87.000000,0.000000,1200,1200,1200,1200,1200,1300,1300,1400,2200,2600,2600,7399,0,1200,1122.8859918755174,267.0395839959383,2596.3315830158535,0.0
1777047294,100,,Aggregated,87.100000,0.000000,1200,1200,1200,1200,1200,1300,1300,1400,2200,2600,2600,7489,0,1200,1123.5353301358105,267.0395839959383,2596.3315830158535,0.0
1777047295,100,,Aggregated,86.400000,0.000000,1200,1200,1200,1200,1200,1300,1300,1400,2200,2600,2600,7569,0,1200,1123.9234951355759,267.0395839959383,2596.3315830158535,0.0
1777047296,100,,Aggregated,86.200000,0.000000,1200,1200,1200,1200,1200,1300,1300,1400,2200,2600,2600,7659,0,1200,1124.7622318916592,267.0395839959383,2596.3315830158535,0.0
1777047297,100,,Aggregated,86.900000,0.000000,1200,1200,1200,1200,1200,1300,1300,1400,2200,2600,2600,7740,0,1200,1124.8690693112478,267.0395839959383,2596.3315830158535,0.0
1777047298,100,,Aggregated,86.600000,0.000000,1200,1200,1200,1200,1200,1300,1300,1400,2200,2600,2600,7830,0,1200,1126.0602610057776,267.0395839959383,2596.3315830158535,0.0
1777047299,100,,Aggregated,86.200000,0.000000,1200,1200,1200,1200,1200,1300,1300,1400,2200,2600,2600,7917,0,1200,1126.2649628138481,267.0395839959383,2596.3315830158535,0.0
1777047300,100,,Aggregated,85.900000,0.000000,1200,1200,1200,1200,1200,1300,1300,1400,2200,2600,2600,7994,0,1200,1126.5981129362428,267.0395839959383,2596.3315830158535,0.0
1777047301,100,,Aggregated,85.300000,0.000000,1200,1200,1200,1200,1200,1300,1300,1400,2200,2600,2600,8083,0,1200,1127.09108999607,267.0395839959383,2596.3315830158535,0.0
1777047302,100,,Aggregated,85.300000,0.000000,1200,1200,1200,1200,1200,1300,1300,1400,2200,2600,2600,8173,0,1200,1127.523875834227,267.0395839959383,2596.3315830158535,0.0
1777047303,100,,Aggregated,85.600000,0.000000,1200,1200,1200,1200,1200,1300,1300,1400,2200,2600,2600,8262,0,1200,1127.8273695668245,267.0395839959383,2596.3315830158535,0.0
1777047304,100,,Aggregated,85.400000,0.000000,1200,1200,1200,1200,1200,1300,1300,1400,2200,2600,2600,8344,0,1200,1127.7317461130458,267.0395839959383,2596.3315830158535,0.0
1777047305,100,,Aggregated,84.800000,0.000000,1200,1200,1200,1200,1200,1300,1300,1400,2200,2600,2600,8435,0,1200,1128.1292111379098,267.0395839959383,2596.3315830158535,0.0
1777047306,100,,Aggregated,85.800000,0.000000,1200,1200,1200,1200,1200,1300,1300,1400,2200,2600,2600,8521,0,1200,1128.342676792203,267.0395839959383,2596.3315830158535,0.0
1777047307,100,,Aggregated,85.700000,0.000000,1200,1200,1200,1200,1200,1300,1300,1400,2200,2600,2600,8608,0,1200,1128.8117051755767,267.0395839959383,2596.3315830158535,0.0
1777047308,100,,Aggregated,86.000000,0.000000,1200,1200,1200,1200,1200,1300,1300,1400,2200,2600,2600,8696,0,1200,1129.0492548283503,267.0395839959383,2596.3315830158535,0.0
1777047309,100,,Aggregated,85.900000,0.000000,1200,1200,1200,1200,1200,1300,1300,1400,2200,2600,2600,8783,0,1200,1129.2248608515986,267.0395839959383,2596.3315830158535,0.0
1777047310,100,,Aggregated,86.200000,0.000000,1200,1200,1200,1200,1200,1300,1300,1400,2200,2600,2600,8867,0,1200,1129.540932388122,267.0395839959383,2596.3315830158535,0.0
1777047311,100,,Aggregated,86.900000,0.000000,1200,1200,1200,1200,1200,1300,1300,1400,2200,2600,2600,8954,0,1200,1129.8936889081242,267.0395839959383,2596.3315830158535,0.0
1777047312,100,,Aggregated,85.900000,0.000000,1200,1200,1200,1200,1200,1300,1300,1400,2200,2600,2600,9039,0,1200,1130.252864285355,267.0395839959383,2596.3315830158535,0.0
1777047313,100,,Aggregated,85.900000,0.000000,1200,1200,1200,1200,1200,1300,1300,1400,2200,2600,2600,9126,0,1200,1130.6035987230393,267.0395839959383,2596.3315830158535,0.0
1777047314,100,,Aggregated,86.300000,0.000000,1200,1200,1200,1200,1200,1300,1300,1400,2200,2600,2600,9211,0,1200,1130.9991577854278,267.0395839959383,2596.3315830158535,0.0
1777047315,100,,Aggregated,87.000000,0.000000,1200,1200,1200,1200,1200,1300,1300,1400,2200,2600,2600,9286,0,1200,1131.731501133372,267.0395839959383,2596.3315830158535,0.0
1777047316,100,,Aggregated,86.000000,0.000000,1200,1200,1200,1200,1200,1300,1300,1400,2200,2600,2600,9377,0,1200,1132.6638589615548,267.0395839959383,2596.3315830158535,0.0
1777047317,100,,Aggregated,85.700000,0.000000,1200,1200,1200,1200,1200,1300,1300,1400,2200,2600,2600,9467,0,1200,1132.4498534628099,267.0395839959383,2596.3315830158535,0.0
1777047318,100,,Aggregated,85.000000,0.000000,1200,1200,1200,1200,1200,1300,1300,1400,2200,2600,2600,9555,0,1200,1132.609671382978,267.0395839959383,2596.3315830158535,0.0
1777047319,100,,Aggregated,84.500000,0.000000,1200,1200,1200,1200,1200,1300,1300,1400,2200,2600,2600,9625,0,1200,1132.8117175130724,267.0395839959383,2596.3315830158535,0.0
1777047320,100,,Aggregated,85.400000,0.000000,1200,1200,1200,1200,1200,1300,1300,1400,2200,2600,2600,9732,0,1200,1132.9517615196644,267.0395839959383,2596.3315830158535,0.0
1777047321,100,,Aggregated,85.500000,0.000000,1200,1200,1200,1200,1200,1300,1300,1400,2200,2600,2600,9818,0,1200,1132.8022311041084,267.0395839959383,2596.3315830158535,0.0
1777047322,100,,Aggregated,86.500000,0.000000,1200,1200,1200,1200,1200,1300,1300,1400,2200,2600,2600,9906,0,1200,1132.7451314254286,267.0395839959383,2596.3315830158535,0.0
1777047323,100,,Aggregated,85.800000,0.000000,1200,1200,1200,1200,1200,1300,1300,1400,2200,2600,2600,9993,0,1200,1133.0765591150118,267.0395839959383,2596.3315830158535,0.0
1777047324,100,,Aggregated,86.100000,0.000000,1200,1200,1200,1200,1200,1300,1300,1400,1600,2400,2600,10079,0,1200,1133.0895854772548,267.0395839959383,2596.3315830158535,0.0
1777047325,100,,Aggregated,86.300000,0.000000,1200,1200,1200,1200,1200,1300,1300,1400,1600,2400,2600,10160,0,1200,1133.4005397458889,267.0395839959383,2596.3315830158535,0.0
1777047326,100,,Aggregated,86.400000,0.000000,1200,1200,1200,1200,1200,1300,1300,1400,1600,2400,2600,10253,0,1200,1133.5128830445092,267.0395839959383,2596.3315830158535,0.0
1777047327,100,,Aggregated,86.800000,0.000000,1200,1200,1200,1200,1200,1300,1300,1400,1600,2400,2600,10333,0,1200,1133.6656458495424,267.0395839959383,2596.3315830158535,0.0
1777047328,100,,Aggregated,87.500000,0.000000,1200,1200,1200,1200,1200,1300,1300,1400,1600,2400,2600,10423,0,1200,1133.9529734339683,267.0395839959383,2596.3315830158535,0.0
1777047329,100,,Aggregated,88.000000,0.000000,1200,1200,1200,1200,1200,1300,1300,1400,1600,2400,2600,10510,0,1200,1134.1180136676646,267.0395839959383,2596.3315830158535,0.0
1777047330,100,,Aggregated,87.400000,0.000000,1200,1200,1200,1200,1200,1300,1300,1400,1600,2400,2600,10599,0,1200,1134.3961126536763,267.0395839959383,2596.3315830158535,0.0
1777047331,100,,Aggregated,86.900000,0.000000,1200,1200,1200,1200,1200,1300,1300,1400,1600,2400,2600,10685,0,1200,1134.6017237270328,267.0395839959383,2596.3315830158535,0.0
1777047332,100,,Aggregated,86.000000,0.000000,1200,1200,1200,1200,1200,1300,1300,1400,1600,2400,2600,10762,0,1200,1134.9612723720845,267.0395839959383,2596.3315830158535,0.0
1777047333,100,,Aggregated,86.800000,0.000000,1200,1200,1200,1200,1200,1300,1300,1400,1600,2400,2600,10860,0,1200,1135.0379677392523,267.0395839959383,2596.3315830158535,0.0
1777047334,100,,Aggregated,86.200000,0.000000,1200,1200,1200,1200,1200,1300,1300,1400,1600,2400,2600,10946,0,1200,1135.0804426490085,267.0395839959383,2596.3315830158535,0.0
1777047335,100,,Aggregated,86.500000,0.000000,1200,1200,1200,1200,1200,1300,1300,1400,1500,2400,2600,11025,0,1200,1135.5327978590517,267.0395839959383,2596.3315830158535,0.0
1777047336,100,,Aggregated,86.500000,0.000000,1200,1200,1200,1200,1200,1300,1300,1400,1500,2400,2600,11115,0,1200,1135.398097374358,267.0395839959383,2596.3315830158535,0.0
1777047337,100,,Aggregated,86.500000,0.000000,1200,1200,1200,1200,1200,1300,1300,1400,1500,2400,2600,11208,0,1200,1135.3399472864057,267.0395839959383,2596.3315830158535,0.0
1777047338,100,,Aggregated,85.600000,0.000000,1200,1200,1200,1200,1200,1300,1300,1400,1500,2400,2600,11295,0,1200,1135.3795260381612,267.0395839959383,2596.3315830158535,0.0
1777047339,100,,Aggregated,86.200000,0.000000,1200,1200,1200,1200,1200,1300,1300,1400,1500,2400,2600,11379,0,1200,1135.318169970665,267.0395839959383,2596.3315830158535,0.0
1777047340,100,,Aggregated,86.100000,0.000000,1200,1200,1200,1200,1200,1300,1300,1400,1500,2400,2600,11463,0,1200,1135.5257902937324,267.0395839959383,2596.3315830158535,0.0
1777047341,100,,Aggregated,86.900000,0.000000,1200,1200,1200,1200,1200,1300,1300,1400,1500,2400,2600,11558,0,1200,1135.663290221848,267.0395839959383,2596.3315830158535,0.0
1777047342,100,,Aggregated,87.400000,0.000000,1200,1200,1200,1200,1200,1300,1300,1400,1500,2400,2600,11646,0,1200,1135.642717396374,267.0395839959383,2596.3315830158535,0.0
1777047343,100,,Aggregated,86.700000,0.000000,1200,1200,1200,1200,1200,1300,1300,1400,1500,2400,2600,11733,0,1200,1135.7386620754494,267.0395839959383,2596.3315830158535,0.0
1777047344,100,,Aggregated,86.500000,0.000000,1200,1200,1200,1200,1200,1300,1300,1400,1500,2400,2600,11818,0,1200,1135.9177414438323,267.0395839959383,2596.3315830158535,0.0
1777047345,100,,Aggregated,86.600000,0.000000,1200,1200,1200,1200,1200,1300,1300,1400,1500,2400,2600,11904,0,1200,1136.095984375447,267.0395839959383,2596.3315830158535,0.0
1777047346,100,,Aggregated,86.800000,0.000000,1200,1200,1200,1200,1200,1300,1300,1400,1500,2400,2600,11991,0,1200,1136.3785922781578,267.0395839959383,2596.3315830158535,0.0
1777047347,100,,Aggregated,86.800000,0.000000,1200,1200,1200,1200,1200,1300,1300,1400,1500,2400,2600,12078,0,1200,1136.5245412982586,267.0395839959383,2596.3315830158535,0.0
1777047348,100,,Aggregated,87.600000,0.000000,1200,1200,1200,1200,1200,1300,1300,1400,1500,2400,2600,12161,0,1200,1136.8035673706486,267.0395839959383,2596.3315830158535,0.0
1777047349,100,,Aggregated,87.100000,0.000000,1200,1200,1200,1200,1200,1300,1300,1400,1500,2400,2600,12251,0,1200,1137.0989920482077,267.0395839959383,2596.3315830158535,0.0
1777047350,100,,Aggregated,87.100000,0.000000,1200,1200,1200,1200,1200,1300,1300,1400,1500,2400,2600,12330,0,1200,1137.1143187276239,267.0395839959383,2596.3315830158535,0.0
1777047351,100,,Aggregated,85.800000,0.000000,1200,1200,1200,1200,1200,1300,1300,1400,1500,2400,2600,12422,0,1200,1137.3047670426413,267.0395839959383,2596.3315830158535,0.0
1777047352,100,,Aggregated,85.700000,0.000000,1200,1200,1200,1200,1200,1300,1300,1400,1500,2400,2600,12512,0,1200,1137.3534326344,267.0395839959383,2596.3315830158535,0.0
1777047353,100,,Aggregated,86.400000,0.000000,1200,1200,1200,1200,1200,1300,1300,1400,1500,2400,2600,12598,0,1200,1137.448715890429,267.0395839959383,2596.3315830158535,0.0
1777047354,100,,Aggregated,87.300000,0.000000,1200,1200,1200,1200,1200,1300,1300,1400,1500,2400,2600,12684,0,1200,1137.5263072176406,267.0395839959383,2596.3315830158535,0.0
1777047355,100,,Aggregated,86.100000,0.000000,1200,1200,1200,1200,1200,1300,1300,1400,1500,2400,2600,12771,0,1200,1137.560443915946,267.0395839959383,2596.3315830158535,0.0
1777047356,100,,Aggregated,86.200000,0.000000,1200,1200,1200,1200,1200,1300,1300,1400,1500,2400,2600,12856,0,1200,1137.8423874254383,267.0395839959383,2596.3315830158535,0.0
1777047357,100,,Aggregated,86.400000,0.000000,1200,1200,1200,1200,1200,1300,1300,1400,1500,2400,2600,12942,0,1200,1138.058278318386,267.0395839959383,2596.3315830158535,0.0
1777047358,100,,Aggregated,86.200000,0.000000,1200,1200,1200,1200,1200,1300,1300,1400,1500,2400,2600,13027,0,1200,1138.1355228717728,267.0395839959383,2596.3315830158535,0.0
1777047359,100,,Aggregated,86.100000,0.000000,1200,1200,1200,1200,1200,1300,1300,1400,1500,2400,2600,13113,0,1200,1138.3787697033727,267.0395839959383,2596.3315830158535,0.0
1777047360,100,,Aggregated,86.200000,0.000000,1200,1200,1200,1200,1200,1300,1300,1400,1500,2400,2600,13189,0,1200,1138.4698851813098,267.0395839959383,2596.3315830158535,0.0
1777047361,100,,Aggregated,86.600000,0.000000,1200,1200,1200,1200,1200,1300,1300,1400,1500,2400,2600,13278,0,1200,1138.7502225824205,267.0395839959383,2596.3315830158535,0.0
1777047362,100,,Aggregated,86.800000,0.000000,1200,1200,1200,1200,1200,1300,1300,1400,1500,2400,2600,13368,0,1200,1138.904466539453,267.0395839959383,2596.3315830158535,0.0
1777047363,100,,Aggregated,86.400000,0.000000,1200,1200,1200,1200,1200,1300,1300,1400,1500,2400,2600,13458,0,1200,1138.8922936349645,267.0395839959383,2596.3315830158535,0.0
1777047364,100,,Aggregated,85.400000,0.000000,1200,1200,1200,1200,1200,1300,1300,1400,1500,2400,2600,13546,0,1200,1138.9706805785008,267.0395839959383,2596.3315830158535,0.0
1777047365,100,,Aggregated,86.600000,0.000000,1200,1200,1200,1200,1200,1300,1300,1400,1500,2400,2600,13618,0,1200,1139.2288711779504,267.0395839959383,2596.3315830158535,0.0
1777047366,100,,Aggregated,85.600000,0.000000,1200,1200,1200,1200,1200,1300,1300,1400,1500,2400,2600,13713,0,1200,1139.5632602693324,267.0395839959383,2596.3315830158535,0.0
1777047367,100,,Aggregated,85.800000,0.000000,1200,1200,1200,1200,1200,1300,1300,1400,1500,2400,2600,13800,0,1200,1139.6714184895898,267.0395839959383,2596.3315830158535,0.0
1777047368,100,,Aggregated,85.400000,0.000000,1200,1200,1200,1200,1200,1300,1300,1400,1500,2400,2600,13889,0,1200,1140.0081052355315,267.0395839959383,2596.3315830158535,0.0
1777047369,100,,Aggregated,85.100000,0.000000,1200,1200,1200,1200,1200,1300,1300,1400,1500,2400,2600,13965,0,1200,1140.114410018355,267.0395839959383,2596.3315830158535,0.0
1777047370,100,,Aggregated,85.200000,0.000000,1200,1200,1200,1200,1200,1300,1300,1400,1500,2400,2600,14061,0,1200,1140.1761108139676,267.0395839959383,2596.3315830158535,0.0
1777047371,100,,Aggregated,85.700000,0.000000,1200,1200,1200,1200,1200,1300,1300,1400,1500,2400,2600,14142,0,1200,1140.1611772992612,267.0395839959383,2596.3315830158535,0.0
1777047372,100,,Aggregated,86.000000,0.000000,1200,1200,1200,1200,1200,1300,1300,1400,1500,2400,2600,14235,0,1200,1140.279700575847,267.0395839959383,2596.3315830158535,0.0
1777047373,100,,Aggregated,85.900000,0.000000,1200,1200,1200,1200,1200,1300,1300,1400,1500,2400,2600,14315,0,1200,1140.361045819848,267.0395839959383,2596.3315830158535,0.0
1777047374,100,,Aggregated,86.500000,0.000000,1200,1200,1200,1200,1200,1300,1300,1400,1500,2400,2600,14405,0,1200,1140.4509165995903,267.0395839959383,2596.3315830158535,0.0
1777047375,100,,Aggregated,85.700000,0.000000,1200,1200,1200,1200,1200,1300,1300,1400,1500,2400,2600,14494,0,1200,1140.5797356339833,267.0395839959383,2596.3315830158535,0.0
1777047376,100,,Aggregated,86.400000,0.000000,1200,1200,1200,1200,1200,1300,1300,1400,1500,2400,2600,14579,0,1200,1140.7222764356256,267.0395839959383,2596.3315830158535,0.0
1777047377,100,,Aggregated,85.500000,0.000000,1200,1200,1200,1200,1200,1300,1300,1400,1500,2400,2600,14667,0,1200,1140.8329015241027,267.0395839959383,2596.3315830158535,0.0
1777047378,100,,Aggregated,86.600000,0.000000,1200,1200,1200,1200,1200,1300,1300,1400,1500,2400,2600,14754,0,1200,1140.9320159106014,267.0395839959383,2596.3315830158535,0.0
1777047379,100,,Aggregated,86.900000,0.000000,1200,1200,1200,1200,1200,1300,1300,1400,1500,2400,2600,14839,0,1200,1141.0437293504415,267.0395839959383,2596.3315830158535,0.0
1777047380,100,,Aggregated,87.000000,0.000000,1200,1200,1200,1200,1200,1300,1300,1400,1500,2400,2600,14925,0,1200,1141.1142063458137,267.0395839959383,2596.3315830158535,0.0
1777047381,100,,Aggregated,86.600000,0.000000,1200,1200,1200,1200,1200,1300,1300,1400,1500,2400,2600,15008,0,1200,1141.2536193867395,267.0395839959383,2596.3315830158535,0.0
1777047382,100,,Aggregated,86.100000,0.000000,1200,1200,1200,1200,1200,1300,1300,1400,1500,2400,2600,15085,0,1200,1141.562822826331,267.0395839959383,2596.3315830158535,0.0
1777047383,100,,Aggregated,86.200000,0.000000,1200,1200,1200,1200,1200,1300,1300,1400,1500,2400,2600,15183,0,1200,1141.8150834079006,267.0395839959383,2596.3315830158535,0.0
1777047384,100,,Aggregated,85.500000,0.000000,1200,1200,1200,1200,1200,1300,1300,1400,1500,2400,2600,15263,0,1200,1141.7719548259936,267.0395839959383,2596.3315830158535,0.0
1777047385,100,,Aggregated,84.800000,0.000000,1200,1200,1200,1200,1200,1300,1300,1400,1500,2400,2600,15353,0,1200,1141.785244377534,267.0395839959383,2596.3315830158535,0.0
1777047386,100,,Aggregated,85.900000,0.000000,1200,1200,1200,1200,1200,1300,1300,1400,1500,2400,2600,15435,0,1200,1141.979676013107,267.0395839959383,2596.3315830158535,0.0
1777047387,100,,Aggregated,86.500000,0.000000,1200,1200,1200,1200,1200,1300,1300,1400,1500,2400,2600,15530,0,1200,1142.0802453351778,267.0395839959383,2596.3315830158535,0.0
1777047388,100,,Aggregated,85.700000,0.000000,1200,1200,1200,1200,1200,1300,1300,1400,1500,2400,2600,15617,0,1200,1141.8443136650715,267.0395839959383,2596.3315830158535,0.0
1777047390,100,,Aggregated,85.300000,0.000000,1200,1200,1200,1200,1200,1300,1300,1400,1500,2400,2600,15704,0,1200,1142.0262455484328,267.0395839959383,2596.3315830158535,0.0
1777047391,100,,Aggregated,86.100000,0.000000,1200,1200,1200,1200,1200,1300,1300,1400,1500,2400,2600,15791,0,1200,1142.005076251954,267.0395839959383,2596.3315830158535,0.0
1777047392,100,,Aggregated,86.300000,0.000000,1200,1200,1200,1200,1200,1300,1300,1400,1500,2400,2600,15879,0,1200,1142.067465127559,267.0395839959383,2596.3315830158535,0.0
1777047393,100,,Aggregated,86.300000,0.000000,1200,1200,1200,1200,1200,1300,1300,1400,1500,2400,2600,15964,0,1200,1142.1184510153723,267.0395839959383,2596.3315830158535,0.0
1777047394,100,,Aggregated,86.900000,0.000000,1200,1200,1200,1200,1200,1300,1300,1400,1500,2400,2600,16051,0,1200,1142.2337007696517,267.0395839959383,2596.3315830158535,0.0
1777047395,100,,Aggregated,87.900000,0.000000,1200,1200,1200,1200,1200,1300,1300,1400,1500,2400,2600,16137,0,1200,1142.3436209676347,267.0395839959383,2596.3315830158535,0.0
1777047396,100,,Aggregated,86.700000,0.000000,1200,1200,1200,1200,1200,1300,1300,1400,1500,2400,2600,16221,0,1200,1142.3876559326507,267.0395839959383,2596.3315830158535,0.0
1777047397,100,,Aggregated,86.700000,0.000000,1200,1200,1200,1200,1200,1300,1300,1400,1500,2400,2600,16305,0,1200,1142.4080572963821,267.0395839959383,2596.3315830158535,0.0
1777047398,100,,Aggregated,86.300000,0.000000,1200,1200,1200,1200,1200,1300,1300,1400,1500,2400,2600,16398,0,1200,1142.520760462051,267.0395839959383,2596.3315830158535,0.0
1777047399,100,,Aggregated,87.000000,0.000000,1200,1200,1200,1200,1200,1300,1300,1400,1500,2400,2600,16487,0,1200,1142.5274353515817,267.0395839959383,2596.3315830158535,0.0
1777047400,100,,Aggregated,86.600000,0.000000,1200,1200,1200,1200,1200,1300,1300,1400,1700,2400,2600,16573,0,1200,1143.4981514746553,267.0395839959383,2596.3315830158535,0.0
1777047401,100,,Aggregated,86.600000,0.000000,1200,1200,1200,1200,1200,1300,1300,1400,1700,2400,2600,16660,0,1200,1142.4149063982875,267.0395839959383,2596.3315830158535,0.0
1777047402,100,,Aggregated,86.700000,0.000000,1200,1200,1200,1200,1200,1300,1300,1400,1700,2400,2600,16744,0,1200,1142.8541312389855,267.0395839959383,2596.3315830158535,0.0
1777047403,100,,Aggregated,85.300000,0.000000,1200,1200,1200,1200,1200,1300,1300,1400,1700,2400,2600,16829,0,1200,1143.081408548544,267.0395839959383,2596.3315830158535,0.0
1777047404,100,,Aggregated,85.300000,0.000000,1200,1200,1200,1200,1200,1300,1300,1400,1700,2400,2600,16907,0,1200,1143.1639417429749,267.0395839959383,2596.3315830158535,0.0
1777047405,100,,Aggregated,85.300000,0.000000,1200,1200,1200,1200,1200,1300,1300,1400,1700,2400,2600,17006,0,1200,1143.1048181234034,267.0395839959383,2596.3315830158535,0.0
1777047406,100,,Aggregated,85.700000,0.000000,1200,1200,1200,1200,1200,1300,1300,1400,1700,2400,2600,17090,0,1200,1142.9213954998588,267.0395839959383,2596.3315830158535,0.0
1777047407,100,,Aggregated,86.300000,0.000000,1200,1200,1200,1200,1200,1300,1300,1400,1700,2400,2600,17179,0,1200,1143.035738527827,267.0395839959383,2596.3315830158535,0.0
1777047408,100,,Aggregated,86.300000,0.000000,1200,1200,1200,1200,1200,1300,1300,1400,1700,2400,2600,17260,0,1200,1143.1117129106867,267.0395839959383,2596.3315830158535,0.0
1777047409,100,,Aggregated,86.400000,0.000000,1200,1200,1200,1200,1200,1300,1300,1400,1700,2400,2600,17350,0,1200,1143.1502067223807,267.0395839959383,2596.3315830158535,0.0
1777047410,100,,Aggregated,86.300000,0.000000,1200,1200,1200,1200,1200,1300,1300,1400,1700,2400,2600,17440,0,1200,1143.1901103045493,267.0395839959383,2596.3315830158535,0.0
1777047411,100,,Aggregated,86.400000,0.000000,1200,1200,1200,1200,1200,1300,1300,1400,1700,2400,2600,17527,0,1200,1143.222775707785,267.0395839959383,2596.3315830158535,0.0
1777047412,100,,Aggregated,86.400000,0.000000,1200,1200,1200,1200,1200,1300,1300,1400,1700,2400,2600,17613,0,1200,1143.3122212285991,267.0395839959383,2596.3315830158535,0.0
1777047413,100,,Aggregated,87.900000,0.000000,1200,1200,1200,1200,1200,1300,1300,1400,1700,2400,2600,17702,0,1200,1143.3598746441926,267.0395839959383,2596.3315830158535,0.0
1777047414,100,,Aggregated,86.400000,0.000000,1200,1200,1200,1200,1200,1300,1300,1400,1700,2400,2600,17788,0,1200,1143.3353093776425,267.0395839959383,2596.3315830158535,0.0
1777047415,100,,Aggregated,87.900000,0.000000,1200,1200,1200,1200,1200,1300,1300,1400,1700,2400,2600,17873,0,1200,1143.4431201066673,267.0395839959383,2596.3315830158535,0.0
1777047416,100,,Aggregated,87.900000,0.000000,1200,1200,1200,1200,1200,1300,1300,1400,1700,2400,2600,17951,0,1200,1143.6870535536395,267.0395839959383,2596.3315830158535,0.0
1777047417,100,,Aggregated,86.700000,0.000000,1200,1200,1200,1200,1200,1300,1300,1400,1600,2400,2600,18044,0,1200,1143.784391051345,267.0395839959383,2596.3315830158535,0.0
1777047418,100,,Aggregated,86.200000,0.000000,1200,1200,1200,1200,1200,1300,1300,1400,1600,2400,2600,18131,0,1200,1143.854047538882,267.0395839959383,2596.3315830158535,0.0
1777047419,100,,Aggregated,87.300000,0.000000,1200,1200,1200,1200,1200,1300,1300,1400,1600,2400,2600,18223,0,1200,1143.825377463127,267.0395839959383,2596.3315830158535,0.0
1777047420,100,,Aggregated,86.300000,0.000000,1200,1200,1200,1200,1200,1300,1300,1400,1600,2400,2600,18306,0,1200,1143.8328196092282,267.0395839959383,2596.3315830158535,0.0
1777047421,100,,Aggregated,86.700000,0.000000,1200,1200,1200,1200,1200,1300,1300,1400,1600,2400,2600,18397,0,1200,1143.8588843096973,267.0395839959383,2596.3315830158535,0.0
1777047422,100,,Aggregated,86.800000,0.000000,1200,1200,1200,1200,1200,1300,1300,1400,1600,2400,2600,18485,0,1200,1143.6997985832595,267.0395839959383,2596.3315830158535,0.0
1777047423,100,,Aggregated,86.500000,0.000000,1200,1200,1200,1200,1200,1300,1300,1400,1600,2400,2600,18571,0,1200,1143.6865821900592,267.0395839959383,2596.3315830158535,0.0
1777047424,100,,Aggregated,87.100000,0.000000,1200,1200,1200,1200,1200,1300,1300,1400,1600,2400,2600,18658,0,1200,1143.7057304221485,267.0395839959383,2596.3315830158535,0.0
1777047425,100,,Aggregated,86.700000,0.000000,1200,1200,1200,1200,1200,1300,1300,1400,1600,2400,2600,18746,0,1200,1143.7435963254695,267.0395839959383,2596.3315830158535,0.0
1777047426,100,,Aggregated,86.800000,0.000000,1200,1200,1200,1200,1200,1300,1300,1400,1600,2400,2600,18834,0,1200,1143.7482533255381,267.0395839959383,2596.3315830158535,0.0
1777047427,100,,Aggregated,87.100000,0.000000,1200,1200,1200,1200,1200,1300,1300,1400,1600,2400,2600,18920,0,1200,1143.7895565081494,267.0395839959383,2596.3315830158535,0.0
1777047428,100,,Aggregated,87.400000,0.000000,1200,1200,1200,1200,1200,1300,1300,1400,1600,2400,2600,19007,0,1200,1143.7828696299935,267.0395839959383,2596.3315830158535,0.0
1777047429,100,,Aggregated,87.000000,0.000000,1200,1200,1200,1200,1200,1300,1300,1400,1600,2400,2600,19094,0,1200,1143.8370287838218,267.0395839959383,2596.3315830158535,0.0
1777047430,100,,Aggregated,87.500000,0.000000,1200,1200,1200,1200,1200,1300,1300,1400,1600,2400,2600,19182,0,1200,1143.8756630231137,267.0395839959383,2596.3315830158535,0.0
1777047431,100,,Aggregated,86.500000,0.000000,1200,1200,1200,1200,1200,1300,1300,1400,1600,2400,2600,19262,0,1200,1143.883698239185,267.0395839959383,2596.3315830158535,0.0
1777047432,100,,Aggregated,86.800000,0.000000,1200,1200,1200,1200,1200,1300,1300,1400,1600,2400,2600,19352,0,1200,1143.9341972397328,267.0395839959383,2596.3315830158535,0.0
1777047433,100,,Aggregated,87.000000,0.000000,1200,1200,1200,1200,1200,1300,1300,1400,1600,2400,2600,19442,0,1200,1144.3620376513913,267.0395839959383,2596.3315830158535,0.0
1777047434,100,,Aggregated,86.700000,0.000000,1200,1200,1200,1200,1200,1300,1300,1400,1600,2400,2600,19527,0,1200,1144.261744899026,267.0395839959383,2596.3315830158535,0.0
1777047435,100,,Aggregated,85.300000,0.000000,1200,1200,1200,1200,1200,1300,1300,1400,1600,2400,2600,19605,0,1200,1144.329546281679,267.0395839959383,2596.3315830158535,0.0
1777047436,100,,Aggregated,86.300000,0.000000,1200,1200,1200,1200,1200,1300,1300,1400,1600,2400,2600,19696,0,1200,1144.4008276775583,267.0395839959383,2596.3315830158535,0.0
1777047437,100,,Aggregated,86.600000,0.000000,1200,1200,1200,1200,1200,1300,1300,1400,1600,2400,2600,19786,0,1200,1144.4919576879706,267.0395839959383,2596.3315830158535,0.0
1777047438,100,,Aggregated,85.500000,0.000000,1200,1200,1200,1200,1200,1300,1300,1400,1600,2400,2600,19874,0,1200,1144.5968038655128,267.0395839959383,2596.3315830158535,0.0
1777047439,100,,Aggregated,85.800000,0.000000,1200,1200,1200,1200,1200,1300,1300,1400,1600,2400,2600,19962,0,1200,1144.3938449625387,267.0395839959383,2596.3315830158535,0.0
1777047440,100,,Aggregated,86.200000,0.000000,1200,1200,1200,1200,1200,1300,1300,1400,1600,2400,2600,20042,0,1200,1144.424372990527,267.0395839959383,2596.3315830158535,0.0
1777047441,100,,Aggregated,86.500000,0.000000,1200,1200,1200,1200,1200,1300,1300,1400,1600,2400,2600,20134,0,1200,1144.4492292153225,267.0395839959383,2596.3315830158535,0.0
1777047442,100,,Aggregated,86.100000,0.000000,1200,1200,1200,1200,1200,1300,1300,1400,1600,2400,2600,20216,0,1200,1144.5336361514314,267.0395839959383,2596.3315830158535,0.0
1777047443,100,,Aggregated,86.400000,0.000000,1200,1200,1200,1200,1200,1300,1300,1400,1600,2400,2600,20302,0,1200,1144.6234539814468,267.0395839959383,2596.3315830158535,0.0
1777047444,100,,Aggregated,86.300000,0.000000,1200,1200,1200,1200,1200,1300,1300,1400,1600,2400,2600,20392,0,1200,1144.6839545216467,267.0395839959383,2596.3315830158535,0.0
1777047445,100,,Aggregated,87.800000,0.000000,1200,1200,1200,1200,1200,1300,1300,1400,1600,2400,2600,20479,0,1200,1144.8375088633913,267.0395839959383,2596.3315830158535,0.0
1777047446,100,,Aggregated,86.600000,0.000000,1200,1200,1200,1200,1200,1300,1300,1400,1600,2400,2600,20567,0,1200,1144.8102474583202,267.0395839959383,2596.3315830158535,0.0
1777047447,100,,Aggregated,86.300000,0.000000,1200,1200,1200,1200,1200,1300,1300,1400,1600,2400,2600,20654,0,1200,1144.8540047659167,267.0395839959383,2596.3315830158535,0.0
1777047448,100,,Aggregated,87.300000,0.000000,1200,1200,1200,1200,1200,1300,1300,1400,1600,2400,2600,20739,0,1200,1144.9014567514494,267.0395839959383,2596.3315830158535,0.0
1777047449,100,,Aggregated,86.900000,0.000000,1200,1200,1200,1200,1200,1300,1300,1400,1600,2400,2600,20821,0,1200,1144.9981630839159,267.0395839959383,2596.3315830158535,0.0
1777047450,100,,Aggregated,86.300000,0.000000,1200,1200,1200,1200,1200,1300,1300,1400,1600,2400,2600,20902,0,1200,1145.2081578528541,267.0395839959383,2596.3315830158535,0.0
1777047451,100,,Aggregated,86.500000,0.000000,1200,1200,1200,1200,1200,1300,1300,1400,1600,2400,2600,20991,0,1200,1145.3089229564305,267.0395839959383,2596.3315830158535,0.0
1777047452,100,,Aggregated,85.800000,0.000000,1200,1200,1200,1200,1200,1300,1300,1400,1600,2400,2600,21077,0,1200,1145.5112086492622,267.0395839959383,2596.3315830158535,0.0
1777047453,100,,Aggregated,85.200000,0.000000,1200,1200,1200,1200,1200,1300,1300,1400,1600,2400,2600,21170,0,1200,1145.5226746435335,267.0395839959383,2596.3315830158535,0.0
1777047454,100,,Aggregated,85.300000,0.000000,1200,1200,1200,1200,1200,1300,1300,1400,1600,2400,2600,21249,0,1200,1145.5082081980574,267.0395839959383,2596.3315830158535,0.0
1777047455,100,,Aggregated,86.100000,0.000000,1200,1200,1200,1200,1200,1300,1300,1400,1600,2400,2600,21344,0,1200,1145.3668010311362,267.0395839959383,2596.3315830158535,0.0
1777047456,100,,Aggregated,85.000000,0.000000,1200,1200,1200,1200,1200,1300,1300,1400,1600,2400,2600,21433,0,1200,1145.3366971335574,267.0395839959383,2596.3315830158535,0.0
1777047457,100,,Aggregated,86.300000,0.000000,1200,1200,1200,1200,1200,1300,1300,1400,1600,2400,2600,21520,0,1200,1145.3865922823215,267.0395839959383,2596.3315830158535,0.0
1777047458,100,,Aggregated,86.200000,0.000000,1200,1200,1200,1200,1200,1300,1300,1400,1600,2400,2600,21609,0,1200,1145.349584231777,267.0395839959383,2596.3315830158535,0.0
1777047459,100,,Aggregated,86.200000,0.000000,1200,1200,1200,1200,1200,1300,1300,1400,1600,2400,2600,21694,0,1200,1145.4166544147056,267.0395839959383,2596.3315830158535,0.0
1777047460,100,,Aggregated,86.600000,0.000000,1200,1200,1200,1200,1200,1300,1300,1400,1600,2400,2600,21780,0,1200,1145.4793705273073,267.0395839959383,2596.3315830158535,0.0
1777047461,100,,Aggregated,86.200000,0.000000,1200,1200,1200,1200,1200,1300,1300,1400,1600,2400,2600,21868,0,1200,1145.4743167337572,267.0395839959383,2596.3315830158535,0.0
1777047462,100,,Aggregated,87.200000,0.000000,1200,1200,1200,1200,1200,1300,1300,1400,1600,2400,2600,21955,0,1200,1145.4590237760785,267.0395839959383,2596.3315830158535,0.0
1777047463,100,,Aggregated,86.800000,0.000000,1200,1200,1200,1200,1200,1300,1300,1400,1600,2400,2600,22042,0,1200,1145.4945474493684,267.0395839959383,2596.3315830158535,0.0
1777047464,100,,Aggregated,87.400000,0.000000,1200,1200,1200,1200,1200,1300,1300,1400,1600,2400,2600,22131,0,1200,1145.4703455617448,267.0395839959383,2596.3315830158535,0.0
1777047465,100,,Aggregated,86.800000,0.000000,1200,1200,1200,1200,1200,1300,1300,1400,1600,2400,2600,22221,0,1200,1145.3494624137563,267.0395839959383,2596.3315830158535,0.0
1777047466,100,,Aggregated,88.100000,0.000000,1200,1200,1200,1200,1200,1300,1300,1400,1600,2400,2600,22302,0,1200,1145.3956369402806,267.0395839959383,2596.3315830158535,0.0
1777047467,100,,Aggregated,87.200000,0.000000,1200,1200,1200,1200,1200,1300,1300,1400,1600,2400,2600,22393,0,1200,1145.438190878227,267.0395839959383,2596.3315830158535,0.0
1777047468,100,,Aggregated,86.400000,0.000000,1200,1200,1200,1200,1200,1300,1300,1400,1600,2400,2600,22482,0,1200,1145.6286006599587,267.0395839959383,2596.3315830158535,0.0
1777047469,100,,Aggregated,87.300000,0.000000,1200,1200,1200,1200,1200,1300,1300,1400,1600,2400,2600,22571,0,1200,1145.4588179022685,267.0395839959383,2596.3315830158535,0.0
1777047470,100,,Aggregated,86.200000,0.000000,1200,1200,1200,1200,1200,1300,1300,1400,1600,2400,2600,22655,0,1200,1145.4337631388753,267.0395839959383,2596.3315830158535,0.0
1777047471,100,,Aggregated,87.100000,0.000000,1200,1200,1200,1200,1200,1300,1300,1400,1600,2400,2600,22733,0,1200,1145.5590762507056,267.0395839959383,2596.3315830158535,0.0
1777047472,100,,Aggregated,87.300000,0.000000,1200,1200,1200,1200,1200,1300,1300,1400,1600,2400,2600,22829,0,1200,1145.5498910774147,267.0395839959383,2596.3315830158535,0.0
1777047473,100,,Aggregated,88.000000,0.000000,1200,1200,1200,1200,1200,1300,1300,1400,1600,2400,2600,22916,0,1200,1145.557518394629,267.0395839959383,2596.3315830158535,0.0
1777047474,100,,Aggregated,86.700000,0.000000,1200,1200,1200,1200,1200,1300,1300,1400,1600,2400,2600,23003,0,1200,1145.6244739574563,267.0395839959383,2596.3315830158535,0.0
1777047475,100,,Aggregated,86.900000,0.000000,1200,1200,1200,1200,1200,1300,1300,1400,1600,2400,2600,23087,0,1200,1145.648438377462,267.0395839959383,2596.3315830158535,0.0
1777047476,100,,Aggregated,87.000000,0.000000,1200,1200,1200,1200,1200,1300,1300,1400,1600,2400,2600,23176,0,1200,1145.6744407534832,267.0395839959383,2596.3315830158535,0.0
1777047477,100,,Aggregated,86.100000,0.000000,1200,1200,1200,1200,1200,1300,1300,1400,1600,2400,2600,23255,0,1200,1145.6858985158356,267.0395839959383,2596.3315830158535,0.0
1777047478,100,,Aggregated,87.400000,0.000000,1200,1200,1200,1200,1200,1300,1300,1400,1600,2400,2600,23346,0,1200,1145.72916810425,267.0395839959383,2596.3315830158535,0.0
1777047479,100,,Aggregated,86.600000,0.000000,1200,1200,1200,1200,1200,1300,1300,1400,1600,2400,2600,23436,0,1200,1145.7614495869132,267.0395839959383,2596.3315830158535,0.0
1777047480,100,,Aggregated,87.500000,0.000000,1200,1200,1200,1200,1200,1300,1300,1400,1600,2400,2600,23522,0,1200,1145.887638236711,267.0395839959383,2596.3315830158535,0.0
1777047481,100,,Aggregated,87.000000,0.000000,1200,1200,1200,1200,1200,1300,1300,1400,1600,2400,2600,23609,0,1200,1145.8500083998413,267.0395839959383,2596.3315830158535,0.0
1777047482,100,,Aggregated,86.300000,0.000000,1200,1200,1200,1200,1200,1300,1300,1400,1600,2400,2600,23691,0,1200,1145.8766436490935,267.0395839959383,2596.3315830158535,0.0
1777047483,100,,Aggregated,86.400000,0.000000,1200,1200,1200,1200,1200,1300,1300,1400,1600,2400,2600,23781,0,1200,1146.1369373511,267.0395839959383,2596.3315830158535,0.0
1777047484,100,,Aggregated,87.100000,0.000000,1200,1200,1200,1200,1200,1300,1300,1400,1600,2400,2600,23870,0,1200,1146.2020707085271,267.0395839959383,2596.3315830158535,0.0
1777047485,100,,Aggregated,85.500000,0.000000,1200,1200,1200,1200,1200,1300,1300,1400,1600,2400,2600,23945,0,1200,1146.1317950815824,267.0395839959383,2596.3315830158535,0.0
1777047486,100,,Aggregated,86.300000,0.000000,1200,1200,1200,1200,1200,1300,1300,1400,1600,2400,2600,24037,0,1200,1146.1725674264078,267.0395839959383,2596.3315830158535,0.0
1777047487,100,,Aggregated,86.900000,0.000000,1200,1200,1200,1200,1200,1300,1300,1400,1600,2400,2600,24128,0,1200,1146.2651728221774,267.0395839959383,2596.3315830158535,0.0
1777047488,100,,Aggregated,86.500000,0.000000,1200,1200,1200,1200,1200,1300,1300,1400,1600,2400,2600,24209,0,1200,1146.1756815261906,267.0395839959383,2596.3315830158535,0.0
1777047489,100,,Aggregated,84.400000,0.000000,1200,1200,1200,1200,1200,1300,1300,1400,1600,2400,2600,24300,0,1200,1146.1119434526524,267.0395839959383,2596.3315830158535,0.0
1777047490,100,,Aggregated,85.900000,0.000000,1200,1200,1200,1200,1200,1300,1300,1400,1600,2400,2600,24392,0,1200,1146.0243036971328,267.0395839959383,2596.3315830158535,0.0
1777047491,100,,Aggregated,86.500000,0.000000,1200,1200,1200,1200,1200,1300,1300,1400,1600,2400,2600,24482,0,1200,1146.0070677108765,267.0395839959383,2596.3315830158535,0.0
1777047492,100,,Aggregated,86.900000,0.000000,1200,1200,1200,1200,1200,1300,1300,1400,1600,2400,2600,24570,0,1200,1146.0131364700344,267.0395839959383,2596.3315830158535,0.0
1777047493,100,,Aggregated,86.900000,0.000000,1200,1200,1200,1200,1200,1300,1300,1400,1600,2400,2600,24655,0,1200,1146.077143033497,267.0395839959383,2596.3315830158535,0.0
1777047494,100,,Aggregated,87.000000,0.000000,1200,1200,1200,1200,1200,1300,1300,1400,1600,2400,2600,24742,0,1200,1146.0833816008687,267.0395839959383,2596.3315830158535,0.0
1777047495,100,,Aggregated,87.800000,0.000000,1200,1200,1200,1200,1200,1300,1300,1400,1600,2400,2600,24830,0,1200,1146.0926164646673,267.0395839959383,2596.3315830158535,0.0
1777047496,100,,Aggregated,86.600000,0.000000,1200,1200,1200,1200,1200,1300,1300,1400,1600,2400,2600,24916,0,1200,1146.1243190597154,267.0395839959383,2596.3315830158535,0.0
1777047497,100,,Aggregated,87.000000,0.000000,1200,1200,1200,1200,1200,1300,1300,1400,1600,2400,2600,24994,0,1200,1146.177101711997,267.0395839959383,2596.3315830158535,0.0
1777047498,100,,Aggregated,86.900000,0.000000,1200,1200,1200,1200,1200,1300,1300,1400,1600,2400,2600,25088,0,1200,1146.3129218295082,267.0395839959383,2596.3315830158535,0.0
1777047499,100,,Aggregated,89.000000,0.000000,1200,1200,1200,1200,1200,1300,1300,1400,1600,2400,2600,25170,0,1200,1146.294547082299,267.0395839959383,2596.3315830158535,0.0
1777047500,100,,Aggregated,87.500000,0.000000,1200,1200,1200,1200,1200,1300,1300,1400,1600,2400,2600,25262,0,1200,1146.5143835263052,267.0395839959383,2596.3315830158535,0.0
1777047501,100,,Aggregated,86.900000,0.000000,1200,1200,1200,1200,1200,1300,1300,1400,1600,2400,2600,25341,0,1200,1146.5455357315238,267.0395839959383,2596.3315830158535,0.0
1777047502,100,,Aggregated,85.800000,0.000000,1200,1200,1200,1200,1200,1300,1300,1400,1600,2400,2600,25426,0,1200,1146.5929827414986,267.0395839959383,2596.3315830158535,0.0
1777047503,100,,Aggregated,85.400000,0.000000,1200,1200,1200,1200,1200,1300,1300,1400,1600,2400,2600,25521,0,1200,1146.6778273390262,267.0395839959383,2596.3315830158535,0.0
1777047504,100,,Aggregated,85.500000,0.000000,1200,1200,1200,1200,1200,1300,1300,1400,1600,2400,2600,25593,0,1200,1146.6598545981471,267.0395839959383,2596.3315830158535,0.0
1777047505,100,,Aggregated,86.200000,0.000000,1200,1200,1200,1200,1200,1300,1300,1400,1600,2400,2600,25696,0,1200,1146.619377063295,267.0395839959383,2596.3315830158535,0.0
1777047506,100,,Aggregated,86.000000,0.000000,1200,1200,1200,1200,1200,1300,1300,1400,1600,2400,2600,25782,0,1200,1146.540512360619,267.0395839959383,2596.3315830158535,0.0
1777047507,100,,Aggregated,85.900000,0.000000,1200,1200,1200,1200,1200,1300,1300,1400,1600,2400,2600,25868,0,1200,1146.6029354805391,267.0395839959383,2596.3315830158535,0.0
1777047508,100,,Aggregated,86.300000,0.000000,1200,1200,1200,1200,1200,1300,1300,1400,1600,2400,2600,25955,0,1200,1146.646851740343,267.0395839959383,2596.3315830158535,0.0
1777047509,100,,Aggregated,86.100000,0.000000,1200,1200,1200,1200,1200,1300,1300,1400,1600,2400,2600,26040,0,1200,1146.7252664716482,267.0395839959383,2596.3315830158535,0.0
1777047510,100,,Aggregated,86.300000,0.000000,1200,1200,1200,1200,1200,1300,1300,1400,1600,2400,2600,26124,0,1200,1146.72917925569,267.0395839959383,2596.3315830158535,0.0
1777047511,100,,Aggregated,86.200000,0.000000,1200,1200,1200,1200,1200,1300,1300,1400,1600,2400,2600,26212,0,1200,1146.7637828062539,267.0395839959383,2596.3315830158535,0.0
1777047512,100,,Aggregated,87.000000,0.000000,1200,1200,1200,1200,1200,1300,1300,1400,1600,2400,2600,26292,0,1200,1146.8440196576742,267.0395839959383,2596.3315830158535,0.0
1777047513,100,,Aggregated,87.100000,0.000000,1200,1200,1200,1200,1200,1300,1300,1400,1600,2400,2600,26382,0,1200,1146.9056666465633,267.0395839959383,2596.3315830158535,0.0
1777047514,100,,Aggregated,86.700000,0.000000,1200,1200,1200,1200,1200,1300,1300,1400,1600,2400,2600,26471,0,1200,1146.95023131644,267.0395839959383,2596.3315830158535,0.0
1777047515,100,,Aggregated,86.200000,0.000000,1200,1200,1200,1200,1200,1300,1300,1400,1600,2400,2600,26556,0,1200,1147.0333959358534,267.0395839959383,2596.3315830158535,0.0
1777047516,100,,Aggregated,86.900000,0.000000,1200,1200,1200,1200,1200,1300,1300,1400,1600,2400,2600,26641,0,1200,1147.2028161422872,267.0395839959383,2596.3315830158535,0.0
1777047517,100,,Aggregated,85.600000,0.000000,1200,1200,1200,1200,1200,1300,1300,1400,1600,2400,2600,26715,0,1200,1147.3794819266939,267.0395839959383,2596.3315830158535,0.0
1777047518,100,,Aggregated,85.400000,0.000000,1200,1200,1200,1200,1200,1300,1300,1400,1600,2400,2600,26814,0,1200,1147.4446023797543,267.0395839959383,2596.3315830158535,0.0
1777047519,100,,Aggregated,85.700000,0.000000,1200,1200,1200,1200,1200,1300,1300,1400,1600,2400,2600,26901,0,1200,1147.410124436176,267.0395839959383,2596.3315830158535,0.0
1777047520,100,,Aggregated,84.700000,0.000000,1200,1200,1200,1200,1200,1300,1300,1400,1600,2400,2600,26978,0,1200,1147.4281895558377,267.0395839959383,2596.3315830158535,0.0
1777047521,100,,Aggregated,84.800000,0.000000,1200,1200,1200,1200,1200,1300,1300,1400,1600,2400,2600,27068,0,1200,1147.5389957499362,267.0395839959383,2596.3315830158535,0.0
1777047522,100,,Aggregated,85.200000,0.000000,1200,1200,1200,1200,1200,1300,1300,1400,1600,2400,2600,27161,0,1200,1147.4302746708647,267.0395839959383,2596.3315830158535,0.0
1777047523,100,,Aggregated,85.800000,0.000000,1200,1200,1200,1200,1200,1300,1300,1400,1600,2400,2600,27246,0,1200,1147.4313418512234,267.0395839959383,2596.3315830158535,0.0
1777047524,100,,Aggregated,85.900000,0.000000,1200,1200,1200,1200,1200,1300,1300,1400,1600,2400,2600,27329,0,1200,1147.4639286499396,267.0395839959383,2596.3315830158535,0.0
1777047525,100,,Aggregated,86.100000,0.000000,1200,1200,1200,1200,1200,1300,1300,1400,1600,2400,2600,27419,0,1200,1147.4915729918732,267.0395839959383,2596.3315830158535,0.0
1777047526,100,,Aggregated,85.700000,0.000000,1200,1200,1200,1200,1200,1300,1300,1400,1600,2400,2600,27505,0,1200,1147.6026708171698,267.0395839959383,2596.3315830158535,0.0
1777047527,100,,Aggregated,86.600000,0.000000,1200,1200,1200,1200,1200,1300,1300,1400,1600,2400,2600,27592,0,1200,1147.6963894029504,267.0395839959383,2596.3315830158535,0.0
1777047528,100,,Aggregated,85.700000,0.000000,1200,1200,1200,1200,1200,1300,1300,1400,1600,2400,2600,27677,0,1200,1147.6977863775269,267.0395839959383,2596.3315830158535,0.0
1777047529,100,,Aggregated,86.000000,0.000000,1200,1200,1200,1200,1200,1300,1300,1400,1600,2400,2600,27767,0,1200,1147.7066847782296,267.0395839959383,2596.3315830158535,0.0
1777047530,100,,Aggregated,86.900000,0.000000,1200,1200,1200,1200,1200,1300,1300,1400,1600,2400,2600,27851,0,1200,1147.695428060216,267.0395839959383,2596.3315830158535,0.0
1777047531,100,,Aggregated,86.900000,0.000000,1200,1200,1200,1200,1200,1300,1300,1400,1600,2400,2600,27938,0,1200,1147.8371705573509,267.0395839959383,2596.3315830158535,0.0
1777047532,100,,Aggregated,86.700000,0.000000,1200,1200,1200,1200,1200,1300,1300,1400,1600,2400,2600,28024,0,1200,1147.8321864303177,267.0395839959383,2596.3315830158535,0.0
1777047533,100,,Aggregated,86.100000,0.000000,1200,1200,1200,1200,1200,1300,1300,1400,1600,2400,2600,28107,0,1200,1147.9273446169714,267.0395839959383,2596.3315830158535,0.0
1777047534,100,,Aggregated,86.100000,0.000000,1200,1200,1200,1200,1200,1300,1300,1400,1600,2400,2600,28193,0,1200,1147.948502770593,267.0395839959383,2596.3315830158535,0.0
1777047535,100,,Aggregated,85.100000,0.000000,1200,1200,1200,1200,1200,1300,1300,1400,1600,2400,2600,28288,0,1200,1148.0254213899661,267.0395839959383,2596.3315830158535,0.0
1777047536,100,,Aggregated,85.800000,0.000000,1200,1200,1200,1200,1200,1300,1300,1400,1600,2400,2600,28371,0,1200,1147.954967769138,267.0395839959383,2596.3315830158535,0.0
1777047537,100,,Aggregated,86.100000,0.000000,1200,1200,1200,1200,1200,1300,1300,1400,1600,2400,2600,28461,0,1200,1147.9429659561556,267.0395839959383,2596.3315830158535,0.0
1777047538,100,,Aggregated,87.000000,0.000000,1200,1200,1200,1200,1200,1300,1300,1400,1600,2400,2600,28548,0,1200,1147.920380331766,267.0395839959383,2596.3315830158535,0.0
1777047539,100,,Aggregated,86.200000,0.000000,1200,1200,1200,1200,1200,1300,1300,1400,1600,2400,2600,28636,0,1200,1147.848117168952,267.0395839959383,2596.3315830158535,0.0
1777047540,100,,Aggregated,86.600000,0.000000,1200,1200,1200,1200,1200,1300,1300,1400,1600,2400,2600,28723,0,1200,1147.8755262522368,267.0395839959383,2596.3315830158535,0.0
1777047541,100,,Aggregated,86.700000,0.000000,1200,1200,1200,1200,1200,1300,1300,1400,1600,2400,2600,28810,0,1200,1147.8717705107995,267.0395839959383,2596.3315830158535,0.0
1777047542,100,,Aggregated,86.500000,0.000000,1200,1200,1200,1200,1200,1300,1300,1400,1600,2400,2600,28897,0,1200,1147.8538858054485,267.0395839959383,2596.3315830158535,0.0
1777047543,100,,Aggregated,86.700000,0.000000,1200,1200,1200,1200,1200,1300,1300,1400,1600,2400,2600,28984,0,1200,1147.866980079318,267.0395839959383,2596.3315830158535,0.0
1777047544,100,,Aggregated,86.900000,0.000000,1200,1200,1200,1200,1200,1300,1300,1400,1600,2400,2600,29070,0,1200,1147.9106823656039,267.0395839959383,2596.3315830158535,0.0
1777047545,100,,Aggregated,87.900000,0.000000,1200,1200,1200,1200,1200,1300,1300,1400,1600,2400,2600,29157,0,1200,1147.9164962000223,267.0395839959383,2596.3315830158535,0.0
1777047546,100,,Aggregated,87.300000,0.000000,1200,1200,1200,1200,1200,1300,1300,1400,1600,2400,2600,29243,0,1200,1147.9451022848932,267.0395839959383,2596.3315830158535,0.0
1777047547,100,,Aggregated,87.000000,0.000000,1200,1200,1200,1200,1200,1300,1300,1400,1600,2400,2600,29326,0,1200,1147.9345626744862,267.0395839959383,2596.3315830158535,0.0
1777047548,100,,Aggregated,86.900000,0.000000,1200,1200,1200,1200,1200,1300,1300,1400,1600,2400,2600,29417,0,1200,1147.8857367404223,267.0395839959383,2596.3315830158535,0.0
1777047549,100,,Aggregated,86.500000,0.000000,1200,1200,1200,1200,1200,1300,1300,1400,1600,2400,2600,29507,0,1200,1147.912427594195,267.0395839959383,2596.3315830158535,0.0
1777047550,100,,Aggregated,86.700000,0.000000,1200,1200,1200,1200,1200,1300,1300,1400,1600,2400,2600,29593,0,1200,1148.0395717643685,267.0395839959383,2596.3315830158535,0.0
1777047551,100,,Aggregated,86.800000,0.000000,1200,1200,1200,1200,1200,1300,1300,1400,1600,2400,2600,29666,0,1200,1148.0624866855308,267.0395839959383,2596.3315830158535,0.0
1777047552,100,,Aggregated,86.500000,0.000000,1200,1200,1200,1200,1200,1300,1300,1300,1600,2400,2600,29753,0,1200,1148.115288138065,267.0395839959383,2596.3315830158535,0.0
1777047553,100,,Aggregated,86.900000,0.000000,1200,1200,1200,1200,1200,1300,1300,1400,1600,2400,2600,29840,0,1200,1148.1817103487197,267.0395839959383,2596.3315830158535,0.0
1777047554,100,,Aggregated,86.700000,0.000000,1200,1200,1200,1200,1200,1300,1300,1400,1600,2400,2600,29940,0,1200,1148.2046345404056,267.0395839959383,2596.3315830158535,0.0
1777047555,100,,Aggregated,86.800000,0.000000,1200,1200,1200,1200,1200,1300,1300,1400,1600,2400,2600,30028,0,1200,1148.1010387103588,267.0395839959383,2596.3315830158535,0.0
1777047556,100,,Aggregated,85.600000,0.000000,1200,1200,1200,1200,1200,1300,1300,1400,1600,2400,2600,30115,0,1200,1147.9990314344298,267.0395839959383,2596.3315830158535,0.0
1777047557,100,,Aggregated,86.100000,0.000000,1200,1200,1200,1200,1200,1300,1300,1400,1600,2400,2600,30203,0,1200,1148.078071512826,267.0395839959383,2596.3315830158535,0.0
1777047558,100,,Aggregated,86.900000,0.000000,1200,1200,1200,1200,1200,1300,1300,1400,1600,2400,2600,30290,0,1200,1148.008019802596,267.0395839959383,2596.3315830158535,0.0
1777047559,100,,Aggregated,87.400000,0.000000,1200,1200,1200,1200,1200,1300,1300,1400,1600,2400,2600,30373,0,1200,1147.9931634123552,267.0395839959383,2596.3315830158535,0.0
1777047560,100,,Aggregated,86.400000,0.000000,1200,1200,1200,1200,1200,1300,1300,1400,1600,2400,2600,30463,0,1200,1147.9878668203564,267.0395839959383,2596.3315830158535,0.0
1777047561,100,,Aggregated,86.600000,0.000000,1200,1200,1200,1200,1200,1300,1300,1400,1600,2400,2600,30552,0,1200,1148.0176787919763,267.0395839959383,2596.3315830158535,0.0
1777047562,100,,Aggregated,87.400000,0.000000,1200,1200,1200,1200,1200,1300,1300,1400,1600,2400,2600,30637,0,1200,1147.9935136109436,267.0395839959383,2596.3315830158535,0.0
1777047563,100,,Aggregated,86.700000,0.000000,1200,1200,1200,1200,1200,1300,1300,1400,1600,2400,2600,30728,0,1200,1148.0616640076298,267.0395839959383,2596.3315830158535,0.0
1777047564,100,,Aggregated,87.100000,0.000000,1200,1200,1200,1200,1200,1300,1300,1400,1600,2400,2600,30815,0,1200,1147.9919571922956,267.0395839959383,2596.3315830158535,0.0
1777047565,100,,Aggregated,87.000000,0.000000,1200,1200,1200,1200,1200,1300,1300,1400,1600,2400,2600,30902,0,1200,1147.9692333603177,267.0395839959383,2596.3315830158535,0.0
1777047566,100,,Aggregated,88.200000,0.000000,1200,1200,1200,1200,1200,1300,1300,1400,1600,2400,2600,30988,0,1200,1147.982019015832,267.0395839959383,2596.3315830158535,0.0
1777047567,100,,Aggregated,87.800000,0.000000,1200,1200,1200,1200,1200,1300,1300,1400,1600,2400,2600,31070,0,1200,1148.1808837921662,267.0395839959383,2596.3315830158535,0.0
1777047568,100,,Aggregated,87.000000,0.000000,1200,1200,1200,1200,1200,1300,1300,1300,1600,2400,2600,31161,0,1200,1148.0042776789498,267.0395839959383,2596.3315830158535,0.0
1777047569,100,,Aggregated,86.800000,0.000000,1200,1200,1200,1200,1200,1300,1300,1400,1600,2400,2600,31254,0,1200,1148.0163055676624,267.0395839959383,2596.3315830158535,0.0
1777047570,100,,Aggregated,87.700000,0.000000,1200,1200,1200,1200,1200,1300,1300,1400,1600,2400,2600,31334,0,1200,1147.9808893388897,267.0395839959383,2596.3315830158535,0.0
1777047571,100,,Aggregated,87.100000,0.000000,1200,1200,1200,1200,1200,1300,1300,1400,1600,2400,2600,31424,0,1200,1147.9989315357022,267.0395839959383,2596.3315830158535,0.0
1777047572,100,,Aggregated,87.100000,0.000000,1200,1200,1200,1200,1200,1300,1300,1400,1600,2400,2600,31515,0,1200,1147.9280052588554,267.0395839959383,2596.3315830158535,0.0
1777047573,100,,Aggregated,87.500000,0.000000,1200,1200,1200,1200,1200,1300,1300,1400,1600,2400,2600,31602,0,1200,1147.8917005219496,267.0395839959383,2596.3315830158535,0.0
1777047574,100,,Aggregated,87.200000,0.000000,1200,1200,1200,1200,1200,1300,1300,1400,1600,2400,2600,31689,0,1200,1147.904708089415,267.0395839959383,2596.3315830158535,0.0
1777047575,100,,Aggregated,87.300000,0.000000,1200,1200,1200,1200,1200,1300,1300,1400,1600,2400,2600,31776,0,1200,1147.91993198274,267.0395839959383,2596.3315830158535,0.0
1777047576,100,,Aggregated,87.300000,0.000000,1200,1200,1200,1200,1200,1300,1300,1400,1600,2400,2600,31865,0,1200,1147.9413535205654,267.0395839959383,2596.3315830158535,0.0
1777047577,100,,Aggregated,87.300000,0.000000,1200,1200,1200,1200,1200,1300,1300,1400,1600,2400,2600,31952,0,1200,1147.9326140908797,267.0395839959383,2596.3315830158535,0.0
1777047578,100,,Aggregated,87.300000,0.000000,1200,1200,1200,1200,1200,1300,1300,1400,1600,2400,2600,32039,0,1200,1147.8936445847148,267.0395839959383,2596.3315830158535,0.0
1777047579,100,,Aggregated,87.300000,0.000000,1200,1200,1200,1200,1200,1300,1300,1400,1600,2400,2600,32125,0,1200,1147.9251113235084,267.0395839959383,2596.3315830158535,0.0
1777047580,100,,Aggregated,87.100000,0.000000,1200,1200,1200,1200,1200,1300,1300,1400,1600,2400,2600,32209,0,1200,1147.9287604465717,267.0395839959383,2596.3315830158535,0.0
1777047581,100,,Aggregated,87.600000,0.000000,1200,1200,1200,1200,1200,1300,1300,1400,1600,2400,2600,32300,0,1200,1147.907912110733,267.0395839959383,2596.3315830158535,0.0
1777047582,100,,Aggregated,86.700000,0.000000,1200,1200,1200,1200,1200,1300,1300,1400,1600,2400,2600,32384,0,1200,1147.8602893007758,267.0395839959383,2596.3315830158535,0.0
1777047583,100,,Aggregated,86.600000,0.000000,1200,1200,1200,1200,1200,1300,1300,1400,1600,2400,2600,32476,0,1200,1147.9661605881076,267.0395839959383,2596.3315830158535,0.0
1777047584,100,,Aggregated,87.300000,0.000000,1200,1200,1200,1200,1200,1300,1300,1400,1600,2400,2600,32564,0,1200,1147.9690647726134,267.0395839959383,2596.3315830158535,0.0
1777047585,100,,Aggregated,87.100000,0.000000,1200,1200,1200,1200,1200,1300,1300,1400,1600,2400,2600,32649,0,1200,1147.9916959226373,267.0395839959383,2596.3315830158535,0.0
1777047586,100,,Aggregated,86.100000,0.000000,1200,1200,1200,1200,1200,1300,1300,1400,1600,2400,2600,32735,0,1200,1148.045178326199,267.0395839959383,2596.3315830158535,0.0
1777047587,100,,Aggregated,86.800000,0.000000,1200,1200,1200,1200,1200,1300,1300,1400,1600,2400,2600,32816,0,1200,1148.1102777547253,267.0395839959383,2596.3315830158535,0.0
1777047588,100,,Aggregated,86.900000,0.000000,1200,1200,1200,1200,1200,1300,1300,1400,1600,2400,2600,32907,0,1200,1148.1968045036012,267.0395839959383,2596.3315830158535,0.0
1777047589,100,,Aggregated,86.300000,0.000000,1200,1200,1200,1200,1200,1300,1300,1400,1600,2400,2600,32994,0,1200,1148.1380784476894,267.0395839959383,2596.3315830158535,0.0
1777047590,100,,Aggregated,86.300000,0.000000,1200,1200,1200,1200,1200,1300,1300,1400,1600,2400,2600,33079,0,1200,1148.196078360686,267.0395839959383,2596.3315830158535,0.0
1777047591,100,,Aggregated,86.500000,0.000000,1200,1200,1200,1200,1200,1300,1300,1300,1600,2400,2600,33159,0,1200,1148.2602396976129,267.0395839959383,2596.3315830158535,0.0
1777047592,100,,Aggregated,86.800000,0.000000,1200,1200,1200,1200,1200,1300,1300,1300,1600,2400,2600,33251,0,1200,1148.2248141311873,267.0395839959383,2596.3315830158535,0.0
1777047593,100,,Aggregated,86.100000,0.000000,1200,1200,1200,1200,1200,1300,1300,1300,1600,2400,2600,33338,0,1200,1148.2850897089515,267.0395839959383,2596.3315830158535,0.0
1777047594,100,,Aggregated,86.000000,0.000000,1200,1200,1200,1200,1200,1300,1300,1300,1600,2400,2600,33421,0,1200,1148.3209698968592,267.0395839959383,2596.3315830158535,0.0
1777047595,100,,Aggregated,86.000000,0.000000,1200,1200,1200,1200,1200,1300,1300,1300,1600,2400,2600,33511,0,1200,1148.3717566857094,267.0395839959383,2596.3315830158535,0.0
1777047596,100,,Aggregated,86.800000,0.000000,1200,1200,1200,1200,1200,1300,1300,1300,1600,2400,2600,33593,0,1200,1148.3603663798708,267.0395839959383,2596.3315830158535,0.0
1777047597,100,,Aggregated,86.000000,0.000000,1200,1200,1200,1200,1200,1300,1300,1300,1600,2400,2600,33682,0,1200,1148.4561333984307,267.0395839959383,2596.3315830158535,0.0
1777047598,100,,Aggregated,85.900000,0.000000,1200,1200,1200,1200,1200,1300,1300,1300,1600,2400,2600,33772,0,1200,1148.4398269522965,267.0395839959383,2596.3315830158535,0.0
1777047599,100,,Aggregated,86.800000,0.000000,1200,1200,1200,1200,1200,1300,1300,1300,1600,2400,2600,33858,0,1200,1148.4519923787252,267.0395839959383,2596.3315830158535,0.0
1777047600,100,,Aggregated,86.400000,0.000000,1200,1200,1200,1200,1200,1300,1300,1300,1600,2400,2600,33942,0,1200,1148.5774564772316,267.0395839959383,2596.3315830158535,0.0
1777047601,100,,Aggregated,85.900000,0.000000,1200,1200,1200,1200,1200,1300,1300,1300,1600,2400,2600,34014,0,1200,1148.657639609143,267.0395839959383,2596.3315830158535,0.0
1777047602,100,,Aggregated,85.900000,0.000000,1200,1200,1200,1200,1200,1300,1300,1300,1600,2400,2600,34109,0,1200,1148.6473674799124,267.0395839959383,2596.3315830158535,0.0
1777047603,100,,Aggregated,85.700000,0.000000,1200,1200,1200,1200,1200,1300,1300,1300,1600,2400,2600,34199,0,1200,1148.6934947098018,267.0395839959383,2596.3315830158535,0.0
1777047604,100,,Aggregated,85.600000,0.000000,1200,1200,1200,1200,1200,1300,1300,1300,1600,2400,2600,34290,0,1200,1148.741339071032,267.0395839959383,2596.3315830158535,0.0
1777047605,100,,Aggregated,86.000000,0.000000,1200,1200,1200,1200,1200,1300,1300,1300,1600,2400,2600,34369,0,1200,1148.7198806748706,267.0395839959383,2596.3315830158535,0.0
1777047606,100,,Aggregated,86.000000,0.000000,1200,1200,1200,1200,1200,1300,1300,1300,1600,2400,2600,34457,0,1200,1148.6889839907547,267.0395839959383,2596.3315830158535,0.0
1777047607,100,,Aggregated,85.200000,0.000000,1200,1200,1200,1200,1200,1300,1300,1300,1600,2400,2600,34548,0,1200,1148.7355380569188,267.0395839959383,2596.3315830158535,0.0
1777047608,100,,Aggregated,85.900000,0.000000,1200,1200,1200,1200,1200,1300,1300,1300,1600,2400,2600,34633,0,1200,1148.7723598915331,267.0395839959383,2596.3315830158535,0.0
1777047609,100,,Aggregated,86.100000,0.000000,1200,1200,1200,1200,1200,1300,1300,1300,1600,2400,2600,34721,0,1200,1148.832527365729,267.0395839959383,2596.3315830158535,0.0
1777047610,100,,Aggregated,86.000000,0.000000,1200,1200,1200,1200,1200,1300,1300,1300,1600,2400,2600,34808,0,1200,1148.8112216205325,267.0395839959383,2596.3315830158535,0.0
1777047611,100,,Aggregated,86.000000,0.000000,1200,1200,1200,1200,1200,1300,1300,1300,1600,2400,2600,34893,0,1200,1148.8445358680067,267.0395839959383,2596.3315830158535,0.0
1777047612,100,,Aggregated,86.100000,0.000000,1200,1200,1200,1200,1200,1300,1300,1300,1600,2400,2600,34979,0,1200,1148.8726695338435,267.0395839959383,2596.3315830158535,0.0
1777047613,100,,Aggregated,86.900000,0.000000,1200,1200,1200,1200,1200,1300,1300,1300,1600,2400,2600,35067,0,1200,1148.8940827531392,267.0395839959383,2596.3315830158535,0.0
1777047614,100,,Aggregated,85.600000,0.000000,1200,1200,1200,1200,1200,1300,1300,1300,1600,2400,2600,35156,0,1200,1148.884845298533,267.0395839959383,2596.3315830158535,0.0
1777047615,100,,Aggregated,85.800000,0.000000,1200,1200,1200,1200,1200,1300,1300,1300,1600,2400,2600,35242,0,1200,1148.8595480989845,267.0395839959383,2596.3315830158535,0.0
1777047616,100,,Aggregated,86.200000,0.000000,1200,1200,1200,1200,1200,1300,1300,1300,1600,2400,2600,35329,0,1200,1148.8722243888449,267.0395839959383,2596.3315830158535,0.0
1777047617,100,,Aggregated,87.200000,0.000000,1200,1200,1200,1200,1200,1300,1300,1300,1600,2400,2600,35413,0,1200,1148.9377520912524,267.0395839959383,2596.3315830158535,0.0
1777047618,100,,Aggregated,86.500000,0.000000,1200,1200,1200,1200,1200,1300,1300,1300,1600,2400,2600,35503,0,1200,1148.9759814057222,267.0395839959383,2596.3315830158535,0.0
1777047619,100,,Aggregated,85.600000,0.000000,1200,1200,1200,1200,1200,1300,1300,1300,1600,2400,2600,35593,0,1200,1148.8829594879116,267.0395839959383,2596.3315830158535,0.0
1777047620,100,,Aggregated,86.100000,0.000000,1200,1200,1200,1200,1200,1300,1300,1300,1600,2400,2600,35671,0,1200,1148.8624355630702,267.0395839959383,2596.3315830158535,0.0
1777047621,100,,Aggregated,85.800000,0.000000,1200,1200,1200,1200,1200,1300,1300,1300,1600,2400,2600,35757,0,1200,1148.9569402684833,267.0395839959383,2596.3315830158535,0.0
1777047622,100,,Aggregated,86.500000,0.000000,1200,1200,1200,1200,1200,1300,1300,1300,1600,2400,2600,35859,0,1200,1148.796747548593,267.0395839959383,2596.3315830158535,0.0
1777047623,100,,Aggregated,86.200000,0.000000,1200,1200,1200,1200,1200,1300,1300,1300,1600,2400,2600,35946,0,1200,1148.6760914547378,267.0395839959383,2596.3315830158535,0.0
1777047624,100,,Aggregated,88.300000,0.000000,1200,1200,1200,1200,1200,1200,1300,1300,1600,2400,2600,36033,0,1200,1148.6775222555184,267.0395839959383,2596.3315830158535,0.0
1777047625,100,,Aggregated,87.400000,0.000000,1200,1200,1200,1200,1200,1200,1300,1300,1600,2400,2600,36120,0,1200,1148.6766755252304,267.0395839959383,2596.3315830158535,0.0
1777047626,100,,Aggregated,87.500000,0.000000,1200,1200,1200,1200,1200,1200,1300,1300,1600,2400,2600,36201,0,1200,1148.7427899694076,267.0395839959383,2596.3315830158535,0.0
1777047627,100,,Aggregated,87.700000,0.000000,1200,1200,1200,1200,1200,1200,1300,1300,1600,2400,2600,36292,0,1200,1148.7691678518272,267.0395839959383,2596.3315830158535,0.0
1777047628,100,,Aggregated,87.500000,0.000000,1200,1200,1200,1200,1200,1200,1300,1300,1600,2400,2600,36372,0,1200,1148.7335326284667,267.0395839959383,2596.3315830158535,0.0
1777047629,100,,Aggregated,88.300000,0.000000,1200,1200,1200,1200,1200,1200,1300,1300,1600,2400,2600,36463,0,1200,1148.7586286525138,267.0395839959383,2596.3315830158535,0.0
1777047630,100,,Aggregated,87.900000,0.000000,1200,1200,1200,1200,1200,1200,1300,1300,1600,2400,2600,36554,0,1200,1148.759113420539,267.0395839959383,2596.3315830158535,0.0
1777047631,100,,Aggregated,88.000000,0.000000,1200,1200,1200,1200,1200,1200,1300,1300,1600,2400,2600,36642,0,1200,1148.763598125522,267.0395839959383,2596.3315830158535,0.0
1777047632,100,,Aggregated,87.500000,0.000000,1200,1200,1200,1200,1200,1200,1300,1300,1600,2400,2600,36727,0,1200,1148.7509471941466,267.0395839959383,2596.3315830158535,0.0
1777047633,100,,Aggregated,88.000000,0.000000,1200,1200,1200,1200,1200,1200,1300,1300,1600,2400,2600,36802,0,1200,1148.8020665670438,267.0395839959383,2596.3315830158535,0.0
1777047634,100,,Aggregated,86.700000,0.000000,1200,1200,1200,1200,1200,1200,1300,1300,1600,2400,2600,36901,0,1200,1148.9479256966847,267.0395839959383,2596.3315830158535,0.0
1777047635,100,,Aggregated,87.100000,0.000000,1200,1200,1200,1200,1200,1200,1300,1300,1600,2400,2600,36990,0,1200,1148.8572624112285,267.0395839959383,2596.3315830158535,0.0
1777047636,100,,Aggregated,86.300000,0.000000,1200,1200,1200,1200,1200,1200,1300,1300,1600,2400,2600,37066,0,1200,1148.9192574440538,267.0395839959383,2596.3315830158535,0.0
1777047637,100,,Aggregated,86.400000,0.000000,1200,1200,1200,1200,1200,1200,1300,1300,1600,2400,2600,37158,0,1200,1148.8721992797057,267.0395839959383,2596.3315830158535,0.0
1777047638,100,,Aggregated,86.700000,0.000000,1200,1200,1200,1200,1200,1200,1300,1300,1600,2400,2600,37250,0,1200,1148.864623017987,267.0395839959383,2596.3315830158535,0.0
1777047639,100,,Aggregated,86.700000,0.000000,1200,1200,1200,1200,1200,1200,1300,1300,1600,2400,2600,37341,0,1200,1148.7942418211944,267.0395839959383,2596.3315830158535,0.0
1777047640,100,,Aggregated,86.100000,0.000000,1200,1200,1200,1200,1200,1200,1300,1300,1600,2400,2600,37419,0,1200,1148.7689147450058,267.0395839959383,2596.3315830158535,0.0
1777047641,100,,Aggregated,86.900000,0.000000,1200,1200,1200,1200,1200,1200,1300,1300,1600,2400,2600,37510,0,1200,1148.8198584414163,267.0395839959383,2596.3315830158535,0.0
1777047642,100,,Aggregated,87.100000,0.000000,1200,1200,1200,1200,1200,1200,1300,1300,1600,2400,2600,37598,0,1200,1148.8315453740029,267.0395839959383,2596.3315830158535,0.0
1777047643,100,,Aggregated,86.800000,0.000000,1200,1200,1200,1200,1200,1200,1300,1300,1600,2400,2600,37687,0,1200,1148.8504387990245,267.0395839959383,2596.3315830158535,0.0
1777047644,100,,Aggregated,86.600000,0.000000,1200,1200,1200,1200,1200,1200,1300,1300,1600,2400,2600,37772,0,1200,1148.8900005420928,267.0395839959383,2596.3315830158535,0.0
1777047645,100,,Aggregated,86.300000,0.000000,1200,1200,1200,1200,1200,1200,1300,1300,1600,2400,2600,37859,0,1200,1148.9033015316763,267.0395839959383,2596.3315830158535,0.0
1777047646,100,,Aggregated,86.500000,0.000000,1200,1200,1200,1200,1200,1200,1300,1300,1600,2400,2600,37944,0,1200,1148.935553613419,267.0395839959383,2596.3315830158535,0.0
1777047647,100,,Aggregated,86.300000,0.000000,1200,1200,1200,1200,1200,1200,1300,1300,1600,2400,2600,38032,0,1200,1148.987969632378,267.0395839959383,2596.3315830158535,0.0
1777047648,100,,Aggregated,86.500000,0.000000,1200,1200,1200,1200,1200,1200,1300,1300,1600,2400,2600,38118,0,1200,1148.9587304744894,267.0395839959383,2596.3315830158535,0.0
1777047649,100,,Aggregated,86.400000,0.000000,1200,1200,1200,1200,1200,1200,1300,1300,1600,2400,2600,38205,0,1200,1148.9584681754359,267.0395839959383,2596.3315830158535,0.0
1777047650,100,,Aggregated,87.300000,0.000000,1200,1200,1200,1200,1200,1200,1300,1300,1600,2400,2600,38291,0,1200,1149.0067271720075,267.0395839959383,2596.3315830158535,0.0
1777047651,100,,Aggregated,86.600000,0.000000,1200,1200,1200,1200,1200,1200,1300,1300,1600,2400,2600,38371,0,1200,1149.0337845859176,267.0395839959383,2596.3315830158535,0.0
1777047652,100,,Aggregated,86.200000,0.000000,1200,1200,1200,1200,1200,1200,1300,1300,1600,2400,2600,38462,0,1200,1149.0690670729357,267.0395839959383,2596.3315830158535,0.0
1777047653,100,,Aggregated,86.500000,0.000000,1200,1200,1200,1200,1200,1200,1300,1300,1600,2400,2600,38552,0,1200,1149.1061989383,267.0395839959383,2596.3315830158535,0.0
1777047654,100,,Aggregated,85.700000,0.000000,1200,1200,1200,1200,1200,1200,1300,1300,1600,2400,2600,38641,0,1200,1149.1669903536708,267.0395839959383,2596.3315830158535,0.0
1777047655,100,,Aggregated,86.500000,0.000000,1200,1200,1200,1200,1200,1200,1300,1300,1600,2400,2600,38730,0,1200,1149.1525726029734,267.0395839959383,2596.3315830158535,0.0
1777047656,100,,Aggregated,87.200000,0.000000,1200,1200,1200,1200,1200,1200,1300,1300,1600,2400,2600,38816,0,1200,1148.97109881871,267.0395839959383,2596.3315830158535,0.0
1777047657,100,,Aggregated,86.300000,0.000000,1200,1200,1200,1200,1200,1200,1300,1300,1600,2400,2600,38901,0,1200,1149.007228470889,267.0395839959383,2596.3315830158535,0.0
1777047658,100,,Aggregated,86.600000,0.000000,1200,1200,1200,1200,1200,1200,1300,1300,1600,2400,2600,38989,0,1200,1149.0675398198987,267.0395839959383,2596.3315830158535,0.0
1777047659,100,,Aggregated,87.000000,0.000000,1200,1200,1200,1200,1200,1200,1300,1300,1500,2400,2600,39074,0,1200,1149.0621040152012,267.0395839959383,2596.3315830158535,0.0
1777047660,100,,Aggregated,86.200000,0.000000,1200,1200,1200,1200,1200,1200,1300,1300,1500,2400,2600,39160,0,1200,1149.0920202925909,267.0395839959383,2596.3315830158535,0.0
1777047661,100,,Aggregated,86.700000,0.000000,1200,1200,1200,1200,1200,1200,1300,1300,1500,2400,2600,39246,0,1200,1149.172391459887,267.0395839959383,2596.3315830158535,0.0
1777047662,100,,Aggregated,86.700000,0.000000,1200,1200,1200,1200,1200,1200,1300,1300,1500,2400,2600,39332,0,1200,1149.1514929558812,267.0395839959383,2596.3315830158535,0.0
1777047663,100,,Aggregated,86.500000,0.000000,1200,1200,1200,1200,1200,1200,1300,1300,1500,2400,2600,39411,0,1200,1149.1914942746896,267.0395839959383,2596.3315830158535,0.0
1777047664,100,,Aggregated,87.400000,0.000000,1200,1200,1200,1200,1200,1200,1300,1300,1500,2400,2600,39493,0,1200,1149.2318118798962,267.0395839959383,2596.3315830158535,0.0
1777047665,100,,Aggregated,86.800000,0.000000,1200,1200,1200,1200,1200,1300,1300,1300,1500,2400,2600,39589,0,1200,1149.3352702325092,267.0395839959383,2596.3315830158535,0.0
1777047666,100,,Aggregated,85.700000,0.000000,1200,1200,1200,1200,1200,1300,1300,1300,1500,2400,2600,39675,0,1200,1149.359150201272,267.0395839959383,2596.3315830158535,0.0
1777047667,100,,Aggregated,86.400000,0.000000,1200,1200,1200,1200,1200,1300,1300,1300,1500,2400,2600,39745,0,1200,1149.48136308088,267.0395839959383,2596.3315830158535,0.0
1777047668,100,,Aggregated,85.300000,0.000000,1200,1200,1200,1200,1200,1300,1300,1300,1500,2400,2600,39844,0,1200,1149.5287412309667,267.0395839959383,2596.3315830158535,0.0
1777047669,100,,Aggregated,85.500000,0.000000,1200,1200,1200,1200,1200,1300,1300,1300,1500,2400,2600,39932,0,1200,1149.569721734815,267.0395839959383,2596.3315830158535,0.0
1777047670,100,,Aggregated,85.900000,0.000000,1200,1200,1200,1200,1200,1300,1300,1400,1500,2400,2600,40022,0,1200,1149.4669914479223,267.0395839959383,2596.3315830158535,0.0
1777047671,100,,Aggregated,85.000000,0.000000,1200,1200,1200,1200,1200,1300,1300,1400,1500,2400,2600,40101,0,1200,1149.4674669848605,267.0395839959383,2596.3315830158535,0.0
1777047672,100,,Aggregated,84.800000,0.000000,1200,1200,1200,1200,1200,1300,1300,1400,1500,2400,2600,40200,0,1200,1149.4029707570166,267.0395839959383,2596.3315830158535,0.0
1777047673,100,,Aggregated,85.300000,0.000000,1200,1200,1200,1200,1200,1300,1300,1400,1500,2400,2600,40279,0,1200,1149.3317047836385,267.0395839959383,2596.3315830158535,0.0
1777047674,100,,Aggregated,86.200000,0.000000,1200,1200,1200,1200,1200,1300,1300,1400,1500,2400,2600,40373,0,1200,1149.368253427988,267.0395839959383,2596.3315830158535,0.0
1777047675,100,,Aggregated,86.400000,0.000000,1200,1200,1200,1200,1200,1300,1300,1300,1500,2400,2600,40455,0,1200,1149.3546199949096,267.0395839959383,2596.3315830158535,0.0
1777047676,100,,Aggregated,87.100000,0.000000,1200,1200,1200,1200,1200,1300,1300,1300,1500,2400,2600,40544,0,1200,1149.3836467608508,267.0395839959383,2596.3315830158535,0.0
1777047677,100,,Aggregated,86.700000,0.000000,1200,1200,1200,1200,1200,1300,1300,1300,1500,2400,2600,40634,0,1200,1149.4059353493367,267.0395839959383,2596.3315830158535,0.0
1777047678,100,,Aggregated,87.500000,0.000000,1200,1200,1200,1200,1200,1300,1300,1300,1500,2400,2600,40720,0,1200,1149.4030715306706,267.0395839959383,2596.3315830158535,0.0
1777047679,100,,Aggregated,86.300000,0.000000,1200,1200,1200,1200,1200,1300,1300,1300,1500,2400,2600,40805,0,1200,1149.4294349942163,267.0395839959383,2596.3315830158535,0.0
1777047680,100,,Aggregated,87.000000,0.000000,1200,1200,1200,1200,1200,1300,1300,1300,1500,2400,2600,40891,0,1200,1149.479620563944,267.0395839959383,2596.3315830158535,0.0
1777047681,100,,Aggregated,87.500000,0.000000,1200,1200,1200,1200,1200,1300,1300,1300,1500,2400,2600,40978,0,1200,1149.497228839699,267.0395839959383,2596.3315830158535,0.0
1777047682,100,,Aggregated,87.700000,0.000000,1200,1200,1200,1200,1200,1300,1300,1300,1500,2400,2600,41063,0,1200,1149.533669782243,267.0395839959383,2596.3315830158535,0.0
1777047683,100,,Aggregated,87.100000,0.000000,1200,1200,1200,1200,1200,1300,1300,1300,1500,2400,2600,41142,0,1200,1149.5611378086967,267.0395839959383,2596.3315830158535,0.0
1777047684,100,,Aggregated,86.200000,0.000000,1200,1200,1200,1200,1200,1300,1300,1300,1500,2400,2600,41234,0,1200,1149.6419952369747,267.0395839959383,2596.3315830158535,0.0
1777047685,100,,Aggregated,86.100000,0.000000,1200,1200,1200,1200,1200,1300,1300,1300,1500,2400,2600,41323,0,1200,1149.642394492332,267.0395839959383,2596.3315830158535,0.0
1777047686,100,,Aggregated,86.100000,0.000000,1200,1200,1200,1200,1200,1300,1300,1300,1500,2400,2600,41392,0,1200,1149.6863812507931,267.0395839959383,2596.3315830158535,0.0
1777047687,100,,Aggregated,85.900000,0.000000,1200,1200,1200,1200,1200,1300,1300,1400,1500,2400,2600,41491,0,1200,1149.8150462727547,267.0395839959383,2596.3315830158535,0.0
1777047688,100,,Aggregated,85.800000,0.000000,1200,1200,1200,1200,1200,1300,1300,1400,1500,2400,2600,41582,0,1200,1149.7452696724765,267.0395839959383,2596.3315830158535,0.0
1777047690,100,,Aggregated,84.800000,0.000000,1200,1200,1200,1200,1200,1300,1300,1400,1500,2400,2600,41671,0,1200,1149.6658790441068,267.0395839959383,2596.3315830158535,0.0
1777047691,100,,Aggregated,85.500000,0.000000,1200,1200,1200,1200,1200,1300,1300,1400,1500,2400,2600,41759,0,1200,1149.6189116543217,267.0395839959383,2596.3315830158535,0.0
1777047692,100,,Aggregated,86.200000,0.000000,1200,1200,1200,1200,1200,1300,1300,1400,1500,2400,2600,41845,0,1200,1149.6352445795942,267.0395839959383,2596.3315830158535,0.0
1777047693,100,,Aggregated,86.200000,0.000000,1200,1200,1200,1200,1200,1300,1300,1400,1500,2400,2600,41931,0,1200,1149.6595504393238,267.0395839959383,2596.3315830158535,0.0
1777047694,100,,Aggregated,86.400000,0.000000,1200,1200,1200,1200,1200,1300,1300,1400,1500,2400,2600,42018,0,1200,1149.6708296309002,267.0395839959383,2596.3315830158535,0.0
1777047695,100,,Aggregated,86.400000,0.000000,1200,1200,1200,1200,1200,1300,1300,1400,1500,2400,2600,42105,0,1200,1149.6665094687082,267.0395839959383,2596.3315830158535,0.0
1777047696,100,,Aggregated,86.400000,0.000000,1200,1200,1200,1200,1200,1300,1300,1400,1500,2400,2600,42193,0,1200,1149.6891363942643,267.0395839959383,2596.3315830158535,0.0
1777047697,100,,Aggregated,87.100000,0.000000,1200,1200,1200,1200,1200,1300,1300,1400,1500,2400,2600,42279,0,1200,1149.6856735025935,267.0395839959383,2596.3315830158535,0.0
1777047698,100,,Aggregated,86.800000,0.000000,1200,1200,1200,1200,1200,1300,1300,1400,1500,2400,2600,42367,0,1200,1149.6742536539125,267.0395839959383,2596.3315830158535,0.0
1777047699,100,,Aggregated,86.800000,0.000000,1200,1200,1200,1200,1200,1300,1300,1400,1500,2400,2600,42449,0,1200,1149.667107559715,267.0395839959383,2596.3315830158535,0.0
1777047700,100,,Aggregated,88.600000,0.000000,1200,1200,1200,1200,1200,1300,1300,1400,1500,2400,2600,42542,0,1200,1149.6322582870175,267.0395839959383,2596.3315830158535,0.0
1777047701,100,,Aggregated,86.700000,0.000000,1200,1200,1200,1200,1200,1300,1300,1400,1500,2400,2600,42630,0,1200,1149.720062468739,267.0395839959383,2596.3315830158535,0.0
1777047702,100,,Aggregated,87.100000,0.000000,1200,1200,1200,1200,1200,1300,1300,1400,1500,2400,2600,42717,0,1200,1149.6968022762433,267.0395839959383,2596.3315830158535,0.0
1777047703,100,,Aggregated,85.600000,0.000000,1200,1200,1200,1200,1200,1300,1300,1400,1500,2400,2600,42801,0,1200,1149.764138578404,267.0395839959383,2596.3315830158535,0.0
1777047704,100,,Aggregated,87.100000,0.000000,1200,1200,1200,1200,1200,1300,1300,1400,1500,2400,2600,42891,0,1200,1149.8222279051633,267.0395839959383,2596.3315830158535,0.0
1777047705,100,,Aggregated,86.700000,0.000000,1200,1200,1200,1200,1200,1300,1300,1400,1500,2400,2600,42977,0,1200,1149.7608289024456,267.0395839959383,2596.3315830158535,0.0
1777047706,100,,Aggregated,86.700000,0.000000,1200,1200,1200,1200,1200,1300,1300,1400,1500,2400,2600,43052,0,1200,1149.7490684683462,267.0395839959383,2596.3315830158535,0.0
1777047707,100,,Aggregated,86.300000,0.000000,1200,1200,1200,1200,1200,1300,1300,1400,1500,2400,2600,43152,0,1200,1149.749286923459,267.0395839959383,2596.3315830158535,0.0
1777047708,100,,Aggregated,86.100000,0.000000,1200,1200,1200,1200,1200,1300,1300,1400,1500,2400,2600,43238,0,1200,1149.7055972183798,267.0395839959383,2596.3315830158535,0.0
1777047709,100,,Aggregated,86.500000,0.000000,1200,1200,1200,1200,1200,1300,1300,1400,1500,2400,2600,43323,0,1200,1149.7056289198897,267.0395839959383,2596.3315830158535,0.0
1777047710,100,,Aggregated,86.500000,0.000000,1200,1200,1200,1200,1200,1300,1300,1400,1500,2400,2600,43405,0,1200,1149.6833958834136,267.0395839959383,2596.3315830158535,0.0
1777047711,100,,Aggregated,86.400000,0.000000,1200,1200,1200,1200,1200,1300,1300,1400,1500,2400,2600,43498,0,1200,1149.7106091215585,267.0395839959383,2596.3315830158535,0.0
1777047712,100,,Aggregated,86.300000,0.000000,1200,1200,1200,1200,1200,1300,1300,1400,1500,2400,2600,43589,0,1200,1149.6610788021846,267.0395839959383,2596.3315830158535,0.0
1777047713,100,,Aggregated,88.000000,0.000000,1200,1200,1200,1200,1200,1300,1300,1400,1500,2400,2600,43674,0,1200,1149.6620453244143,267.0395839959383,2596.3315830158535,0.0
1777047714,100,,Aggregated,86.800000,0.000000,1200,1200,1200,1200,1200,1300,1300,1400,1500,2400,2600,43759,0,1200,1149.7069447152007,267.0395839959383,2596.3315830158535,0.0
1777047715,100,,Aggregated,87.100000,0.000000,1200,1200,1200,1200,1200,1300,1300,1400,1500,2400,2600,43846,0,1200,1149.7364165031356,267.0395839959383,2596.3315830158535,0.0
1777047716,100,,Aggregated,86.700000,0.000000,1200,1200,1200,1200,1200,1300,1300,1400,1500,2400,2600,43933,0,1200,1149.7554147347428,267.0395839959383,2596.3315830158535,0.0
1777047717,100,,Aggregated,87.200000,0.000000,1200,1200,1200,1200,1200,1300,1300,1400,1500,2400,2600,44020,0,1200,1149.7766128189776,267.0395839959383,2596.3315830158535,0.0
1777047718,100,,Aggregated,87.200000,0.000000,1200,1200,1200,1200,1200,1300,1300,1400,1500,2400,2600,44089,0,1200,1149.8855573554977,267.0395839959383,2596.3315830158535,0.0
1777047719,100,,Aggregated,87.400000,0.000000,1200,1200,1200,1200,1200,1300,1300,1400,1500,2400,2600,44184,0,1200,1150.0881628955144,267.0395839959383,2596.3315830158535,0.0
1777047720,100,,Aggregated,85.900000,0.000000,1200,1200,1200,1200,1200,1300,1300,1400,1500,2400,2600,44276,0,1200,1149.9128270564318,267.0395839959383,2596.3315830158535,0.0
1777047721,100,,Aggregated,87.100000,0.000000,1200,1200,1200,1200,1200,1300,1300,1400,1500,2400,2600,44366,0,1200,1149.8705816588733,267.0395839959383,2596.3315830158535,0.0
1777047722,100,,Aggregated,86.300000,0.000000,1200,1200,1200,1200,1200,1300,1300,1400,1500,2400,2600,44450,0,1200,1149.9262847327225,267.0395839959383,2596.3315830158535,0.0
1777047723,100,,Aggregated,86.300000,0.000000,1200,1200,1200,1200,1200,1300,1300,1400,1500,2400,2600,44535,0,1200,1149.987329182944,267.0395839959383,2596.3315830158535,0.0
1777047724,100,,Aggregated,85.700000,0.000000,1200,1200,1200,1200,1200,1300,1300,1400,1500,2400,2600,44616,0,1200,1150.0344956826114,267.0395839959383,2596.3315830158535,0.0
1777047725,100,,Aggregated,86.000000,0.000000,1200,1200,1200,1200,1200,1300,1300,1400,1500,2400,2600,44703,0,1200,1150.10774900372,267.0395839959383,2596.3315830158535,0.0
1777047726,100,,Aggregated,85.700000,0.000000,1200,1200,1200,1200,1200,1300,1300,1400,1500,2400,2600,44789,0,1200,1150.1581463707919,267.0395839959383,2596.3315830158535,0.0
1777047727,100,,Aggregated,85.400000,0.000000,1200,1200,1200,1200,1200,1300,1300,1400,1500,2400,2600,44876,0,1200,1150.1663554155953,267.0395839959383,2596.3315830158535,0.0
1777047728,100,,Aggregated,85.500000,0.000000,1200,1200,1200,1200,1200,1300,1300,1400,1500,2400,2600,44955,0,1200,1150.176072480088,267.0395839959383,2596.3315830158535,0.0
1777047729,100,,Aggregated,85.500000,0.000000,1200,1200,1200,1200,1200,1300,1300,1400,1500,2400,2600,45047,0,1200,1150.2092953712208,267.0395839959383,2596.3315830158535,0.0
1777047730,100,,Aggregated,85.900000,0.000000,1200,1200,1200,1200,1200,1300,1300,1400,1500,2400,2600,45132,0,1200,1150.2423645040672,267.0395839959383,2596.3315830158535,0.0
1777047731,100,,Aggregated,85.000000,0.000000,1200,1200,1200,1200,1200,1300,1300,1400,1500,2400,2600,45213,0,1200,1150.280011408189,267.0395839959383,2596.3315830158535,0.0
1777047732,100,,Aggregated,85.500000,0.000000,1200,1200,1200,1200,1200,1300,1300,1400,1500,2400,2600,45305,0,1200,1150.2951118153735,267.0395839959383,2596.3315830158535,0.0
1777047733,100,,Aggregated,84.600000,0.000000,1200,1200,1200,1200,1200,1300,1300,1400,1500,2400,2600,45384,0,1200,1150.3251679290622,267.0395839959383,2596.3315830158535,0.0
1777047734,100,,Aggregated,85.400000,0.000000,1200,1200,1200,1200,1200,1300,1300,1400,1500,2400,2600,45473,0,1200,1150.3491409985138,267.0395839959383,2596.3315830158535,0.0
1777047735,100,,Aggregated,85.200000,0.000000,1200,1200,1200,1200,1200,1300,1300,1400,1500,2400,2600,45562,0,1200,1150.4590787424245,267.0395839959383,2596.3315830158535,0.0
1777047736,100,,Aggregated,85.900000,0.000000,1200,1200,1200,1200,1200,1300,1300,1400,1500,2400,2600,45642,0,1200,1150.5149925342566,267.0395839959383,2596.3315830158535,0.0
1777047737,100,,Aggregated,85.900000,0.000000,1200,1200,1200,1200,1200,1300,1300,1400,1500,2400,2600,45704,0,1200,1150.5504167149165,267.0395839959383,2596.3315830158535,0.0
1777047738,100,,Aggregated,85.500000,0.000000,1200,1200,1200,1200,1200,1300,1300,1400,1500,2400,2600,45810,0,1200,1150.6784690812851,267.0395839959383,2596.3315830158535,0.0
1777047739,100,,Aggregated,83.700000,0.000000,1200,1200,1200,1200,1200,1300,1300,1400,1500,2400,2600,45902,0,1200,1150.5838555190082,267.0395839959383,2596.3315830158535,0.0
1777047740,100,,Aggregated,84.800000,0.000000,1200,1200,1200,1200,1200,1300,1300,1400,1500,2400,2600,45993,0,1200,1150.5768745134578,267.0395839959383,2596.3315830158535,0.0
1777047741,100,,Aggregated,85.500000,0.000000,1200,1200,1200,1200,1200,1300,1300,1400,1500,2400,2600,46078,0,1200,1150.5504159775935,267.0395839959383,2596.3315830158535,0.0
1777047742,100,,Aggregated,85.500000,0.000000,1200,1200,1200,1200,1200,1300,1300,1400,1500,2400,2600,46162,0,1200,1150.6090107566722,267.0395839959383,2596.3315830158535,0.0
1777047743,100,,Aggregated,86.200000,0.000000,1200,1200,1200,1200,1200,1300,1300,1400,1500,2400,2600,46247,0,1200,1150.7018250203553,267.0395839959383,2596.3315830158535,0.0
1777047744,100,,Aggregated,85.100000,0.000000,1200,1200,1200,1200,1200,1300,1300,1400,1500,2400,2600,46333,0,1200,1150.7302368859464,267.0395839959383,2596.3315830158535,0.0
1777047745,100,,Aggregated,85.300000,0.000000,1200,1200,1200,1200,1200,1300,1300,1400,1500,2400,2600,46413,0,1200,1150.7587068757323,267.0395839959383,2596.3315830158535,0.0
1777047746,100,,Aggregated,85.300000,0.000000,1200,1200,1200,1200,1200,1300,1300,1400,1500,2400,2600,46503,0,1200,1150.786804575602,267.0395839959383,2596.3315830158535,0.0
1777047747,100,,Aggregated,86.100000,0.000000,1200,1200,1200,1200,1200,1300,1300,1400,1500,2400,2600,46588,0,1200,1150.8428112535917,267.0395839959383,2596.3315830158535,0.0
1777047748,100,,Aggregated,85.500000,0.000000,1200,1200,1200,1200,1200,1300,1300,1400,1500,2400,2600,46674,0,1200,1150.9210897253345,267.0395839959383,2596.3315830158535,0.0
1777047749,100,,Aggregated,87.100000,0.000000,1200,1200,1200,1200,1200,1300,1300,1400,1500,2400,2600,46762,0,1200,1150.9266143960308,267.0395839959383,2596.3315830158535,0.0
1777047750,100,,Aggregated,85.600000,0.000000,1200,1200,1200,1200,1200,1300,1300,1400,1500,2400,2600,46848,0,1200,1150.920906287746,267.0395839959383,2596.3315830158535,0.0
1777047751,100,,Aggregated,85.700000,0.000000,1200,1200,1200,1200,1200,1300,1300,1400,1500,2400,2600,46929,0,1200,1150.9528400228714,267.0395839959383,2596.3315830158535,0.0
1777047752,100,,Aggregated,85.500000,0.000000,1200,1200,1200,1200,1200,1300,1300,1400,1500,2400,2600,46998,0,1200,1151.0710929733686,267.0395839959383,2596.3315830158535,0.0
1777047753,100,,Aggregated,85.200000,0.000000,1200,1200,1200,1200,1200,1300,1300,1400,1500,2400,2600,47095,0,1200,1151.1931129787101,267.0395839959383,2596.3315830158535,0.0
1777047754,100,,Aggregated,84.000000,0.000000,1200,1200,1200,1200,1200,1300,1300,1400,1500,2400,2600,47187,0,1200,1151.127181551284,267.0395839959383,2596.3315830158535,0.0
1777047755,100,,Aggregated,84.600000,0.000000,1200,1200,1200,1200,1200,1300,1300,1400,1500,2400,2600,47277,0,1200,1151.1255797132908,267.0395839959383,2596.3315830158535,0.0
1777047756,100,,Aggregated,85.200000,0.000000,1200,1200,1200,1200,1200,1300,1300,1400,1500,2400,2600,47354,0,1200,1151.1657012964324,267.0395839959383,2596.3315830158535,0.0
1777047757,100,,Aggregated,85.500000,0.000000,1200,1200,1200,1200,1200,1300,1300,1400,1500,2400,2600,47447,0,1200,1151.1687163508568,267.0395839959383,2596.3315830158535,0.0
1777047758,100,,Aggregated,84.600000,0.000000,1200,1200,1200,1200,1200,1300,1300,1400,1500,2400,2600,47537,0,1200,1151.1228174078296,267.0395839959383,2596.3315830158535,0.0
1777047759,100,,Aggregated,85.700000,0.000000,1200,1200,1200,1200,1200,1300,1300,1400,1500,2400,2600,47623,0,1200,1151.1029191434202,267.0395839959383,2596.3315830158535,0.0
1777047760,100,,Aggregated,86.800000,0.000000,1200,1200,1200,1200,1200,1300,1300,1400,1500,2400,2600,47709,0,1200,1151.1337766090076,267.0395839959383,2596.3315830158535,0.0
1777047761,100,,Aggregated,86.100000,0.000000,1200,1200,1200,1200,1200,1300,1300,1400,1500,2400,2600,47795,0,1200,1151.1499888121834,267.0395839959383,2596.3315830158535,0.0
1777047762,100,,Aggregated,85.900000,0.000000,1200,1200,1200,1200,1200,1300,1300,1400,1500,2400,2600,47884,0,1200,1151.1426867523066,267.0395839959383,2596.3315830158535,0.0
1777047763,100,,Aggregated,85.900000,0.000000,1200,1200,1200,1200,1200,1300,1300,1400,1500,2400,2600,47970,0,1200,1151.124898805305,267.0395839959383,2596.3315830158535,0.0
1777047764,100,,Aggregated,88.100000,0.000000,1200,1200,1200,1200,1200,1300,1300,1400,1500,2400,2600,48057,0,1200,1151.1426254981268,267.0395839959383,2596.3315830158535,0.0
1777047765,100,,Aggregated,86.600000,0.000000,1200,1200,1200,1200,1200,1300,1300,1400,1500,2400,2600,48143,0,1200,1151.1458901748229,267.0395839959383,2596.3315830158535,0.0
1777047766,100,,Aggregated,86.400000,0.000000,1200,1200,1200,1200,1200,1300,1300,1400,1500,2400,2600,48230,0,1200,1151.1686839489219,267.0395839959383,2596.3315830158535,0.0
1777047767,100,,Aggregated,86.400000,0.000000,1200,1200,1200,1200,1200,1300,1300,1400,1500,2400,2600,48314,0,1200,1151.2103191660262,267.0395839959383,2596.3315830158535,0.0
1777047768,100,,Aggregated,87.500000,0.000000,1200,1200,1200,1200,1200,1300,1300,1400,1500,2400,2600,48396,0,1200,1151.288965240276,267.0395839959383,2596.3315830158535,0.0
1777047769,100,,Aggregated,86.400000,0.000000,1200,1200,1200,1200,1200,1300,1300,1400,1500,2400,2600,48488,0,1200,1151.291712957605,267.0395839959383,2596.3315830158535,0.0
1777047770,100,,Aggregated,85.200000,0.000000,1200,1200,1200,1200,1200,1300,1300,1400,1500,2400,2600,48576,0,1200,1151.28911190642,267.0395839959383,2596.3315830158535,0.0
1777047771,100,,Aggregated,86.200000,0.000000,1200,1200,1200,1200,1200,1300,1300,1400,1500,2400,2600,48661,0,1200,1151.35517447856,267.0395839959383,2596.3315830158535,0.0
1777047772,100,,Aggregated,85.300000,0.000000,1200,1200,1200,1200,1200,1300,1300,1400,1500,2400,2600,48738,0,1200,1151.3543295923796,267.0395839959383,2596.3315830158535,0.0
1777047773,100,,Aggregated,85.700000,0.000000,1200,1200,1200,1200,1200,1300,1300,1400,1500,2400,2600,48829,0,1200,1151.4137943760745,267.0395839959383,2596.3315830158535,0.0
1777047774,100,,Aggregated,85.800000,0.000000,1200,1200,1200,1200,1200,1300,1300,1400,1500,2400,2600,48920,0,1200,1151.326061380995,267.0395839959383,2596.3315830158535,0.0
1777047775,100,,Aggregated,86.600000,0.000000,1200,1200,1200,1200,1200,1300,1300,1400,1500,2400,2600,49005,0,1200,1151.3415998872804,267.0395839959383,2596.3315830158535,0.0
1777047776,100,,Aggregated,85.600000,0.000000,1200,1200,1200,1200,1200,1300,1300,1400,1500,2400,2600,49093,0,1200,1151.3510483949503,267.0395839959383,2596.3315830158535,0.0
1777047777,100,,Aggregated,86.000000,0.000000,1200,1200,1200,1200,1200,1300,1300,1400,1500,2400,2600,49164,0,1200,1151.358155864886,267.0395839959383,2596.3315830158535,0.0
1777047778,100,,Aggregated,86.000000,0.000000,1200,1200,1200,1200,1200,1300,1300,1400,1500,2400,2600,49261,0,1200,1151.4627442531269,267.0395839959383,2596.3315830158535,0.0
1777047779,100,,Aggregated,86.100000,0.000000,1200,1200,1200,1200,1200,1300,1300,1400,1500,2400,2600,49340,0,1200,1151.4910229020095,267.0395839959383,2596.3315830158535,0.0
1777047780,100,,Aggregated,87.000000,0.000000,1200,1200,1200,1200,1200,1300,1300,1400,1500,2400,2600,49426,0,1200,1151.5706217751017,267.0395839959383,2596.3315830158535,0.0
1777047781,100,,Aggregated,85.700000,0.000000,1200,1200,1200,1200,1200,1300,1300,1400,1500,2400,2600,49516,0,1200,1151.6281132812214,267.0395839959383,2596.3315830158535,0.0
1777047782,100,,Aggregated,86.300000,0.000000,1200,1200,1200,1200,1200,1300,1300,1400,1500,2400,2600,49602,0,1200,1151.6502368878248,267.0395839959383,2596.3315830158535,0.0
1777047783,100,,Aggregated,86.000000,0.000000,1200,1200,1200,1200,1200,1300,1300,1400,1500,2400,2600,49688,0,1200,1151.6923960946467,267.0395839959383,2596.3315830158535,0.0
1777047784,100,,Aggregated,85.500000,0.000000,1200,1200,1200,1200,1200,1300,1300,1400,1500,2400,2600,49772,0,1200,1151.7378128269263,267.0395839959383,2596.3315830158535,0.0
1777047785,100,,Aggregated,84.800000,0.000000,1200,1200,1200,1200,1200,1300,1300,1400,1500,2400,2600,49856,0,1200,1151.8058334892467,267.0395839959383,2596.3315830158535,0.0
1777047786,100,,Aggregated,85.500000,0.000000,1200,1200,1200,1200,1200,1300,1300,1400,1500,2400,2600,49944,0,1200,1151.8487353074204,267.0395839959383,2596.3315830158535,0.0
1777047787,100,,Aggregated,84.400000,0.000000,1200,1200,1200,1200,1200,1300,1300,1400,1500,2400,2600,50020,0,1200,1151.8749323259435,267.0395839959383,2596.3315830158535,0.0
1777047788,100,,Aggregated,84.800000,0.000000,1200,1200,1200,1200,1200,1300,1300,1400,1500,2400,2600,50111,0,1200,1151.8904466215963,267.0395839959383,2596.3315830158535,0.0
1777047789,100,,Aggregated,84.900000,0.000000,1200,1200,1200,1200,1200,1300,1300,1400,1500,2400,2600,50203,0,1200,1151.8953253903321,267.0395839959383,2596.3315830158535,0.0
1777047790,100,,Aggregated,85.100000,0.000000,1200,1200,1200,1200,1200,1300,1300,1400,1500,2400,2600,50289,0,1200,1151.919849109366,267.0395839959383,2596.3315830158535,0.0
1777047791,100,,Aggregated,85.100000,0.000000,1200,1200,1200,1200,1200,1300,1300,1400,1500,2400,2600,50344,0,1200,1151.9096859470594,267.0395839959383,2596.3315830158535,0.0
1777047792,100,,Aggregated,85.200000,0.000000,1200,1200,1200,1200,1200,1300,1300,1400,1500,2400,2600,50460,0,1200,1152.017086886204,267.0395839959383,2596.3315830158535,0.0
1777047793,100,,Aggregated,85.000000,0.000000,1200,1200,1200,1200,1200,1300,1300,1400,1500,2400,2600,50546,0,1200,1151.955239901673,267.0395839959383,2596.3315830158535,0.0
1777047794,100,,Aggregated,85.500000,0.000000,1200,1200,1200,1200,1200,1300,1300,1400,1500,2400,2600,50630,0,1200,1151.99934594507,267.0395839959383,2596.3315830158535,0.0
1777047795,100,,Aggregated,86.100000,0.000000,1200,1200,1200,1200,1200,1300,1300,1400,1500,2400,2600,50717,0,1200,1152.0355109938653,267.0395839959383,2596.3315830158535,0.0
1777047796,100,,Aggregated,85.700000,0.000000,1200,1200,1200,1200,1200,1300,1300,1400,1500,2400,2600,50802,0,1200,1152.0493033163032,267.0395839959383,2596.3315830158535,0.0
1777047797,100,,Aggregated,85.400000,0.000000,1200,1200,1200,1200,1200,1300,1300,1400,1500,2400,2600,50889,0,1200,1152.1038243995508,267.0395839959383,2596.3315830158535,0.0
1777047798,100,,Aggregated,85.200000,0.000000,1200,1200,1200,1200,1200,1300,1300,1400,1500,2400,2600,50974,0,1200,1152.1040775753088,267.0395839959383,2596.3315830158535,0.0
1777047799,100,,Aggregated,85.400000,0.000000,1200,1200,1200,1200,1200,1300,1300,1400,1500,2400,2600,51060,0,1200,1152.173863279135,267.0395839959383,2596.3315830158535,0.0
1777047800,100,,Aggregated,85.300000,0.000000,1200,1200,1200,1200,1200,1300,1300,1400,1500,2400,2600,51145,0,1200,1152.1642630923423,267.0395839959383,2596.3315830158535,0.0
1777047801,100,,Aggregated,85.300000,0.000000,1200,1200,1200,1200,1200,1300,1300,1400,1500,2400,2600,51227,0,1200,1152.2347351579995,267.0395839959383,2596.3315830158535,0.0
1777047802,100,,Aggregated,85.800000,0.000000,1200,1200,1200,1200,1200,1300,1300,1400,1500,2400,2600,51309,0,1200,1152.3235635759956,267.0395839959383,2596.3315830158535,0.0
1777047803,100,,Aggregated,85.900000,0.000000,1200,1200,1200,1200,1200,1300,1300,1400,1500,2400,2600,51399,0,1200,1152.299351097488,267.0395839959383,2596.3315830158535,0.0
1777047804,100,,Aggregated,85.400000,0.000000,1200,1200,1200,1200,1200,1300,1300,1400,1500,2400,2600,51489,0,1200,1152.3326609150245,267.0395839959383,2596.3315830158535,0.0
1777047805,100,,Aggregated,84.500000,0.000000,1200,1200,1200,1200,1200,1300,1300,1400,1500,2400,2600,51574,0,1200,1152.3729601902469,267.0395839959383,2596.3315830158535,0.0
1777047806,100,,Aggregated,85.100000,0.000000,1200,1200,1200,1200,1200,1300,1300,1400,1500,2400,2600,51650,0,1200,1152.4309414428233,267.0395839959383,2596.3315830158535,0.0
1777047807,100,,Aggregated,86.100000,0.000000,1200,1200,1200,1200,1200,1300,1300,1400,1500,2400,2600,51746,0,1200,1152.4075959564952,267.0395839959383,2596.3315830158535,0.0
1777047808,100,,Aggregated,85.200000,0.000000,1200,1200,1200,1200,1200,1300,1300,1400,1500,2400,2600,51832,0,1200,1152.3947843801247,267.0395839959383,2596.3315830158535,0.0
1777047809,100,,Aggregated,85.300000,0.000000,1200,1200,1200,1200,1200,1300,1300,1400,1500,2400,2600,51915,0,1200,1152.4507136470536,267.0395839959383,2596.3315830158535,0.0
1777047810,100,,Aggregated,85.500000,0.000000,1200,1200,1200,1200,1200,1300,1300,1400,1500,2400,2600,52003,0,1200,1152.4716589448456,267.0395839959383,2596.3315830158535,0.0
1777047811,100,,Aggregated,85.900000,0.000000,1200,1200,1200,1200,1200,1300,1300,1400,1500,2400,2600,52087,0,1200,1152.4923640435036,267.0395839959383,2596.3315830158535,0.0
1777047812,100,,Aggregated,85.300000,0.000000,1200,1200,1200,1200,1200,1300,1300,1400,1500,2400,2600,52172,0,1200,1152.5343738191182,267.0395839959383,2596.3315830158535,0.0
1777047813,100,,Aggregated,85.500000,0.000000,1200,1200,1200,1200,1200,1300,1300,1400,1500,2400,2600,52257,0,1200,1152.6105688738917,267.0395839959383,2596.3315830158535,0.0
1777047814,100,,Aggregated,85.400000,0.000000,1200,1200,1200,1200,1200,1300,1300,1400,1500,2400,2600,52337,0,1200,1152.642580639739,267.0395839959383,2596.3315830158535,0.0
1777047815,100,,Aggregated,86.000000,0.000000,1200,1200,1200,1200,1200,1300,1300,1400,1500,2400,2600,52426,0,1200,1152.643769289609,267.0395839959383,2596.3315830158535,0.0
1777047816,100,,Aggregated,85.700000,0.000000,1200,1200,1200,1200,1200,1300,1300,1400,1500,2400,2600,52514,0,1200,1152.68978582096,267.0395839959383,2596.3315830158535,0.0
1777047817,100,,Aggregated,85.300000,0.000000,1200,1200,1200,1200,1200,1300,1300,1400,1500,2400,2600,52600,0,1200,1152.7073098204362,267.0395839959383,2596.3315830158535,0.0
1777047818,100,,Aggregated,85.800000,0.000000,1200,1200,1200,1200,1200,1300,1300,1400,1500,2400,2600,52678,0,1200,1152.7759257067653,267.0395839959383,2596.3315830158535,0.0
1777047819,100,,Aggregated,84.800000,0.000000,1200,1200,1200,1200,1200,1300,1300,1400,1500,2400,2600,52769,0,1200,1152.843113480605,267.0395839959383,2596.3315830158535,0.0
1777047820,100,,Aggregated,85.000000,0.000000,1200,1200,1200,1200,1200,1300,1300,1400,1500,2400,2600,52855,0,1200,1152.8756960775704,267.0395839959383,2596.3315830158535,0.0
1777047821,100,,Aggregated,85.400000,0.000000,1200,1200,1200,1200,1200,1300,1300,1400,1500,2400,2600,52929,0,1200,1152.9142885936612,267.0395839959383,2596.3315830158535,0.0
1777047822,100,,Aggregated,84.900000,0.000000,1200,1200,1200,1200,1200,1300,1300,1400,1500,2400,2600,53020,0,1200,1152.9254159346046,267.0395839959383,2596.3315830158535,0.0
1777047823,100,,Aggregated,84.000000,0.000000,1200,1200,1200,1200,1200,1300,1300,1400,1500,2400,2600,53110,0,1200,1152.9333967108419,267.0395839959383,2596.3315830158535,0.0
1777047824,100,,Aggregated,84.700000,0.000000,1200,1200,1200,1200,1200,1300,1300,1400,1500,2400,2600,53201,0,1200,1152.9079865928825,267.0395839959383,2596.3315830158535,0.0
1777047825,100,,Aggregated,85.400000,0.000000,1200,1200,1200,1200,1200,1300,1300,1400,1500,2400,2600,53278,0,1200,1152.9043033917142,267.0395839959383,2596.3315830158535,0.0
1777047826,100,,Aggregated,85.500000,0.000000,1200,1200,1200,1200,1200,1300,1300,1400,1500,2400,2600,53370,0,1200,1152.9477146153567,267.0395839959383,2596.3315830158535,0.0
1777047827,100,,Aggregated,85.600000,0.000000,1200,1200,1200,1200,1200,1300,1300,1400,1500,2400,2600,53461,0,1200,1152.904057431728,267.0395839959383,2596.3315830158535,0.0
1777047828,100,,Aggregated,84.900000,0.000000,1200,1200,1200,1200,1200,1300,1300,1400,1500,2400,2600,53548,0,1200,1152.895013182485,267.0395839959383,2596.3315830158535,0.0
1777047829,100,,Aggregated,86.400000,0.000000,1200,1200,1200,1200,1200,1300,1300,1400,1500,2400,2600,53635,0,1200,1152.8980819656317,267.0395839959383,2596.3315830158535,0.0
1777047830,100,,Aggregated,85.600000,0.000000,1200,1200,1200,1200,1200,1300,1300,1400,1500,2400,2600,53720,0,1200,1152.9062544609005,267.0395839959383,2596.3315830158535,0.0
1777047831,100,,Aggregated,85.900000,0.000000,1200,1200,1200,1200,1200,1300,1300,1400,1500,2400,2600,53809,0,1200,1152.8966504026798,267.0395839959383,2596.3315830158535,0.0
1777047832,100,,Aggregated,86.500000,0.000000,1200,1200,1200,1200,1200,1300,1300,1400,1500,2400,2600,53896,0,1200,1152.882438853267,267.0395839959383,2596.3315830158535,0.0
1777047833,100,,Aggregated,87.400000,0.000000,1200,1200,1200,1200,1200,1300,1300,1400,1500,2400,2600,53984,0,1200,1152.8673681827706,267.0395839959383,2596.3315830158535,0.0
1777047834,100,,Aggregated,87.000000,0.000000,1200,1200,1200,1200,1200,1300,1300,1400,1500,2400,2600,54066,0,1200,1152.9091899133234,267.0395839959383,2596.3315830158535,0.0
1777047835,100,,Aggregated,86.800000,0.000000,1200,1200,1200,1200,1200,1300,1300,1400,1500,2400,2600,54155,0,1200,1152.91404266961,267.0395839959383,2596.3315830158535,0.0
1777047836,100,,Aggregated,86.700000,0.000000,1200,1200,1200,1200,1200,1300,1300,1400,1500,2400,2600,54244,0,1200,1152.929478688476,267.0395839959383,2596.3315830158535,0.0
1777047837,100,,Aggregated,85.900000,0.000000,1200,1200,1200,1200,1200,1300,1300,1400,1500,2400,2600,54327,0,1200,1152.9032270666821,267.0395839959383,2596.3315830158535,0.0
1777047838,100,,Aggregated,87.000000,0.000000,1200,1200,1200,1200,1200,1300,1300,1400,1500,2400,2600,54415,0,1200,1152.9154666448323,267.0395839959383,2596.3315830158535,0.0
1777047839,100,,Aggregated,86.800000,0.000000,1200,1200,1200,1200,1200,1300,1300,1400,1500,2400,2600,54503,0,1200,1152.9374976479191,267.0395839959383,2596.3315830158535,0.0
1777047840,100,,Aggregated,87.500000,0.000000,1200,1200,1200,1200,1200,1300,1300,1400,1500,2400,2600,54591,0,1200,1152.9293801270246,267.0395839959383,2596.3315830158535,0.0
1777047841,100,,Aggregated,86.400000,0.000000,1200,1200,1200,1200,1200,1300,1300,1400,1500,2400,2600,54677,0,1200,1152.892565365995,267.0395839959383,2596.3315830158535,0.0
1777047842,100,,Aggregated,86.800000,0.000000,1200,1200,1200,1200,1200,1300,1300,1400,1500,2400,2600,54763,0,1200,1152.9228594926797,267.0395839959383,2596.3315830158535,0.0
1777047843,100,,Aggregated,86.700000,0.000000,1200,1200,1200,1200,1200,1300,1300,1400,1500,2400,2600,54850,0,1200,1152.9018483968048,267.0395839959383,2596.3315830158535,0.0
1777047844,100,,Aggregated,85.700000,0.000000,1200,1200,1200,1200,1200,1300,1300,1400,1500,2400,2600,54938,0,1200,1152.9088661229694,267.0395839959383,2596.3315830158535,0.0
1777047845,100,,Aggregated,86.500000,0.000000,1200,1200,1200,1200,1200,1300,1300,1400,1500,2400,2600,55025,0,1200,1152.8752059492372,267.0395839959383,2596.3315830158535,0.0
1777047846,100,,Aggregated,86.600000,0.000000,1200,1200,1200,1200,1200,1300,1300,1400,1500,2400,2600,55113,0,1200,1152.8655489301589,267.0395839959383,2596.3315830158535,0.0
1777047847,100,,Aggregated,87.500000,0.000000,1200,1200,1200,1200,1200,1300,1300,1400,1500,2400,2600,55200,0,1200,1152.8583367312688,267.0395839959383,2596.3315830158535,0.0
1777047848,100,,Aggregated,87.400000,0.000000,1200,1200,1200,1200,1200,1300,1300,1400,1500,2400,2600,55280,0,1200,1152.8679154710028,267.0395839959383,2596.3315830158535,0.0
1777047849,100,,Aggregated,86.800000,0.000000,1200,1200,1200,1200,1200,1300,1300,1400,1500,2400,2600,55369,0,1200,1152.904552352993,267.0395839959383,2596.3315830158535,0.0
1777047850,100,,Aggregated,86.500000,0.000000,1200,1200,1200,1200,1200,1300,1300,1400,1500,2400,2600,55459,0,1200,1152.9023434748149,267.0395839959383,2596.3315830158535,0.0
1777047851,100,,Aggregated,86.800000,0.000000,1200,1200,1200,1200,1200,1300,1300,1400,1500,2400,2600,55545,0,1200,1152.9187022717724,267.0395839959383,2596.3315830158535,0.0
1777047852,100,,Aggregated,86.300000,0.000000,1200,1200,1200,1200,1200,1300,1300,1400,1500,2400,2600,55623,0,1200,1152.9634622064195,267.0395839959383,2596.3315830158535,0.0
1777047853,100,,Aggregated,86.600000,0.000000,1200,1200,1200,1200,1200,1300,1300,1400,1500,2400,2600,55715,0,1200,1152.9397471599302,267.0395839959383,2596.3315830158535,0.0
1777047854,100,,Aggregated,87.400000,0.000000,1200,1200,1200,1200,1200,1300,1300,1400,1500,2400,2600,55807,0,1200,1152.9313983516827,267.0395839959383,2596.3315830158535,0.0
1777047855,100,,Aggregated,86.700000,0.000000,1200,1200,1200,1200,1200,1300,1300,1400,1500,2400,2600,55896,0,1200,1152.9045113377097,267.0395839959383,2596.3315830158535,0.0
1777047856,100,,Aggregated,86.700000,0.000000,1200,1200,1200,1200,1200,1300,1300,1400,1500,2400,2600,55975,0,1200,1152.9118144421543,267.0395839959383,2596.3315830158535,0.0
1777047857,100,,Aggregated,87.000000,0.000000,1200,1200,1200,1200,1200,1300,1300,1400,1500,2400,2600,56071,0,1200,1152.9009667970886,267.0395839959383,2596.3315830158535,0.0
1777047858,100,,Aggregated,85.800000,0.000000,1200,1200,1200,1200,1200,1300,1300,1400,1500,2400,2600,56158,0,1200,1152.8417833482981,267.0395839959383,2596.3315830158535,0.0
1777047859,100,,Aggregated,85.900000,0.000000,1200,1200,1200,1200,1200,1300,1300,1400,1500,2400,2600,56229,0,1200,1152.9255786853,267.0395839959383,2596.3315830158535,0.0
1777047860,100,,Aggregated,86.900000,0.000000,1200,1200,1200,1200,1200,1300,1300,1400,1600,2400,2600,56321,0,1200,1153.2236840998855,267.0395839959383,2596.3315830158535,0.0
1777047861,100,,Aggregated,85.900000,0.000000,1200,1200,1200,1200,1200,1300,1300,1400,1600,2400,2600,56410,0,1200,1152.866293716837,267.0395839959383,2596.3315830158535,0.0
1777047862,100,,Aggregated,84.700000,0.000000,1200,1200,1200,1200,1200,1300,1300,1400,1600,2400,2600,56505,0,1200,1152.8687740956877,267.0395839959383,2596.3315830158535,0.0
1777047863,100,,Aggregated,86.600000,0.000000,1200,1200,1200,1200,1200,1300,1300,1400,1600,2400,2600,56592,0,1200,1152.8552540027947,267.0395839959383,2596.3315830158535,0.0
1777047864,100,,Aggregated,87.300000,0.000000,1200,1200,1200,1200,1200,1300,1300,1400,1600,2400,2600,56679,0,1200,1152.857407275097,267.0395839959383,2596.3315830158535,0.0
1777047865,100,,Aggregated,86.800000,0.000000,1200,1200,1200,1200,1200,1300,1300,1400,1600,2400,2600,56761,0,1200,1152.866965640087,267.0395839959383,2596.3315830158535,0.0
1777047866,100,,Aggregated,86.800000,0.000000,1200,1200,1200,1200,1200,1300,1300,1400,1600,2400,2600,56851,0,1200,1152.9032368146732,267.0395839959383,2596.3315830158535,0.0
1777047867,100,,Aggregated,86.500000,0.000000,1200,1200,1200,1200,1200,1300,1300,1400,1600,2400,2600,56938,0,1200,1152.914900624168,267.0395839959383,2596.3315830158535,0.0
1777047868,100,,Aggregated,87.300000,0.000000,1200,1200,1200,1200,1200,1300,1300,1400,1600,2400,2600,57017,0,1200,1152.9091324771011,267.0395839959383,2596.3315830158535,0.0
1777047869,100,,Aggregated,87.200000,0.000000,1200,1200,1200,1200,1200,1300,1300,1400,1600,2400,2600,57105,0,1200,1153.000810614744,267.0395839959383,2596.3315830158535,0.0
1777047870,100,,Aggregated,86.300000,0.000000,1200,1200,1200,1200,1200,1300,1300,1400,1600,2400,2600,57196,0,1200,1153.0016660967372,267.0395839959383,2596.3315830158535,0.0
1777047871,100,,Aggregated,87.200000,0.000000,1200,1200,1200,1200,1200,1300,1300,1400,1600,2400,2600,57277,0,1200,1152.9962628902358,267.0395839959383,2596.3315830158535,0.0
1777047872,100,,Aggregated,88.800000,0.000000,1200,1200,1200,1200,1200,1300,1300,1400,1600,2400,2600,57368,0,1200,1152.9623652098753,267.0395839959383,2596.3315830158535,0.0
1777047873,100,,Aggregated,85.900000,0.000000,1200,1200,1200,1200,1200,1300,1300,1400,1600,2400,2600,57459,0,1200,1152.9804925269846,267.0395839959383,2596.3315830158535,0.0
1777047874,100,,Aggregated,86.100000,0.000000,1200,1200,1200,1200,1200,1300,1300,1400,1600,2400,2600,57543,0,1200,1152.97655616353,267.0395839959383,2596.3315830158535,0.0
1777047875,100,,Aggregated,86.300000,0.000000,1200,1200,1200,1200,1200,1300,1300,1400,1600,2400,2600,57630,0,1200,1152.9668186199704,267.0395839959383,2596.3315830158535,0.0
1777047876,100,,Aggregated,86.200000,0.000000,1200,1200,1200,1200,1200,1300,1300,1400,1600,2400,2600,57714,0,1200,1152.9744051403966,267.0395839959383,2596.3315830158535,0.0
1777047877,100,,Aggregated,86.100000,0.000000,1200,1200,1200,1200,1200,1300,1300,1400,1600,2400,2600,57804,0,1200,1152.996268570376,267.0395839959383,2596.3315830158535,0.0
1777047878,100,,Aggregated,86.300000,0.000000,1200,1200,1200,1200,1200,1300,1300,1400,1600,2400,2600,57890,0,1200,1152.9768738956125,267.0395839959383,2596.3315830158535,0.0
1777047879,100,,Aggregated,86.400000,0.000000,1200,1200,1200,1200,1200,1300,1300,1400,1600,2400,2600,57977,0,1200,1152.985532045553,267.0395839959383,2596.3315830158535,0.0
1777047880,100,,Aggregated,86.400000,0.000000,1200,1200,1200,1200,1200,1300,1300,1400,1600,2400,2600,58062,0,1200,1153.0080462613957,267.0395839959383,2596.3315830158535,0.0
1777047881,100,,Aggregated,86.900000,0.000000,1200,1200,1200,1200,1200,1300,1300,1400,1600,2400,2600,58149,0,1200,1153.0243182662493,267.0395839959383,2596.3315830158535,0.0
1777047882,100,,Aggregated,86.300000,0.000000,1200,1200,1200,1200,1200,1300,1300,1400,1600,2400,2600,58235,0,1200,1153.0460331242778,267.0395839959383,2596.3315830158535,0.0
1777047883,100,,Aggregated,87.100000,0.000000,1200,1200,1200,1200,1200,1300,1300,1400,1600,2400,2600,58315,0,1200,1153.0565891771796,267.0395839959383,2596.3315830158535,0.0
1777047884,100,,Aggregated,85.800000,0.000000,1200,1200,1200,1200,1200,1300,1300,1400,1600,2400,2600,58405,0,1200,1153.0840194666916,267.0395839959383,2596.3315830158535,0.0
1777047885,100,,Aggregated,86.000000,0.000000,1200,1200,1200,1200,1200,1300,1300,1400,1600,2400,2600,58492,0,1200,1153.1263076986609,267.0395839959383,2596.3315830158535,0.0
1777047886,100,,Aggregated,86.000000,0.000000,1200,1200,1200,1200,1200,1300,1300,1400,1600,2400,2600,58580,0,1200,1153.1562695485309,267.0395839959383,2596.3315830158535,0.0
1777047887,100,,Aggregated,86.000000,0.000000,1200,1200,1200,1200,1200,1300,1300,1400,1600,2400,2600,58665,0,1200,1153.1463734024371,267.0395839959383,2596.3315830158535,0.0
1777047888,100,,Aggregated,85.200000,0.000000,1200,1200,1200,1200,1200,1300,1300,1400,1600,2400,2600,58752,0,1200,1153.150927831308,267.0395839959383,2596.3315830158535,0.0
1777047889,100,,Aggregated,85.700000,0.000000,1200,1200,1200,1200,1200,1300,1300,1400,1600,2400,2600,58839,0,1200,1153.1704030232315,267.0395839959383,2596.3315830158535,0.0
1777047890,100,,Aggregated,86.000000,0.000000,1200,1200,1200,1200,1200,1300,1300,1400,1600,2400,2600,58916,0,1200,1153.18407075224,267.0395839959383,2596.3315830158535,0.0
1777047891,100,,Aggregated,84.900000,0.000000,1200,1200,1200,1200,1200,1300,1300,1400,1600,2400,2600,59014,0,1200,1153.1343072536663,267.0395839959383,2596.3315830158535,0.0
1777047892,100,,Aggregated,85.400000,0.000000,1200,1200,1200,1200,1200,1300,1300,1400,1600,2400,2600,59098,0,1200,1153.139734108652,267.0395839959383,2596.3315830158535,0.0
1777047893,100,,Aggregated,86.100000,0.000000,1200,1200,1200,1200,1200,1300,1300,1400,1600,2400,2600,59184,0,1200,1153.1904679450042,267.0395839959383,2596.3315830158535,0.0
1777047894,100,,Aggregated,86.700000,0.000000,1200,1200,1200,1200,1200,1300,1300,1400,1600,2400,2600,59262,0,1200,1153.203837019355,267.0395839959383,2596.3315830158535,0.0
1777047895,100,,Aggregated,85.700000,0.000000,1200,1200,1200,1200,1200,1300,1300,1400,1600,2400,2600,59352,0,1200,1153.2265699249879,267.0395839959383,2596.3315830158535,0.0
1777047896,100,,Aggregated,86.000000,0.000000,1200,1200,1200,1200,1200,1300,1300,1400,1600,2400,2600,59442,0,1200,1153.2325107812144,267.0395839959383,2596.3315830158535,0.0
1777047897,100,,Aggregated,86.100000,0.000000,1200,1200,1200,1200,1200,1300,1300,1400,1600,2400,2600,59528,0,1200,1153.2517207192889,267.0395839959383,2596.3315830158535,0.0
1777047898,100,,Aggregated,87.000000,0.000000,1200,1200,1200,1200,1200,1300,1300,1400,1600,2400,2600,59615,0,1200,1153.2460742265837,267.0395839959383,2596.3315830158535,0.0
1777047899,100,,Aggregated,86.400000,0.000000,1200,1200,1200,1200,1200,1300,1300,1400,1600,2400,2600,59703,0,1200,1153.2472266947038,267.0395839959383,2596.3315830158535,0.0
1777047900,100,,Aggregated,86.000000,0.000000,1200,1200,1200,1200,1200,1300,1300,1400,1600,2400,2600,59791,0,1200,1153.2449056983814,267.0395839959383,2596.3315830158535,0.0
1777047901,100,,Aggregated,87.200000,0.000000,1200,1200,1200,1200,1200,1300,1300,1400,1600,2400,2600,59877,0,1200,1153.2186666532384,267.0395839959383,2596.3315830158535,0.0
1777047902,100,,Aggregated,87.000000,0.000000,1200,1200,1200,1200,1200,1300,1300,1400,1600,2400,2600,59955,0,1200,1153.2533783286647,267.0395839959383,2596.3315830158535,0.0
1777047903,100,,Aggregated,86.300000,0.000000,1200,1200,1200,1200,1200,1300,1300,1400,1600,2200,2600,60045,0,1200,1153.279352960648,267.0395839959383,2596.3315830158535,0.0
1777047904,100,,Aggregated,86.000000,0.000000,1200,1200,1200,1200,1200,1300,1300,1400,1600,2200,2600,60135,0,1200,1153.321337837548,267.0395839959383,2596.3315830158535,0.0
1777047905,100,,Aggregated,86.800000,0.000000,1200,1200,1200,1200,1200,1300,1300,1400,1600,2200,2600,60224,0,1200,1153.3011948743856,267.0395839959383,2596.3315830158535,0.0
1777047906,100,,Aggregated,84.800000,0.000000,1200,1200,1200,1200,1200,1300,1300,1400,1600,2200,2600,60303,0,1200,1153.323347829992,267.0395839959383,2596.3315830158535,0.0
1777047907,100,,Aggregated,86.400000,0.000000,1200,1200,1200,1200,1200,1300,1300,1400,1600,2200,2600,60393,0,1200,1153.369337551904,267.0395839959383,2596.3315830158535,0.0
1777047908,100,,Aggregated,86.400000,0.000000,1200,1200,1200,1200,1200,1300,1300,1400,1600,2200,2600,60481,0,1200,1153.3242886813257,267.0395839959383,2596.3315830158535,0.0
1777047909,100,,Aggregated,85.200000,0.000000,1200,1200,1200,1200,1200,1300,1300,1400,1600,2200,2600,60568,0,1200,1153.327100793527,267.0395839959383,2596.3315830158535,0.0
1777047910,100,,Aggregated,86.300000,0.000000,1200,1200,1200,1200,1200,1300,1300,1400,1600,2200,2600,60655,0,1200,1153.3164137257156,267.0395839959383,2596.3315830158535,0.0
1777047911,100,,Aggregated,86.200000,0.000000,1200,1200,1200,1200,1200,1300,1300,1400,1600,2200,2600,60743,0,1200,1153.3387829748162,267.0395839959383,2596.3315830158535,0.0
1777047912,100,,Aggregated,86.100000,0.000000,1200,1200,1200,1200,1200,1300,1300,1400,1600,2200,2600,60830,0,1200,1153.317488352021,267.0395839959383,2596.3315830158535,0.0
1777047913,100,,Aggregated,86.200000,0.000000,1200,1200,1200,1200,1200,1300,1300,1400,1600,2200,2600,60913,0,1200,1153.351688639856,267.0395839959383,2596.3315830158535,0.0
1777047914,100,,Aggregated,86.400000,0.000000,1200,1200,1200,1200,1200,1300,1300,1400,1600,2200,2600,61001,0,1200,1153.3602879233886,267.0395839959383,2596.3315830158535,0.0
1777047915,100,,Aggregated,86.200000,0.000000,1200,1200,1200,1200,1200,1300,1300,1400,1600,2200,2600,61088,0,1200,1153.351995762105,267.0395839959383,2596.3315830158535,0.0
1777047916,100,,Aggregated,87.300000,0.000000,1200,1200,1200,1200,1200,1300,1300,1400,1600,2200,2600,61175,0,1200,1153.3603755447416,267.0395839959383,2596.3315830158535,0.0
1777047917,100,,Aggregated,86.000000,0.000000,1200,1200,1200,1200,1200,1300,1300,1400,1600,2200,2600,61253,0,1200,1153.371248555004,267.0395839959383,2596.3315830158535,0.0
1777047918,100,,Aggregated,86.100000,0.000000,1200,1200,1200,1200,1200,1300,1300,1400,1600,2200,2600,61342,0,1200,1153.4010170652991,267.0395839959383,2596.3315830158535,0.0
1777047919,100,,Aggregated,87.400000,0.000000,1200,1200,1200,1200,1200,1300,1300,1400,1600,2200,2600,61430,0,1200,1153.4614693545445,267.0395839959383,2596.3315830158535,0.0
1777047920,100,,Aggregated,86.200000,0.000000,1200,1200,1200,1200,1200,1300,1300,1400,1600,2200,2600,61516,0,1200,1153.5259525928195,267.0395839959383,2596.3315830158535,0.0
1777047921,100,,Aggregated,85.300000,0.000000,1200,1200,1200,1200,1200,1300,1300,1400,1600,2200,2600,61590,0,1200,1153.5462538607226,267.0395839959383,2596.3315830158535,0.0
1777047922,100,,Aggregated,85.200000,0.000000,1200,1200,1200,1200,1200,1300,1300,1400,1600,2200,2600,61676,0,1200,1153.5749106012513,267.0395839959383,2596.3315830158535,0.0
1777047923,100,,Aggregated,84.400000,0.000000,1200,1200,1200,1200,1200,1300,1300,1400,1600,2200,2600,61771,0,1200,1153.616041562719,267.0395839959383,2596.3315830158535,0.0
1777047924,100,,Aggregated,84.700000,0.000000,1200,1200,1200,1200,1200,1300,1300,1400,1600,2200,2600,61861,0,1200,1153.5730781691652,267.0395839959383,2596.3315830158535,0.0
1777047925,100,,Aggregated,85.300000,0.000000,1200,1200,1200,1200,1200,1300,1300,1400,1600,2200,2600,61949,0,1200,1153.5442808344676,267.0395839959383,2596.3315830158535,0.0
1777047926,100,,Aggregated,86.300000,0.000000,1200,1200,1200,1200,1200,1300,1300,1400,1600,2200,2600,62035,0,1200,1153.5235440558474,267.0395839959383,2596.3315830158535,0.0
1777047927,100,,Aggregated,85.200000,0.000000,1200,1200,1200,1200,1200,1300,1300,1400,1600,2200,2600,62114,0,1200,1153.578177862458,267.0395839959383,2596.3315830158535,0.0
1777047928,100,,Aggregated,85.700000,0.000000,1200,1200,1200,1200,1200,1300,1300,1400,1600,2200,2600,62206,0,1200,1153.569119364092,267.0395839959383,2596.3315830158535,0.0
1777047929,100,,Aggregated,85.500000,0.000000,1200,1200,1200,1200,1200,1300,1300,1400,1600,2200,2600,62286,0,1200,1153.5810339663285,267.0395839959383,2596.3315830158535,0.0
1777047930,100,,Aggregated,85.800000,0.000000,1200,1200,1200,1200,1200,1300,1300,1400,1600,2200,2600,62377,0,1200,1153.6129519348892,267.0395839959383,2596.3315830158535,0.0
1777047931,100,,Aggregated,86.700000,0.000000,1200,1200,1200,1200,1200,1300,1300,1400,1600,2200,2600,62455,0,1200,1153.6119790075804,267.0395839959383,2596.3315830158535,0.0
1777047932,100,,Aggregated,86.600000,0.000000,1200,1200,1200,1200,1200,1300,1300,1400,1600,2200,2600,62551,0,1200,1153.6379742357215,267.0395839959383,2596.3315830158535,0.0
1777047933,100,,Aggregated,87.200000,0.000000,1200,1200,1200,1200,1200,1300,1300,1400,1600,2200,2600,62637,0,1200,1153.6522667087952,267.0395839959383,2596.3315830158535,0.0
1777047934,100,,Aggregated,86.900000,0.000000,1200,1200,1200,1200,1200,1300,1300,1400,1600,2200,2600,62722,0,1200,1153.6675327385585,267.0395839959383,2596.3315830158535,0.0
1777047935,100,,Aggregated,86.400000,0.000000,1200,1200,1200,1200,1200,1300,1300,1400,1600,2200,2600,62800,0,1200,1153.7165825684513,267.0395839959383,2596.3315830158535,0.0
1777047936,100,,Aggregated,85.900000,0.000000,1200,1200,1200,1200,1200,1300,1300,1400,1600,2200,2600,62895,0,1200,1153.7816019366815,267.0395839959383,2596.3315830158535,0.0
1777047937,100,,Aggregated,86.100000,0.000000,1200,1200,1200,1200,1200,1300,1300,1400,1600,2200,2600,62972,0,1200,1153.7574369278823,267.0395839959383,2596.3315830158535,0.0
1777047938,100,,Aggregated,85.100000,0.000000,1200,1200,1200,1200,1200,1300,1300,1400,1500,2200,2600,63062,0,1200,1153.7814241390647,267.0395839959383,2596.3315830158535,0.0
1777047939,100,,Aggregated,85.800000,0.000000,1200,1200,1200,1200,1200,1300,1300,1400,1500,2200,2600,63152,0,1200,1153.795095829899,267.0395839959383,2596.3315830158535,0.0
1777047940,100,,Aggregated,85.700000,0.000000,1200,1200,1200,1200,1200,1300,1300,1400,1500,2200,2600,63239,0,1200,1153.8373563995317,267.0395839959383,2596.3315830158535,0.0
1777047941,100,,Aggregated,85.700000,0.000000,1200,1200,1200,1200,1200,1300,1300,1400,1500,2200,2600,63318,0,1200,1153.8437348729105,267.0395839959383,2596.3315830158535,0.0
1777047942,100,,Aggregated,85.000000,0.000000,1200,1200,1200,1200,1200,1300,1300,1400,1500,2200,2600,63405,0,1200,1153.8629108866157,267.0395839959383,2596.3315830158535,0.0
1777047943,100,,Aggregated,84.300000,0.000000,1200,1200,1200,1200,1200,1300,1300,1400,1500,2200,2600,63491,0,1200,1153.9248245101794,267.0395839959383,2596.3315830158535,0.0
1777047944,100,,Aggregated,85.500000,0.000000,1200,1200,1200,1200,1200,1300,1300,1400,1500,2200,2600,63578,0,1200,1153.950314580418,267.0395839959383,2596.3315830158535,0.0
1777047945,100,,Aggregated,85.100000,0.000000,1200,1200,1200,1200,1200,1300,1300,1400,1500,2200,2600,63661,0,1200,1153.9780673204427,267.0395839959383,2596.3315830158535,0.0
1777047946,100,,Aggregated,85.100000,0.000000,1200,1200,1200,1200,1200,1300,1300,1400,1500,2200,2600,63747,0,1200,1154.0142610152598,267.0395839959383,2596.3315830158535,0.0
1777047947,100,,Aggregated,85.500000,0.000000,1200,1200,1200,1200,1200,1300,1300,1400,1500,2200,2600,63833,0,1200,1154.024217360511,267.0395839959383,2596.3315830158535,0.0
1777047948,100,,Aggregated,85.700000,0.000000,1200,1200,1200,1200,1200,1300,1300,1400,1500,2200,2600,63917,0,1200,1154.0561689251579,267.0395839959383,2596.3315830158535,0.0
1777047949,100,,Aggregated,84.600000,0.000000,1200,1200,1200,1200,1200,1300,1300,1400,1500,2200,2600,64002,0,1200,1154.0941686890446,267.0395839959383,2596.3315830158535,0.0
1777047950,100,,Aggregated,84.800000,0.000000,1200,1200,1200,1200,1200,1300,1300,1400,1500,2200,2600,64089,0,1200,1154.114636471352,267.0395839959383,2596.3315830158535,0.0
1777047951,100,,Aggregated,84.700000,0.000000,1200,1200,1200,1200,1200,1300,1300,1400,1500,2200,2600,64172,0,1200,1154.1608282023185,267.0395839959383,2596.3315830158535,0.0
1777047952,100,,Aggregated,85.400000,0.000000,1200,1200,1200,1200,1200,1300,1300,1400,1500,2200,2600,64251,0,1200,1154.212606915646,267.0395839959383,2596.3315830158535,0.0
1777047953,100,,Aggregated,86.000000,0.000000,1200,1200,1200,1200,1200,1300,1300,1400,1500,2200,2600,64341,0,1200,1154.2566043026834,267.0395839959383,2596.3315830158535,0.0
1777047954,100,,Aggregated,84.600000,0.000000,1200,1200,1200,1200,1200,1300,1300,1400,1500,2200,2600,64428,0,1200,1154.283891673467,267.0395839959383,2596.3315830158535,0.0
1777047955,100,,Aggregated,85.100000,0.000000,1200,1200,1200,1200,1200,1300,1300,1400,1500,2200,2600,64513,0,1200,1154.3068716432376,267.0395839959383,2596.3315830158535,0.0
1777047956,100,,Aggregated,84.100000,0.000000,1200,1200,1200,1200,1200,1300,1300,1400,1500,2200,2600,64598,0,1200,1154.3737168066407,267.0395839959383,2596.3315830158535,0.0
1777047957,100,,Aggregated,84.600000,0.000000,1200,1200,1200,1200,1200,1300,1300,1400,1500,2200,2600,64679,0,1200,1154.3934326859026,267.0395839959383,2596.3315830158535,0.0
1777047958,100,,Aggregated,84.800000,0.000000,1200,1200,1200,1200,1200,1300,1300,1400,1500,2200,2600,64771,0,1200,1154.3570443958502,267.0395839959383,2596.3315830158535,0.0
1777047959,100,,Aggregated,84.700000,0.000000,1200,1200,1200,1200,1200,1300,1300,1400,1500,2200,2600,64855,0,1200,1154.3625718472035,267.0395839959383,2596.3315830158535,0.0
1777047960,100,,Aggregated,84.700000,0.000000,1200,1200,1200,1200,1200,1300,1300,1400,1500,2200,2600,64939,0,1200,1154.4038573497771,267.0395839959383,2596.3315830158535,0.0
1777047961,100,,Aggregated,85.200000,0.000000,1200,1200,1200,1200,1200,1300,1300,1400,1500,2200,2600,65023,0,1200,1154.4530881409685,267.0395839959383,2596.3315830158535,0.0
1777047962,100,,Aggregated,85.200000,0.000000,1200,1200,1200,1200,1200,1300,1300,1400,1500,2200,2600,65109,0,1200,1154.4898071589982,267.0395839959383,2596.3315830158535,0.0
1777047963,100,,Aggregated,84.900000,0.000000,1200,1200,1200,1200,1200,1300,1300,1400,1500,2200,2600,65187,0,1200,1154.5044354501517,267.0395839959383,2596.3315830158535,0.0
1777047964,100,,Aggregated,85.000000,0.000000,1200,1200,1200,1200,1200,1300,1300,1400,1500,2200,2600,65274,0,1200,1154.5015464181495,267.0395839959383,2596.3315830158535,0.0
1777047965,100,,Aggregated,84.900000,0.000000,1200,1200,1200,1200,1200,1300,1300,1400,1500,2200,2600,65367,0,1200,1154.546558669715,267.0395839959383,2596.3315830158535,0.0
1777047966,100,,Aggregated,86.000000,0.000000,1200,1200,1200,1200,1200,1300,1300,1400,1500,2200,2600,65438,0,1200,1154.5633522466326,267.0395839959383,2596.3315830158535,0.0
1777047967,100,,Aggregated,85.500000,0.000000,1200,1200,1200,1200,1200,1300,1300,1400,1600,2200,2600,65480,0,1200,1154.8956124762076,267.0395839959383,2596.3315830158535,0.0
1777047968,100,,Aggregated,85.400000,0.000000,1200,1200,1200,1200,1200,1300,1300,1400,1900,2200,2600,65541,0,1200,1155.690023587435,267.0395839959383,2596.3315830158535,0.0
1777047969,100,,Aggregated,82.900000,0.000000,1200,1200,1200,1200,1200,1300,1300,1400,1900,2200,2600,65606,0,1200,1156.222079918666,267.0395839959383,2596.3315830158535,0.0
1777047970,100,,Aggregated,78.600000,0.000000,1200,1200,1200,1200,1200,1300,1300,1400,1900,2200,2600,65691,0,1200,1156.48790451788,267.0395839959383,2596.3315830158535,0.0
1777047971,100,,Aggregated,75.900000,0.000000,1200,1200,1200,1200,1200,1300,1300,1400,1900,2200,2600,65765,0,1200,1156.5384014998756,267.0395839959383,2596.3315830158535,0.0
1777047972,100,,Aggregated,74.800000,0.000000,1200,1200,1200,1200,1200,1300,1300,1400,1900,2200,2600,65851,0,1200,1156.5907313261073,267.0395839959383,2596.3315830158535,0.0
1777047973,100,,Aggregated,75.000000,0.000000,1200,1200,1200,1200,1200,1300,1300,1400,1900,2200,2600,65940,0,1200,1156.6659420403191,267.0395839959383,2596.3315830158535,0.0
1777047974,100,,Aggregated,73.900000,0.000000,1200,1200,1200,1200,1200,1300,1300,1400,1900,2200,2600,66029,0,1200,1156.7116057643398,267.0395839959383,2596.3315830158535,0.0
1777047975,100,,Aggregated,74.000000,0.000000,1200,1200,1200,1200,1200,1300,1300,1400,1900,2200,2600,66109,0,1200,1156.6401992853566,267.0395839959383,2596.3315830158535,0.0
1777047976,100,,Aggregated,74.400000,0.000000,1200,1200,1200,1200,1200,1300,1300,1400,1900,2200,2600,66189,0,1200,1156.6447559452583,267.0395839959383,2596.3315830158535,0.0
1777047977,100,,Aggregated,74.600000,0.000000,1200,1200,1200,1200,1200,1300,1300,1400,1900,2200,2600,66286,0,1200,1156.6937524522789,267.0395839959383,2596.3315830158535,0.0
1777047978,100,,Aggregated,74.400000,0.000000,1200,1200,1200,1200,1200,1300,1300,1400,1900,2200,2600,66371,0,1200,1156.7014548147793,267.0395839959383,2596.3315830158535,0.0
1777047979,100,,Aggregated,76.900000,0.000000,1200,1200,1200,1200,1200,1300,1300,1400,1900,2200,2600,66457,0,1200,1156.7183292631748,267.0395839959383,2596.3315830158535,0.0
1777047980,100,,Aggregated,81.400000,0.000000,1200,1200,1200,1200,1200,1300,1300,1400,1900,2200,2600,66543,0,1200,1156.7195819013832,267.0395839959383,2596.3315830158535,0.0
1777047981,100,,Aggregated,82.900000,0.000000,1200,1200,1200,1200,1200,1300,1300,1400,1900,2200,2600,66630,0,1200,1156.7376758199866,267.0395839959383,2596.3315830158535,0.0
1777047982,100,,Aggregated,84.500000,0.000000,1200,1200,1200,1200,1200,1300,1300,1400,1900,2200,2600,66715,0,1200,1156.7365370052735,267.0395839959383,2596.3315830158535,0.0
1777047983,100,,Aggregated,85.000000,0.000000,1200,1200,1200,1200,1200,1300,1300,1400,1900,2200,2600,66802,0,1200,1156.7678042370126,267.0395839959383,2596.3315830158535,0.0
1777047984,100,,Aggregated,86.200000,0.000000,1200,1200,1200,1200,1200,1300,1300,1400,1900,2200,2600,66888,0,1200,1156.7523780376598,267.0395839959383,2596.3315830158535,0.0
1777047985,100,,Aggregated,86.000000,0.000000,1200,1200,1200,1200,1200,1300,1300,1400,1900,2200,2600,66973,0,1200,1156.7733777719234,267.0395839959383,2596.3315830158535,0.0
1777047986,100,,Aggregated,85.600000,0.000000,1200,1200,1200,1200,1200,1300,1300,1400,1900,2200,2600,67054,0,1200,1156.8331282717947,267.0395839959383,2596.3315830158535,0.0
1777047987,100,,Aggregated,85.500000,0.000000,1200,1200,1200,1200,1200,1300,1300,1400,1900,2200,2600,67140,0,1200,1156.8484573641185,267.0395839959383,2596.3315830158535,0.0
1777047988,100,,Aggregated,85.100000,0.000000,1200,1200,1200,1200,1200,1300,1300,1400,1900,2200,2600,67230,0,1200,1156.9063952992835,267.0395839959383,2596.3315830158535,0.0
1777047989,100,,Aggregated,85.600000,0.000000,1200,1200,1200,1200,1200,1300,1300,1400,1900,2200,2600,67315,0,1200,1156.8848586882066,267.0395839959383,2596.3315830158535,0.0
1777047990,100,,Aggregated,85.400000,0.000000,1200,1200,1200,1200,1200,1300,1300,1400,1900,2200,2600,67390,0,1200,1156.913379899488,267.0395839959383,2596.3315830158535,0.0
1777047991,100,,Aggregated,86.400000,0.000000,1200,1200,1200,1200,1200,1300,1300,1400,1900,2200,2600,67487,0,1200,1156.9084079762526,267.0395839959383,2596.3315830158535,0.0
1777047992,100,,Aggregated,85.400000,0.000000,1200,1200,1200,1200,1200,1300,1300,1400,1900,2200,2600,67574,0,1200,1156.8811685062196,267.0395839959383,2596.3315830158535,0.0
1777047993,100,,Aggregated,85.400000,0.000000,1200,1200,1200,1200,1200,1300,1300,1400,1900,2200,2600,67659,0,1200,1156.8730307388428,267.0395839959383,2596.3315830158535,0.0
1777047994,100,,Aggregated,85.600000,0.000000,1200,1200,1200,1200,1200,1300,1300,1400,1900,2200,2600,67745,0,1200,1156.892590183385,267.0395839959383,2596.3315830158535,0.0
1777047995,100,,Aggregated,85.700000,0.000000,1200,1200,1200,1200,1200,1300,1300,1400,1900,2200,2600,67831,0,1200,1156.9076820820965,267.0395839959383,2596.3315830158535,0.0
1777047996,100,,Aggregated,85.700000,0.000000,1200,1200,1200,1200,1200,1300,1300,1400,1900,2200,2600,67916,0,1200,1156.954925982354,267.0395839959383,2596.3315830158535,0.0
1777047997,100,,Aggregated,85.600000,0.000000,1200,1200,1200,1200,1200,1300,1300,1400,1900,2200,2600,68002,0,1200,1156.972701392587,267.0395839959383,2596.3315830158535,0.0
1777047998,100,,Aggregated,86.100000,0.000000,1200,1200,1200,1200,1200,1300,1300,1400,1900,2200,2600,68082,0,1200,1156.9703176735213,267.0395839959383,2596.3315830158535,0.0
1777047999,100,,Aggregated,86.100000,0.000000,1200,1200,1200,1200,1200,1300,1300,1400,1900,2200,2600,68171,0,1200,1157.009281062459,267.0395839959383,2596.3315830158535,0.0
1777048000,100,,Aggregated,85.700000,0.000000,1200,1200,1200,1200,1200,1300,1300,1400,1900,2200,2600,68259,0,1200,1157.0111810075277,267.0395839959383,2596.3315830158535,0.0
1777048001,100,,Aggregated,85.400000,0.000000,1200,1200,1200,1200,1200,1300,1300,1400,1900,2200,2600,68345,0,1200,1157.029780874795,267.0395839959383,2596.3315830158535,0.0
1777048002,100,,Aggregated,86.000000,0.000000,1200,1200,1200,1200,1200,1300,1300,1400,1900,2200,2600,68432,0,1200,1157.045901028421,267.0395839959383,2596.3315830158535,0.0
1777048003,100,,Aggregated,85.200000,0.000000,1200,1200,1200,1200,1200,1300,1300,1400,1900,2200,2600,68519,0,1200,1157.0690011439563,267.0395839959383,2596.3315830158535,0.0
1777048004,100,,Aggregated,85.300000,0.000000,1200,1200,1200,1200,1200,1300,1300,1400,1900,2200,2600,68595,0,1200,1157.111840122089,267.0395839959383,2596.3315830158535,0.0
1777048005,100,,Aggregated,85.600000,0.000000,1200,1200,1200,1200,1200,1300,1300,1400,1900,2200,2600,68684,0,1200,1157.1393049983637,267.0395839959383,2596.3315830158535,0.0
1777048006,100,,Aggregated,85.500000,0.000000,1200,1200,1200,1200,1200,1300,1300,1400,1900,2200,2600,68765,0,1200,1157.1212891327375,267.0395839959383,2596.3315830158535,0.0
1777048007,100,,Aggregated,85.600000,0.000000,1200,1200,1200,1200,1200,1300,1300,1400,1900,2200,2600,68857,0,1200,1157.1255571413317,267.0395839959383,2596.3315830158535,0.0
1777048008,100,,Aggregated,85.500000,0.000000,1200,1200,1200,1200,1200,1300,1300,1400,1900,2200,2600,68947,0,1200,1157.1104531105902,267.0395839959383,2596.3315830158535,0.0
1777048009,100,,Aggregated,85.600000,0.000000,1200,1200,1200,1200,1200,1300,1300,1400,1900,2200,2600,69034,0,1200,1157.0986804193697,267.0395839959383,2596.3315830158535,0.0
1777048010,100,,Aggregated,84.800000,0.000000,1200,1200,1200,1200,1200,1300,1300,1400,1900,2200,2600,69115,0,1200,1157.1335601544051,267.0395839959383,2596.3315830158535,0.0
1777048011,100,,Aggregated,85.800000,0.000000,1200,1200,1200,1200,1200,1300,1300,1400,1900,2200,2600,69205,0,1200,1157.1370337257406,267.0395839959383,2596.3315830158535,0.0
1777048012,100,,Aggregated,85.400000,0.000000,1200,1200,1200,1200,1200,1300,1300,1400,1900,2200,2600,69291,0,1200,1157.1449397936938,267.0395839959383,2596.3315830158535,0.0
1777048013,100,,Aggregated,85.500000,0.000000,1200,1200,1200,1200,1200,1300,1300,1400,1900,2200,2600,69377,0,1200,1157.1552594651084,267.0395839959383,2596.3315830158535,0.0
1777048014,100,,Aggregated,85.500000,0.000000,1200,1200,1200,1200,1200,1300,1300,1400,1900,2200,2600,69465,0,1200,1157.1599673257035,267.0395839959383,2596.3315830158535,0.0
1777048015,100,,Aggregated,85.500000,0.000000,1200,1200,1200,1200,1200,1300,1300,1400,1900,2200,2600,69545,0,1200,1157.1585810858733,267.0395839959383,2596.3315830158535,0.0
1777048016,100,,Aggregated,85.400000,0.000000,1200,1200,1200,1200,1200,1300,1300,1400,1900,2200,2600,69635,0,1200,1157.1769456414586,267.0395839959383,2596.3315830158535,0.0
1777048017,100,,Aggregated,85.600000,0.000000,1200,1200,1200,1200,1200,1300,1300,1400,1900,2200,2600,69720,0,1200,1157.1967578054805,267.0395839959383,2596.3315830158535,0.0
1777048018,100,,Aggregated,85.100000,0.000000,1200,1200,1200,1200,1200,1300,1300,1400,1900,2200,2600,69805,0,1200,1157.2293391088174,267.0395839959383,2596.3315830158535,0.0
1777048019,100,,Aggregated,85.700000,0.000000,1200,1200,1200,1200,1200,1300,1300,1400,1900,2200,2600,69882,0,1200,1157.2717741852857,267.0395839959383,2596.3315830158535,0.0
1777048020,100,,Aggregated,86.400000,0.000000,1200,1200,1200,1200,1200,1300,1300,1400,1900,2200,2600,69969,0,1200,1157.3233267642097,267.0395839959383,2596.3315830158535,0.0
1777048022,100,,Aggregated,85.400000,0.000000,1200,1200,1200,1200,1200,1300,1300,1400,1900,2200,2600,70059,0,1200,1157.406744007821,267.0395839959383,2596.3315830158535,0.0
1777048023,100,,Aggregated,84.800000,0.000000,1200,1200,1200,1200,1200,1300,1300,1400,1900,2200,2600,70146,0,1200,1157.4151923045765,267.0395839959383,2596.3315830158535,0.0
1777048024,100,,Aggregated,85.300000,0.000000,1200,1200,1200,1200,1200,1300,1300,1400,1900,2200,2600,70228,0,1200,1157.3870658080205,267.0395839959383,2596.3315830158535,0.0
1777048025,100,,Aggregated,85.400000,0.000000,1200,1200,1200,1200,1200,1300,1300,1400,1900,2200,2600,70320,0,1200,1157.379671158995,267.0395839959383,2596.3315830158535,0.0
1777048026,100,,Aggregated,85.000000,0.000000,1200,1200,1200,1200,1200,1300,1300,1400,1900,2200,2600,70408,0,1200,1157.3226773920203,267.0395839959383,2596.3315830158535,0.0
1777048027,100,,Aggregated,85.400000,0.000000,1200,1200,1200,1200,1200,1300,1300,1400,1900,2200,2600,70492,0,1200,1157.3625108515594,267.0395839959383,2596.3315830158535,0.0
1777048028,100,,Aggregated,86.100000,0.000000,1200,1200,1200,1200,1200,1300,1300,1400,1900,2200,2600,70579,0,1200,1157.3576357655702,267.0395839959383,2596.3315830158535,0.0
1777048029,100,,Aggregated,85.400000,0.000000,1200,1200,1200,1200,1200,1300,1300,1400,1900,2200,2600,70664,0,1200,1157.3634206925776,267.0395839959383,2596.3315830158535,0.0
1777048030,100,,Aggregated,85.500000,0.000000,1200,1200,1200,1200,1200,1300,1300,1400,1900,2200,2600,70750,0,1200,1157.3732956046958,267.0395839959383,2596.3315830158535,0.0
1777048031,100,,Aggregated,85.700000,0.000000,1200,1200,1200,1200,1200,1300,1300,1400,1900,2200,2600,70836,0,1200,1157.393002946175,267.0395839959383,2596.3315830158535,0.0
1777048032,100,,Aggregated,86.600000,0.000000,1200,1200,1200,1200,1200,1300,1300,1400,1900,2200,2600,70920,0,1200,1157.4282112795165,267.0395839959383,2596.3315830158535,0.0
1777048033,100,,Aggregated,86.400000,0.000000,1200,1200,1200,1200,1200,1300,1300,1400,1900,2200,2600,71003,0,1200,1157.4301747828606,267.0395839959383,2596.3315830158535,0.0
1777048034,100,,Aggregated,85.900000,0.000000,1200,1200,1200,1200,1200,1300,1300,1400,1900,2200,2600,71089,0,1200,1157.473062464185,267.0395839959383,2596.3315830158535,0.0
1777048035,100,,Aggregated,85.900000,0.000000,1200,1200,1200,1200,1200,1300,1300,1400,1900,2200,2600,71167,0,1200,1157.502124647794,267.0395839959383,2596.3315830158535,0.0
1777048036,100,,Aggregated,85.100000,0.000000,1200,1200,1200,1200,1200,1300,1300,1400,1900,2200,2600,71257,0,1200,1157.53124160166,267.0395839959383,2596.3315830158535,0.0
1777048037,100,,Aggregated,84.700000,0.000000,1200,1200,1200,1200,1200,1300,1300,1400,1900,2200,2600,71344,0,1200,1157.588730878668,267.0395839959383,2596.3315830158535,0.0
1777048038,100,,Aggregated,85.000000,0.000000,1200,1200,1200,1200,1200,1300,1300,1400,1900,2200,2600,71429,0,1200,1157.6213969357107,267.0395839959383,2596.3315830158535,0.0
1777048039,100,,Aggregated,85.000000,0.000000,1200,1200,1200,1200,1200,1300,1300,1400,1900,2200,2600,71507,0,1200,1157.639469223513,267.0395839959383,2596.3315830158535,0.0
1777048040,100,,Aggregated,85.000000,0.000000,1200,1200,1200,1200,1200,1300,1300,1400,1900,2200,2600,71596,0,1200,1157.6432851400596,267.0395839959383,2596.3315830158535,0.0
1777048041,100,,Aggregated,84.400000,0.000000,1200,1200,1200,1200,1200,1300,1300,1400,1900,2200,2600,71685,0,1200,1157.670872818746,267.0395839959383,2596.3315830158535,0.0
1777048042,100,,Aggregated,84.800000,0.000000,1200,1200,1200,1200,1200,1300,1300,1400,1900,2200,2600,71773,0,1200,1157.6658973774088,267.0395839959383,2596.3315830158535,0.0
1777048043,100,,Aggregated,83.800000,0.000000,1200,1200,1200,1200,1200,1300,1300,1400,1900,2200,2600,71860,0,1200,1157.6645239796098,267.0395839959383,2596.3315830158535,0.0
1777048044,100,,Aggregated,85.000000,0.000000,1200,1200,1200,1200,1200,1300,1300,1400,1900,2200,2600,71943,0,1200,1157.6699680227903,267.0395839959383,2596.3315830158535,0.0
1777048045,100,,Aggregated,85.200000,0.000000,1200,1200,1200,1200,1200,1300,1300,1400,1900,2200,2600,72029,0,1200,1157.6905901176444,267.0395839959383,2596.3315830158535,0.0
1777048046,100,,Aggregated,85.800000,0.000000,1200,1200,1200,1200,1200,1300,1300,1400,1900,2200,2600,72116,0,1200,1157.6899692099066,267.0395839959383,2596.3315830158535,0.0
1777048047,100,,Aggregated,85.100000,0.000000,1200,1200,1200,1200,1200,1300,1300,1400,1900,2200,2600,72199,0,1200,1157.687998193626,267.0395839959383,2596.3315830158535,0.0
1777048048,100,,Aggregated,85.200000,0.000000,1200,1200,1200,1200,1200,1300,1300,1400,1900,2200,2600,72287,0,1200,1157.6933830564924,267.0395839959383,2596.3315830158535,0.0
1777048049,100,,Aggregated,85.600000,0.000000,1200,1200,1200,1200,1200,1300,1300,1400,1900,2200,2600,72373,0,1200,1157.715460585657,267.0395839959383,2596.3315830158535,0.0
1777048050,100,,Aggregated,86.500000,0.000000,1200,1200,1200,1200,1200,1300,1300,1400,1900,2200,2600,72457,0,1200,1157.753821308551,267.0395839959383,2596.3315830158535,0.0
1777048051,100,,Aggregated,85.900000,0.000000,1200,1200,1200,1200,1200,1300,1300,1400,1900,2200,2600,72541,0,1200,1157.800381708422,267.0395839959383,2596.3315830158535,0.0
1777048052,100,,Aggregated,85.400000,0.000000,1200,1200,1200,1200,1200,1300,1300,1400,1900,2200,2600,72626,0,1200,1157.8450359899578,267.0395839959383,2596.3315830158535,0.0
1777048053,100,,Aggregated,86.200000,0.000000,1200,1200,1200,1200,1200,1300,1300,1400,1900,2200,2600,72705,0,1200,1157.8650558193872,267.0395839959383,2596.3315830158535,0.0
1777048054,100,,Aggregated,86.200000,0.000000,1200,1200,1200,1200,1200,1300,1300,1400,1900,2200,2600,72785,0,1200,1157.9243700867569,267.0395839959383,2596.3315830158535,0.0
1777048055,100,,Aggregated,85.000000,0.000000,1200,1200,1200,1200,1200,1300,1300,1400,1900,2200,2600,72866,0,1200,1157.9606600525283,267.0395839959383,2596.3315830158535,0.0
1777048056,100,,Aggregated,84.800000,0.000000,1200,1200,1200,1200,1200,1300,1300,1400,1900,2200,2600,72965,0,1200,1157.9680569805582,267.0395839959383,2596.3315830158535,0.0
1777048057,100,,Aggregated,84.800000,0.000000,1200,1200,1200,1200,1200,1300,1300,1400,1900,2200,2600,73056,0,1200,1157.9748289132922,267.0395839959383,2596.3315830158535,0.0
1777048058,100,,Aggregated,84.400000,0.000000,1200,1200,1200,1200,1200,1300,1300,1400,1900,2200,2600,73134,0,1200,1157.9529529072872,267.0395839959383,2596.3315830158535,0.0
1777048059,100,,Aggregated,84.300000,0.000000,1200,1200,1200,1200,1200,1300,1300,1400,1900,2200,2600,73226,0,1200,1157.908916286094,267.0395839959383,2596.3315830158535,0.0
1777048060,100,,Aggregated,85.200000,0.000000,1200,1200,1200,1200,1200,1300,1300,1400,1900,2200,2600,73315,0,1200,1157.89232635093,267.0395839959383,2596.3315830158535,0.0
1777048061,100,,Aggregated,85.500000,0.000000,1200,1200,1200,1200,1200,1300,1300,1400,1900,2200,2600,73404,0,1200,1157.887329079432,267.0395839959383,2596.3315830158535,0.0
1777048062,100,,Aggregated,85.600000,0.000000,1200,1200,1200,1200,1200,1300,1300,1400,1900,2200,2600,73490,0,1200,1157.8793200401763,267.0395839959383,2596.3315830158535,0.0
1777048063,100,,Aggregated,86.000000,0.000000,1200,1200,1200,1200,1200,1300,1300,1400,1900,2200,2600,73577,0,1200,1157.8813950356969,267.0395839959383,2596.3315830158535,0.0
1777048064,100,,Aggregated,86.100000,0.000000,1200,1200,1200,1200,1200,1300,1300,1400,1900,2200,2600,73663,0,1200,1157.8918685680928,267.0395839959383,2596.3315830158535,0.0
1777048065,100,,Aggregated,86.800000,0.000000,1200,1200,1200,1200,1200,1300,1300,1400,1900,2200,2600,73748,0,1200,1157.8957647641619,267.0395839959383,2596.3315830158535,0.0
1777048066,100,,Aggregated,85.900000,0.000000,1200,1200,1200,1200,1200,1300,1300,1400,1900,2200,2600,73829,0,1200,1157.9008076556145,267.0395839959383,2596.3315830158535,0.0
1777048067,100,,Aggregated,87.100000,0.000000,1200,1200,1200,1200,1200,1300,1300,1400,1900,2200,2600,73920,0,1200,1157.9266828636682,267.0395839959383,2596.3315830158535,0.0
1777048068,100,,Aggregated,87.100000,0.000000,1200,1200,1200,1200,1200,1300,1300,1400,1800,2200,2600,74007,0,1200,1157.9200558690843,267.0395839959383,2596.3315830158535,0.0
1777048069,100,,Aggregated,86.300000,0.000000,1200,1200,1200,1200,1200,1300,1300,1400,1800,2200,2600,74094,0,1200,1157.9406789443178,267.0395839959383,2596.3315830158535,0.0
1777048070,100,,Aggregated,86.100000,0.000000,1200,1200,1200,1200,1200,1300,1300,1400,1800,2200,2600,74174,0,1200,1157.9527277194193,267.0395839959383,2596.3315830158535,0.0
1777048071,100,,Aggregated,85.900000,0.000000,1200,1200,1200,1200,1200,1300,1300,1400,1800,2200,2600,74263,0,1200,1157.974038012738,267.0395839959383,2596.3315830158535,0.0
1777048072,100,,Aggregated,85.900000,0.000000,1200,1200,1200,1200,1200,1300,1300,1400,1800,2200,2600,74351,0,1200,1157.9876654755544,267.0395839959383,2596.3315830158535,0.0
1777048073,100,,Aggregated,85.800000,0.000000,1200,1200,1200,1200,1200,1300,1300,1400,1800,2200,2600,74437,0,1200,1157.9951024885463,267.0395839959383,2596.3315830158535,0.0
1777048074,100,,Aggregated,85.700000,0.000000,1200,1200,1200,1200,1200,1300,1300,1400,1800,2200,2600,74521,0,1200,1158.013917006386,267.0395839959383,2596.3315830158535,0.0
1777048075,100,,Aggregated,85.800000,0.000000,1200,1200,1200,1200,1200,1300,1300,1400,1800,2200,2600,74602,0,1200,1158.0642095802916,267.0395839959383,2596.3315830158535,0.0
1777048076,100,,Aggregated,85.400000,0.000000,1200,1200,1200,1200,1200,1300,1300,1400,1800,2200,2600,74693,0,1200,1158.0217485349644,267.0395839959383,2596.3315830158535,0.0
1777048077,100,,Aggregated,85.100000,0.000000,1200,1200,1200,1200,1200,1300,1300,1400,1800,2200,2600,74779,0,1200,1158.0278481936966,267.0395839959383,2596.3315830158535,0.0
1777048078,100,,Aggregated,85.500000,0.000000,1200,1200,1200,1200,1200,1300,1300,1400,1800,2200,2600,74864,0,1200,1158.0391251946928,267.0395839959383,2596.3315830158535,0.0
1777048079,100,,Aggregated,85.800000,0.000000,1200,1200,1200,1200,1200,1300,1300,1400,1800,2200,2600,74950,0,1200,1158.0590833894646,267.0395839959383,2596.3315830158535,0.0
1777048080,100,,Aggregated,85.100000,0.000000,1200,1200,1200,1200,1200,1300,1300,1400,1800,2200,2600,75031,0,1200,1158.1041402402266,267.0395839959383,2596.3315830158535,0.0
1777048081,100,,Aggregated,85.500000,0.000000,1200,1200,1200,1200,1200,1300,1300,1400,1800,2200,2600,75111,0,1200,1158.1350298157456,267.0395839959383,2596.3315830158535,0.0
1777048082,100,,Aggregated,85.000000,0.000000,1200,1200,1200,1200,1200,1300,1300,1400,1800,2200,2600,75201,0,1200,1158.1442925303163,267.0395839959383,2596.3315830158535,0.0
1777048083,100,,Aggregated,85.300000,0.000000,1200,1200,1200,1200,1200,1300,1300,1400,1800,2200,2600,75291,0,1200,1158.14481350684,267.0395839959383,2596.3315830158535,0.0
1777048084,100,,Aggregated,85.300000,0.000000,1200,1200,1200,1200,1200,1300,1300,1400,1800,2200,2600,75377,0,1200,1158.1370902717874,267.0395839959383,2596.3315830158535,0.0
1777048085,100,,Aggregated,85.100000,0.000000,1200,1200,1200,1200,1200,1300,1300,1400,1800,2200,2600,75464,0,1200,1158.149339288117,267.0395839959383,2596.3315830158535,0.0
1777048086,100,,Aggregated,86.300000,0.000000,1200,1200,1200,1200,1200,1300,1300,1400,1800,2200,2600,75548,0,1200,1158.1858304152258,267.0395839959383,2596.3315830158535,0.0
1777048087,100,,Aggregated,85.800000,0.000000,1200,1200,1200,1200,1200,1300,1300,1400,1800,2200,2600,75632,0,1200,1158.217068890078,267.0395839959383,2596.3315830158535,0.0
1777048088,100,,Aggregated,84.800000,0.000000,1200,1200,1200,1200,1200,1300,1300,1400,1800,2200,2600,75720,0,1200,1158.2431616294546,267.0395839959383,2596.3315830158535,0.0
1777048089,100,,Aggregated,85.600000,0.000000,1200,1200,1200,1200,1200,1300,1300,1400,1800,2200,2600,75796,0,1200,1158.2385663809873,267.0395839959383,2596.3315830158535,0.0
1777048090,100,,Aggregated,85.000000,0.000000,1200,1200,1200,1200,1200,1300,1300,1400,1800,2200,2600,75884,0,1200,1158.2549726617358,267.0395839959383,2596.3315830158535,0.0
1777048091,100,,Aggregated,84.900000,0.000000,1200,1200,1200,1200,1200,1300,1300,1400,1800,2200,2600,75975,0,1200,1158.2883834189672,267.0395839959383,2596.3315830158535,0.0
1777048092,100,,Aggregated,85.800000,0.000000,1200,1200,1200,1200,1200,1300,1300,1400,1800,2200,2600,76062,0,1200,1158.2945714040382,267.0395839959383,2596.3315830158535,0.0
1777048093,100,,Aggregated,85.400000,0.000000,1200,1200,1200,1200,1200,1300,1300,1400,1800,2200,2600,76141,0,1200,1158.269836701593,267.0395839959383,2596.3315830158535,0.0
1777048094,100,,Aggregated,84.300000,0.000000,1200,1200,1200,1200,1200,1300,1300,1400,1800,2200,2600,76231,0,1200,1158.3014410438655,267.0395839959383,2596.3315830158535,0.0
1777048095,100,,Aggregated,85.500000,0.000000,1200,1200,1200,1200,1200,1300,1300,1400,1800,2200,2600,76317,0,1200,1158.2973931397971,267.0395839959383,2596.3315830158535,0.0
1777048096,100,,Aggregated,85.300000,0.000000,1200,1200,1200,1200,1200,1300,1300,1400,1800,2200,2600,76405,0,1200,1158.30305901068,267.0395839959383,2596.3315830158535,0.0
1777048097,100,,Aggregated,85.300000,0.000000,1200,1200,1200,1200,1200,1300,1300,1400,1800,2200,2600,76491,0,1200,1158.3272892851828,267.0395839959383,2596.3315830158535,0.0
1777048098,100,,Aggregated,85.900000,0.000000,1200,1200,1200,1200,1200,1300,1300,1400,1800,2200,2600,76578,0,1200,1158.3286152229882,267.0395839959383,2596.3315830158535,0.0
1777048099,100,,Aggregated,85.100000,0.000000,1200,1200,1200,1200,1200,1300,1300,1400,1800,2200,2600,76663,0,1200,1158.3276502877138,267.0395839959383,2596.3315830158535,0.0
1777048100,100,,Aggregated,86.100000,0.000000,1200,1200,1200,1200,1200,1300,1300,1400,1800,2200,2600,76749,0,1200,1158.3733732698292,267.0395839959383,2596.3315830158535,0.0
1777048101,100,,Aggregated,85.200000,0.000000,1200,1200,1200,1200,1200,1300,1300,1400,1800,2200,2600,76832,0,1200,1158.3720896051152,267.0395839959383,2596.3315830158535,0.0
1777048102,100,,Aggregated,85.100000,0.000000,1200,1200,1200,1200,1200,1300,1300,1400,1800,2200,2600,76918,0,1200,1158.4066432547902,267.0395839959383,2596.3315830158535,0.0
1777048103,100,,Aggregated,85.300000,0.000000,1200,1200,1200,1200,1200,1300,1300,1400,1800,2200,2600,76998,0,1200,1158.4298983722942,267.0395839959383,2596.3315830158535,0.0
