Timestamp,User Count,Type,Name,Requests/s,Failures/s,50%,66%,75%,80%,90%,95%,98%,99%,99.9%,99.99%,100%,Total Request Count,Total Failure Count,Total Median Response Time,Total Average Response Time,Total Min Response Time,Total Max Response Time,Total Average Content Size
1777051029,0,,Aggregated,0.000000,0.000000,N/A,N/A,N/A,N/A,N/A,N/A,N/A,N/A,N/A,N/A,N/A,0,0,0,0.0,0,0,0
1777051030,10,,Aggregated,0.000000,0.000000,900,900,900,900,900,900,900,900,900,900,900,3,0,898.7592089979444,896.4654310063148,894.3846670154016,898.7592089979444,303.6666666666667
1777051031,20,,Aggregated,0.000000,0.000000,360,900,950,950,1100,1700,1900,1900,1900,1900,1900,21,0,360,714.0329940967994,289.2981249897275,1949.5655420178082,303.85714285714283
1777051032,30,,Aggregated,0.000000,0.000000,350,360,880,900,990,1300,1700,1900,1900,1900,1900,59,0,350,543.9894915083858,289.2981249897275,1949.5655420178082,303.9491525423729
1777051033,40,,Aggregated,6.500000,0.000000,350,350,410,770,950,1300,1800,1900,3800,3800,3800,101,0,350,542.0303247127875,287.3431660118513,3792.807791993255,304.009900990099
1777051034,50,,Aggregated,15.000000,0.000000,350,390,440,520,940,1300,1800,3800,4100,4100,4100,162,0,350,529.6122021978523,287.16083301696926,4080.61070900294,303.98765432098764
1777051035,60,,Aggregated,22.750000,0.000000,350,380,420,500,950,1600,2800,3800,4400,4400,4400,250,0,350,537.1877990366193,256.6222919849679,4437.471624987666,304.056
1777051036,70,,Aggregated,28.400000,0.000000,350,380,420,470,850,1300,2200,3100,4400,4400,4400,363,0,350,508.83365485721947,256.6222919849679,4437.471624987666,304.09641873278235
1777051037,80,,Aggregated,36.166667,0.000000,360,400,420,450,770,1300,2800,4400,7300,7300,7300,493,0,360,533.9316369112157,256.6222919849679,7319.3226250004955,304.09127789046653
1777051038,90,,Aggregated,47.142857,0.000000,370,400,430,450,730,1100,2200,4100,7300,7300,7300,627,0,370,518.9361240653703,256.6222919849679,7319.3226250004955,304.0685805422647
1777051039,100,,Aggregated,56.750000,0.000000,390,430,460,490,750,1100,2200,4300,8600,8600,8600,754,0,390,543.5008213872927,256.6222919849679,8582.562541996595,304.0663129973475
1777051040,100,,Aggregated,64.777778,0.000000,410,470,500,520,690,1100,3100,5200,8600,8600,8600,892,0,410,571.7678908330457,256.6222919849679,8582.562541996595,304.0919282511211
1777051041,100,,Aggregated,71.700000,0.000000,430,510,530,560,650,1100,3100,4900,8300,8600,8600,1024,0,430,592.7541416778297,256.6222919849679,8582.562541996595,304.107421875
1777051042,100,,Aggregated,85.500000,0.000000,460,530,570,600,690,950,3100,4900,8600,12000,12000,1159,0,460,611.2201799985304,256.6222919849679,12263.518332998501,304.1095772217429
1777051043,100,,Aggregated,97.700000,0.000000,500,560,590,610,690,930,3100,4900,8600,12000,12000,1293,0,500,614.9742272454924,256.6222919849679,12263.518332998501,304.1183294663573
1777051044,100,,Aggregated,107.400000,0.000000,510,570,610,630,720,900,3100,5200,8600,12000,12000,1384,0,510,631.5454735630385,256.6222919849679,12263.518332998501,304.1112716763006
1777051045,100,,Aggregated,116.600000,0.000000,520,590,630,660,860,1000,3100,5200,12000,13000,13000,1507,0,520,665.2717589297657,256.6222919849679,12585.861708008451,304.12143331121433
1777051046,100,,Aggregated,122.300000,0.000000,540,610,660,700,900,1000,3100,5200,12000,13000,13000,1623,0,540,677.474365733228,256.6222919849679,12585.861708008451,304.12014787430684
1777051047,100,,Aggregated,125.600000,0.000000,560,630,680,720,900,1000,2800,5300,12000,13000,13000,1767,0,560,691.3549103073465,256.6222919849679,12585.861708008451,304.11262026032824
1777051048,100,,Aggregated,126.900000,0.000000,570,640,690,720,890,1000,2700,5200,12000,13000,13000,1884,0,570,690.623261794077,256.6222919849679,12585.861708008451,304.1104033970276
1777051049,100,,Aggregated,127.300000,0.000000,580,650,700,720,900,1000,2200,4900,12000,13000,13000,2030,0,580,690.5527349374357,256.6222919849679,12585.861708008451,304.1034482758621
1777051050,100,,Aggregated,127.100000,0.000000,580,650,700,720,900,1000,2100,4400,12000,13000,13000,2175,0,580,687.5734582008934,256.6222919849679,12585.861708008451,304.11172413793105
1777051051,100,,Aggregated,126.900000,0.000000,580,650,700,720,900,1000,1900,4300,12000,15000,15000,2311,0,580,691.4018248048054,256.6222919849679,15330.165249994025,304.1181306793596
1777051052,100,,Aggregated,128.200000,0.000000,590,660,700,740,900,1000,1800,4200,12000,15000,15000,2448,0,590,692.894372447269,256.6222919849679,15330.165249994025,304.1200980392157
1777051053,100,,Aggregated,127.900000,0.000000,600,680,710,750,900,1000,1800,4300,15000,18000,18000,2574,0,600,706.8166903671215,256.6222919849679,17804.455917008454,304.1142191142191
1777051054,100,,Aggregated,128.200000,0.000000,610,690,720,750,890,1000,1700,4100,15000,18000,18000,2711,0,610,707.2998211147948,256.6222919849679,17804.455917008454,304.1191442272224
1777051055,100,,Aggregated,127.200000,0.000000,620,690,720,760,870,1000,1600,4100,15000,18000,18000,2854,0,620,713.7096920999563,256.6222919849679,17804.455917008454,304.12333566923616
1777051056,100,,Aggregated,130.100000,0.000000,620,690,730,760,870,1000,1600,4100,15000,18000,18000,2977,0,620,711.2357558243782,256.6222919849679,17804.455917008454,304.12462210278807
1777051057,100,,Aggregated,131.600000,0.000000,630,700,740,760,860,1000,1400,4000,15000,18000,18000,3114,0,630,713.2663610321124,256.6222919849679,17804.455917008454,304.12138728323697
1777051058,100,,Aggregated,134.100000,0.000000,640,700,740,760,860,1000,1400,4000,15000,18000,18000,3252,0,640,713.494615069819,256.6222919849679,17804.455917008454,304.1230012300123
1777051059,100,,Aggregated,134.000000,0.000000,650,700,740,760,850,990,1300,3900,15000,18000,18000,3385,0,650,713.6582147963975,256.6222919849679,17804.455917008454,304.1137370753323
1777051060,100,,Aggregated,134.500000,0.000000,650,710,740,760,840,980,1300,3800,15000,24000,24000,3519,0,650,720.3899297382104,256.6222919849679,23547.778625012143,304.11452117078716
1777051061,100,,Aggregated,133.700000,0.000000,660,710,740,760,830,960,1300,3200,15000,24000,24000,3653,0,660,720.1729358728794,256.6222919849679,23547.778625012143,304.11579523679166
1777051062,100,,Aggregated,132.800000,0.000000,670,710,740,760,830,960,1300,3100,15000,24000,24000,3790,0,670,719.8503996027777,256.6222919849679,23547.778625012143,304.11926121372034
1777051063,100,,Aggregated,133.500000,0.000000,670,710,740,760,830,950,1300,3100,15000,24000,24000,3901,0,670,720.0689714485094,256.6222919849679,23547.778625012143,304.12535247372466
1777051064,100,,Aggregated,133.800000,0.000000,670,710,740,760,830,960,1300,3100,15000,29000,29000,4048,0,670,726.3383832956495,256.6222919849679,29296.43404201488,304.12351778656125
1777051065,100,,Aggregated,135.200000,0.000000,670,710,750,770,840,960,1300,2800,15000,29000,29000,4189,0,670,727.0936552778237,256.6222919849679,29296.43404201488,304.12723800429694
1777051066,100,,Aggregated,134.000000,0.000000,670,710,750,770,850,970,1200,2700,15000,29000,29000,4327,0,670,726.8550360626638,256.6222919849679,29296.43404201488,304.12733995840074
1777051067,100,,Aggregated,135.800000,0.000000,670,710,740,770,850,980,1300,2700,18000,36000,36000,4438,0,670,734.7003864819276,256.6222919849679,36386.71916699968,304.13339342045964
1777051068,100,,Aggregated,132.700000,0.000000,680,710,750,770,860,1000,1300,2700,18000,37000,37000,4596,0,680,742.1038465883289,256.6222919849679,36643.71616599965,304.1357702349869
1777051069,100,,Aggregated,134.600000,0.000000,680,720,750,770,860,1000,1300,2200,18000,37000,37000,4735,0,680,742.2866771568763,256.6222919849679,36643.71616599965,304.13664202745514
1777051070,100,,Aggregated,135.700000,0.000000,680,720,750,770,860,990,1200,2200,18000,37000,37000,4853,0,680,743.14366386972,256.6222919849679,36643.71616599965,304.1378528745106
1777051071,100,,Aggregated,136.100000,0.000000,680,730,760,780,870,1000,1200,2200,18000,37000,37000,4992,0,680,745.8216207128938,256.6222919849679,36643.71616599965,304.14102564102564
1777051072,100,,Aggregated,134.100000,0.000000,690,730,760,780,870,1000,1200,2100,18000,37000,37000,5115,0,690,745.1746954965431,256.6222919849679,36643.71616599965,304.14173998044964
1777051073,100,,Aggregated,132.300000,0.000000,690,730,760,790,870,990,1200,1900,18000,37000,37000,5252,0,690,746.195763242326,256.6222919849679,36643.71616599965,304.14432597105866
1777051074,100,,Aggregated,133.000000,0.000000,690,730,760,790,870,990,1100,1900,18000,37000,37000,5383,0,690,746.3745321307,256.6222919849679,36643.71616599965,304.1473156232584
1777051075,100,,Aggregated,131.500000,0.000000,690,730,760,780,870,980,1100,1800,18000,37000,37000,5522,0,690,745.9115971270421,256.6222919849679,36643.71616599965,304.1481347337921
1777051076,100,,Aggregated,132.400000,0.000000,690,740,770,790,860,980,1100,1800,18000,37000,37000,5659,0,690,745.5629725217323,256.6222919849679,36643.71616599965,304.1503799257819
1777051077,100,,Aggregated,132.200000,0.000000,700,740,770,790,860,970,1100,1800,18000,37000,37000,5795,0,700,745.6116417467885,256.6222919849679,36643.71616599965,304.15306298533216
1777051078,100,,Aggregated,133.500000,0.000000,700,740,770,790,860,960,1100,1700,18000,37000,37000,5928,0,700,745.7111796493441,256.6222919849679,36643.71616599965,304.1518218623482
1777051079,100,,Aggregated,132.100000,0.000000,700,740,770,790,860,960,1100,1700,15000,37000,37000,6051,0,700,745.2275872448275,256.6222919849679,36643.71616599965,304.1502231036192
1777051080,100,,Aggregated,130.900000,0.000000,700,740,770,790,860,960,1100,1600,15000,37000,37000,6195,0,700,744.6218165332353,256.6222919849679,36643.71616599965,304.1486682808717
1777051081,100,,Aggregated,131.900000,0.000000,700,740,770,790,860,970,1100,1600,15000,37000,37000,6342,0,700,744.7310475550859,256.6222919849679,36643.71616599965,304.14601072216965
1777051082,100,,Aggregated,133.400000,0.000000,700,740,770,790,860,970,1100,1600,15000,37000,37000,6468,0,700,744.8404372500498,256.6222919849679,36643.71616599965,304.1465677179963
1777051083,100,,Aggregated,134.700000,0.000000,700,740,770,790,870,980,1100,1500,15000,37000,37000,6602,0,700,744.8978758917555,256.6222919849679,36643.71616599965,304.1445016661618
1777051084,100,,Aggregated,133.500000,0.000000,700,740,770,790,870,990,1100,1500,15000,37000,37000,6741,0,700,744.5530272605569,256.6222919849679,36643.71616599965,304.1449339860555
1777051085,100,,Aggregated,134.300000,0.000000,700,740,770,790,870,1000,1100,1400,15000,37000,37000,6882,0,700,744.0932414708735,248.28441700083204,36643.71616599965,304.1453065969195
1777051086,100,,Aggregated,134.700000,0.000000,700,740,770,790,870,990,1100,1400,15000,37000,37000,7012,0,700,744.0372343617561,248.28441700083204,36643.71616599965,304.14575014261266
1777051087,100,,Aggregated,134.800000,0.000000,700,740,770,800,870,990,1100,1400,15000,37000,37000,7146,0,700,744.5700045089367,248.28441700083204,36643.71616599965,304.14385670305063
1777051088,100,,Aggregated,135.300000,0.000000,700,740,770,800,870,980,1100,1400,15000,37000,37000,7282,0,700,744.6163888139171,248.28441700083204,36643.71616599965,304.14254325734686
1777051089,100,,Aggregated,134.800000,0.000000,700,740,770,790,870,980,1100,1400,15000,37000,37000,7418,0,700,744.3890716178146,248.28441700083204,36643.71616599965,304.1437045025613
1777051090,100,,Aggregated,134.900000,0.000000,700,740,770,800,860,970,1100,1400,15000,37000,37000,7541,0,700,744.3664472229046,248.28441700083204,36643.71616599965,304.14361490518496
1777051091,100,,Aggregated,134.700000,0.000000,700,740,780,800,860,970,1100,1400,15000,37000,37000,7674,0,700,744.6375799952884,248.28441700083204,36643.71616599965,304.1446442533229
1777051092,100,,Aggregated,134.300000,0.000000,700,740,780,800,860,970,1100,1400,15000,37000,37000,7818,0,700,744.4042640772169,248.28441700083204,36643.71616599965,304.14581734458943
1777051093,100,,Aggregated,134.500000,0.000000,700,750,780,790,860,960,1100,1400,15000,37000,37000,7954,0,700,744.4596095752785,248.28441700083204,36643.71616599965,304.1460900176012
1777051094,100,,Aggregated,134.600000,0.000000,710,750,780,790,860,960,1100,1400,13000,37000,37000,8093,0,710,744.3547756212573,248.28441700083204,36643.71616599965,304.1466699616953
1777051095,100,,Aggregated,135.000000,0.000000,710,750,780,790,860,960,1100,1400,13000,37000,37000,8224,0,710,744.1888779305345,248.28441700083204,36643.71616599965,304.147859922179
1777051096,100,,Aggregated,134.600000,0.000000,710,750,780,790,860,950,1000,1400,13000,37000,37000,8341,0,710,744.3842313845951,248.28441700083204,36643.71616599965,304.1480637813212
1777051097,100,,Aggregated,134.300000,0.000000,710,750,780,800,860,960,1100,1400,13000,37000,37000,8501,0,710,744.1678422457171,248.28441700083204,36643.71616599965,304.14551229267147
1777051098,100,,Aggregated,134.100000,0.000000,710,750,780,790,860,960,1100,1400,13000,37000,37000,8623,0,710,743.4721008661406,248.28441700083204,36643.71616599965,304.14391743012874
1777051099,100,,Aggregated,134.100000,0.000000,710,750,780,800,860,960,1100,1400,13000,37000,37000,8763,0,710,743.8106209463357,248.28441700083204,36643.71616599965,304.14572634942374
1777051100,100,,Aggregated,135.300000,0.000000,710,750,780,800,860,970,1100,1400,13000,37000,37000,8912,0,710,743.9202637900227,248.28441700083204,36643.71616599965,304.1465439856373
1777051101,100,,Aggregated,133.600000,0.000000,710,750,780,800,860,970,1100,1400,12000,37000,37000,9056,0,710,742.923688771738,248.28441700083204,36643.71616599965,304.14553886925796
1777051102,100,,Aggregated,134.300000,0.000000,710,750,780,800,860,970,1100,1400,12000,37000,37000,9171,0,710,742.9359747409802,248.28441700083204,36643.71616599965,304.14600370733837
1777051103,100,,Aggregated,136.900000,0.000000,710,750,780,800,860,970,1100,1300,12000,37000,37000,9307,0,710,743.1002262426526,248.28441700083204,36643.71616599965,304.1460191253895
1777051104,100,,Aggregated,134.700000,0.000000,710,750,780,800,860,970,1100,1300,12000,37000,37000,9451,0,710,743.1224043986284,248.28441700083204,36643.71616599965,304.1471801925722
1777051105,100,,Aggregated,135.200000,0.000000,710,750,780,800,870,980,1100,1300,12000,37000,37000,9558,0,710,745.1517912361028,248.28441700083204,36643.71616599965,304.1454279137895
1777051106,100,,Aggregated,135.700000,0.000000,710,750,780,800,870,980,1100,1300,12000,37000,37000,9685,0,710,745.6040469766294,248.28441700083204,36643.71616599965,304.1444501806918
1777051107,100,,Aggregated,132.300000,0.000000,710,750,780,800,870,980,1100,1300,12000,37000,37000,9813,0,710,746.0012944066575,248.28441700083204,36643.71616599965,304.1454193416896
1777051108,100,,Aggregated,132.000000,0.000000,710,760,780,800,870,980,1100,1300,12000,37000,37000,9948,0,710,746.3072075388519,248.28441700083204,36643.71616599965,304.14414957780457
1777051109,100,,Aggregated,132.200000,0.000000,710,760,780,800,870,980,1100,1300,12000,36000,37000,10077,0,710,746.2029272280871,248.28441700083204,36643.71616599965,304.1426019648705
1777051110,100,,Aggregated,130.600000,0.000000,710,760,780,800,870,980,1100,1300,12000,36000,37000,10211,0,710,746.2381444862018,248.28441700083204,36643.71616599965,304.1422975222799
1777051111,100,,Aggregated,132.200000,0.000000,710,760,780,800,870,980,1100,1300,12000,36000,37000,10346,0,710,746.3032862105566,248.28441700083204,36643.71616599965,304.1409240286101
1777051112,100,,Aggregated,131.100000,0.000000,710,760,780,800,870,970,1000,1300,12000,36000,37000,10485,0,710,745.9588336757611,248.28441700083204,36643.71616599965,304.14201239866475
1777051113,100,,Aggregated,128.800000,0.000000,710,760,780,800,870,970,1000,1300,12000,36000,37000,10540,0,710,745.9456216840076,248.28441700083204,36643.71616599965,304.14193548387095
1777051114,100,,Aggregated,131.900000,0.000000,710,760,780,800,870,990,1100,1300,12000,36000,37000,10699,0,710,747.5358769060954,248.28441700083204,36643.71616599965,304.14309748574635
1777051115,100,,Aggregated,129.800000,0.000000,710,760,790,800,870,1000,1100,1400,12000,36000,37000,10837,0,710,749.2574749063746,248.28441700083204,36643.71616599965,304.14515087201255
1777051116,100,,Aggregated,126.900000,0.000000,710,760,790,800,880,1000,1100,1400,12000,36000,37000,10975,0,710,749.0727573363497,248.28441700083204,36643.71616599965,304.1473348519362
1777051117,100,,Aggregated,127.700000,0.000000,710,760,790,800,870,1000,1100,1400,9600,36000,37000,11107,0,710,749.0206007223748,248.28441700083204,36643.71616599965,304.14684433240296
1777051118,100,,Aggregated,129.100000,0.000000,710,760,790,800,870,1000,1100,1400,9600,36000,37000,11251,0,710,747.8006438812076,248.28441700083204,36643.71616599965,304.1454981779397
1777051119,100,,Aggregated,129.500000,0.000000,710,760,790,800,880,1000,1100,1400,9600,36000,37000,11386,0,710,748.1833021082588,248.28441700083204,36643.71616599965,304.14561742490775
1777051120,100,,Aggregated,130.800000,0.000000,710,760,790,800,870,1000,1100,1400,9600,36000,37000,11516,0,710,748.6201736186867,248.28441700083204,36643.71616599965,304.1450156304272
1777051121,100,,Aggregated,130.800000,0.000000,710,760,790,800,870,1000,1100,1400,9600,36000,37000,11651,0,710,748.5669534212974,248.28441700083204,36643.71616599965,304.1466826881813
1777051122,100,,Aggregated,130.700000,0.000000,710,760,790,800,870,1000,1100,1400,9600,36000,37000,11790,0,710,748.3229270831779,248.28441700083204,36643.71616599965,304.14690415606447
1777051123,100,,Aggregated,130.000000,0.000000,710,760,790,800,870,1000,1100,1400,9600,36000,37000,11923,0,710,748.147620912907,248.28441700083204,36643.71616599965,304.1476977270821
1777051124,100,,Aggregated,129.900000,0.000000,710,760,790,800,870,1000,1100,1300,8600,36000,37000,12062,0,710,748.0441041442255,248.28441700083204,36643.71616599965,304.14723926380367
1777051125,100,,Aggregated,131.300000,0.000000,710,760,790,800,870,1000,1100,1300,8600,36000,37000,12189,0,710,747.946731002109,248.28441700083204,36643.71616599965,304.14513085568956
1777051126,100,,Aggregated,132.900000,0.000000,710,760,790,800,870,1000,1100,1300,8600,36000,37000,12331,0,710,747.7529547662467,248.28441700083204,36643.71616599965,304.14605465898956
1777051127,100,,Aggregated,135.800000,0.000000,710,760,780,800,870,990,1100,1300,8600,36000,37000,12470,0,710,747.6225062357972,248.28441700083204,36643.71616599965,304.14627105052125
1777051128,100,,Aggregated,135.000000,0.000000,710,760,780,800,870,990,1100,1300,8600,36000,37000,12606,0,710,747.4245032668858,248.28441700083204,36643.71616599965,304.1467555132477
1777051129,100,,Aggregated,135.500000,0.000000,710,760,790,800,860,990,1100,1300,8600,36000,37000,12748,0,710,747.2671551270365,248.28441700083204,36643.71616599965,304.14559146532787
1777051130,100,,Aggregated,135.000000,0.000000,710,760,790,800,860,990,1100,1300,8600,36000,37000,12879,0,710,747.2603761113013,248.28441700083204,36643.71616599965,304.143567047131
1777051131,100,,Aggregated,134.900000,0.000000,710,760,790,800,860,990,1100,1300,8600,36000,37000,13014,0,710,747.2503865400058,248.28441700083204,36643.71616599965,304.14276932534193
1777051132,100,,Aggregated,135.000000,0.000000,710,760,790,800,860,990,1100,1300,8600,36000,37000,13148,0,710,746.8935091243193,248.28441700083204,36643.71616599965,304.14253118344993
1777051133,100,,Aggregated,134.900000,0.000000,710,760,780,800,860,990,1100,1300,8600,36000,37000,13275,0,710,746.6846166987049,248.28441700083204,36643.71616599965,304.1425988700565
1777051134,100,,Aggregated,135.400000,0.000000,710,760,780,800,870,990,1100,1300,8600,36000,37000,13412,0,710,746.7186271349127,248.28441700083204,36643.71616599965,304.14166418133016
1777051135,100,,Aggregated,136.300000,0.000000,710,760,780,800,870,990,1100,1300,8600,36000,37000,13561,0,710,746.017787353173,248.28441700083204,36643.71616599965,304.1420986652902
1777051136,100,,Aggregated,137.200000,0.000000,710,760,780,800,870,990,1100,1300,8600,36000,37000,13706,0,710,745.9798153910114,248.28441700083204,36643.71616599965,304.1422734568802
1777051137,100,,Aggregated,136.900000,0.000000,710,760,790,800,870,990,1100,1300,8600,36000,37000,13826,0,710,746.2706444711588,248.28441700083204,36643.71616599965,304.1434977578475
1777051138,100,,Aggregated,136.800000,0.000000,710,760,790,800,870,990,1100,1300,8600,36000,37000,13960,0,710,746.4505807692211,248.28441700083204,36643.71616599965,304.14412607449856
1777051139,100,,Aggregated,135.900000,0.000000,710,760,790,800,860,980,1100,1300,8300,36000,37000,14113,0,710,745.7428032455497,248.28441700083204,36643.71616599965,304.1447601502161
1777051140,100,,Aggregated,135.800000,0.000000,710,760,790,800,860,980,1100,1300,8300,36000,37000,14243,0,710,745.9631061632033,248.28441700083204,36643.71616599965,304.14386014182406
1777051141,100,,Aggregated,136.600000,0.000000,720,760,790,800,860,980,1100,1300,8300,36000,37000,14381,0,720,745.9193467826046,248.28441700083204,36643.71616599965,304.14512203601976
1777051142,100,,Aggregated,136.700000,0.000000,720,760,790,800,860,980,1100,1300,8300,36000,37000,14515,0,720,745.7421586351115,248.28441700083204,36643.71616599965,304.1452979676197
1777051143,100,,Aggregated,136.400000,0.000000,720,760,790,800,860,980,1100,1300,8300,36000,37000,14654,0,720,745.6330722442891,248.28441700083204,36643.71616599965,304.1461716937355
1777051144,100,,Aggregated,135.800000,0.000000,720,760,780,800,860,980,1100,1300,8300,36000,37000,14791,0,720,745.4864362704064,248.28441700083204,36643.71616599965,304.14731931580013
1777051145,100,,Aggregated,134.400000,0.000000,720,760,790,800,860,980,1100,1300,8300,36000,37000,14928,0,720,745.4670602696167,248.28441700083204,36643.71616599965,304.14777599142553
1777051146,100,,Aggregated,135.100000,0.000000,720,760,790,800,860,980,1100,1300,8200,36000,37000,15060,0,720,745.4544481379602,248.28441700083204,36643.71616599965,304.1483399734396
1777051147,100,,Aggregated,134.300000,0.000000,720,760,790,800,860,980,1100,1300,8200,36000,37000,15202,0,720,745.4627030025974,248.28441700083204,36643.71616599965,304.1493224575714
1777051148,100,,Aggregated,133.900000,0.000000,720,760,790,800,860,980,1100,1300,8200,36000,37000,15305,0,720,745.6587764293702,248.28441700083204,36643.71616599965,304.15060437765436
1777051149,100,,Aggregated,133.500000,0.000000,720,760,790,800,860,980,1100,1300,8200,36000,37000,15458,0,720,745.6786897076234,248.28441700083204,36643.71616599965,304.1508603959115
1777051150,100,,Aggregated,135.500000,0.000000,720,760,790,800,860,980,1100,1300,8200,36000,37000,15595,0,720,745.5298374322783,248.28441700083204,36643.71616599965,304.14947098428985
1777051151,100,,Aggregated,132.000000,0.000000,720,760,790,800,860,980,1100,1300,8200,36000,37000,15750,0,720,745.4963310715949,248.28441700083204,36643.71616599965,304.1488253968254
1777051152,100,,Aggregated,134.100000,0.000000,720,760,790,800,860,980,1100,1300,8200,36000,37000,15875,0,720,745.038015785181,248.28441700083204,36643.71616599965,304.147842519685
1777051153,100,,Aggregated,134.600000,0.000000,720,760,790,800,860,980,1100,1300,8000,36000,37000,16001,0,720,745.260264494697,248.28441700083204,36643.71616599965,304.1470533091682
1777051154,100,,Aggregated,136.300000,0.000000,720,760,790,800,860,980,1100,1300,8000,36000,37000,16137,0,720,745.3009361723833,248.28441700083204,36643.71616599965,304.14804486583625
1777051155,100,,Aggregated,135.600000,0.000000,720,760,790,800,860,980,1100,1300,8000,36000,37000,16269,0,720,745.2875293049834,248.28441700083204,36643.71616599965,304.14758128956913
1777051156,100,,Aggregated,134.500000,0.000000,720,760,790,800,860,980,1100,1300,8000,36000,37000,16408,0,720,745.1496138475773,248.28441700083204,36643.71616599965,304.14797659678203
1777051157,100,,Aggregated,134.700000,0.000000,720,760,790,800,860,980,1100,1300,8000,36000,37000,16542,0,720,745.2097189483038,248.28441700083204,36643.71616599965,304.1477451335993
1777051158,100,,Aggregated,134.000000,0.000000,720,760,790,800,860,970,1100,1300,8000,36000,37000,16684,0,720,745.0799371230978,248.28441700083204,36643.71616599965,304.1476864061376
1777051159,100,,Aggregated,135.500000,0.000000,720,760,790,800,860,970,1100,1300,8000,36000,37000,16816,0,720,745.0232521390868,248.28441700083204,36643.71616599965,304.1489058039962
1777051160,100,,Aggregated,133.900000,0.000000,720,760,790,800,860,970,1100,1300,8000,36000,37000,16942,0,720,744.9362888298208,248.28441700083204,36643.71616599965,304.14850666981465
1777051161,100,,Aggregated,137.200000,0.000000,720,760,790,800,860,970,1100,1300,7600,36000,37000,17087,0,720,744.6818250602762,248.28441700083204,36643.71616599965,304.14870954526833
1777051162,100,,Aggregated,135.600000,0.000000,720,760,790,800,860,960,1100,1300,7600,36000,37000,17225,0,720,744.6442584023137,248.28441700083204,36643.71616599965,304.148679245283
1777051163,100,,Aggregated,136.300000,0.000000,720,760,790,800,860,960,1100,1300,7600,36000,37000,17357,0,720,744.9328071368832,248.28441700083204,36643.71616599965,304.1477789940658
1777051164,100,,Aggregated,134.200000,0.000000,720,760,790,800,860,960,1100,1300,7600,36000,37000,17462,0,720,744.9773407528398,248.28441700083204,36643.71616599965,304.1480930019471
1777051165,100,,Aggregated,135.000000,0.000000,720,760,790,800,860,970,1100,1300,7600,36000,37000,17623,0,720,744.7325893116608,248.28441700083204,36643.71616599965,304.14861260852297
1777051166,100,,Aggregated,134.900000,0.000000,720,760,790,800,860,980,1100,1300,7600,36000,37000,17762,0,720,744.6944242382833,248.28441700083204,36643.71616599965,304.14806891115865
1777051167,100,,Aggregated,133.200000,0.000000,720,760,790,800,860,980,1100,1300,7600,36000,37000,17886,0,720,744.7439997970731,248.28441700083204,36643.71616599965,304.1481605725148
1777051168,100,,Aggregated,135.100000,0.000000,720,760,790,800,860,980,1100,1300,7400,36000,37000,18034,0,720,744.2618558116523,248.28441700083204,36643.71616599965,304.1474991682378
1777051169,100,,Aggregated,133.400000,0.000000,720,760,790,800,860,980,1100,1300,7400,36000,37000,18169,0,720,744.3558220000725,248.28441700083204,36643.71616599965,304.1465683306731
1777051170,100,,Aggregated,134.900000,0.000000,720,760,790,800,860,980,1100,1300,7400,36000,37000,18304,0,720,744.5753709028928,248.28441700083204,36643.71616599965,304.14597902097904
1777051171,100,,Aggregated,134.700000,0.000000,720,760,790,800,860,980,1100,1300,7400,36000,37000,18427,0,720,744.3498525315895,248.28441700083204,36643.71616599965,304.14495034460305
1777051172,100,,Aggregated,135.000000,0.000000,720,760,790,800,860,980,1100,1300,7400,36000,37000,18573,0,720,744.4436128261088,248.28441700083204,36643.71616599965,304.1449954234642
1777051173,100,,Aggregated,135.000000,0.000000,720,760,790,800,860,980,1100,1300,7400,36000,37000,18717,0,720,744.3276405019104,248.28441700083204,36643.71616599965,304.14430731420634
1777051174,100,,Aggregated,134.700000,0.000000,720,760,790,800,860,980,1100,1300,7400,36000,37000,18851,0,720,744.2919600982716,248.28441700083204,36643.71616599965,304.1447668558697
1777051175,100,,Aggregated,134.800000,0.000000,720,760,790,800,860,970,1100,1300,7400,36000,37000,18989,0,720,744.2256432003979,248.28441700083204,36643.71616599965,304.14339880983727
1777051176,100,,Aggregated,135.600000,0.000000,720,760,790,800,860,970,1100,1300,7300,36000,37000,19121,0,720,744.2045563618735,248.28441700083204,36643.71616599965,304.14429161654726
1777051177,100,,Aggregated,137.400000,0.000000,720,760,790,800,860,970,1100,1300,7300,36000,37000,19255,0,720,744.1221480102384,248.28441700083204,36643.71616599965,304.1438068034277
1777051178,100,,Aggregated,136.700000,0.000000,720,760,790,800,860,970,1100,1300,7300,36000,37000,19396,0,720,743.9330755638846,248.28441700083204,36643.71616599965,304.1435347494329
1777051179,100,,Aggregated,137.500000,0.000000,720,760,790,800,860,970,1100,1300,7300,36000,37000,19532,0,720,743.9712683229667,248.28441700083204,36643.71616599965,304.14345689125537
1777051180,100,,Aggregated,134.700000,0.000000,720,760,790,800,860,970,1100,1300,7300,36000,37000,19657,0,720,744.1259496536702,248.28441700083204,36643.71616599965,304.14300249275067
1777051181,100,,Aggregated,135.600000,0.000000,720,760,790,800,860,970,1100,1300,7300,36000,37000,19808,0,720,743.6056446131979,248.28441700083204,36643.71616599965,304.14347738287563
1777051182,100,,Aggregated,135.700000,0.000000,720,760,790,800,860,970,1100,1300,7300,36000,37000,19938,0,720,743.667019596444,248.28441700083204,36643.71616599965,304.14274250175544
1777051183,100,,Aggregated,135.000000,0.000000,720,760,790,800,860,970,1100,1300,7300,29000,37000,20051,0,720,743.7455706117738,248.28441700083204,36643.71616599965,304.14358386115407
1777051184,100,,Aggregated,136.700000,0.000000,720,760,790,800,860,970,1100,1300,7300,29000,37000,20203,0,720,743.5559027580356,248.28441700083204,36643.71616599965,304.1427015789734
1777051185,100,,Aggregated,135.400000,0.000000,720,760,790,800,860,980,1100,1300,7300,29000,37000,20352,0,720,743.2598309872947,248.28441700083204,36643.71616599965,304.1428852201258
1777051186,100,,Aggregated,134.100000,0.000000,720,760,790,800,860,970,1100,1300,7300,29000,37000,20491,0,720,743.0119615932947,248.28441700083204,36643.71616599965,304.14245278414916
1777051187,100,,Aggregated,134.800000,0.000000,720,760,790,800,860,970,1100,1300,7300,29000,37000,20628,0,720,743.3047276037069,248.28441700083204,36643.71616599965,304.14300950164824
1777051188,100,,Aggregated,136.900000,0.000000,720,760,790,800,860,970,1100,1300,7300,29000,37000,20765,0,720,743.3461669541636,248.28441700083204,36643.71616599965,304.1423067661931
1777051189,100,,Aggregated,136.500000,0.000000,720,760,790,800,860,970,1100,1300,7300,29000,37000,20900,0,720,743.2742426260875,248.28441700083204,36643.71616599965,304.1428708133971
1777051190,100,,Aggregated,137.600000,0.000000,720,760,790,800,860,970,1100,1300,6800,29000,37000,21030,0,720,743.1604571148392,248.28441700083204,36643.71616599965,304.1425582501189
1777051191,100,,Aggregated,136.000000,0.000000,720,760,790,800,860,970,1100,1300,6800,29000,37000,21169,0,720,743.1630899664752,248.28441700083204,36643.71616599965,304.1417639000425
1777051192,100,,Aggregated,136.300000,0.000000,720,760,790,800,860,970,1100,1300,6800,29000,37000,21299,0,720,743.2907742872677,248.28441700083204,36643.71616599965,304.1420254472041
1777051193,100,,Aggregated,136.200000,0.000000,720,760,790,800,860,960,1100,1300,6800,29000,37000,21435,0,720,743.262935815661,248.28441700083204,36643.71616599965,304.14177746675995
1777051194,100,,Aggregated,134.500000,0.000000,720,760,790,800,860,960,1100,1300,6800,29000,37000,21566,0,720,743.2661870052814,248.28441700083204,36643.71616599965,304.141890012056
1777051195,100,,Aggregated,136.000000,0.000000,720,760,790,800,860,960,1100,1300,6800,29000,37000,21697,0,720,743.2583834461988,248.28441700083204,36643.71616599965,304.14135594782687
1777051196,100,,Aggregated,136.600000,0.000000,720,760,790,800,860,960,1100,1300,6800,29000,37000,21838,0,720,743.1768122066272,248.28441700083204,36643.71616599965,304.140946973166
1777051197,100,,Aggregated,136.600000,0.000000,720,760,790,800,860,960,1100,1300,6800,29000,37000,21981,0,720,743.3218006160946,248.28441700083204,36643.71616599965,304.14134934716344
1777051198,100,,Aggregated,134.000000,0.000000,720,760,790,800,860,960,1100,1300,6300,29000,37000,22110,0,720,743.0935268658229,248.28441700083204,36643.71616599965,304.1409317051108
1777051199,100,,Aggregated,134.500000,0.000000,720,760,790,800,860,970,1100,1300,6300,29000,37000,22245,0,720,743.3316871226984,248.28441700083204,36643.71616599965,304.1403011912789
1777051200,100,,Aggregated,135.700000,0.000000,720,760,790,800,860,970,1100,1300,6300,29000,37000,22380,0,720,743.1387161251322,248.28441700083204,36643.71616599965,304.1409294012511
1777051201,100,,Aggregated,134.700000,0.000000,720,760,790,800,860,970,1100,1300,6300,29000,37000,22498,0,720,742.9705811759904,248.28441700083204,36643.71616599965,304.1406347230865
1777051202,100,,Aggregated,134.200000,0.000000,720,760,790,800,860,970,1100,1300,6300,29000,37000,22666,0,720,742.5961958279977,248.28441700083204,36643.71616599965,304.14126886084887
1777051203,100,,Aggregated,135.500000,0.000000,720,760,790,800,860,970,1100,1300,6300,29000,37000,22798,0,720,742.5589510523084,248.28441700083204,36643.71616599965,304.14097727870865
1777051204,100,,Aggregated,136.600000,0.000000,720,760,790,800,860,970,1100,1300,6300,29000,37000,22928,0,720,742.813562687778,248.28441700083204,36643.71616599965,304.1411374738311
1777051205,100,,Aggregated,136.500000,0.000000,720,760,790,800,860,970,1100,1300,5400,29000,37000,23065,0,720,742.7970735372406,248.28441700083204,36643.71616599965,304.14068935616734
1777051206,100,,Aggregated,135.900000,0.000000,720,760,790,800,860,970,1100,1300,5400,29000,37000,23192,0,720,742.6363838539289,248.28441700083204,36643.71616599965,304.14142807864783
1777051207,100,,Aggregated,134.800000,0.000000,720,760,790,800,860,970,1100,1300,5400,29000,37000,23328,0,720,742.7735190311809,248.28441700083204,36643.71616599965,304.1412894375857
1777051208,100,,Aggregated,135.200000,0.000000,720,760,790,800,860,970,1100,1300,5400,29000,37000,23473,0,720,742.8172152544399,248.28441700083204,36643.71616599965,304.1408852724407
1777051209,100,,Aggregated,135.700000,0.000000,720,760,790,800,860,970,1100,1300,5400,29000,37000,23607,0,720,742.8073310034439,248.28441700083204,36643.71616599965,304.14008556784006
1777051210,100,,Aggregated,133.800000,0.000000,720,760,790,800,850,970,1100,1300,5400,29000,37000,23737,0,720,742.793852792864,248.28441700083204,36643.71616599965,304.13999241690186
1777051211,100,,Aggregated,135.700000,0.000000,720,760,790,800,850,960,1100,1300,5400,29000,37000,23878,0,720,742.7266073370888,248.28441700083204,36643.71616599965,304.1406315436804
1777051212,100,,Aggregated,134.100000,0.000000,720,760,790,800,850,960,1100,1300,5300,29000,37000,24012,0,720,742.6946997435113,248.28441700083204,36643.71616599965,304.1405963684824
1777051213,100,,Aggregated,133.500000,0.000000,720,760,790,800,850,960,1100,1300,5300,29000,37000,24141,0,720,742.693679887586,248.28441700083204,36643.71616599965,304.14146058572555
1777051214,100,,Aggregated,133.700000,0.000000,720,760,790,800,860,970,1100,1300,5300,29000,37000,24282,0,720,742.8360783590424,248.28441700083204,36643.71616599965,304.14125689811385
1777051215,100,,Aggregated,133.900000,0.000000,720,760,790,800,860,970,1100,1300,5300,29000,37000,24419,0,720,742.7541705010086,248.28441700083204,36643.71616599965,304.14083295794256
1777051216,100,,Aggregated,134.500000,0.000000,720,760,790,800,860,970,1100,1300,5300,29000,37000,24555,0,720,742.8383473106496,248.28441700083204,36643.71616599965,304.1413561392792
1777051217,100,,Aggregated,135.400000,0.000000,720,760,790,800,860,970,1100,1300,5300,29000,37000,24697,0,720,742.6284575290578,248.28441700083204,36643.71616599965,304.14143418228934
1777051218,100,,Aggregated,135.300000,0.000000,720,760,790,800,860,980,1100,1300,5300,29000,37000,24821,0,720,742.7205586977158,248.28441700083204,36643.71616599965,304.1415333789936
1777051219,100,,Aggregated,133.800000,0.000000,720,760,790,800,860,980,1100,1300,5300,29000,37000,24962,0,720,742.4236021662147,248.28441700083204,36643.71616599965,304.1417354378656
1777051220,100,,Aggregated,135.200000,0.000000,720,760,790,800,860,980,1100,1300,5300,29000,37000,25095,0,720,742.2914498826848,248.28441700083204,36643.71616599965,304.14134289699143
1777051221,100,,Aggregated,135.300000,0.000000,720,760,790,800,860,980,1100,1300,5300,29000,37000,25230,0,720,742.4185006612337,248.28441700083204,36643.71616599965,304.14141894569957
1777051222,100,,Aggregated,136.500000,0.000000,720,760,790,800,860,980,1100,1300,5300,29000,37000,25364,0,720,742.5761340850635,248.28441700083204,36643.71616599965,304.1405929664091
1777051223,100,,Aggregated,134.800000,0.000000,720,760,790,800,860,980,1100,1300,5300,29000,37000,25493,0,720,742.4750907069676,248.28441700083204,36643.71616599965,304.14141136782644
1777051224,100,,Aggregated,134.400000,0.000000,720,760,790,800,860,980,1100,1300,5300,29000,37000,25634,0,720,742.5026577162256,248.28441700083204,36643.71616599965,304.14153077943354
1777051225,100,,Aggregated,134.300000,0.000000,720,760,790,800,860,980,1100,1300,5300,29000,37000,25757,0,720,742.5106408622095,248.28441700083204,36643.71616599965,304.14221376713124
1777051226,100,,Aggregated,134.400000,0.000000,720,760,790,800,860,980,1100,1300,5300,29000,37000,25896,0,720,742.6059595151473,248.28441700083204,36643.71616599965,304.14303367315415
1777051227,100,,Aggregated,134.400000,0.000000,720,760,790,800,860,980,1100,1300,5300,29000,37000,26031,0,720,742.6333344961971,248.28441700083204,36643.71616599965,304.1434827705428
1777051228,100,,Aggregated,134.200000,0.000000,720,760,790,800,860,990,1100,1300,5300,29000,37000,26166,0,720,742.6780367229848,248.28441700083204,36643.71616599965,304.143392188336
1777051229,100,,Aggregated,134.800000,0.000000,720,760,790,800,860,990,1100,1300,5300,29000,37000,26289,0,720,742.7116293117597,248.28441700083204,36643.71616599965,304.14359618091214
1777051230,100,,Aggregated,134.000000,0.000000,720,760,790,800,860,990,1100,1300,5300,29000,37000,26439,0,720,742.6117356283481,248.28441700083204,36643.71616599965,304.1433110178146
1777051231,100,,Aggregated,133.200000,0.000000,720,760,790,800,860,990,1100,1300,5300,29000,37000,26571,0,720,742.6103106463489,248.28441700083204,36643.71616599965,304.1432012344285
1777051232,100,,Aggregated,133.300000,0.000000,720,760,790,800,860,990,1100,1300,5300,29000,37000,26694,0,720,742.6899855292985,248.28441700083204,36643.71616599965,304.1435528583202
1777051233,100,,Aggregated,135.200000,0.000000,720,760,790,800,860,1000,1100,1300,5300,29000,37000,26820,0,720,742.7202402145408,248.28441700083204,36643.71616599965,304.1434750186428
1777051234,100,,Aggregated,133.400000,0.000000,720,760,790,800,860,1000,1100,1300,5300,29000,37000,26959,0,720,742.7113747469884,248.28441700083204,36643.71616599965,304.1434400385771
1777051235,100,,Aggregated,132.700000,0.000000,720,760,790,800,860,1000,1100,1300,5300,29000,37000,27100,0,720,742.8125132736989,248.28441700083204,36643.71616599965,304.1425830258303
1777051236,100,,Aggregated,133.800000,0.000000,720,760,790,800,860,1000,1100,1300,5300,29000,37000,27221,0,720,743.1657246874162,248.28441700083204,36643.71616599965,304.14272069358213
1777051237,100,,Aggregated,131.600000,0.000000,720,760,790,800,860,1000,1100,1300,5300,29000,37000,27360,0,720,743.1775636377987,248.28441700083204,36643.71616599965,304.14276315789476
1777051238,100,,Aggregated,132.200000,0.000000,720,760,790,800,860,1000,1100,1300,5300,29000,37000,27488,0,720,743.3389329345991,248.28441700083204,36643.71616599965,304.14311699650756
1777051239,100,,Aggregated,132.000000,0.000000,720,760,790,800,860,1000,1100,1300,5300,29000,37000,27623,0,720,743.4301316613105,248.28441700083204,36643.71616599965,304.1439018209463
1777051240,100,,Aggregated,132.300000,0.000000,720,760,790,800,860,1000,1100,1300,5300,29000,37000,27759,0,720,743.4756338308547,248.28441700083204,36643.71616599965,304.14398933679166
1777051242,100,,Aggregated,131.500000,0.000000,720,760,790,800,860,1000,1100,1300,5300,29000,37000,27886,0,720,743.4728104799074,248.28441700083204,36643.71616599965,304.14379975615003
1777051243,100,,Aggregated,131.500000,0.000000,720,760,790,800,860,1000,1100,1300,5200,29000,37000,28024,0,720,743.4470343871862,248.28441700083204,36643.71616599965,304.1436625749358
1777051244,100,,Aggregated,131.000000,0.000000,720,760,790,800,860,1000,1100,1300,5200,29000,37000,28158,0,720,743.4697780975033,248.28441700083204,36643.71616599965,304.14304993252364
1777051245,100,,Aggregated,132.300000,0.000000,720,760,790,800,860,1000,1100,1300,5200,29000,37000,28296,0,720,743.4133695970211,248.28441700083204,36643.71616599965,304.1436245405711
1777051246,100,,Aggregated,131.400000,0.000000,720,760,790,800,860,1000,1100,1300,5200,29000,37000,28438,0,720,743.4216056784713,248.28441700083204,36643.71616599965,304.144454602996
1777051247,100,,Aggregated,133.600000,0.000000,720,760,790,800,860,1000,1100,1300,5200,29000,37000,28573,0,720,743.3085582408365,248.28441700083204,36643.71616599965,304.14457704826236
1777051248,100,,Aggregated,133.600000,0.000000,720,760,780,800,860,1000,1100,1300,5200,29000,37000,28690,0,720,743.3559934368599,248.28441700083204,36643.71616599965,304.1441617288254
1777051249,100,,Aggregated,134.600000,0.000000,720,760,780,800,860,1000,1100,1300,5200,29000,37000,28829,0,720,743.2927203158131,248.28441700083204,36643.71616599965,304.1437094592251
1777051250,100,,Aggregated,134.600000,0.000000,720,760,780,800,860,1000,1100,1300,5200,29000,37000,28955,0,720,743.2807420603857,248.28441700083204,36643.71616599965,304.142945950613
1777051251,100,,Aggregated,132.500000,0.000000,720,760,780,800,870,1000,1100,1300,5200,29000,37000,29097,0,720,743.1772220940446,248.28441700083204,36643.71616599965,304.1427982266213
1777051252,100,,Aggregated,133.800000,0.000000,710,760,780,800,870,1000,1100,1300,5200,29000,37000,29232,0,710,743.2523404094625,248.28441700083204,36643.71616599965,304.1431992337165
1777051253,100,,Aggregated,133.700000,0.000000,710,760,790,800,870,1000,1100,1300,5200,29000,37000,29373,0,710,743.3579240011715,248.28441700083204,36643.71616599965,304.1427501446907
1777051254,100,,Aggregated,133.700000,0.000000,710,760,780,800,870,1000,1100,1300,5200,29000,37000,29503,0,710,743.2307514016092,248.28441700083204,36643.71616599965,304.1423245093719
1777051255,100,,Aggregated,134.600000,0.000000,710,760,780,800,870,1000,1100,1300,5200,29000,37000,29638,0,710,743.2452817139462,248.28441700083204,36643.71616599965,304.14305958566706
1777051256,100,,Aggregated,134.500000,0.000000,710,760,780,800,870,1000,1100,1300,5200,29000,37000,29790,0,710,743.1602288022251,248.28441700083204,36643.71616599965,304.1424639140651
1777051257,100,,Aggregated,134.300000,0.000000,710,760,780,800,870,1000,1100,1300,5200,29000,37000,29925,0,710,743.2585983897824,248.28441700083204,36643.71616599965,304.1427903091061
1777051258,100,,Aggregated,134.800000,0.000000,710,760,780,800,870,1000,1100,1300,4900,24000,37000,30056,0,710,743.2226479246835,248.28441700083204,36643.71616599965,304.14220122438115
1777051259,100,,Aggregated,134.300000,0.000000,710,760,780,800,870,1000,1100,1300,4900,24000,37000,30194,0,710,743.205606578368,248.28441700083204,36643.71616599965,304.1430747830695
1777051260,100,,Aggregated,135.200000,0.000000,710,760,780,800,870,1000,1100,1300,4900,24000,37000,30332,0,710,743.1451858428851,248.28441700083204,36643.71616599965,304.143610708163
1777051261,100,,Aggregated,135.700000,0.000000,710,760,780,800,870,1000,1100,1300,4900,24000,37000,30454,0,710,743.1901454403886,248.28441700083204,36643.71616599965,304.1436264530111
1777051262,100,,Aggregated,136.800000,0.000000,710,760,780,800,870,1000,1100,1300,4900,24000,37000,30586,0,710,743.222432366723,248.28441700083204,36643.71616599965,304.14359510887334
1777051263,100,,Aggregated,134.600000,0.000000,710,760,780,800,870,1000,1100,1300,4900,24000,37000,30735,0,710,743.1891493315004,248.28441700083204,36643.71616599965,304.144167886774
1777051264,100,,Aggregated,134.800000,0.000000,710,760,780,800,870,1000,1100,1300,4900,24000,37000,30865,0,710,743.2376655431306,248.28441700083204,36643.71616599965,304.1438198606836
1777051265,100,,Aggregated,136.500000,0.000000,710,760,780,800,870,1000,1100,1300,4400,24000,37000,31002,0,710,743.1906561279517,248.28441700083204,36643.71616599965,304.14334559060705
1777051266,100,,Aggregated,134.400000,0.000000,710,760,780,800,870,1000,1200,1400,4400,24000,37000,31130,0,710,743.1661865291873,248.28441700083204,36643.71616599965,304.1435913909412
1777051267,100,,Aggregated,134.400000,0.000000,710,760,780,800,870,1000,1200,1400,4400,24000,37000,31281,0,710,743.1272575722224,248.28441700083204,36643.71616599965,304.1442089447268
1777051268,100,,Aggregated,134.000000,0.000000,710,760,780,800,870,1000,1200,1400,4400,24000,37000,31410,0,710,743.0297350934661,248.28441700083204,36643.71616599965,304.14396688952564
1777051269,100,,Aggregated,135.800000,0.000000,710,760,780,800,870,1000,1200,1400,4400,24000,37000,31533,0,710,743.2311071929676,248.28441700083204,36643.71616599965,304.14451526971743
1777051270,100,,Aggregated,135.800000,0.000000,710,760,780,800,870,1000,1200,1400,4400,24000,37000,31685,0,710,743.2547918441809,248.28441700083204,36643.71616599965,304.1447688180527
1777051271,100,,Aggregated,132.700000,0.000000,710,760,780,800,870,1000,1200,1400,4400,24000,37000,31816,0,710,742.8455749191558,248.28441700083204,36643.71616599965,304.1450842343475
1777051272,100,,Aggregated,133.300000,0.000000,710,760,780,800,870,1000,1200,1400,4400,24000,37000,31945,0,710,743.0036660967844,248.28441700083204,36643.71616599965,304.1450931288152
1777051273,100,,Aggregated,136.200000,0.000000,710,760,780,800,870,1000,1200,1400,4300,24000,37000,32076,0,710,743.11573691791,248.28441700083204,36643.71616599965,304.145342312009
1777051274,100,,Aggregated,135.400000,0.000000,710,760,780,800,870,1000,1200,1400,4300,24000,37000,32213,0,710,743.1731877286824,248.28441700083204,36643.71616599965,304.1461211312203
1777051275,100,,Aggregated,133.800000,0.000000,710,760,780,800,870,1000,1200,1400,4300,24000,37000,32352,0,710,743.0252282085852,248.28441700083204,36643.71616599965,304.1456478733927
1777051276,100,,Aggregated,135.300000,0.000000,710,760,780,800,870,1000,1200,1400,4300,24000,37000,32490,0,710,743.0084912486649,248.28441700083204,36643.71616599965,304.1452139119729
1777051277,100,,Aggregated,135.000000,0.000000,710,760,780,800,870,1000,1200,1400,4300,24000,37000,32619,0,710,742.8216802413046,248.28441700083204,36643.71616599965,304.1447929121064
1777051278,100,,Aggregated,134.900000,0.000000,710,760,780,800,870,1000,1200,1400,4300,24000,37000,32754,0,710,742.8720666724398,248.28441700083204,36643.71616599965,304.14489833302804
1777051279,100,,Aggregated,134.200000,0.000000,710,760,780,800,870,1000,1200,1400,4300,24000,37000,32894,0,710,742.89426024999,248.28441700083204,36643.71616599965,304.14549765914757
1777051280,100,,Aggregated,134.700000,0.000000,710,760,780,800,870,1000,1200,1400,4200,24000,37000,33036,0,710,742.9604481523598,248.28441700083204,36643.71616599965,304.1461436009202
1777051281,100,,Aggregated,136.900000,0.000000,710,760,780,800,870,1000,1200,1400,4200,24000,37000,33163,0,710,742.7782305907328,248.28441700083204,36643.71616599965,304.1460965533878
1777051282,100,,Aggregated,135.800000,0.000000,710,760,780,800,870,1000,1200,1400,4200,24000,37000,33291,0,710,742.9337305300896,248.28441700083204,36643.71616599965,304.1457751344207
1777051283,100,,Aggregated,134.000000,0.000000,710,760,780,800,870,1000,1200,1400,4200,24000,37000,33425,0,710,743.0577352054453,248.28441700083204,36643.71616599965,304.14495138369483
1777051284,100,,Aggregated,133.800000,0.000000,710,760,780,800,870,1000,1200,1400,4200,24000,37000,33572,0,710,742.806578727365,248.28441700083204,36643.71616599965,304.1448230668414
1777051285,100,,Aggregated,134.200000,0.000000,710,760,780,800,880,1000,1200,1400,4200,24000,37000,33699,0,710,742.9980858814591,248.28441700083204,36643.71616599965,304.1449597910917
1777051286,100,,Aggregated,135.700000,0.000000,710,760,780,800,880,1000,1200,1400,4200,24000,37000,33838,0,710,742.8439006379349,248.28441700083204,36643.71616599965,304.1449849281872
1777051287,100,,Aggregated,136.100000,0.000000,710,760,780,800,880,1000,1200,1400,4200,24000,37000,33986,0,710,742.857099979685,248.28441700083204,36643.71616599965,304.14529512152063
1777051288,100,,Aggregated,134.400000,0.000000,710,760,780,800,880,1000,1200,1400,4100,24000,37000,34121,0,710,742.7260815110494,248.28441700083204,36643.71616599965,304.146097711087
1777051289,100,,Aggregated,134.300000,0.000000,710,760,780,800,880,1000,1200,1400,4100,24000,37000,34242,0,710,742.7003183015414,248.28441700083204,36643.71616599965,304.14590269259975
1777051290,100,,Aggregated,135.100000,0.000000,710,760,780,800,880,1000,1200,1400,4100,24000,37000,34383,0,710,742.7154722376562,248.28441700083204,36643.71616599965,304.1459733007591
1777051291,100,,Aggregated,135.200000,0.000000,710,760,780,800,880,1000,1200,1400,4100,24000,37000,34479,0,710,743.4728394416095,248.28441700083204,36643.71616599965,304.14603091737
1777051292,100,,Aggregated,135.300000,0.000000,710,760,780,800,890,1000,1200,1400,4100,24000,37000,34606,0,710,743.7510700078623,248.28441700083204,36643.71616599965,304.146044038606
1777051293,100,,Aggregated,132.000000,0.000000,710,760,780,800,890,1000,1200,1400,4100,24000,37000,34731,0,710,743.890275382887,248.28441700083204,36643.71616599965,304.1462382309752
1777051294,100,,Aggregated,130.800000,0.000000,710,760,780,800,890,1000,1200,1400,4100,24000,37000,34864,0,710,743.9488802057705,248.28441700083204,36643.71616599965,304.1455943093162
1777051295,100,,Aggregated,130.600000,0.000000,710,760,780,800,890,1000,1200,1400,4100,24000,37000,35003,0,710,743.8763815802396,248.28441700083204,36643.71616599965,304.14590177984746
1777051296,100,,Aggregated,128.500000,0.000000,710,760,780,800,890,1000,1200,1400,4100,24000,37000,35141,0,710,743.8840895698788,248.28441700083204,36643.71616599965,304.14629634899404
1777051297,100,,Aggregated,128.700000,0.000000,710,760,780,800,890,1000,1200,1400,4100,24000,37000,35275,0,710,743.9380929727884,248.28441700083204,36643.71616599965,304.1463075832743
1777051298,100,,Aggregated,129.500000,0.000000,710,760,780,800,890,1000,1200,1400,4100,24000,37000,35407,0,710,743.9229098410776,248.28441700083204,36643.71616599965,304.1459880814528
1777051299,100,,Aggregated,128.500000,0.000000,710,760,780,800,890,1000,1200,1400,4100,24000,37000,35536,0,710,743.916524218253,248.28441700083204,36643.71616599965,304.14565511031066
1777051300,100,,Aggregated,128.900000,0.000000,710,760,780,800,890,1000,1200,1400,4100,24000,37000,35672,0,710,743.8346382340177,248.28441700083204,36643.71616599965,304.1459968602826
1777051301,100,,Aggregated,128.800000,0.000000,710,760,780,800,890,1000,1200,1400,4100,24000,37000,35793,0,710,743.8835495210488,248.28441700083204,36643.71616599965,304.1456988796692
1777051302,100,,Aggregated,127.400000,0.000000,710,760,780,800,890,1000,1200,1400,4100,24000,37000,35935,0,710,743.991657344481,248.28441700083204,36643.71616599965,304.1454014192292
1777051303,100,,Aggregated,130.800000,0.000000,710,750,780,800,890,1000,1200,1400,4000,24000,37000,36076,0,710,744.0029273411726,248.28441700083204,36643.71616599965,304.1458033041357
1777051304,100,,Aggregated,132.600000,0.000000,710,750,780,800,890,1000,1200,1400,4000,24000,37000,36222,0,710,743.7896253201487,248.28441700083204,36643.71616599965,304.1462094859478
1777051305,100,,Aggregated,133.700000,0.000000,710,750,780,800,890,1000,1200,1400,4000,24000,37000,36352,0,710,743.7703320890539,248.28441700083204,36643.71616599965,304.1463468309859
1777051306,100,,Aggregated,135.400000,0.000000,710,750,780,800,890,1000,1200,1400,4000,24000,37000,36495,0,710,743.7993720617993,248.28441700083204,36643.71616599965,304.1471708453213
1777051307,100,,Aggregated,134.000000,0.000000,710,750,780,800,890,1000,1200,1400,4000,24000,37000,36625,0,710,743.7619684487782,248.28441700083204,36643.71616599965,304.14713993174064
1777051308,100,,Aggregated,134.800000,0.000000,710,750,780,800,890,1000,1200,1400,4000,24000,37000,36766,0,710,743.7110500387687,248.28441700083204,36643.71616599965,304.1473100146875
1777051309,100,,Aggregated,134.600000,0.000000,710,750,780,800,900,1000,1200,1400,4000,24000,37000,36897,0,710,743.8329508760452,248.28441700083204,36643.71616599965,304.1471393338212
1777051310,100,,Aggregated,134.200000,0.000000,710,750,780,800,900,1000,1200,1400,4000,24000,37000,37025,0,710,743.7260468516758,248.28441700083204,36643.71616599965,304.1469547602971
1777051311,100,,Aggregated,134.100000,0.000000,710,750,780,800,900,1000,1200,1400,4000,24000,37000,37167,0,710,743.6795241537549,248.28441700083204,36643.71616599965,304.1474157182447
1777051312,100,,Aggregated,135.300000,0.000000,710,750,780,800,900,1000,1200,1400,4000,24000,37000,37294,0,710,743.7626912364352,248.28441700083204,36643.71616599965,304.146779642838
1777051313,100,,Aggregated,136.300000,0.000000,710,750,780,800,900,1000,1200,1400,4000,24000,37000,37439,0,710,743.7398252572295,248.28441700083204,36643.71616599965,304.1470926039691
1777051314,100,,Aggregated,136.100000,0.000000,710,750,780,800,900,1000,1200,1400,4000,24000,37000,37573,0,710,743.5671330769025,248.28441700083204,36643.71616599965,304.14672770340405
1777051315,100,,Aggregated,135.000000,0.000000,710,750,780,800,900,1000,1200,1400,4000,24000,37000,37714,0,710,743.8100842506399,248.28441700083204,36643.71616599965,304.1467359601209
1777051316,100,,Aggregated,134.100000,0.000000,710,750,780,800,900,1000,1200,1400,4000,24000,37000,37845,0,710,743.6810746733946,248.28441700083204,36643.71616599965,304.1472057074911
1777051317,100,,Aggregated,133.600000,0.000000,710,750,780,800,900,1000,1200,1400,4000,24000,37000,37976,0,710,743.7927550430483,248.28441700083204,36643.71616599965,304.14730356014326
1777051318,100,,Aggregated,134.200000,0.000000,710,750,780,800,900,1000,1200,1400,4000,24000,37000,38109,0,710,743.7153245103973,248.28441700083204,36643.71616599965,304.1474454853184
1777051319,100,,Aggregated,135.200000,0.000000,710,750,780,800,900,1000,1200,1400,4000,24000,37000,38232,0,710,743.7246547358135,248.28441700083204,36643.71616599965,304.1474157773593
1777051320,100,,Aggregated,133.800000,0.000000,710,750,780,800,900,1000,1200,1400,4000,24000,37000,38344,0,710,743.8565485838868,248.28441700083204,36643.71616599965,304.14766325891924
1777051321,100,,Aggregated,133.600000,0.000000,710,750,780,800,900,1000,1200,1400,4000,24000,37000,38514,0,710,743.633503195484,248.28441700083204,36643.71616599965,304.14815391805575
1777051322,100,,Aggregated,133.300000,0.000000,710,750,780,800,900,1000,1200,1400,4000,24000,37000,38636,0,710,743.7564670888572,248.28441700083204,36643.71616599965,304.14903199088934
1777051323,100,,Aggregated,134.400000,0.000000,710,750,780,800,900,1000,1200,1400,4000,24000,37000,38781,0,710,743.7551114686111,248.28441700083204,36643.71616599965,304.1489131275625
1777051324,100,,Aggregated,133.400000,0.000000,710,750,780,800,900,1000,1200,1400,4000,24000,37000,38902,0,710,743.7791800708798,248.28441700083204,36643.71616599965,304.149555292787
1777051325,100,,Aggregated,134.000000,0.000000,710,750,780,800,900,1000,1200,1400,3900,24000,37000,39049,0,710,743.7158882471871,248.28441700083204,36643.71616599965,304.1493764244923
1777051326,100,,Aggregated,133.600000,0.000000,710,750,780,800,900,1000,1200,1400,3900,24000,37000,39183,0,710,743.8122568119402,248.28441700083204,36643.71616599965,304.14952913253194
1777051327,100,,Aggregated,135.900000,0.000000,710,750,780,800,900,1000,1200,1400,3900,24000,37000,39316,0,710,743.7981331697047,248.28441700083204,36643.71616599965,304.14940482246413
1777051328,100,,Aggregated,133.900000,0.000000,710,750,780,800,900,1000,1200,1400,3900,24000,37000,39451,0,710,743.7602730885351,248.28441700083204,36643.71616599965,304.1488682162683
1777051329,100,,Aggregated,133.700000,0.000000,710,750,780,800,900,1000,1200,1400,3900,24000,37000,39590,0,710,743.8486741441509,248.28441700083204,36643.71616599965,304.1489770143976
1777051330,100,,Aggregated,134.100000,0.000000,710,750,780,800,900,1000,1200,1400,3900,24000,37000,39721,0,710,743.647459376824,248.28441700083204,36643.71616599965,304.1486619168702
1777051331,100,,Aggregated,133.400000,0.000000,710,750,780,800,900,1000,1200,1400,3900,24000,37000,39857,0,710,743.7268028962476,248.28441700083204,36643.71616599965,304.1488571643626
1777051332,100,,Aggregated,135.400000,0.000000,710,750,780,800,900,1000,1200,1400,3900,24000,37000,39982,0,710,743.8601890578219,248.28441700083204,36643.71616599965,304.1488169676354
1777051333,100,,Aggregated,134.200000,0.000000,710,750,780,800,900,1000,1200,1400,3800,18000,37000,40127,0,710,743.7091780843509,248.28441700083204,36643.71616599965,304.1491016024123
1777051334,100,,Aggregated,134.300000,0.000000,710,750,780,800,900,1000,1200,1400,3800,18000,37000,40263,0,710,743.6565191271861,248.28441700083204,36643.71616599965,304.1486476417555
1777051335,100,,Aggregated,135.100000,0.000000,710,750,780,800,910,1000,1200,1400,3800,18000,37000,40412,0,710,743.8121943893332,248.28441700083204,36643.71616599965,304.1485202415124
1777051336,100,,Aggregated,134.500000,0.000000,710,750,780,800,910,1000,1200,1400,3800,18000,37000,40528,0,710,743.6220169419375,248.28441700083204,36643.71616599965,304.1483418870904
1777051337,100,,Aggregated,132.800000,0.000000,710,750,780,800,910,1000,1200,1400,3800,18000,37000,40661,0,710,743.7415000101521,248.28441700083204,36643.71616599965,304.1483731339613
1777051338,100,,Aggregated,133.600000,0.000000,710,750,780,800,910,1000,1200,1400,3800,18000,37000,40812,0,710,743.5538932022328,248.28441700083204,36643.71616599965,304.14848573948836
1777051339,100,,Aggregated,132.600000,0.000000,710,750,780,800,910,1000,1200,1400,3800,18000,37000,40942,0,710,743.5886889541678,248.28441700083204,36643.71616599965,304.148991255923
1777051340,100,,Aggregated,135.800000,0.000000,710,750,780,800,910,1000,1200,1500,3800,18000,37000,41072,0,710,743.7789096026851,248.28441700083204,36643.71616599965,304.14866575769383
1777051341,100,,Aggregated,136.500000,0.000000,710,750,780,800,910,1000,1200,1400,3800,18000,37000,41210,0,710,743.6360053001067,248.28441700083204,36643.71616599965,304.1485561756855
1777051342,100,,Aggregated,133.200000,0.000000,710,750,780,800,910,1000,1200,1500,3800,18000,37000,41343,0,710,743.7517424916495,248.28441700083204,36643.71616599965,304.148924848221
1777051343,100,,Aggregated,134.000000,0.000000,710,750,780,800,910,1000,1200,1500,3800,18000,37000,41480,0,710,743.5808189558608,248.28441700083204,36643.71616599965,304.1481195756991
1777051344,100,,Aggregated,134.900000,0.000000,710,750,780,800,910,1000,1200,1500,3800,18000,37000,41617,0,710,743.5749987173031,248.28441700083204,36643.71616599965,304.14784823509626
1777051345,100,,Aggregated,134.400000,0.000000,710,750,780,800,910,1000,1200,1500,3800,18000,37000,41748,0,710,743.6505168341673,248.28441700083204,36643.71616599965,304.1482226693494
1777051346,100,,Aggregated,135.600000,0.000000,710,750,780,800,910,1000,1200,1500,3800,18000,37000,41880,0,710,743.6255433547954,248.28441700083204,36643.71616599965,304.1485195797517
1777051347,100,,Aggregated,135.200000,0.000000,710,750,780,800,910,1000,1200,1500,3700,18000,37000,42004,0,710,743.6094386643862,248.28441700083204,36643.71616599965,304.148557280259
1777051348,100,,Aggregated,135.600000,0.000000,710,750,780,800,910,1000,1200,1500,3700,18000,37000,42147,0,710,743.5545394610709,248.28441700083204,36643.71616599965,304.148693857214
1777051349,100,,Aggregated,136.100000,0.000000,710,750,780,800,910,1000,1200,1500,3700,18000,37000,42288,0,710,743.6241278719663,248.28441700083204,36643.71616599965,304.14855278093074
1777051350,100,,Aggregated,133.700000,0.000000,710,750,780,800,910,1000,1200,1500,3700,18000,37000,42422,0,710,743.5020358782535,248.28441700083204,36643.71616599965,304.1488850124935
1777051351,100,,Aggregated,134.200000,0.000000,710,750,780,800,910,1000,1200,1500,3700,18000,37000,42542,0,710,743.6093854657096,248.28441700083204,36643.71616599965,304.1487471204927
1777051352,100,,Aggregated,136.800000,0.000000,710,750,780,800,910,1000,1200,1500,3700,18000,37000,42691,0,710,743.5181451912141,248.28441700083204,36643.71616599965,304.14918835351716
1777051353,100,,Aggregated,133.600000,0.000000,710,750,780,800,920,1000,1200,1500,3700,18000,37000,42814,0,710,743.5447529155197,248.28441700083204,36643.71616599965,304.14939038632224
1777051354,100,,Aggregated,135.300000,0.000000,710,750,780,800,920,1000,1200,1500,3700,18000,37000,42952,0,710,743.763651903852,248.28441700083204,36643.71616599965,304.14918979325756
1777051355,100,,Aggregated,133.500000,0.000000,710,750,780,800,920,1000,1200,1500,3500,18000,37000,43079,0,710,743.823186845452,248.28441700083204,36643.71616599965,304.1490517421482
1777051356,100,,Aggregated,132.300000,0.000000,710,750,780,800,920,1000,1200,1500,3500,18000,37000,43209,0,710,743.8602707431378,248.28441700083204,36643.71616599965,304.14869587354485
1777051357,100,,Aggregated,133.000000,0.000000,710,750,780,800,920,1000,1200,1500,3500,18000,37000,43348,0,710,743.8331001958416,248.28441700083204,36643.71616599965,304.14861123927284
1777051358,100,,Aggregated,132.300000,0.000000,710,750,780,800,920,1000,1200,1500,3500,18000,37000,43491,0,710,743.8425741808253,248.28441700083204,36643.71616599965,304.14832953944494
1777051359,100,,Aggregated,133.300000,0.000000,710,750,780,800,920,1000,1200,1500,3500,18000,37000,43615,0,710,743.7567933096492,248.28441700083204,36643.71616599965,304.1480912530093
1777051360,100,,Aggregated,132.800000,0.000000,710,750,780,800,920,1000,1200,1500,3500,18000,37000,43759,0,710,743.6968484261849,248.28441700083204,36643.71616599965,304.1481066751982
1777051361,100,,Aggregated,133.400000,0.000000,710,750,780,800,920,1000,1200,1500,3500,18000,37000,43901,0,710,743.7733060197365,248.28441700083204,36643.71616599965,304.14853875765925
1777051362,100,,Aggregated,132.800000,0.000000,710,750,780,800,920,1000,1200,1500,3400,18000,37000,44031,0,710,743.7634371576262,248.28441700083204,36643.71616599965,304.1485090050192
1777051363,100,,Aggregated,131.900000,0.000000,710,750,780,800,920,1000,1200,1500,3400,18000,37000,44163,0,710,743.7131002297727,248.28441700083204,36643.71616599965,304.1480651223875
1777051364,100,,Aggregated,132.100000,0.000000,710,750,780,800,920,1000,1200,1500,3400,18000,37000,44297,0,710,743.727267206525,248.28441700083204,36643.71616599965,304.14806871797185
1777051365,100,,Aggregated,134.000000,0.000000,710,750,780,800,920,1000,1200,1500,3400,18000,37000,44415,0,710,743.8400819540573,248.28441700083204,36643.71616599965,304.147945513903
1777051366,100,,Aggregated,134.800000,0.000000,710,750,780,800,920,1000,1200,1500,3400,18000,37000,44548,0,710,743.9326055937993,248.28441700083204,36643.71616599965,304.14779563616776
1777051367,100,,Aggregated,135.100000,0.000000,710,750,780,800,920,1000,1200,1500,3400,18000,37000,44686,0,710,743.6884650777062,248.28441700083204,36643.71616599965,304.1476525086157
1777051368,100,,Aggregated,134.000000,0.000000,710,750,780,800,920,1000,1200,1500,3400,18000,37000,44826,0,710,743.739080942585,248.28441700083204,36643.71616599965,304.1479944674965
1777051369,100,,Aggregated,135.500000,0.000000,710,750,780,800,920,1000,1200,1500,3400,18000,37000,44964,0,710,743.8460510260702,248.28441700083204,36643.71616599965,304.14798505471043
1777051370,100,,Aggregated,134.500000,0.000000,710,750,780,800,920,1000,1200,1500,3300,18000,37000,45095,0,710,743.7156343933719,248.28441700083204,36643.71616599965,304.14815389732786
1777051371,100,,Aggregated,132.800000,0.000000,710,750,780,800,920,1000,1200,1500,3300,18000,37000,45242,0,710,743.6809009248356,248.28441700083204,36643.71616599965,304.14787144688563
1777051372,100,,Aggregated,133.800000,0.000000,710,750,780,800,920,1000,1200,1500,3300,18000,37000,45375,0,710,743.6171890417482,248.28441700083204,36643.71616599965,304.1481652892562
1777051373,100,,Aggregated,136.600000,0.000000,710,750,780,800,920,1000,1200,1500,3300,18000,37000,45515,0,710,743.7282849560416,248.28441700083204,36643.71616599965,304.1481489618807
1777051374,100,,Aggregated,134.600000,0.000000,710,750,780,800,930,1000,1200,1500,3300,18000,37000,45638,0,710,743.6848102974328,248.28441700083204,36643.71616599965,304.1482974714054
1777051375,100,,Aggregated,133.400000,0.000000,710,750,780,800,930,1000,1200,1500,3300,18000,37000,45784,0,710,743.6996703929746,248.28441700083204,36643.71616599965,304.14843613489427
1777051376,100,,Aggregated,134.400000,0.000000,710,750,780,800,930,1000,1200,1500,3300,18000,37000,45898,0,710,743.8248750321751,248.28441700083204,36643.71616599965,304.14854677763736
1777051377,100,,Aggregated,134.800000,0.000000,710,750,780,800,930,1000,1200,1500,3300,18000,37000,46055,0,710,743.6638025906102,248.28441700083204,36643.71616599965,304.1490174791011
1777051378,100,,Aggregated,135.100000,0.000000,710,750,780,800,930,1000,1200,1500,3300,18000,37000,46187,0,710,743.7218530859666,248.28441700083204,36643.71616599965,304.14880810617706
1777051379,100,,Aggregated,133.700000,0.000000,710,750,780,800,930,1000,1200,1500,3300,18000,37000,46318,0,710,743.7902909987583,248.28441700083204,36643.71616599965,304.1490997020597
1777051380,100,,Aggregated,134.700000,0.000000,710,750,780,800,930,1000,1200,1500,3300,18000,37000,46454,0,710,743.6794345457715,248.28441700083204,36643.71616599965,304.1492228871572
1777051381,100,,Aggregated,135.200000,0.000000,710,750,780,800,930,1000,1200,1500,3300,18000,37000,46584,0,710,743.7359648345406,248.28441700083204,36643.71616599965,304.14914992272026
1777051382,100,,Aggregated,134.700000,0.000000,710,750,780,800,930,1000,1200,1500,3300,18000,37000,46710,0,710,743.7102990832644,248.28441700083204,36643.71616599965,304.1489616784414
1777051383,100,,Aggregated,133.800000,0.000000,710,750,780,800,930,1000,1200,1500,3300,18000,37000,46858,0,710,743.7741041651404,248.28441700083204,36643.71616599965,304.1485338682829
1777051384,100,,Aggregated,135.200000,0.000000,710,750,780,800,930,1000,1200,1500,3300,18000,37000,46996,0,710,743.6680579990682,248.28441700083204,36643.71616599965,304.1484807217636
1777051385,100,,Aggregated,133.400000,0.000000,710,750,780,800,930,1100,1300,1500,3200,18000,37000,47129,0,710,743.7714774036606,248.28441700083204,36643.71616599965,304.14888921895226
1777051386,100,,Aggregated,133.600000,0.000000,710,750,780,800,930,1100,1300,1500,3200,18000,37000,47270,0,710,743.6949806838632,248.28441700083204,36643.71616599965,304.1485508779353
1777051387,100,,Aggregated,132.800000,0.000000,710,750,780,800,930,1100,1300,1500,3200,18000,37000,47380,0,710,743.6698604528075,248.28441700083204,36643.71616599965,304.14850147741663
1777051388,100,,Aggregated,133.900000,0.000000,710,750,780,800,930,1100,1300,1500,3200,18000,37000,47547,0,710,743.4420298969846,248.28441700083204,36643.71616599965,304.1488842618882
1777051389,100,,Aggregated,133.200000,0.000000,710,750,780,800,930,1100,1300,1500,3200,18000,37000,47661,0,710,743.5375948902459,248.28441700083204,36643.71616599965,304.1486120727639
1777051390,100,,Aggregated,135.600000,0.000000,710,750,780,800,930,1100,1300,1500,3200,18000,37000,47812,0,710,743.5556909481323,248.28441700083204,36643.71616599965,304.149209403497
1777051391,100,,Aggregated,135.800000,0.000000,710,750,780,800,930,1100,1300,1500,3200,18000,37000,47940,0,710,743.5799428198426,248.28441700083204,36643.71616599965,304.14926992073424
1777051392,100,,Aggregated,134.500000,0.000000,710,750,780,800,930,1100,1300,1500,3200,18000,37000,48077,0,710,743.5611044000542,248.28441700083204,36643.71616599965,304.1492397612164
1777051393,100,,Aggregated,135.400000,0.000000,710,750,780,800,930,1100,1300,1500,3200,18000,37000,48204,0,710,743.5513220996511,248.28441700083204,36643.71616599965,304.14924072691065
1777051394,100,,Aggregated,134.300000,0.000000,710,750,780,800,930,1100,1300,1500,3200,18000,37000,48340,0,710,743.5383142727022,248.28441700083204,36643.71616599965,304.14906909391806
1777051395,100,,Aggregated,136.100000,0.000000,710,750,780,800,930,1100,1300,1500,3200,18000,37000,48470,0,710,743.7913298995979,248.28441700083204,36643.71616599965,304.1493707447906
1777051396,100,,Aggregated,134.800000,0.000000,710,750,780,800,930,1100,1300,1500,3200,18000,37000,48585,0,710,744.0745416517362,248.28441700083204,36643.71616599965,304.1494082535762
1777051397,100,,Aggregated,135.300000,0.000000,710,750,780,800,930,1100,1300,1500,3200,18000,37000,48719,0,710,744.0722814333067,248.28441700083204,36643.71616599965,304.14965413904224
1777051398,100,,Aggregated,132.200000,0.000000,710,750,780,800,930,1100,1300,1500,3200,18000,37000,48848,0,710,744.1972278647276,248.28441700083204,36643.71616599965,304.14936128398296
1777051399,100,,Aggregated,132.300000,0.000000,710,750,780,800,930,1100,1300,1500,3200,18000,37000,48974,0,710,744.1919726901891,248.28441700083204,36643.71616599965,304.14926287417813
1777051400,100,,Aggregated,129.100000,0.000000,710,750,780,800,930,1100,1300,1500,3200,18000,37000,49120,0,710,744.1245313217737,248.28441700083204,36643.71616599965,304.1490635179153
1777051401,100,,Aggregated,129.000000,0.000000,710,750,780,800,930,1100,1300,1500,3200,18000,37000,49247,0,710,744.1159697534172,248.28441700083204,36643.71616599965,304.1490243060491
1777051402,100,,Aggregated,130.300000,0.000000,710,750,780,800,930,1100,1300,1500,3200,18000,37000,49388,0,710,744.0902699127024,248.28441700083204,36643.71616599965,304.1489025674253
1777051403,100,,Aggregated,128.600000,0.000000,710,750,780,800,930,1100,1300,1500,3200,18000,37000,49532,0,710,744.0866989310233,248.28441700083204,36643.71616599965,304.14923685698136
1777051404,100,,Aggregated,129.700000,0.000000,710,750,780,800,930,1100,1300,1500,3200,18000,37000,49675,0,710,744.0981393145594,248.28441700083204,36643.71616599965,304.14983392048316
1777051405,100,,Aggregated,130.900000,0.000000,710,750,780,800,930,1100,1300,1500,3200,18000,37000,49792,0,710,743.8583929629383,248.28441700083204,36643.71616599965,304.1495420951157
1777051406,100,,Aggregated,130.000000,0.000000,710,750,780,800,930,1100,1300,1500,3200,18000,37000,49928,0,710,743.9615726686487,248.28441700083204,36643.71616599965,304.14953533087646
1777051407,100,,Aggregated,132.200000,0.000000,710,750,780,800,930,1100,1300,1500,3200,18000,37000,50073,0,710,744.0101729964298,248.28441700083204,36643.71616599965,304.14996105685697
1777051408,100,,Aggregated,134.800000,0.000000,710,750,780,800,930,1100,1300,1500,3200,18000,37000,50197,0,710,744.0342624425786,248.28441700083204,36643.71616599965,304.1495507699663
1777051409,100,,Aggregated,134.100000,0.000000,710,750,780,800,930,1100,1300,1500,3200,18000,37000,50343,0,710,743.9159246460348,248.28441700083204,36643.71616599965,304.14951433168466
1777051410,100,,Aggregated,135.400000,0.000000,710,750,780,800,940,1100,1300,1500,3200,18000,37000,50481,0,710,743.9849339461656,248.28441700083204,36643.71616599965,304.1493829361542
1777051411,100,,Aggregated,136.000000,0.000000,710,750,780,800,940,1100,1300,1500,3200,18000,37000,50608,0,710,744.0003479405698,248.28441700083204,36643.71616599965,304.14997628833385
1777051412,100,,Aggregated,135.200000,0.000000,710,750,780,800,930,1100,1300,1500,3200,18000,37000,50740,0,710,743.9658147787042,248.28441700083204,36643.71616599965,304.14990145841546
1777051413,100,,Aggregated,136.900000,0.000000,710,750,780,800,930,1100,1300,1500,3200,18000,37000,50875,0,710,743.9309491768547,248.28441700083204,36643.71616599965,304.1500737100737
1777051414,100,,Aggregated,136.300000,0.000000,710,750,780,800,940,1100,1300,1500,3200,18000,37000,51017,0,710,743.9511478657633,248.28441700083204,36643.71616599965,304.15012642844545
1777051415,100,,Aggregated,135.600000,0.000000,710,750,780,800,940,1100,1300,1500,3200,18000,37000,51147,0,710,743.9149201932975,248.28441700083204,36643.71616599965,304.1504878096467
1777051416,100,,Aggregated,136.200000,0.000000,710,750,780,800,940,1100,1300,1500,3200,18000,37000,51285,0,710,743.9269414783281,248.28441700083204,36643.71616599965,304.15031685678076
1777051417,100,,Aggregated,133.500000,0.000000,710,750,780,800,940,1100,1300,1500,3200,18000,37000,51412,0,710,743.8889843617684,248.28441700083204,36643.71616599965,304.15019839726136
1777051418,100,,Aggregated,134.800000,0.000000,710,750,780,800,940,1100,1300,1500,3200,18000,37000,51547,0,710,743.9601443683875,248.28441700083204,36643.71616599965,304.1501736279512
1777051419,100,,Aggregated,135.900000,0.000000,710,750,780,800,940,1100,1300,1500,3200,18000,37000,51690,0,710,743.9524850972577,248.28441700083204,36643.71616599965,304.15008705745794
1777051420,100,,Aggregated,134.700000,0.000000,710,750,780,800,940,1100,1300,1500,3200,18000,37000,51806,0,710,743.9790362444729,248.28441700083204,36643.71616599965,304.15009844419563
1777051421,100,,Aggregated,133.900000,0.000000,700,750,780,800,940,1100,1300,1500,3200,18000,37000,51974,0,700,743.8036799436485,248.28441700083204,36643.71616599965,304.1498056720668
1777051422,100,,Aggregated,133.500000,0.000000,700,750,780,800,940,1100,1300,1500,3200,18000,37000,52107,0,700,743.6762499115692,248.28441700083204,36643.71616599965,304.1496727886848
1777051423,100,,Aggregated,133.300000,0.000000,700,750,780,800,940,1100,1300,1500,3200,18000,37000,52236,0,700,743.6885306129724,248.28441700083204,36643.71616599965,304.1499349107895
1777051424,100,,Aggregated,135.700000,0.000000,700,750,780,800,940,1100,1300,1500,3200,18000,37000,52356,0,700,743.7737243156852,248.28441700083204,36643.71616599965,304.14985865994345
1777051425,100,,Aggregated,135.100000,0.000000,700,750,780,800,940,1100,1300,1500,3200,18000,37000,52511,0,700,743.6525031869693,248.28441700083204,36643.71616599965,304.14970196720685
1777051426,100,,Aggregated,135.400000,0.000000,700,750,780,800,940,1100,1300,1500,3200,18000,37000,52646,0,700,743.5845547392199,248.28441700083204,36643.71616599965,304.14956501918476
1777051427,100,,Aggregated,136.300000,0.000000,700,750,780,800,940,1100,1300,1500,3200,18000,37000,52774,0,700,743.6077240428649,248.28441700083204,36643.71616599965,304.149581233183
1777051428,100,,Aggregated,135.300000,0.000000,700,750,780,800,940,1100,1300,1500,3200,18000,37000,52899,0,700,743.5811824910907,248.28441700083204,36643.71616599965,304.1499272197962
1777051429,100,,Aggregated,135.200000,0.000000,700,750,780,800,940,1100,1300,1500,3200,18000,37000,53042,0,700,743.60479839584,248.28441700083204,36643.71616599965,304.1498812261981
1777051430,100,,Aggregated,135.400000,0.000000,700,750,780,800,940,1100,1300,1500,3200,18000,37000,53178,0,700,743.5993685532568,248.28441700083204,36643.71616599965,304.1497987889729
1777051431,100,,Aggregated,136.300000,0.000000,700,750,780,800,940,1100,1300,1500,3200,18000,37000,53316,0,700,743.5413471076234,248.28441700083204,36643.71616599965,304.1497486683172
1777051432,100,,Aggregated,136.500000,0.000000,700,750,780,800,940,1100,1300,1500,3200,18000,37000,53455,0,700,743.5111630043058,248.28441700083204,36643.71616599965,304.14978954260596
1777051433,100,,Aggregated,136.900000,0.000000,700,750,780,800,940,1100,1300,1500,3200,18000,37000,53586,0,700,743.5785544260257,248.28441700083204,36643.71616599965,304.1498898966148
1777051434,100,,Aggregated,134.200000,0.000000,700,750,780,800,940,1100,1300,1500,3200,18000,37000,53717,0,700,743.7460966177763,248.28441700083204,36643.71616599965,304.149542975222
1777051435,100,,Aggregated,133.100000,0.000000,700,750,780,800,940,1100,1300,1500,3200,18000,37000,53837,0,700,743.7221344758631,248.28441700083204,36643.71616599965,304.14943254639
1777051436,100,,Aggregated,134.300000,0.000000,700,750,780,800,940,1100,1300,1500,3200,18000,37000,53975,0,700,743.7331490471311,248.28441700083204,36643.71616599965,304.1496433534044
1777051437,100,,Aggregated,134.600000,0.000000,700,750,780,800,940,1100,1300,1500,3200,18000,37000,54109,0,700,743.7600837388062,248.28441700083204,36643.71616599965,304.14971631336743
1777051438,100,,Aggregated,134.200000,0.000000,700,750,780,800,940,1100,1300,1500,3200,18000,37000,54273,0,700,743.6260816025706,248.28441700083204,36643.71616599965,304.1495587124353
1777051439,100,,Aggregated,133.200000,0.000000,700,750,780,800,940,1100,1300,1500,3200,18000,37000,54399,0,700,743.6025403467065,248.28441700083204,36643.71616599965,304.1494696593687
1777051440,100,,Aggregated,134.100000,0.000000,700,750,780,800,940,1100,1300,1500,3200,18000,37000,54524,0,700,743.6816955313202,248.28441700083204,36643.71616599965,304.14943877925316
1777051441,100,,Aggregated,135.100000,0.000000,700,750,780,800,940,1100,1300,1500,3200,18000,37000,54665,0,700,743.6740689247918,248.28441700083204,36643.71616599965,304.14962041525655
1777051442,100,,Aggregated,134.700000,0.000000,700,750,780,800,940,1100,1300,1500,3200,18000,37000,54811,0,700,743.6635169709116,248.28441700083204,36643.71616599965,304.14936782762584
1777051443,100,,Aggregated,134.500000,0.000000,700,750,780,800,940,1100,1300,1500,3200,18000,37000,54947,0,700,743.7147026487797,248.28441700083204,36643.71616599965,304.14932571386976
1777051444,100,,Aggregated,133.900000,0.000000,700,750,780,800,940,1100,1300,1500,3100,18000,37000,55076,0,700,743.5625567023445,248.28441700083204,36643.71616599965,304.1494298787131
1777051445,100,,Aggregated,135.100000,0.000000,700,750,780,800,940,1100,1300,1500,3100,18000,37000,55215,0,700,743.6017904181158,248.28441700083204,36643.71616599965,304.1493615865254
1777051446,100,,Aggregated,136.000000,0.000000,700,750,780,800,940,1100,1300,1500,3100,18000,37000,55340,0,700,743.6146001080143,248.28441700083204,36643.71616599965,304.14925912540656
1777051447,100,,Aggregated,134.300000,0.000000,700,750,780,800,940,1100,1300,1500,3100,18000,37000,55475,0,700,743.6479784454715,248.28441700083204,36643.71616599965,304.1489860297431
1777051448,100,,Aggregated,134.800000,0.000000,700,750,780,800,940,1100,1300,1500,3100,18000,37000,55614,0,700,743.6020246074235,248.28441700083204,36643.71616599965,304.14909914769663
1777051449,100,,Aggregated,134.800000,0.000000,700,750,780,800,940,1100,1300,1500,3100,18000,37000,55749,0,700,743.5479906347583,248.28441700083204,36643.71616599965,304.14900715707904
1777051450,100,,Aggregated,135.000000,0.000000,700,750,780,800,940,1100,1300,1500,3100,18000,37000,55897,0,700,743.5788236872138,248.28441700083204,36643.71616599965,304.14868418698677
1777051451,100,,Aggregated,134.600000,0.000000,700,750,780,800,940,1100,1300,1500,3100,18000,37000,56015,0,700,743.5364969564617,248.28441700083204,36643.71616599965,304.14847808622693
1777051452,100,,Aggregated,134.900000,0.000000,700,750,780,800,940,1100,1300,1500,3100,18000,37000,56152,0,700,743.5512498622509,248.28441700083204,36643.71616599965,304.148311725317
1777051453,100,,Aggregated,134.400000,0.000000,700,750,780,800,940,1100,1300,1500,3100,18000,37000,56297,0,700,743.5404317817334,248.28441700083204,36643.71616599965,304.14851590670906
1777051454,100,,Aggregated,134.900000,0.000000,700,750,780,800,940,1100,1300,1500,3100,18000,37000,56417,0,700,743.5808944106969,248.28441700083204,36643.71616599965,304.14791640817486
1777051455,100,,Aggregated,134.600000,0.000000,700,750,780,800,940,1100,1300,1500,3100,18000,37000,56567,0,700,743.5686159252999,248.28441700083204,36643.71616599965,304.14791309420684
1777051456,100,,Aggregated,133.500000,0.000000,700,750,780,800,940,1100,1300,1500,3100,18000,37000,56700,0,700,743.4671172620335,248.28441700083204,36643.71616599965,304.1480423280423
1777051457,100,,Aggregated,134.600000,0.000000,700,750,780,800,940,1100,1300,1500,3100,18000,37000,56830,0,700,743.5228708730642,248.28441700083204,36643.71616599965,304.1480907971142
1777051458,100,,Aggregated,135.500000,0.000000,700,750,780,800,940,1100,1300,1500,3100,18000,37000,56971,0,700,743.4526819237548,248.28441700083204,36643.71616599965,304.14830352284497
1777051459,100,,Aggregated,136.000000,0.000000,700,750,780,800,940,1100,1300,1500,3100,18000,37000,57097,0,700,743.4673558528366,248.28441700083204,36643.71616599965,304.1482564758218
1777051460,100,,Aggregated,135.000000,0.000000,700,750,780,800,940,1100,1300,1500,3100,18000,37000,57236,0,700,743.4451100648083,248.28441700083204,36643.71616599965,304.1482982738137
1777051461,100,,Aggregated,134.100000,0.000000,700,750,780,800,940,1100,1300,1500,3100,18000,37000,57381,0,700,743.4721428150657,248.28441700083204,36643.71616599965,304.14821979400847
1777051462,100,,Aggregated,135.700000,0.000000,700,750,780,800,940,1100,1300,1500,3100,18000,37000,57502,0,700,743.4164205433432,248.28441700083204,36643.71616599965,304.14806441515077
1777051463,100,,Aggregated,135.100000,0.000000,700,750,780,800,940,1100,1300,1500,3100,18000,37000,57641,0,700,743.4148996635308,248.28441700083204,36643.71616599965,304.14814108013394
1777051464,100,,Aggregated,135.600000,0.000000,700,750,780,800,940,1100,1300,1500,3100,18000,37000,57782,0,700,743.4061806373721,248.28441700083204,36643.71616599965,304.14817763317296
1777051465,100,,Aggregated,136.100000,0.000000,700,750,780,800,940,1100,1300,1500,3100,18000,37000,57902,0,700,743.4444942749047,248.28441700083204,36643.71616599965,304.14790508099895
1777051466,100,,Aggregated,135.000000,0.000000,700,750,780,800,940,1100,1300,1500,3100,18000,37000,58024,0,700,743.6309152023871,248.28441700083204,36643.71616599965,304.14776644147247
1777051467,100,,Aggregated,135.500000,0.000000,700,750,780,800,940,1100,1300,1500,3100,18000,37000,58164,0,700,743.5842980143055,248.28441700083204,36643.71616599965,304.14799532356784
1777051468,100,,Aggregated,132.600000,0.000000,700,750,780,800,940,1100,1300,1500,3100,18000,37000,58304,0,700,743.5846408893211,248.28441700083204,36643.71616599965,304.14829171240393
1777051469,100,,Aggregated,132.500000,0.000000,700,750,780,800,940,1100,1300,1500,3100,18000,37000,58438,0,700,743.5844200013519,248.28441700083204,36643.71616599965,304.1482596940347
1777051470,100,,Aggregated,134.100000,0.000000,700,750,780,800,940,1100,1300,1500,3100,18000,37000,58563,0,700,743.6461643607216,248.28441700083204,36643.71616599965,304.1479944674965
1777051471,100,,Aggregated,132.600000,0.000000,700,750,780,800,940,1100,1300,1500,3100,18000,37000,58721,0,700,743.6036476118969,248.28441700083204,36643.71616599965,304.1481071507638
1777051472,100,,Aggregated,131.800000,0.000000,700,750,780,800,940,1100,1300,1500,3100,18000,37000,58852,0,700,743.4424508703913,248.28441700083204,36643.71616599965,304.14820227010125
1777051473,100,,Aggregated,133.000000,0.000000,700,750,780,800,940,1100,1300,1500,3100,18000,37000,58990,0,700,743.5004670755945,248.28441700083204,36643.71616599965,304.1480928971012
1777051474,100,,Aggregated,134.200000,0.000000,700,750,780,800,940,1100,1300,1500,3100,18000,37000,59112,0,700,743.4218362882222,248.28441700083204,36643.71616599965,304.1480240898633
1777051475,100,,Aggregated,133.700000,0.000000,700,750,780,800,940,1100,1300,1500,3100,18000,37000,59262,0,700,743.4134121927735,248.28441700083204,36643.71616599965,304.14812189936214
1777051476,100,,Aggregated,134.500000,0.000000,700,750,780,800,940,1100,1300,1500,3100,18000,37000,59393,0,700,743.4814183440985,248.28441700083204,36643.71616599965,304.1483844897547
1777051477,100,,Aggregated,133.700000,0.000000,700,750,780,800,940,1100,1300,1500,3100,18000,37000,59530,0,700,743.4074459061665,248.28441700083204,36643.71616599965,304.1479254157568
1777051478,100,,Aggregated,136.100000,0.000000,700,750,780,800,940,1100,1300,1500,3100,18000,37000,59670,0,700,743.426470656059,248.28441700083204,36643.71616599965,304.1479470420647
1777051479,100,,Aggregated,136.100000,0.000000,700,750,780,800,940,1100,1300,1500,3100,18000,37000,59811,0,700,743.3987093700349,248.28441700083204,36643.71616599965,304.14791593519584
1777051480,100,,Aggregated,134.700000,0.000000,700,750,780,800,940,1100,1300,1500,3100,18000,37000,59944,0,700,743.3521032799138,248.28441700083204,36643.71616599965,304.14820499132526
1777051481,100,,Aggregated,136.400000,0.000000,700,750,780,800,940,1100,1300,1500,3000,15000,37000,60074,0,700,743.3606960375416,248.28441700083204,36643.71616599965,304.1479175683324
1777051482,100,,Aggregated,136.400000,0.000000,700,750,780,800,940,1100,1300,1500,3000,15000,37000,60205,0,700,743.3726968401535,248.28441700083204,36643.71616599965,304.14807740220914
1777051483,100,,Aggregated,136.500000,0.000000,700,750,780,800,940,1100,1300,1500,3000,15000,37000,60326,0,700,743.3822655766736,248.28441700083204,36643.71616599965,304.14802904220403
1777051484,100,,Aggregated,135.200000,0.000000,700,750,780,800,940,1100,1300,1500,3000,15000,37000,60469,0,700,743.3763628817808,248.28441700083204,36643.71616599965,304.1481916353834
1777051485,100,,Aggregated,135.700000,0.000000,700,750,780,800,940,1100,1300,1500,3000,15000,37000,60615,0,700,743.3417727366417,248.28441700083204,36643.71616599965,304.1484286067805
1777051486,100,,Aggregated,134.200000,0.000000,700,750,780,800,940,1100,1300,1500,3000,15000,37000,60740,0,700,743.3607381483955,248.28441700083204,36643.71616599965,304.1485018109977
1777051487,100,,Aggregated,134.300000,0.000000,700,750,780,800,950,1100,1300,1500,3000,15000,37000,60883,0,700,743.3075930720488,248.28441700083204,36643.71616599965,304.14849793866927
1777051488,100,,Aggregated,134.300000,0.000000,700,750,780,800,950,1100,1300,1500,3000,15000,37000,61021,0,700,743.2940473109135,248.28441700083204,36643.71616599965,304.1485554153488
1777051489,100,,Aggregated,133.600000,0.000000,700,750,780,800,950,1100,1300,1500,3000,15000,37000,61148,0,700,743.2986484131632,248.28441700083204,36643.71616599965,304.1487211356054
1777051490,100,,Aggregated,134.500000,0.000000,700,750,780,800,950,1100,1300,1500,3000,15000,37000,61287,0,700,743.3413909473949,248.28441700083204,36643.71616599965,304.1485306835055
1777051491,100,,Aggregated,135.300000,0.000000,700,750,780,800,950,1100,1300,1500,3000,15000,37000,61427,0,700,743.3200844667148,248.28441700083204,36643.71616599965,304.1482572810002
1777051492,100,,Aggregated,133.600000,0.000000,700,750,780,800,950,1100,1300,1500,3000,15000,37000,61554,0,700,743.3251272872255,248.28441700083204,36643.71616599965,304.1480976053546
1777051493,100,,Aggregated,133.600000,0.000000,700,750,780,800,950,1100,1300,1500,3000,15000,37000,61690,0,700,743.2955967849092,248.28441700083204,36643.71616599965,304.1479332144594
1777051494,100,,Aggregated,134.700000,0.000000,700,750,780,800,950,1100,1300,1500,3000,15000,37000,61828,0,700,743.2863458789087,248.28441700083204,36643.71616599965,304.14766772336156
1777051495,100,,Aggregated,134.500000,0.000000,700,750,780,800,950,1100,1300,1500,3000,15000,37000,61963,0,700,743.2873334187708,248.28441700083204,36643.71616599965,304.14771718606266
1777051496,100,,Aggregated,135.700000,0.000000,700,740,780,800,950,1100,1300,1500,3000,15000,37000,62104,0,700,743.2622784416017,248.28441700083204,36643.71616599965,304.14781656576065
1777051497,100,,Aggregated,136.100000,0.000000,700,740,780,800,950,1100,1300,1500,3000,15000,37000,62224,0,700,743.2778359079832,248.28441700083204,36643.71616599965,304.14772435073286
1777051498,100,,Aggregated,135.200000,0.000000,700,740,780,800,950,1100,1300,1500,3000,15000,37000,62368,0,700,743.2926896049767,248.28441700083204,36643.71616599965,304.1479925602873
1777051499,100,,Aggregated,136.400000,0.000000,700,740,780,800,950,1100,1300,1500,3000,15000,37000,62506,0,700,743.3071681377365,248.28441700083204,36643.71616599965,304.1477938117941
1777051500,100,,Aggregated,135.100000,0.000000,700,740,780,800,950,1100,1300,1500,3000,15000,37000,62634,0,700,743.3240826825589,248.28441700083204,36643.71616599965,304.1480665453268
1777051501,100,,Aggregated,134.700000,0.000000,700,740,780,800,950,1100,1300,1500,3000,15000,37000,62771,0,700,743.2887901476699,248.28441700083204,36643.71616599965,304.1480460722308
1777051502,100,,Aggregated,136.000000,0.000000,700,740,780,800,950,1100,1300,1500,3000,15000,37000,62913,0,700,743.2232001749306,248.28441700083204,36643.71616599965,304.1479980290242
1777051503,100,,Aggregated,134.300000,0.000000,700,740,780,800,950,1100,1300,1500,3000,15000,37000,63044,0,700,743.2845857388384,248.28441700083204,36643.71616599965,304.14818222194026
1777051504,100,,Aggregated,133.800000,0.000000,700,740,780,800,950,1100,1300,1500,3000,15000,37000,63183,0,700,743.1965633158777,248.28441700083204,36643.71616599965,304.14818859503345
1777051505,100,,Aggregated,134.900000,0.000000,700,740,780,800,950,1100,1300,1500,3000,15000,37000,63325,0,700,743.1608339404173,248.28441700083204,36643.71616599965,304.1482668772207
1777051506,100,,Aggregated,134.600000,0.000000,700,740,780,800,950,1100,1300,1500,3000,15000,37000,63454,0,700,743.130309465341,248.28441700083204,36643.71616599965,304.14798121473825
1777051507,100,,Aggregated,134.600000,0.000000,700,740,780,800,950,1100,1300,1500,3000,15000,37000,63590,0,700,743.1741848740342,248.28441700083204,36643.71616599965,304.14788488756096
1777051508,100,,Aggregated,135.100000,0.000000,700,740,780,800,950,1100,1300,1500,3000,15000,37000,63728,0,700,743.1341263783853,248.28441700083204,36643.71616599965,304.14784710017574
1777051509,100,,Aggregated,134.700000,0.000000,700,740,780,800,950,1100,1300,1500,3000,15000,37000,63855,0,700,743.1267428126976,248.28441700083204,36643.71616599965,304.1479132409365
1777051510,100,,Aggregated,135.600000,0.000000,700,740,780,800,950,1100,1300,1500,3000,15000,37000,63996,0,700,743.1721944732641,248.28441700083204,36643.71616599965,304.1482905181574
1777051511,100,,Aggregated,134.900000,0.000000,700,740,780,800,950,1100,1300,1500,3000,15000,37000,64138,0,700,743.1352884146996,248.28441700083204,36643.71616599965,304.1485234962113
1777051512,100,,Aggregated,135.300000,0.000000,700,740,780,800,950,1100,1300,1500,3000,15000,37000,64269,0,700,743.1025003553826,248.28441700083204,36643.71616599965,304.14895206086914
1777051513,100,,Aggregated,136.600000,0.000000,700,740,780,800,950,1100,1300,1500,3000,15000,37000,64403,0,700,743.1242236885108,248.28441700083204,36643.71616599965,304.1490769063553
1777051514,100,,Aggregated,135.200000,0.000000,700,740,780,800,950,1100,1300,1500,3000,15000,37000,64536,0,700,743.1233437835947,248.28441700083204,36643.71616599965,304.14925003099046
1777051515,100,,Aggregated,134.800000,0.000000,700,740,780,800,950,1100,1300,1500,3000,15000,37000,64665,0,700,743.0658458595407,248.28441700083204,36643.71616599965,304.14943168638365
1777051516,100,,Aggregated,135.300000,0.000000,700,740,780,800,950,1100,1300,1500,3000,15000,37000,64792,0,700,743.1094454628347,248.28441700083204,36643.71616599965,304.1493702926287
1777051517,100,,Aggregated,135.700000,0.000000,700,740,780,800,950,1100,1300,1500,3000,15000,37000,64942,0,700,743.1349372999923,248.28441700083204,36643.71616599965,304.14930245449784
1777051518,100,,Aggregated,135.000000,0.000000,700,740,780,800,950,1100,1300,1500,2900,15000,37000,65078,0,700,743.1299204500303,248.28441700083204,36643.71616599965,304.14929776575804
1777051519,100,,Aggregated,134.200000,0.000000,700,740,780,800,950,1100,1300,1500,2900,15000,37000,65219,0,700,743.141967921604,248.28441700083204,36643.71616599965,304.1490516567258
1777051520,100,,Aggregated,134.900000,0.000000,700,740,780,800,950,1100,1300,1500,2900,15000,37000,65343,0,700,743.1223977976543,248.28441700083204,36643.71616599965,304.1490748817777
1777051521,100,,Aggregated,133.800000,0.000000,700,740,780,800,950,1100,1300,1500,2900,15000,37000,65477,0,700,743.0715158344913,248.28441700083204,36643.71616599965,304.14867816179725
1777051522,100,,Aggregated,134.100000,0.000000,700,740,780,800,950,1100,1300,1500,2900,15000,37000,65625,0,700,742.9778345855563,248.28441700083204,36643.71616599965,304.14886095238097
1777051523,100,,Aggregated,135.600000,0.000000,700,740,780,800,950,1100,1300,1500,2900,15000,37000,65756,0,700,743.012840197247,248.28441700083204,36643.71616599965,304.1489445830038
1777051524,100,,Aggregated,134.500000,0.000000,700,740,780,800,950,1100,1300,1500,2900,15000,37000,65891,0,700,743.0479634752713,248.28441700083204,36643.71616599965,304.1492009530892
1777051525,100,,Aggregated,134.500000,0.000000,700,740,780,800,950,1100,1300,1500,2900,15000,37000,66024,0,700,743.0123535800053,248.28441700083204,36643.71616599965,304.1493396340725
1777051526,100,,Aggregated,134.300000,0.000000,700,740,780,800,950,1100,1300,1500,2900,15000,37000,66159,0,700,742.9947748588723,248.28441700083204,36643.71616599965,304.1494732387128
1777051527,100,,Aggregated,133.900000,0.000000,700,740,780,800,950,1100,1300,1500,2900,15000,37000,66296,0,700,743.0066178427364,248.28441700083204,36643.71616599965,304.1495414504646
1777051528,100,,Aggregated,134.600000,0.000000,700,740,780,800,950,1100,1300,1500,2900,15000,37000,66429,0,700,743.0739252886998,248.28441700083204,36643.71616599965,304.1493173162324
1777051529,100,,Aggregated,135.800000,0.000000,700,740,780,800,950,1100,1300,1500,2900,15000,37000,66566,0,700,742.9894991832464,248.28441700083204,36643.71616599965,304.1492353453715
1777051530,100,,Aggregated,134.700000,0.000000,700,740,780,800,950,1100,1300,1500,2900,15000,37000,66706,0,700,743.0146089964503,248.28441700083204,36643.71616599965,304.149072047492
1777051531,100,,Aggregated,135.800000,0.000000,700,740,780,800,950,1100,1300,1500,2900,15000,37000,66844,0,700,743.0028825245083,248.28441700083204,36643.71616599965,304.14882412782
1777051532,100,,Aggregated,135.400000,0.000000,700,740,780,800,950,1100,1300,1500,2900,15000,37000,66966,0,700,742.9716589178568,248.28441700083204,36643.71616599965,304.14864259474956
1777051533,100,,Aggregated,134.300000,0.000000,700,740,780,800,950,1100,1300,1500,2900,15000,37000,67094,0,700,743.0220341544,248.28441700083204,36643.71616599965,304.14853787223893
1777051534,100,,Aggregated,136.100000,0.000000,700,740,780,800,950,1100,1300,1500,2900,15000,37000,67234,0,700,743.0227288470314,248.28441700083204,36643.71616599965,304.14858553707944
1777051535,100,,Aggregated,135.500000,0.000000,700,740,780,800,950,1100,1300,1500,2900,15000,37000,67373,0,700,743.0219719634355,248.28441700083204,36643.71616599965,304.14867973817405
1777051536,100,,Aggregated,133.100000,0.000000,700,740,780,800,950,1100,1300,1500,2900,15000,37000,67507,0,700,742.9237050128536,248.28441700083204,36643.71616599965,304.1484142385234
1777051537,100,,Aggregated,134.000000,0.000000,700,740,780,800,950,1100,1300,1500,2900,15000,37000,67647,0,700,742.9058459805716,248.28441700083204,36643.71616599965,304.1483731724984
1777051539,100,,Aggregated,134.500000,0.000000,700,740,780,800,950,1100,1300,1500,2900,15000,37000,67801,0,700,742.8600227192487,248.28441700083204,36643.71616599965,304.1486851226383
1777051540,100,,Aggregated,133.700000,0.000000,700,740,780,800,950,1100,1300,1500,2900,15000,37000,67929,0,700,742.8596270833306,248.28441700083204,36643.71616599965,304.148699377291
1777051541,100,,Aggregated,134.500000,0.000000,700,740,780,800,950,1100,1300,1500,2900,15000,37000,68055,0,700,742.9352476003022,248.28441700083204,36643.71616599965,304.1486885607229
1777051542,100,,Aggregated,136.500000,0.000000,700,740,780,800,950,1100,1300,1500,2900,15000,37000,68193,0,700,742.8957456724951,248.28441700083204,36643.71616599965,304.14865162113415
1777051543,100,,Aggregated,134.400000,0.000000,700,740,780,800,950,1100,1300,1500,2900,15000,37000,68330,0,700,742.8771238739789,248.28441700083204,36643.71616599965,304.1485731011269
1777051544,100,,Aggregated,134.500000,0.000000,700,740,780,800,950,1100,1300,1500,2900,15000,37000,68470,0,700,742.861027098526,248.28441700083204,36643.71616599965,304.14824010515554
1777051545,100,,Aggregated,134.500000,0.000000,700,740,780,800,950,1100,1300,1500,2900,15000,37000,68595,0,700,742.887261444789,248.28441700083204,36643.71616599965,304.14839273999564
1777051546,100,,Aggregated,136.700000,0.000000,700,740,780,800,950,1100,1300,1500,2900,15000,37000,68735,0,700,742.8701916335549,248.28441700083204,36643.71616599965,304.1483814650469
1777051547,100,,Aggregated,135.700000,0.000000,700,740,780,800,950,1100,1300,1500,2900,15000,37000,68872,0,700,742.8575536897504,248.28441700083204,36643.71616599965,304.1481879428505
1777051548,100,,Aggregated,135.700000,0.000000,700,740,780,800,950,1100,1300,1500,2800,15000,37000,69003,0,700,742.8526355432057,248.28441700083204,36643.71616599965,304.148152978856
1777051549,100,,Aggregated,136.100000,0.000000,700,740,780,800,950,1100,1300,1500,2800,15000,37000,69141,0,700,742.8674468412812,248.28441700083204,36643.71616599965,304.1478283507615
1777051550,100,,Aggregated,136.100000,0.000000,700,740,780,800,950,1100,1300,1500,2800,15000,37000,69259,0,700,742.875039214068,248.28441700083204,36643.71616599965,304.1479230136156
1777051551,100,,Aggregated,133.300000,0.000000,700,740,780,800,950,1100,1300,1500,2900,15000,37000,69407,0,700,742.9142644517682,248.28441700083204,36643.71616599965,304.1479533764606
1777051552,100,,Aggregated,133.000000,0.000000,700,740,780,800,950,1100,1300,1500,2900,15000,37000,69524,0,700,743.047871720127,248.28441700083204,36643.71616599965,304.14800644381796
1777051553,100,,Aggregated,133.000000,0.000000,700,740,780,800,950,1100,1300,1500,2900,15000,37000,69657,0,700,742.9321378105193,248.28441700083204,36643.71616599965,304.14822630891365
1777051554,100,,Aggregated,134.700000,0.000000,700,740,780,800,950,1100,1300,1500,2900,15000,37000,69790,0,700,743.0368373580795,248.28441700083204,36643.71616599965,304.14815876200026
1777051555,100,,Aggregated,132.900000,0.000000,700,740,780,800,950,1100,1300,1500,2900,15000,37000,69933,0,700,743.0385937923343,248.28441700083204,36643.71616599965,304.1479559006478
1777051556,100,,Aggregated,132.900000,0.000000,700,740,780,800,960,1100,1300,1500,2800,15000,37000,70073,0,700,743.0012828218626,248.28441700083204,36643.71616599965,304.1477744637735
1777051557,100,,Aggregated,132.500000,0.000000,700,740,780,800,960,1100,1300,1500,2800,15000,37000,70207,0,700,742.992823568412,248.28441700083204,36643.71616599965,304.14760636403776
1777051558,100,,Aggregated,132.600000,0.000000,700,740,780,800,960,1100,1300,1500,2800,15000,37000,70350,0,700,743.0047072591976,248.28441700083204,36643.71616599965,304.14754797441367
1777051559,100,,Aggregated,133.600000,0.000000,700,740,780,800,960,1100,1300,1500,2800,15000,37000,70482,0,700,742.9952109117156,248.28441700083204,36643.71616599965,304.1476405323345
1777051560,100,,Aggregated,134.200000,0.000000,700,740,780,800,960,1100,1300,1500,2800,15000,37000,70626,0,700,742.9562040163919,248.28441700083204,36643.71616599965,304.14776427944383
1777051561,100,,Aggregated,133.800000,0.000000,700,740,780,800,960,1100,1300,1500,2800,15000,37000,70758,0,700,742.9442372281958,248.28441700083204,36643.71616599965,304.1478560728116
1777051562,100,,Aggregated,135.200000,0.000000,700,740,780,800,960,1100,1300,1500,2800,15000,37000,70884,0,700,742.9376624425869,248.28441700083204,36643.71616599965,304.14784718695336
1777051563,100,,Aggregated,134.200000,0.000000,700,740,780,800,960,1100,1300,1500,2800,15000,37000,71021,0,700,742.9050077570781,248.28441700083204,36643.71616599965,304.1478295152138
1777051564,100,,Aggregated,136.100000,0.000000,700,740,780,800,960,1100,1300,1500,2800,15000,37000,71162,0,700,742.9104101082686,248.28441700083204,36643.71616599965,304.1480284421461
1777051565,100,,Aggregated,135.300000,0.000000,700,740,780,800,960,1100,1300,1500,2900,15000,37000,71294,0,700,742.9191740330295,248.28441700083204,36643.71616599965,304.1481471091536
1777051566,100,,Aggregated,135.800000,0.000000,700,740,780,800,960,1100,1300,1500,2900,15000,37000,71426,0,700,742.9550360905231,248.28441700083204,36643.71616599965,304.14815333352
1777051567,100,,Aggregated,136.100000,0.000000,700,740,780,800,960,1100,1300,1500,2900,15000,37000,71560,0,700,742.9890652018161,248.28441700083204,36643.71616599965,304.1482671883734
1777051568,100,,Aggregated,134.000000,0.000000,700,740,780,800,960,1100,1300,1500,2900,15000,37000,71686,0,700,743.0045624850846,248.28441700083204,36643.71616599965,304.1482576793237
1777051569,100,,Aggregated,133.400000,0.000000,700,740,780,800,960,1100,1300,1500,2900,15000,37000,71824,0,700,742.9354782972475,248.28441700083204,36643.71616599965,304.1482512809089
1777051570,100,,Aggregated,133.800000,0.000000,700,740,780,800,960,1100,1300,1500,2900,15000,37000,71967,0,700,742.9705816324479,248.28441700083204,36643.71616599965,304.1481095502105
1777051571,100,,Aggregated,134.600000,0.000000,700,740,780,800,960,1100,1300,1500,2800,15000,37000,72081,0,700,743.0588562260441,248.28441700083204,36643.71616599965,304.14823601226396
1777051572,100,,Aggregated,134.100000,0.000000,700,740,780,800,960,1100,1300,1500,2800,15000,37000,72217,0,700,743.0511562402756,248.28441700083204,36643.71616599965,304.1480122408851
1777051573,100,,Aggregated,131.700000,0.000000,700,740,780,800,960,1100,1300,1500,2800,15000,37000,72364,0,700,743.0463117472248,248.28441700083204,36643.71616599965,304.1479464927312
1777051574,100,,Aggregated,132.500000,0.000000,700,740,780,800,960,1100,1300,1500,2800,15000,37000,72497,0,700,743.0216144303911,248.28441700083204,36643.71616599965,304.14829579154997
1777051575,100,,Aggregated,133.800000,0.000000,700,740,780,800,960,1100,1300,1500,2800,15000,37000,72627,0,700,743.0258194247463,248.28441700083204,36643.71616599965,304.1482506505845
1777051576,100,,Aggregated,133.200000,0.000000,700,740,780,800,960,1100,1300,1500,2800,15000,37000,72771,0,700,742.9891687878046,248.28441700083204,36643.71616599965,304.14850696019016
1777051577,100,,Aggregated,133.200000,0.000000,700,740,780,800,960,1100,1300,1500,2800,15000,37000,72903,0,700,743.0523374761555,248.28441700083204,36643.71616599965,304.14832037090383
1777051578,100,,Aggregated,135.400000,0.000000,700,740,780,800,960,1100,1300,1500,2800,15000,37000,73041,0,700,743.01276919448,248.28441700083204,36643.71616599965,304.1488068345176
1777051579,100,,Aggregated,133.300000,0.000000,700,740,780,800,960,1100,1300,1500,2800,15000,37000,73169,0,700,743.0295101811436,248.28441700083204,36643.71616599965,304.1487105194823
1777051580,100,,Aggregated,133.900000,0.000000,700,740,780,800,960,1100,1300,1500,2800,15000,37000,73297,0,700,742.9473834834859,248.28441700083204,36643.71616599965,304.148860117058
1777051581,100,,Aggregated,133.300000,0.000000,700,740,780,800,960,1100,1300,1500,2800,15000,37000,73443,0,700,742.9876009277691,248.28441700083204,36643.71616599965,304.14905436869407
1777051582,100,,Aggregated,133.600000,0.000000,700,740,780,800,960,1100,1300,1500,2800,15000,37000,73583,0,700,742.9564248827213,248.28441700083204,36643.71616599965,304.1490425777693
1777051583,100,,Aggregated,136.200000,0.000000,700,740,780,800,960,1100,1300,1500,2800,15000,37000,73717,0,700,743.011562105447,248.28441700083204,36643.71616599965,304.1493142694358
1777051584,100,,Aggregated,135.700000,0.000000,700,740,780,800,960,1100,1300,1500,2800,15000,37000,73833,0,700,743.0849318481041,248.28441700083204,36643.71616599965,304.14943182587734
1777051585,100,,Aggregated,134.200000,0.000000,700,740,780,800,960,1100,1300,1500,2800,15000,37000,73976,0,700,743.0550609270311,248.28441700083204,36643.71616599965,304.1493457337515
1777051586,100,,Aggregated,132.900000,0.000000,700,740,780,800,960,1100,1300,1500,2800,15000,37000,74118,0,700,742.9974610650025,248.28441700083204,36643.71616599965,304.14946436763
1777051587,100,,Aggregated,134.200000,0.000000,700,740,780,800,960,1100,1300,1500,2800,15000,37000,74244,0,700,743.0116612695834,248.28441700083204,36643.71616599965,304.14972253650126
1777051588,100,,Aggregated,134.500000,0.000000,700,740,780,800,960,1100,1300,1500,2800,15000,37000,74381,0,700,743.0617270949147,248.28441700083204,36643.71616599965,304.1495408773746
1777051589,100,,Aggregated,136.300000,0.000000,700,740,780,800,960,1100,1300,1500,2800,15000,37000,74538,0,700,743.0970264362219,248.28441700083204,36643.71616599965,304.1493198100298
1777051590,100,,Aggregated,133.600000,0.000000,700,740,780,800,960,1100,1300,1500,2800,15000,37000,74647,0,700,743.085388872562,248.28441700083204,36643.71616599965,304.149677816925
1777051591,100,,Aggregated,134.500000,0.000000,700,740,780,800,960,1100,1300,1500,2800,15000,37000,74757,0,700,743.1831775937621,248.28441700083204,36643.71616599965,304.1494575758792
1777051592,100,,Aggregated,133.400000,0.000000,700,740,780,800,960,1100,1300,1500,2800,15000,37000,74904,0,700,743.2083424355168,248.28441700083204,36643.71616599965,304.1494980241376
1777051593,100,,Aggregated,132.200000,0.000000,700,740,780,800,960,1100,1300,1500,2800,15000,37000,75043,0,700,743.2113660024127,248.28441700083204,36643.71616599965,304.1494743014005
1777051594,100,,Aggregated,132.900000,0.000000,700,740,780,800,960,1100,1300,1500,2800,15000,37000,75181,0,700,743.1820322782228,248.28441700083204,36643.71616599965,304.14919993083356
1777051595,100,,Aggregated,132.600000,0.000000,700,740,780,800,960,1100,1300,1500,2800,15000,37000,75314,0,700,743.1431451041253,248.28441700083204,36643.71616599965,304.1491356188756
1777051596,100,,Aggregated,133.800000,0.000000,700,740,780,800,960,1100,1300,1500,2800,15000,37000,75448,0,700,743.1527559875161,248.28441700083204,36643.71616599965,304.14940091188635
1777051597,100,,Aggregated,133.100000,0.000000,700,740,780,800,960,1100,1300,1500,2800,15000,37000,75584,0,700,743.1288530448132,248.28441700083204,36643.71616599965,304.1493966977138
1777051598,100,,Aggregated,132.400000,0.000000,700,740,780,800,960,1100,1300,1500,2800,15000,37000,75715,0,700,743.155104164158,248.28441700083204,36643.71616599965,304.1494684012415
1777051599,100,,Aggregated,132.800000,0.000000,700,740,780,800,960,1100,1300,1500,2800,15000,37000,75851,0,700,743.1557358340739,248.28441700083204,36643.71616599965,304.14922677354286
1777051600,100,,Aggregated,132.800000,0.000000,700,740,780,800,960,1100,1300,1500,2800,15000,37000,75987,0,700,743.1334469778442,248.28441700083204,36643.71616599965,304.1496176977641
1777051601,100,,Aggregated,132.500000,0.000000,700,740,780,800,960,1100,1300,1500,2800,15000,37000,76113,0,700,743.1963999361001,248.28441700083204,36643.71616599965,304.1497378897166
1777051602,100,,Aggregated,134.300000,0.000000,700,740,780,800,960,1100,1300,1500,2800,15000,37000,76251,0,700,743.197319665189,248.28441700083204,36643.71616599965,304.1499390171932
1777051603,100,,Aggregated,133.800000,0.000000,700,740,780,800,960,1100,1300,1500,2800,15000,37000,76381,0,700,743.1336537823346,248.28441700083204,36643.71616599965,304.1499980361608
1777051604,100,,Aggregated,132.700000,0.000000,700,740,780,800,960,1100,1300,1500,2800,15000,37000,76523,0,700,743.0923706011074,248.28441700083204,36643.71616599965,304.14966742025274
1777051605,100,,Aggregated,133.900000,0.000000,700,740,780,800,960,1100,1300,1500,2800,15000,37000,76653,0,700,743.1558891614214,248.28441700083204,36643.71616599965,304.1495440491566
1777051606,100,,Aggregated,135.400000,0.000000,700,740,780,800,960,1100,1300,1500,2800,15000,37000,76810,0,700,743.0636861592293,248.28441700083204,36643.71616599965,304.14951178232
1777051607,100,,Aggregated,134.600000,0.000000,700,740,780,800,960,1100,1300,1500,2800,15000,37000,76930,0,700,743.0959816572758,248.28441700083204,36643.71616599965,304.1494865462108
1777051608,100,,Aggregated,135.500000,0.000000,700,740,780,800,960,1100,1300,1500,2800,15000,37000,77068,0,700,743.1678237223521,248.28441700083204,36643.71616599965,304.14929672497016
1777051609,100,,Aggregated,134.000000,0.000000,700,740,780,800,960,1100,1300,1500,2800,15000,37000,77199,0,700,743.1862754537649,248.28441700083204,36643.71616599965,304.14923768442594
1777051610,100,,Aggregated,135.300000,0.000000,700,740,780,800,960,1100,1300,1500,2800,15000,37000,77332,0,700,743.1630687814474,248.28441700083204,36643.71616599965,304.14922671080535
1777051611,100,,Aggregated,133.400000,0.000000,700,740,780,800,960,1100,1300,1500,2800,15000,37000,77474,0,700,743.139678392105,248.28441700083204,36643.71616599965,304.1492113483233
1777051612,100,,Aggregated,133.100000,0.000000,700,740,780,800,960,1100,1300,1500,2800,15000,37000,77607,0,700,743.131296200125,248.28441700083204,36643.71616599965,304.14927777133505
1777051613,100,,Aggregated,136.000000,0.000000,700,740,780,800,960,1100,1300,1500,2800,15000,37000,77742,0,700,743.1334059345645,248.28441700083204,36643.71616599965,304.14923722055005
1777051614,100,,Aggregated,136.800000,0.000000,700,740,780,800,960,1100,1300,1500,2800,15000,37000,77870,0,700,743.0993507137385,248.28441700083204,36643.71616599965,304.14914601258505
1777051615,100,,Aggregated,135.400000,0.000000,700,740,780,800,960,1100,1300,1500,2800,15000,37000,78016,0,700,743.0773946604891,248.28441700083204,36643.71616599965,304.14920016406893
1777051616,100,,Aggregated,134.400000,0.000000,700,740,780,800,960,1100,1300,1500,2800,15000,37000,78154,0,700,743.0896404527819,248.28441700083204,36643.71616599965,304.14914143869794
1777051617,100,,Aggregated,134.900000,0.000000,700,740,780,800,960,1100,1300,1500,2800,15000,37000,78283,0,700,743.0597521262059,248.28441700083204,36643.71616599965,304.1491894791973
1777051618,100,,Aggregated,133.500000,0.000000,700,740,780,800,960,1100,1300,1500,2800,15000,37000,78428,0,700,743.0816857736885,248.28441700083204,36643.71616599965,304.14902840822157
1777051619,100,,Aggregated,134.500000,0.000000,700,740,780,800,960,1100,1300,1500,2800,15000,37000,78561,0,700,743.0897299638469,248.28441700083204,36643.71616599965,304.1495525769784
1777051620,100,,Aggregated,134.600000,0.000000,700,740,780,800,960,1100,1300,1500,2800,15000,37000,78698,0,700,743.0411853724223,248.28441700083204,36643.71616599965,304.1496861419604
1777051621,100,,Aggregated,136.500000,0.000000,700,740,780,800,960,1100,1300,1500,2800,15000,37000,78818,0,700,742.9957720712162,248.28441700083204,36643.71616599965,304.14981349437943
1777051622,100,,Aggregated,135.300000,0.000000,700,740,780,800,960,1100,1300,1500,2800,15000,37000,78944,0,700,743.0693481506383,248.28441700083204,36643.71616599965,304.14992906364006
1777051623,100,,Aggregated,134.300000,0.000000,700,740,780,800,960,1100,1300,1500,2800,15000,37000,79104,0,700,742.9552875774389,248.28441700083204,36643.71616599965,304.1498280744337
1777051624,100,,Aggregated,134.300000,0.000000,700,740,780,800,960,1100,1300,1500,2800,15000,37000,79230,0,700,743.001756219598,248.28441700083204,36643.71616599965,304.149842231478
1777051625,100,,Aggregated,136.100000,0.000000,700,740,780,800,960,1100,1300,1500,2800,15000,37000,79370,0,700,742.991232413994,248.28441700083204,36643.71616599965,304.1496787199194
1777051626,100,,Aggregated,135.500000,0.000000,700,740,780,800,960,1100,1300,1500,2800,15000,37000,79500,0,700,743.0093591235315,248.28441700083204,36643.71616599965,304.14950943396224
1777051627,100,,Aggregated,135.300000,0.000000,700,740,780,800,960,1100,1300,1500,2800,15000,37000,79640,0,700,743.021614992839,248.28441700083204,36643.71616599965,304.149347061778
1777051628,100,,Aggregated,135.000000,0.000000,700,740,780,800,960,1100,1300,1500,2800,15000,37000,79771,0,700,742.9848406400507,248.28441700083204,36643.71616599965,304.14936505747704
1777051629,100,,Aggregated,134.800000,0.000000,700,740,780,800,960,1100,1300,1500,2800,15000,37000,79913,0,700,743.0020476277557,248.28441700083204,36643.71616599965,304.1493248908188
1777051630,100,,Aggregated,135.300000,0.000000,700,740,780,800,960,1100,1300,1500,2800,13000,37000,80045,0,700,743.0327631840827,248.28441700083204,36643.71616599965,304.14942844649886
1777051631,100,,Aggregated,135.300000,0.000000,700,740,780,800,960,1100,1300,1500,2800,13000,37000,80177,0,700,743.0110756065578,248.28441700083204,36643.71616599965,304.14950671638996
1777051632,100,,Aggregated,135.300000,0.000000,700,740,770,800,960,1100,1300,1500,2800,13000,37000,80316,0,700,742.9736063952746,248.28441700083204,36643.71616599965,304.14953433935955
1777051633,100,,Aggregated,134.400000,0.000000,700,740,770,800,960,1100,1300,1500,2800,13000,37000,80447,0,700,742.9916403199963,248.28441700083204,36643.71616599965,304.14950215669944
1777051634,100,,Aggregated,135.300000,0.000000,700,740,770,800,960,1100,1300,1500,2800,13000,37000,80571,0,700,742.993873707456,248.28441700083204,36643.71616599965,304.1493713619044
1777051635,100,,Aggregated,133.900000,0.000000,700,740,770,800,960,1100,1300,1500,2800,13000,37000,80722,0,700,743.010134637837,248.28441700083204,36643.71616599965,304.14950075568
1777051636,100,,Aggregated,134.300000,0.000000,700,740,770,800,960,1100,1300,1500,2800,13000,37000,80870,0,700,742.9786326205924,248.28441700083204,36643.71616599965,304.1497959688389
1777051637,100,,Aggregated,134.500000,0.000000,700,740,770,800,960,1100,1300,1500,2800,13000,37000,80990,0,700,742.923033857479,248.28441700083204,36643.71616599965,304.1498209655513
1777051638,100,,Aggregated,134.300000,0.000000,700,740,770,800,960,1100,1300,1500,2700,13000,37000,81133,0,700,742.9220524051285,248.28441700083204,36643.71616599965,304.1500622434768
1777051639,100,,Aggregated,135.600000,0.000000,700,740,770,800,960,1100,1300,1500,2800,13000,37000,81268,0,700,742.8907063301812,248.28441700083204,36643.71616599965,304.14989909927647
1777051640,100,,Aggregated,133.300000,0.000000,700,740,770,800,960,1100,1300,1500,2800,13000,37000,81405,0,700,742.8130455422914,248.28441700083204,36643.71616599965,304.1498802284872
1777051641,100,,Aggregated,134.100000,0.000000,700,740,770,800,960,1100,1300,1500,2800,13000,37000,81542,0,700,742.8812187440384,248.28441700083204,36643.71616599965,304.14981236663317
1777051642,100,,Aggregated,136.600000,0.000000,700,740,770,800,960,1100,1300,1500,2800,13000,37000,81676,0,700,742.8594462779923,248.28441700083204,36643.71616599965,304.1494441451589
1777051643,100,,Aggregated,136.400000,0.000000,700,740,770,800,960,1100,1300,1500,2800,13000,37000,81811,0,700,742.8963117540085,248.28441700083204,36643.71616599965,304.14913642419725
1777051644,100,,Aggregated,135.100000,0.000000,700,740,770,800,960,1100,1300,1500,2800,13000,37000,81943,0,700,742.8982088070785,248.28441700083204,36643.71616599965,304.1491890704514
1777051645,100,,Aggregated,135.400000,0.000000,700,740,770,800,960,1100,1300,1500,2700,13000,37000,82079,0,700,742.8849998902945,248.28441700083204,36643.71616599965,304.1491855407595
1777051646,100,,Aggregated,135.500000,0.000000,700,740,770,800,960,1100,1300,1500,2700,13000,37000,82213,0,700,742.8608661747841,248.28441700083204,36643.71616599965,304.1493559412745
1777051647,100,,Aggregated,135.300000,0.000000,700,740,770,800,960,1100,1300,1500,2700,13000,37000,82350,0,700,742.8633314227382,248.28441700083204,36643.71616599965,304.1494839101396
1777051648,100,,Aggregated,136.500000,0.000000,700,740,770,800,960,1100,1300,1500,2700,13000,37000,82495,0,700,742.8584202638243,248.28441700083204,36643.71616599965,304.14964543305655
1777051649,100,,Aggregated,135.300000,0.000000,700,740,770,800,960,1100,1300,1500,2700,13000,37000,82614,0,700,742.8138648008937,248.28441700083204,36643.71616599965,304.14961144600187
1777051650,100,,Aggregated,136.500000,0.000000,700,740,770,800,960,1100,1300,1500,2700,13000,37000,82755,0,700,742.7883217724848,248.28441700083204,36643.71616599965,304.14961029545043
1777051651,100,,Aggregated,136.300000,0.000000,700,740,770,800,960,1100,1300,1500,2700,13000,37000,82903,0,700,742.7882948569871,248.28441700083204,36643.71616599965,304.14982569991435
1777051652,100,,Aggregated,134.700000,0.000000,700,740,770,800,960,1100,1300,1500,2700,13000,37000,83027,0,700,742.7828390621825,248.28441700083204,36643.71616599965,304.149963264962
1777051653,100,,Aggregated,136.200000,0.000000,700,740,770,800,960,1100,1300,1500,2700,13000,37000,83151,0,700,742.8288668098745,248.28441700083204,36643.71616599965,304.15005231446406
1777051654,100,,Aggregated,135.800000,0.000000,700,740,770,800,960,1100,1300,1500,2700,13000,37000,83298,0,700,742.8159543229244,248.28441700083204,36643.71616599965,304.15011164733846
1777051655,100,,Aggregated,134.700000,0.000000,700,740,770,800,960,1100,1300,1500,2700,13000,37000,83433,0,700,742.803109232703,248.28441700083204,36643.71616599965,304.1500485419438
1777051656,100,,Aggregated,135.200000,0.000000,700,740,770,800,960,1100,1300,1500,2700,13000,37000,83565,0,700,742.8071336192778,248.28441700083204,36643.71616599965,304.14990725782326
1777051657,100,,Aggregated,134.900000,0.000000,700,740,770,800,960,1100,1300,1500,2700,13000,37000,83714,0,700,742.6856142200448,248.28441700083204,36643.71616599965,304.1498912965573
1777051658,100,,Aggregated,135.300000,0.000000,700,740,770,800,960,1100,1300,1500,2700,13000,37000,83843,0,700,742.7516190903964,248.28441700083204,36643.71616599965,304.14986343523015
1777051659,100,,Aggregated,136.200000,0.000000,700,740,770,800,960,1100,1300,1500,2700,13000,37000,83978,0,700,742.7429348586179,248.28441700083204,36643.71616599965,304.1498011383934
1777051660,100,,Aggregated,135.700000,0.000000,700,740,770,800,960,1100,1300,1500,2700,13000,37000,84098,0,700,742.7286506463743,248.28441700083204,36643.71616599965,304.14927822302553
1777051661,100,,Aggregated,134.800000,0.000000,700,740,770,800,960,1100,1300,1500,2700,13000,37000,84245,0,700,742.6960400269066,248.28441700083204,36643.71616599965,304.1492432785329
1777051662,100,,Aggregated,134.600000,0.000000,700,740,770,800,960,1100,1300,1500,2700,13000,37000,84383,0,700,742.6903953155087,248.28441700083204,36643.71616599965,304.1494258322174
1777051663,100,,Aggregated,134.100000,0.000000,700,740,770,800,960,1100,1300,1500,2700,13000,37000,84520,0,700,742.7456099915131,248.28441700083204,36643.71616599965,304.1491717936583
1777051664,100,,Aggregated,134.600000,0.000000,700,740,770,800,960,1100,1300,1500,2700,13000,37000,84646,0,700,742.8048911937441,248.28441700083204,36643.71616599965,304.14913876615554
1777051665,100,,Aggregated,134.300000,0.000000,700,740,770,800,960,1100,1300,1500,2700,13000,37000,84792,0,700,742.6660924432335,248.28441700083204,36643.71616599965,304.1487640343429
1777051666,100,,Aggregated,134.200000,0.000000,700,740,770,800,960,1100,1300,1500,2700,13000,37000,84928,0,700,742.7370710379457,248.28441700083204,36643.71616599965,304.1486906556142
1777051667,100,,Aggregated,136.100000,0.000000,700,740,770,800,960,1100,1300,1500,2700,13000,37000,85055,0,700,742.7371980285889,248.28441700083204,36643.71616599965,304.14880959379224
1777051668,100,,Aggregated,134.300000,0.000000,700,740,770,800,960,1100,1300,1500,2700,13000,37000,85187,0,700,742.6795587427158,248.28441700083204,36643.71616599965,304.1488607416625
1777051669,100,,Aggregated,134.100000,0.000000,700,740,770,800,960,1100,1300,1500,2700,13000,37000,85328,0,700,742.6257071984409,248.28441700083204,36643.71616599965,304.1487202325145
1777051670,100,,Aggregated,135.600000,0.000000,700,740,770,800,960,1100,1300,1500,2700,13000,37000,85469,0,700,742.6212376523513,248.28441700083204,36643.71616599965,304.1487205887515
1777051671,100,,Aggregated,136.600000,0.000000,700,740,770,800,960,1100,1300,1500,2700,13000,37000,85616,0,700,742.5724530980532,248.28441700083204,36643.71616599965,304.14908428331154
1777051672,100,,Aggregated,134.900000,0.000000,700,740,770,800,960,1100,1300,1500,2700,13000,37000,85743,0,700,742.581232567858,248.28441700083204,36643.71616599965,304.14913170754465
1777051673,100,,Aggregated,136.200000,0.000000,700,740,770,800,970,1100,1300,1500,2700,13000,37000,85908,0,700,742.4349325944329,248.28441700083204,36643.71616599965,304.148996601015
1777051674,100,,Aggregated,136.400000,0.000000,700,740,770,800,970,1100,1300,1500,2700,13000,37000,86041,0,700,742.3908069600728,248.28441700083204,36643.71616599965,304.14898711079604
1777051675,100,,Aggregated,139.600000,0.000000,700,740,770,800,970,1100,1300,1500,2700,13000,37000,86166,0,700,742.4174701205875,248.28441700083204,36643.71616599965,304.1490146925702
1777051676,100,,Aggregated,138.300000,0.000000,700,740,770,800,970,1100,1300,1500,2700,13000,37000,86306,0,700,742.4727054664745,248.28441700083204,36643.71616599965,304.14900470419207
1777051677,100,,Aggregated,137.400000,0.000000,700,740,770,800,970,1100,1300,1500,2700,13000,37000,86438,0,700,742.4619683399706,248.28441700083204,36643.71616599965,304.1489622619681
1777051678,100,,Aggregated,138.100000,0.000000,700,740,770,800,970,1100,1300,1500,2700,13000,37000,86573,0,700,742.4745724772537,248.28441700083204,36643.71616599965,304.1487877282756
1777051679,100,,Aggregated,137.400000,0.000000,700,740,770,800,960,1100,1300,1500,2700,13000,37000,86715,0,700,742.4628056731292,248.28441700083204,36643.71616599965,304.1487747217898
1777051680,100,,Aggregated,136.400000,0.000000,700,740,770,800,960,1100,1300,1500,2700,13000,37000,86853,0,700,742.4305954124959,248.28441700083204,36643.71616599965,304.1487455816149
1777051681,100,,Aggregated,135.400000,0.000000,700,740,770,800,960,1100,1300,1500,2700,13000,37000,86995,0,700,742.3675723512572,248.28441700083204,36643.71616599965,304.14887062474855
1777051682,100,,Aggregated,137.700000,0.000000,700,740,770,800,960,1100,1300,1500,2700,13000,37000,87133,0,700,742.3669554071075,248.28441700083204,36643.71616599965,304.1488184729092
1777051683,100,,Aggregated,137.000000,0.000000,700,740,770,800,960,1100,1300,1500,2700,13000,37000,87269,0,700,742.3440570146066,248.28441700083204,36643.71616599965,304.1487011424446
1777051684,100,,Aggregated,137.200000,0.000000,700,740,770,800,960,1100,1300,1500,2700,13000,37000,87415,0,700,742.3106049837174,248.28441700083204,36643.71616599965,304.1484527827032
1777051685,100,,Aggregated,135.000000,0.000000,700,740,770,800,960,1100,1300,1500,2700,13000,37000,87544,0,700,742.3008652180825,248.28441700083204,36643.71616599965,304.14854244722653
1777051686,100,,Aggregated,136.300000,0.000000,700,740,770,800,960,1100,1300,1500,2700,13000,37000,87690,0,700,742.2330931894152,248.28441700083204,36643.71616599965,304.14840916866234
1777051687,100,,Aggregated,135.000000,0.000000,700,740,770,800,960,1100,1300,1500,2700,13000,37000,87833,0,700,742.1740782810182,248.28441700083204,36643.71616599965,304.1483838648344
1777051688,100,,Aggregated,136.400000,0.000000,700,740,770,800,970,1100,1300,1500,2700,13000,37000,87970,0,700,742.2056652957759,248.28441700083204,36643.71616599965,304.1485279072411
1777051689,100,,Aggregated,137.400000,0.000000,700,740,770,800,970,1100,1300,1500,2700,13000,37000,88110,0,700,742.1132610480122,248.28441700083204,36643.71616599965,304.14885938032006
1777051690,100,,Aggregated,136.800000,0.000000,700,740,770,800,960,1100,1300,1500,2700,13000,37000,88243,0,700,742.0496031978306,248.28441700083204,36643.71616599965,304.1487143456138
1777051691,100,,Aggregated,138.200000,0.000000,700,740,770,800,960,1100,1300,1500,2700,13000,37000,88393,0,700,741.983991869528,248.28441700083204,36643.71616599965,304.1488240019006
1777051692,100,,Aggregated,138.700000,0.000000,700,740,770,800,960,1100,1300,1500,2700,13000,37000,88529,0,700,741.974348960028,248.28441700083204,36643.71616599965,304.14861796699387
1777051693,100,,Aggregated,137.900000,0.000000,700,740,770,800,960,1100,1300,1500,2700,13000,37000,88667,0,700,741.927156119685,248.28441700083204,36643.71616599965,304.14879267371174
1777051694,100,,Aggregated,138.400000,0.000000,700,740,770,800,960,1100,1300,1500,2700,13000,37000,88807,0,700,741.8662232364715,248.28441700083204,36643.71616599965,304.14903104485006
1777051695,100,,Aggregated,139.200000,0.000000,700,740,770,800,960,1100,1300,1500,2700,13000,37000,88946,0,700,741.823542110767,248.28441700083204,36643.71616599965,304.1490567310503
1777051696,100,,Aggregated,139.600000,0.000000,700,740,770,800,960,1100,1300,1500,2700,13000,37000,89081,0,700,741.8257554113375,248.28441700083204,36643.71616599965,304.149268643145
1777051697,100,,Aggregated,140.300000,0.000000,700,740,770,800,960,1100,1300,1500,2700,13000,37000,89217,0,700,741.8387764856518,248.28441700083204,36643.71616599965,304.1491083537891
1777051698,100,,Aggregated,138.700000,0.000000,700,740,770,800,960,1100,1300,1500,2700,13000,37000,89360,0,700,741.797579225551,248.28441700083204,36643.71616599965,304.14921665174575
1777051699,100,,Aggregated,138.200000,0.000000,700,740,770,800,960,1100,1300,1500,2700,13000,37000,89500,0,700,741.7533571254639,248.28441700083204,36643.71616599965,304.1490279329609
1777051700,100,,Aggregated,139.900000,0.000000,700,740,770,800,960,1100,1300,1500,2700,13000,37000,89640,0,700,741.7188263951043,248.28441700083204,36643.71616599965,304.14892904953143
1777051701,100,,Aggregated,139.600000,0.000000,700,740,770,800,960,1100,1300,1500,2700,13000,37000,89769,0,700,741.7097292367315,248.28441700083204,36643.71616599965,304.1489712484265
1777051702,100,,Aggregated,138.700000,0.000000,700,740,770,800,960,1100,1300,1500,2700,13000,37000,89913,0,700,741.6489379170991,248.28441700083204,36643.71616599965,304.1488661261442
1777051703,100,,Aggregated,137.600000,0.000000,700,740,770,800,960,1100,1300,1500,2700,13000,37000,90057,0,700,741.6105288796545,248.28441700083204,36643.71616599965,304.14898342161075
1777051704,100,,Aggregated,137.200000,0.000000,700,740,770,800,960,1100,1300,1500,2700,13000,37000,90186,0,700,741.6252322369526,248.28441700083204,36643.71616599965,304.1488479364868
1777051705,100,,Aggregated,136.600000,0.000000,700,740,770,800,970,1100,1300,1500,2700,13000,37000,90318,0,700,741.5989881776486,248.28441700083204,36643.71616599965,304.1487854026883
1777051706,100,,Aggregated,137.000000,0.000000,700,740,770,800,970,1100,1300,1500,2700,13000,37000,90477,0,700,741.5166124827466,248.28441700083204,36643.71616599965,304.14868972224986
1777051707,100,,Aggregated,137.700000,0.000000,700,740,770,800,970,1100,1300,1500,2700,13000,37000,90612,0,700,741.4849176610006,248.28441700083204,36643.71616599965,304.1487882399682
1777051708,100,,Aggregated,136.700000,0.000000,700,740,770,800,970,1100,1300,1500,2700,13000,37000,90730,0,700,741.5007598522185,248.28441700083204,36643.71616599965,304.1489253830045
1777051709,100,,Aggregated,138.500000,0.000000,700,740,770,800,970,1100,1300,1500,2700,13000,37000,90876,0,700,741.4766641561329,248.28441700083204,36643.71616599965,304.1487961618029
1777051710,100,,Aggregated,138.400000,0.000000,700,740,770,800,970,1100,1300,1500,2600,13000,37000,91022,0,700,741.4552881718107,248.28441700083204,36643.71616599965,304.1487332732746
1777051711,100,,Aggregated,137.800000,0.000000,700,740,770,800,970,1100,1300,1500,2600,13000,37000,91165,0,700,741.4200857888045,248.28441700083204,36643.71616599965,304.1487083858937
1777051712,100,,Aggregated,137.700000,0.000000,700,740,770,800,960,1100,1300,1500,2600,13000,37000,91302,0,700,741.399727577789,248.28441700083204,36643.71616599965,304.14864953670235
1777051713,100,,Aggregated,138.600000,0.000000,700,740,770,800,960,1100,1300,1500,2600,13000,37000,91441,0,700,741.3470105206117,248.28441700083204,36643.71616599965,304.1487625900854
1777051714,100,,Aggregated,138.900000,0.000000,700,740,770,800,960,1100,1300,1500,2600,13000,37000,91580,0,700,741.3529136785456,248.28441700083204,36643.71616599965,304.14863507316005
1777051715,100,,Aggregated,139.500000,0.000000,700,740,770,800,960,1100,1300,1500,2600,13000,37000,91715,0,700,741.2650340653756,248.28441700083204,36643.71616599965,304.14851441966965
1777051716,100,,Aggregated,138.400000,0.000000,700,740,770,800,960,1100,1300,1500,2600,13000,37000,91855,0,700,741.2611915701558,248.28441700083204,36643.71616599965,304.1485493440749
1777051717,100,,Aggregated,138.800000,0.000000,700,740,770,800,960,1100,1300,1500,2600,13000,37000,91984,0,700,741.2269199231795,248.28441700083204,36643.71616599965,304.14850408766745
1777051718,100,,Aggregated,140.300000,0.000000,700,740,770,800,960,1100,1300,1500,2600,13000,37000,92127,0,700,741.2131152549157,248.28441700083204,36643.71616599965,304.1486100708804
1777051719,100,,Aggregated,137.500000,0.000000,700,740,770,800,960,1100,1300,1500,2600,13000,37000,92263,0,700,741.1993571619454,248.28441700083204,36643.71616599965,304.1486294614309
1777051720,100,,Aggregated,138.400000,0.000000,700,740,770,800,960,1100,1300,1500,2600,13000,37000,92396,0,700,741.2046420736982,248.28441700083204,36643.71616599965,304.1485995064721
1777051721,100,,Aggregated,137.300000,0.000000,700,740,770,800,960,1100,1300,1500,2600,13000,37000,92538,0,700,741.1524509368846,248.28441700083204,36643.71616599965,304.14865244548184
1777051722,100,,Aggregated,136.700000,0.000000,700,740,770,800,970,1100,1300,1500,2600,13000,37000,92684,0,700,741.1052889505254,248.28441700083204,36643.71616599965,304.1487419619352
1777051723,100,,Aggregated,138.600000,0.000000,700,740,770,800,960,1100,1300,1500,2600,13000,37000,92827,0,700,741.0095847805422,248.28441700083204,36643.71616599965,304.1486959613044
1777051724,100,,Aggregated,136.000000,0.000000,700,740,770,800,960,1100,1300,1500,2700,13000,37000,92962,0,700,741.0638552411027,248.28441700083204,36643.71616599965,304.14881349368557
1777051725,100,,Aggregated,137.200000,0.000000,700,740,770,800,960,1100,1300,1500,2700,13000,37000,93100,0,700,741.0383598259664,248.28441700083204,36643.71616599965,304.1485284640172
1777051726,100,,Aggregated,137.900000,0.000000,700,740,770,800,960,1100,1300,1500,2700,13000,37000,93239,0,700,741.0071266652322,248.28441700083204,36643.71616599965,304.14848936603784
1777051727,100,,Aggregated,136.900000,0.000000,700,740,770,800,960,1100,1300,1500,2700,13000,37000,93371,0,700,741.0070640881577,248.28441700083204,36643.71616599965,304.148343704148
1777051728,100,,Aggregated,137.800000,0.000000,700,740,770,800,960,1100,1300,1500,2700,13000,37000,93512,0,700,741.0019296763336,248.28441700083204,36643.71616599965,304.148301822226
1777051729,100,,Aggregated,138.200000,0.000000,700,740,770,800,960,1100,1300,1500,2700,13000,37000,93651,0,700,740.9675055019942,248.28441700083204,36643.71616599965,304.14834865618093
1777051730,100,,Aggregated,136.000000,0.000000,700,740,770,800,960,1100,1300,1500,2700,13000,37000,93794,0,700,740.9390496724036,248.28441700083204,36643.71616599965,304.1483676994264
1777051731,100,,Aggregated,137.800000,0.000000,700,740,770,800,960,1100,1300,1500,2700,13000,37000,93937,0,700,740.888680484127,248.28441700083204,36643.71616599965,304.14851442988385
1777051732,100,,Aggregated,138.700000,0.000000,700,740,770,800,960,1100,1300,1500,2700,13000,37000,94064,0,700,740.8655890369904,248.28441700083204,36643.71616599965,304.14851590406533
1777051733,100,,Aggregated,137.500000,0.000000,700,740,770,800,960,1100,1300,1500,2700,13000,37000,94206,0,700,740.8210868763102,248.28441700083204,36643.71616599965,304.1484194212683
1777051734,100,,Aggregated,140.000000,0.000000,700,740,770,800,960,1100,1300,1500,2700,13000,37000,94346,0,700,740.8275792519411,248.28441700083204,36643.71616599965,304.148453564539
1777051735,100,,Aggregated,138.600000,0.000000,700,740,770,800,960,1100,1300,1500,2700,13000,37000,94491,0,700,740.8082768140648,248.28441700083204,36643.71616599965,304.1483845022277
1777051736,100,,Aggregated,137.500000,0.000000,700,740,770,800,960,1100,1300,1500,2700,13000,37000,94628,0,700,740.7704502022319,248.28441700083204,36643.71616599965,304.1483915965676
1777051737,100,,Aggregated,137.600000,0.000000,700,740,770,800,960,1100,1300,1500,2700,13000,37000,94757,0,700,740.7531756148643,248.28441700083204,36643.71616599965,304.1486855852338
1777051738,100,,Aggregated,137.900000,0.000000,700,740,770,800,960,1100,1300,1500,2700,13000,37000,94899,0,700,740.6856826120365,248.28441700083204,36643.71616599965,304.14871600332987
1777051739,100,,Aggregated,138.700000,0.000000,700,740,770,800,960,1100,1300,1500,2600,13000,37000,95016,0,700,740.7161626444982,248.28441700083204,36643.71616599965,304.14864864864865
1777051740,100,,Aggregated,140.600000,0.000000,700,740,770,800,960,1100,1300,1500,2600,13000,37000,95189,0,700,740.5564181705618,248.28441700083204,36643.71616599965,304.14870415699295
1777051741,100,,Aggregated,137.800000,0.000000,700,740,770,800,960,1100,1300,1500,2600,13000,37000,95317,0,700,740.5907217979134,248.28441700083204,36643.71616599965,304.1488192032901
1777051742,100,,Aggregated,139.200000,0.000000,700,740,770,800,960,1100,1300,1500,2600,13000,37000,95455,0,700,740.5524902427488,248.28441700083204,36643.71616599965,304.1489183384841
1777051743,100,,Aggregated,139.000000,0.000000,700,740,770,800,960,1100,1300,1500,2600,13000,37000,95589,0,700,740.4906860387034,248.28441700083204,36643.71616599965,304.1490025002877
1777051744,100,,Aggregated,139.000000,0.000000,700,740,770,800,960,1100,1300,1500,2600,13000,37000,95732,0,700,740.4615184130181,248.28441700083204,36643.71616599965,304.1491664229307
1777051745,100,,Aggregated,138.700000,0.000000,700,740,770,800,960,1100,1300,1500,2700,13000,37000,95878,0,700,740.4521673833807,248.28441700083204,36643.71616599965,304.1490852958969
1777051746,100,,Aggregated,139.300000,0.000000,700,740,770,800,960,1100,1300,1500,2600,13000,37000,96017,0,700,740.4528564170927,248.28441700083204,36643.71616599965,304.14879656727453
1777051747,100,,Aggregated,139.000000,0.000000,700,740,770,800,960,1100,1300,1500,2600,13000,37000,96155,0,700,740.4235060009139,248.28441700083204,36643.71616599965,304.1486246165046
1777051748,100,,Aggregated,138.300000,0.000000,700,740,770,800,960,1100,1300,1500,2600,13000,37000,96292,0,700,740.3871934816058,248.28441700083204,36643.71616599965,304.1486104764674
1777051749,100,,Aggregated,138.300000,0.000000,700,740,770,800,960,1100,1300,1500,2600,13000,37000,96436,0,700,740.3312693788469,248.28441700083204,36643.71616599965,304.1485959600149
1777051750,100,,Aggregated,137.500000,0.000000,700,740,770,800,960,1100,1300,1500,2600,13000,37000,96572,0,700,740.3367399425459,248.28441700083204,36643.71616599965,304.1487387648594
1777051751,100,,Aggregated,139.800000,0.000000,700,740,770,800,960,1100,1300,1500,2600,13000,37000,96701,0,700,740.3096293995482,248.28441700083204,36643.71616599965,304.148778192573
1777051752,100,,Aggregated,137.500000,0.000000,700,740,770,800,960,1100,1300,1500,2600,13000,37000,96841,0,700,740.2820948369887,248.28441700083204,36643.71616599965,304.1485424561911
1777051753,100,,Aggregated,138.600000,0.000000,700,740,770,800,960,1100,1300,1500,2600,13000,37000,96997,0,700,740.2590533424601,248.28441700083204,36643.71616599965,304.1484685093353
1777051754,100,,Aggregated,138.500000,0.000000,700,740,770,800,960,1100,1300,1500,2600,13000,37000,97134,0,700,740.2654381852236,248.28441700083204,36643.71616599965,304.1483723515968
1777051755,100,,Aggregated,136.700000,0.000000,700,740,770,800,960,1100,1300,1500,2600,13000,37000,97262,0,700,740.2196558677946,248.28441700083204,36643.71616599965,304.14867060105695
1777051756,100,,Aggregated,138.400000,0.000000,700,740,770,800,960,1100,1300,1500,2600,13000,37000,97404,0,700,740.1992424773572,248.28441700083204,36643.71616599965,304.1485565274527
1777051757,100,,Aggregated,138.200000,0.000000,700,740,770,800,960,1100,1300,1500,2600,13000,37000,97555,0,700,740.102993151078,248.28441700083204,36643.71616599965,304.1487058582338
1777051758,100,,Aggregated,138.500000,0.000000,700,740,770,800,960,1100,1300,1500,2600,13000,37000,97681,0,700,740.1224632957823,248.28441700083204,36643.71616599965,304.1489440116297
1777051759,100,,Aggregated,138.000000,0.000000,700,740,770,800,960,1100,1300,1500,2600,13000,37000,97823,0,700,740.085691807656,248.28441700083204,36643.71616599965,304.1490549257332
1777051760,100,,Aggregated,138.900000,0.000000,700,740,770,800,960,1100,1300,1500,2600,13000,37000,97960,0,700,740.0571191595598,248.28441700083204,36643.71616599965,304.14926500612495
1777051761,100,,Aggregated,137.900000,0.000000,700,740,770,800,960,1100,1300,1500,2600,13000,37000,98099,0,700,740.0489327595968,248.28441700083204,36643.71616599965,304.14938990203774
1777051762,100,,Aggregated,137.500000,0.000000,700,740,770,800,960,1100,1300,1500,2600,13000,37000,98236,0,700,740.0073332679661,248.28441700083204,36643.71616599965,304.1493342562808
1777051763,100,,Aggregated,137.600000,0.000000,700,740,770,800,960,1100,1300,1500,2600,13000,37000,98382,0,700,739.944933259763,248.28441700083204,36643.71616599965,304.14937691854203
1777051764,100,,Aggregated,138.200000,0.000000,700,740,770,800,960,1100,1300,1500,2600,13000,37000,98525,0,700,739.9065904606023,248.28441700083204,36643.71616599965,304.1494138543517
1777051765,100,,Aggregated,140.400000,0.000000,700,740,770,800,960,1100,1300,1500,2600,13000,37000,98656,0,700,739.9079268122438,248.28441700083204,36643.71616599965,304.149570223808
1777051766,100,,Aggregated,138.500000,0.000000,700,740,770,800,960,1100,1300,1500,2600,13000,37000,98794,0,700,739.8757287226348,248.28441700083204,36643.71616599965,304.14962447112174
1777051767,100,,Aggregated,139.600000,0.000000,700,740,770,800,960,1100,1300,1500,2600,13000,37000,98928,0,700,739.871203900957,248.28441700083204,36643.71616599965,304.1496644023937
1777051768,100,,Aggregated,138.500000,0.000000,700,740,770,800,960,1100,1300,1500,2600,13000,37000,99045,0,700,740.0413123404791,248.28441700083204,36643.71616599965,304.1496188601141
1777051769,100,,Aggregated,138.700000,0.000000,700,740,770,800,960,1100,1300,1500,2600,13000,37000,99149,0,700,740.2568780527771,248.28441700083204,36643.71616599965,304.1495426075906
1777051770,100,,Aggregated,137.000000,0.000000,700,740,770,800,960,1100,1300,1500,2600,13000,37000,99271,0,700,740.3012772665115,248.28441700083204,36643.71616599965,304.14952000080586
1777051771,100,,Aggregated,134.600000,0.000000,700,740,770,800,960,1100,1300,1500,2600,13000,37000,99412,0,700,740.2620439230774,248.28441700083204,36643.71616599965,304.1494185812578
1777051772,100,,Aggregated,132.900000,0.000000,700,740,770,800,960,1100,1300,1500,2600,13000,37000,99545,0,700,740.2651410189852,248.28441700083204,36643.71616599965,304.1494299060726
1777051773,100,,Aggregated,130.800000,0.000000,700,740,770,800,960,1100,1300,1500,2600,13000,37000,99713,0,700,740.1579359016284,248.28441700083204,36643.71616599965,304.1495792925697
1777051774,100,,Aggregated,131.300000,0.000000,700,740,770,800,960,1100,1300,1500,2600,13000,37000,99842,0,700,740.1344145526641,248.28441700083204,36643.71616599965,304.14955629895235
1777051775,100,,Aggregated,130.500000,0.000000,700,740,770,800,960,1100,1300,1500,2600,13000,37000,99977,0,700,740.1778872155994,248.28441700083204,36643.71616599965,304.1495043860088
1777051776,100,,Aggregated,132.600000,0.000000,700,740,770,800,960,1100,1300,1500,2600,12000,37000,100112,0,700,740.1444792144583,248.28441700083204,36643.71616599965,304.1494725906984
1777051777,100,,Aggregated,131.400000,0.000000,700,740,770,800,960,1100,1300,1500,2600,12000,37000,100252,0,700,740.1124258281791,248.28441700083204,36643.71616599965,304.14934365399193
1777051778,100,,Aggregated,131.500000,0.000000,700,740,770,800,960,1100,1300,1500,2600,12000,37000,100387,0,700,740.0729575655247,248.28441700083204,36643.71616599965,304.14963092830743
1777051779,100,,Aggregated,131.200000,0.000000,700,740,770,800,960,1100,1300,1500,2600,12000,37000,100524,0,700,740.0356421083146,248.28441700083204,36643.71616599965,304.14975528232065
1777051780,100,,Aggregated,132.500000,0.000000,700,740,770,800,960,1100,1300,1500,2600,12000,37000,100673,0,700,740.0104922993974,248.28441700083204,36643.71616599965,304.1497223684603
1777051781,100,,Aggregated,135.400000,0.000000,700,740,770,800,960,1100,1300,1500,2600,12000,37000,100815,0,700,739.9687283014945,248.28441700083204,36643.71616599965,304.1497495412389
1777051782,100,,Aggregated,138.000000,0.000000,700,740,770,800,960,1100,1300,1500,2600,12000,37000,100960,0,700,739.9211609123827,248.28441700083204,36643.71616599965,304.1496434231379
1777051783,100,,Aggregated,139.700000,0.000000,700,740,770,800,960,1100,1300,1500,2600,12000,37000,101093,0,700,739.953345984233,248.28441700083204,36643.71616599965,304.14981254884117
1777051784,100,,Aggregated,137.700000,0.000000,700,740,770,800,960,1100,1300,1500,2600,12000,37000,101204,0,700,739.9186232049517,248.28441700083204,36643.71616599965,304.1499940713806
1777051785,100,,Aggregated,139.600000,0.000000,700,740,770,800,960,1100,1300,1500,2600,12000,37000,101355,0,700,739.9372428177325,248.28441700083204,36643.71616599965,304.150056731291
1777051786,100,,Aggregated,137.900000,0.000000,700,740,770,800,960,1100,1300,1500,2600,12000,37000,101490,0,700,739.8687565364193,248.28441700083204,36643.71616599965,304.1501231648438
1777051787,100,,Aggregated,137.500000,0.000000,700,740,770,800,960,1100,1300,1500,2600,12000,37000,101634,0,700,739.8386944083804,248.28441700083204,36643.71616599965,304.1501859613909
1777051788,100,,Aggregated,138.000000,0.000000,700,740,770,800,960,1100,1300,1500,2600,12000,37000,101779,0,700,739.7884143634165,248.28441700083204,36643.71616599965,304.15002112420046
1777051789,100,,Aggregated,138.400000,0.000000,700,740,770,800,960,1100,1300,1500,2600,12000,37000,101918,0,700,739.7933951570697,248.28441700083204,36643.71616599965,304.1499048254479
1777051790,100,,Aggregated,138.700000,0.000000,700,740,770,800,960,1100,1300,1500,2600,12000,37000,102063,0,700,739.6530075748826,248.28441700083204,36643.71616599965,304.1497212506001
1777051791,100,,Aggregated,137.200000,0.000000,700,740,770,800,960,1100,1300,1500,2600,12000,37000,102200,0,700,739.672316331383,248.28441700083204,36643.71616599965,304.14980430528374
1777051792,100,,Aggregated,137.500000,0.000000,700,740,770,800,960,1100,1300,1500,2600,12000,37000,102349,0,700,739.6900151848301,248.28441700083204,36643.71616599965,304.14961553117274
1777051793,100,,Aggregated,139.700000,0.000000,700,740,770,800,960,1100,1300,1500,2600,12000,37000,102486,0,700,739.6764367570146,248.28441700083204,36643.71616599965,304.1496594656831
1777051794,100,,Aggregated,139.900000,0.000000,700,740,770,800,960,1100,1300,1500,2600,12000,37000,102622,0,700,739.6597122950955,248.28441700083204,36643.71616599965,304.1497924421664
1777051795,100,,Aggregated,138.000000,0.000000,700,740,770,800,960,1100,1300,1500,2600,12000,37000,102766,0,700,739.5952326566975,248.28441700083204,36643.71616599965,304.14975770196367
1777051796,100,,Aggregated,138.200000,0.000000,700,740,770,800,960,1100,1300,1500,2600,12000,37000,102898,0,700,739.5755890155402,248.28441700083204,36643.71616599965,304.14981826663296
1777051797,100,,Aggregated,139.400000,0.000000,700,740,770,800,960,1100,1300,1500,2600,12000,37000,103043,0,700,739.5144276514577,248.28441700083204,36643.71616599965,304.1498888813408
1777051798,100,,Aggregated,139.800000,0.000000,700,740,770,800,960,1100,1300,1500,2600,12000,37000,103177,0,700,739.5062379481786,248.28441700083204,36643.71616599965,304.1498686722816
1777051799,100,,Aggregated,139.500000,0.000000,700,740,770,800,960,1100,1300,1500,2600,12000,37000,103318,0,700,739.4944222471805,248.28441700083204,36643.71616599965,304.14978996883406
1777051800,100,,Aggregated,139.100000,0.000000,700,740,770,800,960,1100,1300,1500,2600,12000,37000,103462,0,700,739.4743067054607,248.28441700083204,36643.71616599965,304.1497554657749
1777051801,100,,Aggregated,140.400000,0.000000,700,740,770,800,960,1100,1300,1500,2600,12000,37000,103583,0,700,739.4706184068839,248.28441700083204,36643.71616599965,304.1497253410309
1777051802,100,,Aggregated,140.700000,0.000000,700,740,770,800,960,1100,1300,1500,2600,12000,37000,103725,0,700,739.4276475578828,248.28441700083204,36643.71616599965,304.1496553386358
1777051803,100,,Aggregated,138.100000,0.000000,700,740,770,800,960,1100,1300,1500,2600,12000,37000,103855,0,700,739.4569837283641,248.28441700083204,36643.71616599965,304.1495257811372
1777051804,100,,Aggregated,136.900000,0.000000,700,740,770,800,960,1100,1300,1500,2600,12000,37000,104006,0,700,739.4149075944378,248.28441700083204,36643.71616599965,304.1497413610753
1777051805,100,,Aggregated,137.800000,0.000000,700,740,770,800,960,1100,1300,1500,2600,12000,37000,104148,0,700,739.371924030571,248.28441700083204,36643.71616599965,304.1496908245958
1777051806,100,,Aggregated,136.400000,0.000000,700,740,770,800,960,1100,1300,1500,2600,12000,37000,104272,0,700,739.4127697629565,248.28441700083204,36643.71616599965,304.1496662574804
1777051807,100,,Aggregated,137.700000,0.000000,700,740,770,800,960,1100,1300,1500,2600,12000,37000,104428,0,700,739.2808466952561,248.28441700083204,36643.71616599965,304.1497682613858
1777051809,100,,Aggregated,137.900000,0.000000,700,740,770,800,960,1100,1300,1500,2600,12000,37000,104560,0,700,739.2861065311777,248.28441700083204,36643.71616599965,304.1498087222647
1777051810,100,,Aggregated,136.500000,0.000000,700,740,770,800,960,1100,1300,1500,2600,12000,37000,104697,0,700,739.2769827425141,248.28441700083204,36643.71616599965,304.1499469898851
1777051811,100,,Aggregated,137.700000,0.000000,700,740,770,800,960,1100,1300,1500,2600,12000,37000,104841,0,700,739.2398332330747,248.28441700083204,36643.71616599965,304.1497410364266
1777051812,100,,Aggregated,137.200000,0.000000,700,740,770,800,960,1100,1300,1500,2600,12000,37000,104983,0,700,739.2329317749635,248.28441700083204,36643.71616599965,304.14980520655723
1777051813,100,,Aggregated,137.400000,0.000000,700,740,770,800,960,1100,1300,1500,2600,12000,37000,105121,0,700,739.179513697548,248.28441700083204,36643.71616599965,304.1497036748128
1777051814,100,,Aggregated,139.500000,0.000000,700,740,770,800,960,1100,1300,1500,2600,12000,37000,105256,0,700,739.1743783143952,248.28441700083204,36643.71616599965,304.14971118036027
1777051815,100,,Aggregated,139.500000,0.000000,700,740,770,800,960,1100,1300,1500,2600,12000,37000,105391,0,700,739.1266597486435,248.28441700083204,36643.71616599965,304.14969968972684
1777051816,100,,Aggregated,138.500000,0.000000,700,740,770,800,960,1100,1300,1500,2600,12000,37000,105535,0,700,739.1788393506254,248.28441700083204,36643.71616599965,304.14972284076373
1777051817,100,,Aggregated,138.400000,0.000000,700,740,770,800,960,1100,1300,1500,2600,12000,37000,105665,0,700,739.1462293379287,248.28441700083204,36643.71616599965,304.1497846969195
1777051818,100,,Aggregated,138.100000,0.000000,700,740,770,800,960,1100,1300,1500,2600,12000,37000,105805,0,700,739.1506185367851,248.28441700083204,36643.71616599965,304.1499078493455
1777051819,100,,Aggregated,138.100000,0.000000,700,740,770,800,960,1100,1300,1500,2600,12000,37000,105921,0,700,739.1881369129234,248.28441700083204,36643.71616599965,304.1500646708396
1777051820,100,,Aggregated,138.700000,0.000000,700,740,770,800,960,1100,1300,1500,2600,12000,37000,106076,0,700,739.1510312420048,248.28441700083204,36643.71616599965,304.14994909310303
1777051821,100,,Aggregated,136.100000,0.000000,700,740,770,800,960,1100,1300,1500,2600,12000,37000,106219,0,700,739.1318336117732,248.28441700083204,36643.71616599965,304.1499637541306
1777051822,100,,Aggregated,137.900000,0.000000,700,740,770,800,960,1100,1300,1500,2600,12000,37000,106361,0,700,739.0844239503012,248.28441700083204,36643.71616599965,304.15006440330575
1777051823,100,,Aggregated,137.900000,0.000000,700,740,770,800,960,1100,1300,1500,2600,12000,37000,106492,0,700,739.0139027504124,248.28441700083204,36643.71616599965,304.14998309732186
1777051824,100,,Aggregated,136.800000,0.000000,700,740,770,800,960,1100,1300,1500,2600,12000,37000,106650,0,700,738.9784508285691,248.28441700083204,36643.71616599965,304.15013595874353
1777051825,100,,Aggregated,137.200000,0.000000,700,740,770,800,960,1100,1300,1500,2600,12000,37000,106784,0,700,738.9130604842665,248.28441700083204,36643.71616599965,304.1498726400959
1777051826,100,,Aggregated,140.100000,0.000000,700,740,770,800,960,1100,1300,1500,2600,12000,37000,106922,0,700,738.9099506895667,248.28441700083204,36643.71616599965,304.1498662576458
1777051827,100,,Aggregated,137.600000,0.000000,700,740,770,800,960,1100,1300,1500,2600,12000,37000,107058,0,700,738.8658593698339,248.28441700083204,36643.71616599965,304.1496758766276
1777051828,100,,Aggregated,137.300000,0.000000,700,740,770,800,960,1100,1300,1500,2600,12000,37000,107205,0,700,738.8151666737066,248.28441700083204,36643.71616599965,304.14947996828505
1777051829,100,,Aggregated,139.600000,0.000000,700,740,770,800,960,1100,1300,1500,2600,12000,37000,107349,0,700,738.7899785931838,248.28441700083204,36643.71616599965,304.14942849956685
1777051830,100,,Aggregated,139.800000,0.000000,700,740,770,800,960,1100,1300,1500,2600,12000,37000,107489,0,700,738.7765748735103,248.28441700083204,36643.71616599965,304.14936412097984
1777051831,100,,Aggregated,141.100000,0.000000,700,740,770,800,960,1100,1300,1500,2600,12000,37000,107629,0,700,738.7496622796359,248.28441700083204,36643.71616599965,304.14952289810367
1777051832,100,,Aggregated,139.700000,0.000000,700,740,770,800,960,1100,1300,1500,2600,12000,37000,107761,0,700,738.7450035424689,248.28441700083204,36643.71616599965,304.1493583021687
1777051833,100,,Aggregated,139.400000,0.000000,700,740,770,800,960,1100,1300,1500,2600,12000,37000,107900,0,700,738.7211046967492,248.28441700083204,36643.71616599965,304.14934198331787
1777051834,100,,Aggregated,139.700000,0.000000,700,740,770,800,960,1100,1300,1500,2600,12000,37000,108041,0,700,738.7036588987175,248.28441700083204,36643.71616599965,304.14945252265346
1777051835,100,,Aggregated,138.900000,0.000000,700,740,770,800,960,1100,1300,1500,2600,12000,37000,108146,0,700,738.6530479478328,248.28441700083204,36643.71616599965,304.1494091320992
1777051836,100,,Aggregated,138.200000,0.000000,700,740,770,800,960,1100,1300,1500,2600,12000,37000,108279,0,700,738.7623736495825,248.28441700083204,36643.71616599965,304.14943802584065
1777051837,100,,Aggregated,137.700000,0.000000,700,740,770,800,960,1100,1300,1500,2600,12000,37000,108410,0,700,738.8544610270309,248.28441700083204,36643.71616599965,304.1494880546075
1777051838,100,,Aggregated,135.700000,0.000000,700,740,770,800,960,1100,1300,1500,2600,12000,37000,108553,0,700,738.8585473223166,248.28441700083204,36643.71616599965,304.1496688253664
1777051839,100,,Aggregated,134.300000,0.000000,700,740,770,800,960,1100,1300,1500,2600,12000,37000,108688,0,700,738.8075030290951,248.28441700083204,36643.71616599965,304.14945532165467
1777051840,100,,Aggregated,134.400000,0.000000,700,740,770,800,970,1100,1300,1500,2600,12000,37000,108815,0,700,738.8360879770738,248.28441700083204,36643.71616599965,304.14940035840647
1777051841,100,,Aggregated,133.600000,0.000000,700,740,770,800,970,1100,1300,1500,2600,12000,37000,108969,0,700,738.8170467829433,248.28441700083204,36643.71616599965,304.14939111123346
1777051842,100,,Aggregated,131.900000,0.000000,700,740,770,800,970,1100,1300,1500,2600,12000,37000,109098,0,700,738.8304374948717,248.28441700083204,36643.71616599965,304.1492602980806
1777051843,100,,Aggregated,134.000000,0.000000,700,740,770,800,970,1100,1300,1500,2600,12000,37000,109234,0,700,738.8666974719386,248.28441700083204,36643.71616599965,304.1493124851237
1777051844,100,,Aggregated,133.400000,0.000000,700,740,770,800,970,1100,1300,1500,2600,12000,37000,109375,0,700,738.8334598116841,248.28441700083204,36643.71616599965,304.1494034285714
1777051845,100,,Aggregated,132.800000,0.000000,700,740,770,800,970,1100,1300,1500,2600,12000,37000,109517,0,700,738.7845947051063,248.28441700083204,36643.71616599965,304.14950190381404
1777051846,100,,Aggregated,133.500000,0.000000,700,740,770,800,970,1100,1300,1500,2600,12000,37000,109653,0,700,738.7808192947048,248.28441700083204,36643.71616599965,304.1496630279153
1777051847,100,,Aggregated,135.400000,0.000000,700,740,770,800,970,1100,1300,1500,2600,12000,37000,109792,0,700,738.7153813950853,248.28441700083204,36643.71616599965,304.14977411833286
1777051848,100,,Aggregated,136.500000,0.000000,700,740,770,800,970,1100,1300,1500,2600,12000,37000,109931,0,700,738.7235429030625,248.28441700083204,36643.71616599965,304.1497029955154
1777051849,100,,Aggregated,136.500000,0.000000,700,740,770,800,970,1100,1300,1500,2600,12000,37000,110058,0,700,738.6933873044886,248.28441700083204,36643.71616599965,304.1497755728798
1777051850,100,,Aggregated,136.700000,0.000000,700,740,770,800,970,1100,1300,1500,2600,12000,37000,110209,0,700,738.6489603019952,248.28441700083204,36643.71616599965,304.1497609088187
1777051851,100,,Aggregated,137.900000,0.000000,700,740,770,800,970,1100,1300,1500,2600,12000,37000,110352,0,700,738.5938675995677,248.28441700083204,36643.71616599965,304.14961215021026
1777051852,100,,Aggregated,140.300000,0.000000,700,740,770,800,970,1100,1300,1500,2600,12000,37000,110500,0,700,738.6516207263372,248.28441700083204,36643.71616599965,304.1494298642534
1777051853,100,,Aggregated,138.500000,0.000000,700,740,770,800,970,1100,1300,1500,2600,12000,37000,110621,0,700,738.6439298954739,248.28441700083204,36643.71616599965,304.14940201227614
1777051854,100,,Aggregated,136.800000,0.000000,700,740,770,800,970,1100,1300,1500,2600,12000,37000,110762,0,700,738.623889567767,248.28441700083204,36643.71616599965,304.1493653057908
1777051855,100,,Aggregated,137.700000,0.000000,700,740,770,800,970,1100,1300,1500,2600,12000,37000,110900,0,700,738.6043658105058,248.28441700083204,36643.71616599965,304.1494679891794
1777051856,100,,Aggregated,135.900000,0.000000,700,740,770,800,970,1100,1300,1500,2600,12000,37000,111022,0,700,738.5879528942004,248.28441700083204,36643.71616599965,304.14942984273387
1777051857,100,,Aggregated,136.100000,0.000000,700,740,770,800,970,1100,1300,1500,2600,12000,37000,111176,0,700,738.5584476885447,248.28441700083204,36643.71616599965,304.1495466647478
1777051858,100,,Aggregated,137.300000,0.000000,700,740,770,800,970,1100,1300,1500,2600,12000,37000,111322,0,700,738.4808720676289,248.28441700083204,36643.71616599965,304.14945832809326
1777051859,100,,Aggregated,138.500000,0.000000,700,740,770,800,970,1100,1300,1500,2600,12000,37000,111451,0,700,738.5038782856193,248.28441700083204,36643.71616599965,304.1494199244511
1777051860,100,,Aggregated,138.000000,0.000000,700,740,770,800,970,1100,1300,1500,2600,12000,37000,111587,0,700,738.4922891460099,248.28441700083204,36643.71616599965,304.14938120031906
1777051861,100,,Aggregated,137.700000,0.000000,700,740,770,800,970,1100,1300,1500,2600,12000,37000,111733,0,700,738.483029756784,248.28441700083204,36643.71616599965,304.14938290388693
1777051862,100,,Aggregated,137.000000,0.000000,700,740,770,800,970,1100,1300,1500,2600,12000,37000,111866,0,700,738.4516552409445,248.28441700083204,36643.71616599965,304.14939302379634
1777051863,100,,Aggregated,137.600000,0.000000,700,740,770,800,970,1100,1300,1500,2500,12000,37000,112015,0,700,738.4182988310561,248.28441700083204,36643.71616599965,304.1493103602196
1777051864,100,,Aggregated,139.900000,0.000000,700,740,770,800,970,1100,1300,1500,2500,12000,37000,112147,0,700,738.4049185200292,248.28441700083204,36643.71616599965,304.1496161288309
1777051865,100,,Aggregated,139.000000,0.000000,700,740,770,800,970,1100,1300,1500,2500,12000,37000,112282,0,700,738.4005669473003,248.28441700083204,36643.71616599965,304.14958764539284
1777051866,100,,Aggregated,140.000000,0.000000,700,740,770,800,970,1100,1300,1500,2500,12000,37000,112430,0,700,738.3712736111677,248.28441700083204,36643.71616599965,304.14962198701414
1777051867,100,,Aggregated,139.000000,0.000000,700,740,770,800,970,1100,1300,1500,2500,12000,37000,112560,0,700,738.3750013058152,248.28441700083204,36643.71616599965,304.1494669509595
1777051868,100,,Aggregated,139.400000,0.000000,700,730,770,800,970,1100,1300,1500,2500,12000,37000,112700,0,700,738.3227444978146,248.28441700083204,36643.71616599965,304.1494942324756
1777051869,100,,Aggregated,137.700000,0.000000,700,730,770,800,970,1100,1300,1500,2500,12000,37000,112827,0,700,738.3429294774462,248.28441700083204,36643.71616599965,304.1494766323664
1777051870,100,,Aggregated,137.100000,0.000000,700,730,770,800,970,1100,1300,1500,2500,12000,37000,112972,0,700,738.3389403077216,248.28441700083204,36643.71616599965,304.1495060723011
1777051871,100,,Aggregated,137.400000,0.000000,700,730,770,800,970,1100,1300,1500,2500,12000,37000,113116,0,700,738.2840248986864,248.28441700083204,36643.71616599965,304.1495279182432
1777051872,100,,Aggregated,137.400000,0.000000,700,730,770,800,970,1100,1300,1500,2500,12000,37000,113264,0,700,738.2502179698906,248.28441700083204,36643.71616599965,304.14966803220796
1777051873,100,,Aggregated,137.500000,0.000000,700,730,770,800,970,1100,1300,1500,2500,12000,37000,113400,0,700,738.2280605491155,248.28441700083204,36643.71616599965,304.1496119929453
1777051874,100,,Aggregated,138.200000,0.000000,700,730,770,800,970,1100,1300,1500,2500,12000,37000,113534,0,700,738.1681386043966,248.28441700083204,36643.71616599965,304.1495763383656
1777051875,100,,Aggregated,138.200000,0.000000,700,730,770,800,970,1100,1300,1500,2500,12000,37000,113672,0,700,738.1714699191077,248.28441700083204,36643.71616599965,304.14951791118307
1777051876,100,,Aggregated,138.700000,0.000000,700,730,770,800,970,1100,1300,1500,2500,12000,37000,113813,0,700,738.140164364817,248.28441700083204,36643.71616599965,304.149429327054
1777051877,100,,Aggregated,138.800000,0.000000,700,730,770,800,970,1100,1300,1500,2500,12000,37000,113953,0,700,738.1173833826906,248.28441700083204,36643.71616599965,304.1493685993348
1777051878,100,,Aggregated,138.600000,0.000000,700,730,770,800,970,1100,1300,1500,2500,12000,37000,114085,0,700,738.100808180171,248.28441700083204,36643.71616599965,304.1492308366569
1777051879,100,,Aggregated,139.400000,0.000000,700,730,770,800,970,1100,1300,1500,2500,12000,37000,114222,0,700,738.1186135543429,248.28441700083204,36643.71616599965,304.149130640332
1777051880,100,,Aggregated,139.500000,0.000000,700,730,770,800,970,1100,1300,1500,2500,12000,37000,114365,0,700,738.0642918830155,248.28441700083204,36643.71616599965,304.1490928168583
1777051881,100,,Aggregated,137.800000,0.000000,700,730,770,800,970,1100,1300,1500,2500,12000,37000,114503,0,700,738.0580088268861,248.28441700083204,36643.71616599965,304.1492449979477
1777051882,100,,Aggregated,138.600000,0.000000,700,730,770,800,970,1100,1300,1500,2500,12000,37000,114643,0,700,738.0570632180251,248.28441700083204,36643.71616599965,304.1492197517511
1777051883,100,,Aggregated,138.200000,0.000000,700,730,770,800,970,1100,1300,1500,2500,12000,37000,114783,0,700,738.0214903514471,248.28441700083204,36643.71616599965,304.14924683968883
1777051884,100,,Aggregated,137.500000,0.000000,700,730,770,800,970,1100,1300,1500,2500,12000,37000,114923,0,700,737.9981591787025,248.28441700083204,36643.71616599965,304.14937827936967
1777051885,100,,Aggregated,138.600000,0.000000,700,730,770,800,970,1100,1300,1500,2500,12000,37000,115051,0,700,737.9980464461762,248.28441700083204,36643.71616599965,304.14957714404915
1777051886,100,,Aggregated,137.900000,0.000000,700,730,770,800,970,1100,1300,1500,2500,12000,37000,115182,0,700,737.9796393212132,248.28441700083204,36643.71616599965,304.14958934555744
1777051887,100,,Aggregated,138.100000,0.000000,700,730,770,800,970,1100,1300,1500,2500,12000,37000,115327,0,700,737.9898876860317,248.28441700083204,36643.71616599965,304.1497220945659
1777051888,100,,Aggregated,136.300000,0.000000,700,730,770,800,970,1100,1300,1500,2500,12000,37000,115467,0,700,737.9672844520843,248.28441700083204,36643.71616599965,304.14974841296646
1777051889,100,,Aggregated,137.300000,0.000000,700,730,770,800,970,1100,1300,1500,2500,12000,37000,115597,0,700,737.888381752674,248.28441700083204,36643.71616599965,304.14958000640155
1777051890,100,,Aggregated,138.400000,0.000000,700,730,770,800,970,1100,1300,1500,2500,12000,37000,115747,0,700,737.9063774529519,248.28441700083204,36643.71616599965,304.14947255652413
1777051891,100,,Aggregated,140.700000,0.000000,700,730,770,800,970,1100,1300,1500,2500,12000,37000,115898,0,700,737.851135091148,248.28441700083204,36643.71616599965,304.1492519284198
1777051892,100,,Aggregated,137.900000,0.000000,700,730,770,800,970,1100,1300,1500,2500,12000,37000,116037,0,700,737.785876017247,248.28441700083204,36643.71616599965,304.14923688133956
1777051893,100,,Aggregated,138.900000,0.000000,700,730,770,800,970,1100,1300,1500,2500,12000,37000,116168,0,700,737.8225612172754,248.28441700083204,36643.71616599965,304.14924936299155
1777051894,100,,Aggregated,139.500000,0.000000,700,730,770,800,970,1100,1300,1500,2500,12000,37000,116312,0,700,737.7942921767598,248.28441700083204,36643.71616599965,304.14933970699497
1777051895,100,,Aggregated,138.200000,0.000000,700,730,770,800,970,1100,1300,1500,2500,12000,37000,116446,0,700,737.8198693950944,248.28441700083204,36643.71616599965,304.1493224327156
1777051896,100,,Aggregated,138.900000,0.000000,700,730,770,800,970,1100,1300,1500,2500,12000,37000,116582,0,700,737.7686209467337,248.28441700083204,36643.71616599965,304.14937125799867
1777051897,100,,Aggregated,137.800000,0.000000,700,730,770,800,970,1100,1300,1500,2500,12000,37000,116716,0,700,737.7673149785812,248.28441700083204,36643.71616599965,304.14921690256693
1777051898,100,,Aggregated,139.600000,0.000000,700,730,770,800,970,1100,1300,1500,2500,12000,37000,116863,0,700,737.7267052064624,248.28441700083204,36643.71616599965,304.14920890273225
1777051899,100,,Aggregated,138.400000,0.000000,700,730,770,800,970,1100,1300,1500,2500,12000,37000,117005,0,700,737.7203742888316,248.28441700083204,36643.71616599965,304.14935259176957
1777051900,100,,Aggregated,138.100000,0.000000,700,730,770,800,970,1100,1300,1500,2500,12000,37000,117142,0,700,737.6793917201312,248.28441700083204,36643.71616599965,304.1494254836011
1777051901,100,,Aggregated,136.700000,0.000000,700,730,770,800,970,1100,1300,1500,2500,12000,37000,117284,0,700,737.6444304541525,248.28441700083204,36643.71616599965,304.1493809897343
1777051902,100,,Aggregated,138.800000,0.000000,700,730,770,800,970,1100,1300,1500,2500,12000,37000,117403,0,700,737.6423766141737,248.28441700083204,36643.71616599965,304.1494936245241
1777051903,100,,Aggregated,137.700000,0.000000,700,730,770,800,970,1100,1300,1500,2500,12000,37000,117553,0,700,737.6558183171168,248.28441700083204,36643.71616599965,304.1493539084498
1777051904,100,,Aggregated,137.600000,0.000000,700,730,770,800,970,1100,1300,1500,2500,12000,37000,117665,0,700,737.6479778910459,248.28441700083204,36643.71616599965,304.1494157141036
1777051905,100,,Aggregated,137.500000,0.000000,700,730,770,800,970,1100,1300,1500,2500,12000,37000,117816,0,700,737.6030946219104,248.28441700083204,36643.71616599965,304.1496740680383
1777051906,100,,Aggregated,135.100000,0.000000,700,730,770,800,970,1100,1300,1500,2500,12000,37000,117958,0,700,737.5941786989329,248.28441700083204,36643.71616599965,304.1494769324675
1777051907,100,,Aggregated,137.800000,0.000000,700,730,770,800,970,1100,1300,1500,2500,12000,37000,118097,0,700,737.5608835932804,248.28441700083204,36643.71616599965,304.14966510580285
1777051908,100,,Aggregated,137.900000,0.000000,700,730,770,800,970,1100,1300,1500,2500,12000,37000,118242,0,700,737.5412547952568,248.28441700083204,36643.71616599965,304.14960843016866
1777051909,100,,Aggregated,138.600000,0.000000,700,730,770,800,970,1100,1300,1500,2500,12000,37000,118379,0,700,737.4983221591376,248.28441700083204,36643.71616599965,304.1495620000169
1777051910,100,,Aggregated,138.500000,0.000000,700,730,770,800,970,1100,1300,1500,2500,12000,37000,118526,0,700,737.5274151599342,248.28441700083204,36643.71616599965,304.149519936554
1777051911,100,,Aggregated,139.400000,0.000000,700,730,770,800,970,1100,1300,1500,2500,12000,37000,118664,0,700,737.5062030550564,248.28441700083204,36643.71616599965,304.14927863547496
1777051912,100,,Aggregated,137.700000,0.000000,700,730,770,800,970,1100,1300,1500,2500,12000,37000,118809,0,700,737.4606368375657,248.28441700083204,36643.71616599965,304.14929003695005
1777051913,100,,Aggregated,136.800000,0.000000,700,730,770,800,970,1100,1300,1500,2500,12000,37000,118945,0,700,737.4611520881248,248.28441700083204,36643.71616599965,304.1495565177183
1777051914,100,,Aggregated,137.400000,0.000000,700,730,770,800,970,1100,1300,1500,2500,12000,37000,119085,0,700,737.4207131071411,248.28441700083204,36643.71616599965,304.14968299953813
1777051915,100,,Aggregated,138.600000,0.000000,700,730,770,800,970,1100,1300,1500,2500,12000,37000,119221,0,700,737.4051091012567,248.28441700083204,36643.71616599965,304.14974710831143
1777051916,100,,Aggregated,140.900000,0.000000,700,730,770,800,970,1100,1300,1500,2500,12000,37000,119361,0,700,737.3906554094551,248.28441700083204,36643.71616599965,304.1498898300115
1777051917,100,,Aggregated,139.700000,0.000000,700,730,770,800,970,1100,1300,1500,2500,12000,37000,119501,0,700,737.3772574050439,248.28441700083204,36643.71616599965,304.150015481042
1777051918,100,,Aggregated,139.100000,0.000000,700,730,770,800,970,1100,1300,1500,2500,12000,37000,119640,0,700,737.3460678670683,248.28441700083204,36643.71616599965,304.15003343363423
1777051919,100,,Aggregated,138.000000,0.000000,700,730,770,800,970,1100,1300,1500,2500,12000,37000,119784,0,700,737.3425785259476,248.28441700083204,36643.71616599965,304.1499365524611
1777051920,100,,Aggregated,137.500000,0.000000,700,730,770,800,970,1100,1300,1500,2500,12000,37000,119893,0,700,737.3812799821258,248.28441700083204,36643.71616599965,304.15010884705526
1777051921,100,,Aggregated,137.100000,0.000000,700,730,770,800,970,1100,1300,1500,2500,9600,37000,120041,0,700,737.4086333414245,248.28441700083204,36643.71616599965,304.1502736565007
1777051922,100,,Aggregated,137.300000,0.000000,700,730,770,800,970,1100,1300,1500,2500,9600,37000,120170,0,700,737.4141813373799,248.28441700083204,36643.71616599965,304.15028709328453
1777051923,100,,Aggregated,137.800000,0.000000,700,730,770,800,970,1100,1300,1500,2500,9600,37000,120312,0,700,737.3819054214226,248.28441700083204,36643.71616599965,304.15025932575304
1777051924,100,,Aggregated,135.200000,0.000000,700,730,770,800,970,1100,1300,1500,2500,9600,37000,120452,0,700,737.3386359605513,248.28441700083204,36643.71616599965,304.1501677016571
1777051925,100,,Aggregated,136.100000,0.000000,700,730,770,800,970,1100,1300,1500,2500,9600,37000,120601,0,700,737.2449457371129,248.28441700083204,36643.71616599965,304.15002363164484
1777051926,100,,Aggregated,135.700000,0.000000,700,730,770,800,970,1100,1300,1500,2500,9600,37000,120734,0,700,737.2548116956175,248.28441700083204,36643.71616599965,304.1500819984429
1777051927,100,,Aggregated,137.400000,0.000000,700,730,770,800,970,1100,1300,1500,2500,9600,37000,120871,0,700,737.2715805601152,248.28441700083204,36643.71616599965,304.1500525353476
