Timestamp,User Count,Type,Name,Requests/s,Failures/s,50%,66%,75%,80%,90%,95%,98%,99%,99.9%,99.99%,100%,Total Request Count,Total Failure Count,Total Median Response Time,Total Average Response Time,Total Min Response Time,Total Max Response Time,Total Average Content Size
1777026879,0,,Aggregated,0.000000,0.000000,N/A,N/A,N/A,N/A,N/A,N/A,N/A,N/A,N/A,N/A,N/A,0,0,0,0.0,0,0,0
1777026880,10,,Aggregated,0.000000,0.000000,N/A,N/A,N/A,N/A,N/A,N/A,N/A,N/A,N/A,N/A,N/A,0,0,0,0.0,0,0,0
1777026881,20,,Aggregated,0.000000,0.000000,N/A,N/A,N/A,N/A,N/A,N/A,N/A,N/A,N/A,N/A,N/A,0,0,0,0.0,0,0,0
1777026882,30,,Aggregated,0.000000,0.000000,N/A,N/A,N/A,N/A,N/A,N/A,N/A,N/A,N/A,N/A,N/A,0,0,0,0.0,0,0,0
1777026883,40,,Aggregated,0.000000,0.000000,850,1800,2500,2500,3800,3800,3800,3800,3800,3800,3800,61,0,850,1550.599624312647,257.43133400101215,3849.9357500113547,0.0
1777026884,50,,Aggregated,0.000000,0.000000,440,630,640,1300,2500,3800,3800,3800,3800,3800,3800,148,0,440,872.7234011700627,251.0847920057131,3849.9357500113547,0.0
1777026885,60,,Aggregated,5.000000,0.000000,440,610,630,740,1500,2500,3800,3800,3800,3800,3800,289,0,440,692.5865240629411,251.0847920057131,3849.9357500113547,0.0
1777026886,70,,Aggregated,27.200000,0.000000,450,590,630,660,880,1800,3300,3800,3800,3800,3800,413,0,450,641.9445154239925,251.0847920057131,3849.9357500113547,0.0
1777026887,80,,Aggregated,40.833333,0.000000,470,610,620,630,850,1800,2600,3800,3800,3800,3800,519,0,470,611.6122399502614,250.40250000893138,3849.9357500113547,0.0
1777026888,90,,Aggregated,51.142857,0.000000,470,620,630,750,940,1000,2500,3800,3800,3800,3800,665,0,470,618.8416260588499,250.40250000893138,3849.9357500113547,0.0
1777026889,100,,Aggregated,62.875000,0.000000,510,620,640,740,960,990,2500,3300,3800,3800,3800,826,0,510,618.7912485765287,250.40250000893138,3849.9357500113547,0.0
1777026890,100,,Aggregated,70.555556,0.000000,550,630,680,810,960,1000,2300,3300,3800,3800,3800,980,0,550,632.2798469268844,250.40250000893138,3849.9357500113547,0.0
1777026891,100,,Aggregated,79.900000,0.000000,570,640,700,830,980,1000,1800,2500,3800,3800,3800,1120,0,570,635.2971266279902,250.40250000893138,3849.9357500113547,0.0
1777026892,100,,Aggregated,92.200000,0.000000,590,650,710,900,990,1100,1800,2500,3800,3800,3800,1285,0,590,651.3151338089648,250.40250000893138,3849.9357500113547,0.0
1777026893,100,,Aggregated,107.600000,0.000000,610,660,740,890,980,1100,1500,2500,3800,3800,3800,1432,0,610,651.0429739794354,250.40250000893138,3849.9357500113547,0.0
1777026894,100,,Aggregated,120.500000,0.000000,610,660,740,890,960,1000,1300,2500,3800,3800,3800,1571,0,610,645.548349662951,250.40250000893138,3849.9357500113547,0.0
1777026895,100,,Aggregated,132.300000,0.000000,600,660,740,880,970,1000,1300,2500,3800,3800,3800,1753,0,600,644.6005467697115,250.40250000893138,3849.9357500113547,0.0
1777026896,100,,Aggregated,138.200000,0.000000,600,660,740,880,970,1000,1300,2300,3800,3800,3800,1913,0,600,641.9506293728925,250.40250000893138,3849.9357500113547,0.0
1777026897,100,,Aggregated,143.600000,0.000000,600,660,800,900,970,1000,1300,1800,3800,3800,3800,2064,0,600,643.8485676261589,250.40250000893138,3849.9357500113547,0.0
1777026898,100,,Aggregated,148.700000,0.000000,610,680,840,920,980,1000,1300,1800,3800,3800,3800,2200,0,610,649.8996480628956,250.40250000893138,3849.9357500113547,0.0
1777026899,100,,Aggregated,148.800000,0.000000,590,660,830,910,970,1000,1200,1800,3800,3800,3800,2296,0,590,639.9520724767095,250.40250000893138,3849.9357500113547,0.0
1777026900,100,,Aggregated,148.700000,0.000000,590,660,840,920,990,1100,1600,1800,3800,3800,3800,2452,0,590,657.0697358929979,250.40250000893138,3849.9357500113547,0.0
1777026901,100,,Aggregated,146.000000,0.000000,590,670,840,910,980,1100,1600,1600,3800,3800,3800,2611,0,590,654.5236264341833,250.40250000893138,3849.9357500113547,0.0
1777026902,100,,Aggregated,149.000000,0.000000,590,660,840,910,980,1100,1600,1600,3800,3800,3800,2752,0,590,653.6984931703221,250.40250000893138,3849.9357500113547,0.0
1777026903,100,,Aggregated,148.300000,0.000000,600,680,860,930,1000,1100,1600,1600,3800,3800,3800,2876,0,600,658.943541275277,250.40250000893138,3849.9357500113547,0.0
1777026904,100,,Aggregated,151.200000,0.000000,610,690,860,920,990,1100,1600,1600,3800,3800,3800,3026,0,610,661.1195372342062,250.40250000893138,3849.9357500113547,0.0
1777026905,100,,Aggregated,152.400000,0.000000,620,700,890,930,990,1100,1600,1600,3800,3800,3800,3162,0,620,666.0084993948908,250.40250000893138,3849.9357500113547,0.0
1777026906,100,,Aggregated,148.000000,0.000000,620,700,900,930,990,1100,1600,1600,3800,3800,3800,3318,0,620,668.3440273500713,250.40250000893138,3849.9357500113547,0.0
1777026907,100,,Aggregated,143.800000,0.000000,620,700,900,930,990,1100,1600,1600,3800,3800,3800,3440,0,620,665.7583401530595,250.40250000893138,3849.9357500113547,0.0
1777026908,100,,Aggregated,139.500000,0.000000,620,710,900,930,1000,1100,1600,1600,3800,3800,3800,3577,0,620,670.6970589654994,250.40250000893138,3849.9357500113547,0.0
1777026909,100,,Aggregated,143.800000,0.000000,620,710,900,930,1000,1100,1600,1600,3800,3800,3800,3761,0,620,670.231546908144,250.40250000893138,3849.9357500113547,0.0
1777026910,100,,Aggregated,143.000000,0.000000,620,720,910,940,1000,1100,1600,1600,3800,3800,3800,3903,0,620,672.2945930288284,250.40250000893138,3849.9357500113547,0.0
1777026911,100,,Aggregated,143.000000,0.000000,630,730,900,940,1000,1100,1600,1600,3800,3800,3800,4028,0,630,674.9386712813963,250.40250000893138,3849.9357500113547,0.0
1777026912,100,,Aggregated,141.300000,0.000000,630,730,900,930,1000,1100,1600,1600,3800,3800,3800,4166,0,630,675.7787722634299,250.40250000893138,3849.9357500113547,0.0
1777026913,100,,Aggregated,141.400000,0.000000,630,730,900,930,990,1100,1600,1600,3800,3800,3800,4289,0,630,676.0859660376398,250.40250000893138,3849.9357500113547,0.0
1777026914,100,,Aggregated,139.000000,0.000000,630,730,900,930,990,1100,1600,1600,3800,3800,3800,4451,0,630,674.5514348662045,250.40250000893138,3849.9357500113547,0.0
1777026915,100,,Aggregated,139.800000,0.000000,630,730,900,940,1000,1100,1500,1600,3800,3800,3800,4601,0,630,676.6757753769807,250.40250000893138,3849.9357500113547,0.0
1777026916,100,,Aggregated,140.500000,0.000000,630,740,910,940,990,1100,1300,1600,3800,3800,3800,4715,0,630,679.202757539479,250.40250000893138,3849.9357500113547,0.0
1777026917,100,,Aggregated,141.400000,0.000000,630,740,910,940,1000,1100,1300,1600,3800,3800,3800,4901,0,630,680.2971252563855,250.40250000893138,3849.9357500113547,0.0
1777026918,100,,Aggregated,143.600000,0.000000,630,740,910,940,990,1000,1300,1600,3800,3800,3800,5035,0,630,679.0848460203457,250.40250000893138,3849.9357500113547,0.0
1777026919,100,,Aggregated,137.300000,0.000000,630,740,910,940,1000,1000,1300,1600,3800,3800,3800,5192,0,630,677.7053063201905,250.40250000893138,3849.9357500113547,0.0
1777026920,100,,Aggregated,143.700000,0.000000,630,740,910,940,990,1000,1300,1600,3800,3800,3800,5355,0,630,677.208295338619,250.40250000893138,3849.9357500113547,0.0
1777026921,100,,Aggregated,142.400000,0.000000,630,740,910,940,990,1000,1300,1600,3800,3800,3800,5482,0,630,677.9328629072144,250.40250000893138,3849.9357500113547,0.0
1777026922,100,,Aggregated,144.400000,0.000000,630,730,900,940,990,1000,1200,1600,3800,3800,3800,5571,0,630,674.0265335071514,250.40250000893138,3849.9357500113547,0.0
1777026923,100,,Aggregated,147.000000,0.000000,630,730,910,940,1000,1100,1600,1700,3800,3800,3800,5730,0,630,680.735542002194,250.40250000893138,3849.9357500113547,0.0
1777026924,100,,Aggregated,142.500000,0.000000,630,740,910,940,1000,1100,1600,1700,3800,3800,3800,5876,0,630,687.2372330325949,250.40250000893138,3849.9357500113547,0.0
1777026925,100,,Aggregated,142.700000,0.000000,630,730,910,940,1000,1100,1600,1700,3800,3800,3800,6039,0,630,685.217104206575,250.40250000893138,3849.9357500113547,0.0
1777026926,100,,Aggregated,135.000000,0.000000,630,730,910,940,1000,1100,1600,1700,3800,3800,3800,6174,0,630,684.3022831038971,250.40250000893138,3849.9357500113547,0.0
1777026927,100,,Aggregated,140.400000,0.000000,630,730,900,940,1000,1100,1600,1700,3800,3800,3800,6316,0,630,682.3925973856029,250.40250000893138,3849.9357500113547,0.0
1777026928,100,,Aggregated,141.000000,0.000000,630,730,910,940,1000,1100,1600,1700,3800,3800,3800,6489,0,630,683.1716673928913,250.40250000893138,3849.9357500113547,0.0
1777026929,100,,Aggregated,144.400000,0.000000,630,730,910,940,1000,1100,1600,1700,3800,3800,3800,6631,0,630,683.1952280329374,250.40250000893138,3849.9357500113547,0.0
1777026930,100,,Aggregated,143.000000,0.000000,630,730,910,940,1000,1100,1600,1700,3800,3800,3800,6788,0,630,681.4704345286361,250.40250000893138,3849.9357500113547,0.0
1777026931,100,,Aggregated,144.100000,0.000000,630,730,910,940,1000,1100,1600,1700,3800,3800,3800,6949,0,630,680.1694604615656,250.40250000893138,3849.9357500113547,0.0
1777026932,100,,Aggregated,142.600000,0.000000,630,730,910,940,990,1100,1600,1700,3800,3800,3800,7094,0,630,680.1064591838845,250.40250000893138,3849.9357500113547,0.0
1777026933,100,,Aggregated,143.600000,0.000000,630,730,910,940,990,1100,1600,1700,3800,3800,3800,7244,0,630,678.3941645951911,250.40250000893138,3849.9357500113547,0.0
1777026934,100,,Aggregated,147.600000,0.000000,630,730,910,940,990,1100,1600,1700,3800,3800,3800,7376,0,630,678.608705813802,250.40250000893138,3849.9357500113547,0.0
1777026935,100,,Aggregated,147.900000,0.000000,630,730,910,940,990,1100,1600,1700,3800,3800,3800,7526,0,630,678.193028961561,250.40250000893138,3849.9357500113547,0.0
1777026936,100,,Aggregated,156.600000,0.000000,630,730,910,940,990,1000,1600,1700,3800,3800,3800,7709,0,630,678.0929200890649,250.40250000893138,3849.9357500113547,0.0
1777026937,100,,Aggregated,155.400000,0.000000,630,730,910,940,990,1000,1600,1700,3800,3800,3800,7864,0,630,678.3590982069875,250.40250000893138,3849.9357500113547,0.0
1777026938,100,,Aggregated,154.500000,0.000000,630,730,910,940,1000,1100,1600,1700,3300,3800,3800,8009,0,630,678.764301214604,250.40250000893138,3849.9357500113547,0.0
1777026939,100,,Aggregated,154.700000,0.000000,630,730,910,940,990,1100,1600,1700,3300,3800,3800,8147,0,630,677.8228620674897,250.40250000893138,3849.9357500113547,0.0
1777026940,100,,Aggregated,152.200000,0.000000,630,740,910,940,990,1100,1600,1700,3300,3800,3800,8296,0,630,677.6128525912509,250.40250000893138,3849.9357500113547,0.0
1777026941,100,,Aggregated,152.600000,0.000000,630,740,910,940,990,1000,1600,1700,3300,3800,3800,8437,0,630,677.356781203387,250.40250000893138,3849.9357500113547,0.0
1777026942,100,,Aggregated,152.900000,0.000000,630,740,910,940,990,1000,1600,1700,3300,3800,3800,8590,0,630,676.8237909245676,250.40250000893138,3849.9357500113547,0.0
1777026943,100,,Aggregated,148.100000,0.000000,630,750,910,940,990,1000,1600,1600,3300,3800,3800,8749,0,630,677.9486975715015,250.40250000893138,3849.9357500113547,0.0
1777026944,100,,Aggregated,150.300000,0.000000,630,760,920,940,990,1000,1600,1600,3300,3800,3800,8900,0,630,677.8674011568627,250.40250000893138,3849.9357500113547,0.0
1777026945,100,,Aggregated,148.700000,0.000000,630,760,910,940,990,1000,1600,1600,3300,3800,3800,9056,0,630,677.181874093992,250.40250000893138,3849.9357500113547,0.0
1777026946,100,,Aggregated,150.700000,0.000000,630,760,910,940,990,1000,1600,1600,3300,3800,3800,9198,0,630,676.5850212909536,250.40250000893138,3849.9357500113547,0.0
1777026947,100,,Aggregated,147.900000,0.000000,630,770,910,940,990,1000,1600,1600,3300,3800,3800,9351,0,630,676.0393626539548,250.40250000893138,3849.9357500113547,0.0
1777026948,100,,Aggregated,147.700000,0.000000,630,760,910,940,990,1000,1600,1600,3300,3800,3800,9446,0,630,675.6282009854003,250.40250000893138,3849.9357500113547,0.0
1777026949,100,,Aggregated,146.500000,0.000000,630,760,910,940,990,1100,1600,1600,3300,3800,3800,9614,0,630,678.1133712036661,250.40250000893138,3849.9357500113547,0.0
1777026950,100,,Aggregated,148.700000,0.000000,630,760,910,940,990,1100,1600,1600,3300,3800,3800,9762,0,630,676.8844165005261,250.40250000893138,3849.9357500113547,0.0
1777026951,100,,Aggregated,147.400000,0.000000,630,760,910,940,990,1100,1600,1600,3300,3800,3800,9905,0,630,677.24530808906,250.40250000893138,3849.9357500113547,0.0
1777026952,100,,Aggregated,147.100000,0.000000,630,760,910,940,990,1000,1600,1600,2600,3800,3800,10062,0,630,678.2397685068734,250.40250000893138,3849.9357500113547,0.0
1777026953,100,,Aggregated,147.700000,0.000000,630,760,910,940,990,1000,1600,1600,2600,3800,3800,10197,0,630,677.4888238335911,250.40250000893138,3849.9357500113547,0.0
1777026954,100,,Aggregated,147.700000,0.000000,630,770,910,940,990,1000,1600,1600,2600,3800,3800,10329,0,630,677.9114603670445,250.40250000893138,3849.9357500113547,0.0
1777026955,100,,Aggregated,146.800000,0.000000,630,770,910,940,990,1000,1600,1600,2600,3800,3800,10490,0,630,677.7525527689513,250.40250000893138,3849.9357500113547,0.0
1777026956,100,,Aggregated,143.100000,0.000000,630,770,910,940,990,1000,1600,1600,2600,3800,3800,10672,0,630,678.3411472116978,250.40250000893138,3849.9357500113547,0.0
1777026957,100,,Aggregated,146.100000,0.000000,630,770,910,940,990,1000,1600,1600,2600,3800,3800,10812,0,630,678.6616232844224,250.40250000893138,3849.9357500113547,0.0
1777026958,100,,Aggregated,146.000000,0.000000,630,770,910,940,990,1000,1600,1600,2600,3800,3800,10976,0,630,677.7646963255476,250.40250000893138,3849.9357500113547,0.0
1777026959,100,,Aggregated,145.200000,0.000000,630,770,910,940,990,1000,1500,1600,2500,3800,3800,11095,0,630,677.8299253145705,250.40250000893138,3849.9357500113547,0.0
1777026960,100,,Aggregated,145.600000,0.000000,630,770,910,940,990,1000,1500,1600,2500,3800,3800,11253,0,630,677.1982356544053,250.40250000893138,3849.9357500113547,0.0
1777026961,100,,Aggregated,148.300000,0.000000,630,760,910,940,990,1000,1500,1600,2500,3800,3800,11425,0,630,676.4533864945231,250.40250000893138,3849.9357500113547,0.0
1777026962,100,,Aggregated,149.200000,0.000000,630,760,910,940,990,1000,1500,1600,2500,3800,3800,11597,0,630,676.2721917293234,250.40250000893138,3849.9357500113547,0.0
1777026963,100,,Aggregated,149.800000,0.000000,630,760,910,940,990,1000,1500,1600,2500,3800,3800,11727,0,630,676.9316447750483,250.40250000893138,3849.9357500113547,0.0
1777026964,100,,Aggregated,151.500000,0.000000,630,770,910,940,990,1000,1400,1600,2500,3800,3800,11868,0,630,677.1117482369365,250.40250000893138,3849.9357500113547,0.0
1777026965,100,,Aggregated,149.100000,0.000000,630,770,910,940,990,1000,1400,1600,2500,3800,3800,12014,0,630,677.024114341758,250.40250000893138,3849.9357500113547,0.0
1777026966,100,,Aggregated,150.000000,0.000000,630,770,910,940,990,1000,1400,1600,2500,3800,3800,12178,0,630,677.0895656609368,250.40250000893138,3849.9357500113547,0.0
1777026967,100,,Aggregated,149.700000,0.000000,630,770,910,940,990,1000,1400,1600,2500,3800,3800,12301,0,630,676.1377220718579,250.40250000893138,3849.9357500113547,0.0
1777026968,100,,Aggregated,151.800000,0.000000,630,760,910,940,990,1000,1400,1600,2500,3800,3800,12469,0,630,675.2933848981348,250.40250000893138,3849.9357500113547,0.0
1777026969,100,,Aggregated,152.100000,0.000000,630,760,910,940,1000,1000,1400,1600,2500,3800,3800,12618,0,630,675.9247261813226,250.40250000893138,3849.9357500113547,0.0
1777026970,100,,Aggregated,151.300000,0.000000,630,760,910,940,1000,1000,1400,1600,2500,3800,3800,12778,0,630,676.0438849127469,250.40250000893138,3849.9357500113547,0.0
1777026971,100,,Aggregated,146.100000,0.000000,630,760,910,940,990,1000,1400,1600,2500,3800,3800,12948,0,630,675.4923241519868,250.40250000893138,3849.9357500113547,0.0
1777026972,100,,Aggregated,147.900000,0.000000,630,770,910,940,1000,1000,1400,1600,2500,3800,3800,13084,0,630,675.6265632603825,250.40250000893138,3849.9357500113547,0.0
1777026973,100,,Aggregated,148.000000,0.000000,630,760,910,940,1000,1000,1400,1600,2500,3800,3800,13191,0,630,674.9990839772408,250.40250000893138,3849.9357500113547,0.0
1777026974,100,,Aggregated,146.600000,0.000000,630,760,910,940,1000,1000,1400,1600,2500,3800,3800,13358,0,630,675.3025173639567,250.40250000893138,3849.9357500113547,0.0
1777026975,100,,Aggregated,153.000000,0.000000,630,760,910,940,1000,1000,1300,1600,2500,3800,3800,13501,0,630,675.4114285293468,250.40250000893138,3849.9357500113547,0.0
1777026976,100,,Aggregated,151.600000,0.000000,630,750,910,940,1000,1000,1300,1600,2500,3800,3800,13682,0,630,674.8734182462183,250.40250000893138,3849.9357500113547,0.0
1777026977,100,,Aggregated,149.900000,0.000000,630,740,910,940,1000,1000,1300,1600,2500,3800,3800,13821,0,630,674.3077835743272,250.40250000893138,3849.9357500113547,0.0
1777026978,100,,Aggregated,151.200000,0.000000,630,740,910,940,1000,1000,1300,1600,2500,3800,3800,13962,0,630,674.7631074844519,250.40250000893138,3849.9357500113547,0.0
1777026979,100,,Aggregated,150.300000,0.000000,630,740,910,940,990,1000,1300,1600,2500,3800,3800,14151,0,630,674.4500940881128,250.40250000893138,3849.9357500113547,0.0
1777026980,100,,Aggregated,148.100000,0.000000,630,750,910,940,990,1000,1300,1600,2500,3800,3800,14285,0,630,674.5766285422368,250.40250000893138,3849.9357500113547,0.0
1777026981,100,,Aggregated,154.100000,0.000000,630,750,910,940,990,1000,1200,1600,2500,3800,3800,14436,0,630,674.2934760357278,250.40250000893138,3849.9357500113547,0.0
1777026982,100,,Aggregated,150.500000,0.000000,630,760,910,940,990,1000,1200,1600,2500,3800,3800,14584,0,630,674.1467532406482,250.40250000893138,3849.9357500113547,0.0
1777026983,100,,Aggregated,150.800000,0.000000,630,760,910,940,990,1000,1200,1600,2500,3800,3800,14730,0,630,673.9757264518393,250.40250000893138,3849.9357500113547,0.0
1777026984,100,,Aggregated,153.000000,0.000000,630,770,910,940,990,1000,1200,1600,2500,3800,3800,14867,0,630,673.9227924879618,250.40250000893138,3849.9357500113547,0.0
1777026985,100,,Aggregated,149.900000,0.000000,630,770,910,940,990,1000,1200,1600,2500,3800,3800,15009,0,630,673.9353136812906,250.40250000893138,3849.9357500113547,0.0
1777026986,100,,Aggregated,150.200000,0.000000,630,760,910,940,990,1000,1200,1600,2500,3800,3800,15172,0,630,673.620053558165,250.40250000893138,3849.9357500113547,0.0
1777026987,100,,Aggregated,149.600000,0.000000,630,760,910,940,990,1000,1200,1600,2500,3800,3800,15338,0,630,673.28155767848,250.40250000893138,3849.9357500113547,0.0
1777026988,100,,Aggregated,149.500000,0.000000,630,750,910,940,990,1000,1200,1600,2500,3800,3800,15502,0,630,672.4035489325477,250.40250000893138,3849.9357500113547,0.0
1777026989,100,,Aggregated,150.900000,0.000000,630,740,910,940,990,1000,1200,1600,2500,3800,3800,15654,0,630,672.6373399324395,250.40250000893138,3849.9357500113547,0.0
1777026990,100,,Aggregated,153.700000,0.000000,630,740,910,940,990,1000,1200,1600,2500,3800,3800,15797,0,630,672.4464444942981,250.40250000893138,3849.9357500113547,0.0
1777026991,100,,Aggregated,154.700000,0.000000,630,750,910,940,990,1000,1200,1600,2500,3800,3800,15962,0,630,672.8723736454349,250.40250000893138,3849.9357500113547,0.0
1777026992,100,,Aggregated,155.100000,0.000000,630,750,910,940,990,1000,1200,1600,2500,3800,3800,16109,0,630,672.6402396750549,250.40250000893138,3849.9357500113547,0.0
1777026993,100,,Aggregated,152.300000,0.000000,630,750,910,940,990,1000,1200,1600,2500,3800,3800,16250,0,630,672.1963510160338,250.40250000893138,3849.9357500113547,0.0
1777026994,100,,Aggregated,149.700000,0.000000,630,750,910,940,990,1000,1200,1600,2500,3800,3800,16404,0,630,672.1322595435006,250.40250000893138,3849.9357500113547,0.0
1777026995,100,,Aggregated,147.300000,0.000000,630,750,910,940,990,1000,1200,1600,2500,3800,3800,16475,0,630,671.123114234329,249.11999999312684,3849.9357500113547,0.0
1777026996,100,,Aggregated,149.000000,0.000000,630,750,910,940,990,1000,1300,1600,2500,3800,3800,16691,0,630,674.2646745233751,249.11999999312684,3849.9357500113547,0.0
1777026997,100,,Aggregated,150.900000,0.000000,630,740,910,940,990,1000,1300,1600,2500,3800,3800,16819,0,630,673.1816868700666,249.11999999312684,3849.9357500113547,0.0
1777026998,100,,Aggregated,148.600000,0.000000,630,740,910,940,990,1000,1300,1600,2500,3800,3800,16974,0,630,673.122127399062,249.11999999312684,3849.9357500113547,0.0
1777026999,100,,Aggregated,149.800000,0.000000,630,750,910,940,990,1000,1300,1600,2500,3800,3800,17117,0,630,673.028043611944,249.11999999312684,3849.9357500113547,0.0
1777027000,100,,Aggregated,146.500000,0.000000,630,750,910,940,990,1000,1300,1600,2500,3800,3800,17300,0,630,673.036368642296,249.11999999312684,3849.9357500113547,0.0
1777027001,100,,Aggregated,143.100000,0.000000,630,750,910,940,990,1000,1300,1600,2500,3800,3800,17423,0,630,672.4264883566923,249.11999999312684,3849.9357500113547,0.0
1777027002,100,,Aggregated,144.400000,0.000000,630,760,910,940,990,1000,1200,1600,2500,3800,3800,17605,0,630,672.7323993689166,249.11999999312684,3849.9357500113547,0.0
1777027003,100,,Aggregated,149.400000,0.000000,630,760,910,940,990,1000,1200,1600,2500,3800,3800,17771,0,630,672.5566431627236,249.11999999312684,3849.9357500113547,0.0
1777027004,100,,Aggregated,149.500000,0.000000,630,750,910,940,990,1000,1200,1600,2500,3800,3800,17888,0,630,671.9241232260038,249.11999999312684,3849.9357500113547,0.0
1777027005,100,,Aggregated,150.400000,0.000000,630,770,910,940,990,1000,1200,1600,2400,3800,3800,18047,0,630,673.0453867987912,249.11999999312684,3849.9357500113547,0.0
1777027006,100,,Aggregated,151.600000,0.000000,630,770,910,940,990,1000,1200,1600,2400,3800,3800,18195,0,630,672.9849237805304,249.11999999312684,3849.9357500113547,0.0
1777027007,100,,Aggregated,149.300000,0.000000,630,770,910,940,990,1000,1200,1600,2400,3800,3800,18326,0,630,673.0500753176194,249.11999999312684,3849.9357500113547,0.0
1777027008,100,,Aggregated,149.300000,0.000000,630,770,910,940,990,1000,1200,1600,2400,3800,3800,18470,0,630,672.6970184113488,249.11999999312684,3849.9357500113547,0.0
1777027009,100,,Aggregated,146.000000,0.000000,630,770,910,940,990,1000,1200,1600,2400,3800,3800,18592,0,630,672.9765713576603,249.11999999312684,3849.9357500113547,0.0
1777027010,100,,Aggregated,150.100000,0.000000,630,770,910,940,990,1000,1200,1600,2400,3800,3800,18756,0,630,673.2275245509509,249.11999999312684,3849.9357500113547,0.0
1777027011,100,,Aggregated,149.500000,0.000000,630,770,910,940,990,1000,1200,1600,2400,3800,3800,18883,0,630,673.3145314647358,249.11999999312684,3849.9357500113547,0.0
1777027012,100,,Aggregated,150.800000,0.000000,630,770,910,940,1000,1000,1200,1600,2300,3800,3800,19029,0,630,673.5491094831431,249.11999999312684,3849.9357500113547,0.0
1777027013,100,,Aggregated,146.400000,0.000000,630,770,910,940,1000,1000,1200,1600,2300,3800,3800,19193,0,630,673.6100835362682,249.11999999312684,3849.9357500113547,0.0
1777027014,100,,Aggregated,144.000000,0.000000,630,770,910,940,1000,1000,1200,1600,2300,3800,3800,19327,0,630,674.0057649411967,249.11999999312684,3849.9357500113547,0.0
1777027015,100,,Aggregated,145.400000,0.000000,630,780,910,940,1000,1000,1200,1600,2300,3800,3800,19465,0,630,674.2134111531738,249.11999999312684,3849.9357500113547,0.0
1777027016,100,,Aggregated,142.500000,0.000000,630,770,910,940,1000,1000,1200,1600,2300,3800,3800,19642,0,630,674.2947627327965,249.11999999312684,3849.9357500113547,0.0
1777027017,100,,Aggregated,140.900000,0.000000,630,770,910,940,1000,1000,1200,1600,2300,3800,3800,19746,0,630,674.1874041542895,249.11999999312684,3849.9357500113547,0.0
1777027018,100,,Aggregated,141.200000,0.000000,630,770,910,940,1000,1000,1200,1600,2300,3800,3800,19921,0,630,674.5055185093419,249.11999999312684,3849.9357500113547,0.0
1777027019,100,,Aggregated,144.500000,0.000000,630,780,910,940,1000,1000,1200,1600,1800,3800,3800,20054,0,630,675.2291821628405,249.11999999312684,3849.9357500113547,0.0
1777027020,100,,Aggregated,142.000000,0.000000,630,770,910,940,1000,1000,1200,1600,1800,3800,3800,20203,0,630,674.5697369600847,249.11999999312684,3849.9357500113547,0.0
1777027021,100,,Aggregated,143.300000,0.000000,630,770,910,940,1000,1000,1200,1600,1800,3800,3800,20361,0,630,674.7057648245384,249.11999999312684,3849.9357500113547,0.0
1777027022,100,,Aggregated,143.300000,0.000000,630,770,910,940,1000,1000,1200,1600,1800,3800,3800,20524,0,630,674.8715352907091,249.11999999312684,3849.9357500113547,0.0
1777027023,100,,Aggregated,143.600000,0.000000,630,760,910,940,1000,1000,1200,1600,1800,3800,3800,20649,0,630,674.6176524718671,249.11999999312684,3849.9357500113547,0.0
1777027024,100,,Aggregated,143.800000,0.000000,630,760,910,940,1000,1000,1200,1600,1800,3800,3800,20824,0,630,674.7545514337976,249.11999999312684,3849.9357500113547,0.0
1777027025,100,,Aggregated,146.300000,0.000000,630,760,910,940,1000,1000,1200,1600,1800,3800,3800,20968,0,630,674.453320071937,249.11999999312684,3849.9357500113547,0.0
1777027026,100,,Aggregated,147.900000,0.000000,630,760,910,940,1000,1000,1200,1600,1800,3800,3800,21131,0,630,674.5448485410676,249.11999999312684,3849.9357500113547,0.0
1777027027,100,,Aggregated,152.500000,0.000000,630,750,910,940,1000,1000,1200,1600,1800,3800,3800,21311,0,630,673.976031600732,249.11999999312684,3849.9357500113547,0.0
1777027028,100,,Aggregated,150.100000,0.000000,630,750,910,940,1000,1000,1200,1600,1800,3800,3800,21460,0,630,673.593706394933,249.11999999312684,3849.9357500113547,0.0
1777027029,100,,Aggregated,152.300000,0.000000,630,760,910,940,1000,1000,1200,1600,1800,3800,3800,21590,0,630,673.6212520543442,249.11999999312684,3849.9357500113547,0.0
1777027030,100,,Aggregated,152.300000,0.000000,630,760,910,940,1000,1000,1200,1600,1800,3800,3800,21751,0,630,673.5946908122506,249.11999999312684,3849.9357500113547,0.0
1777027031,100,,Aggregated,152.200000,0.000000,630,760,910,940,1000,1000,1200,1600,1800,3800,3800,21892,0,630,673.751401671987,249.11999999312684,3849.9357500113547,0.0
1777027032,100,,Aggregated,149.400000,0.000000,630,770,910,940,1000,1000,1200,1600,1800,3800,3800,22035,0,630,673.7355748841517,249.11999999312684,3849.9357500113547,0.0
1777027033,100,,Aggregated,151.900000,0.000000,630,770,910,940,1000,1000,1200,1600,1800,3800,3800,22183,0,630,673.8283628764001,249.11999999312684,3849.9357500113547,0.0
1777027034,100,,Aggregated,152.700000,0.000000,630,760,910,940,1000,1000,1200,1600,1800,3800,3800,22362,0,630,673.4345706525866,249.11999999312684,3849.9357500113547,0.0
1777027035,100,,Aggregated,150.400000,0.000000,630,760,910,940,1000,1000,1200,1600,1800,3800,3800,22500,0,630,673.0682106766728,249.11999999312684,3849.9357500113547,0.0
1777027036,100,,Aggregated,152.200000,0.000000,630,760,910,940,1000,1000,1200,1600,1800,3800,3800,22667,0,630,672.9452182808983,249.11999999312684,3849.9357500113547,0.0
1777027037,100,,Aggregated,151.700000,0.000000,630,750,910,940,1000,1000,1200,1600,1800,3800,3800,22770,0,630,672.6445176100632,249.11999999312684,3849.9357500113547,0.0
1777027038,100,,Aggregated,152.700000,0.000000,630,760,910,940,1000,1000,1200,1600,1800,3800,3800,22940,0,630,672.9914012813915,249.11999999312684,3849.9357500113547,0.0
1777027039,100,,Aggregated,151.700000,0.000000,630,760,910,940,1000,1000,1200,1600,1800,3800,3800,23084,0,630,673.5247732222388,249.11999999312684,3849.9357500113547,0.0
1777027040,100,,Aggregated,148.000000,0.000000,630,760,910,940,1000,1000,1200,1600,1800,3800,3800,23223,0,630,673.9068262686595,249.11999999312684,3849.9357500113547,0.0
1777027041,100,,Aggregated,149.100000,0.000000,630,760,910,940,1000,1000,1200,1600,1800,3800,3800,23304,0,630,673.0996752031032,248.4806669963291,3849.9357500113547,0.0
1777027042,100,,Aggregated,149.100000,0.000000,630,760,910,940,1000,1000,1300,1600,1800,3800,3800,23470,0,630,675.0133795313667,248.4806669963291,3849.9357500113547,0.0
1777027043,100,,Aggregated,148.000000,0.000000,630,760,910,940,1000,1000,1300,1600,1800,3800,3800,23624,0,630,674.7114511978112,248.4806669963291,3849.9357500113547,0.0
1777027044,100,,Aggregated,141.000000,0.000000,630,760,910,940,1000,1000,1200,1600,1800,3800,3800,23750,0,630,674.9104030075,248.4806669963291,3849.9357500113547,0.0
1777027045,100,,Aggregated,142.600000,0.000000,630,770,920,940,1000,1000,1200,1600,1800,3800,3800,23906,0,630,674.9195553717934,248.4806669963291,3849.9357500113547,0.0
1777027046,100,,Aggregated,145.400000,0.000000,630,770,920,940,1000,1000,1200,1600,1800,3800,3800,24072,0,630,675.0612275421267,248.4806669963291,3849.9357500113547,0.0
1777027047,100,,Aggregated,141.300000,0.000000,630,770,920,940,1000,1000,1200,1600,1800,3800,3800,24240,0,630,674.7302717539583,248.4806669963291,3849.9357500113547,0.0
1777027048,100,,Aggregated,142.100000,0.000000,630,770,920,940,1000,1000,1200,1600,1800,3800,3800,24390,0,630,674.3871986583442,248.4806669963291,3849.9357500113547,0.0
1777027049,100,,Aggregated,140.200000,0.000000,630,770,920,940,1000,1000,1200,1600,1800,3800,3800,24512,0,630,674.482336319599,248.4806669963291,3849.9357500113547,0.0
1777027050,100,,Aggregated,144.000000,0.000000,630,770,920,940,1000,1000,1200,1600,1800,3800,3800,24665,0,630,674.4634174215703,248.4806669963291,3849.9357500113547,0.0
1777027051,100,,Aggregated,143.200000,0.000000,630,770,920,950,1000,1000,1300,1600,1800,3800,3800,24816,0,630,675.8770926279482,248.4806669963291,3849.9357500113547,0.0
1777027052,100,,Aggregated,142.200000,0.000000,630,770,920,940,1000,1000,1300,1600,1800,3800,3800,24951,0,630,675.7132802488615,248.4806669963291,3849.9357500113547,0.0
1777027053,100,,Aggregated,143.000000,0.000000,630,770,920,940,1000,1000,1300,1600,1800,3800,3800,25079,0,630,675.4705131383795,248.4806669963291,3849.9357500113547,0.0
1777027054,100,,Aggregated,152.100000,0.000000,630,770,920,950,1000,1000,1300,1600,1800,3800,3800,25234,0,630,675.3373574407697,248.4806669963291,3849.9357500113547,0.0
1777027055,100,,Aggregated,148.100000,0.000000,630,770,920,940,1000,1000,1300,1600,1800,3800,3800,25353,0,630,675.1379887635145,248.4806669963291,3849.9357500113547,0.0
1777027056,100,,Aggregated,142.000000,0.000000,630,770,920,950,1000,1000,1300,1600,1800,3800,3800,25503,0,630,675.2974169182619,248.4806669963291,3849.9357500113547,0.0
1777027057,100,,Aggregated,144.500000,0.000000,630,770,920,950,1000,1000,1300,1600,1800,3800,3800,25649,0,630,675.3826261516787,248.4806669963291,3849.9357500113547,0.0
1777027058,100,,Aggregated,142.800000,0.000000,630,780,920,950,1000,1000,1300,1600,1800,3800,3800,25804,0,630,675.6397582771766,248.4806669963291,3849.9357500113547,0.0
1777027059,100,,Aggregated,141.500000,0.000000,630,780,920,950,1000,1000,1300,1600,1800,3800,3800,25963,0,630,675.3560262344186,248.4806669963291,3849.9357500113547,0.0
1777027060,100,,Aggregated,140.500000,0.000000,630,780,920,950,1000,1000,1300,1600,1800,3800,3800,26152,0,630,675.4486924262493,248.4806669963291,3849.9357500113547,0.0
1777027061,100,,Aggregated,141.500000,0.000000,630,780,920,950,1000,1000,1300,1600,1800,3800,3800,26277,0,630,675.4765080948067,248.4806669963291,3849.9357500113547,0.0
1777027062,100,,Aggregated,146.200000,0.000000,630,780,920,950,1000,1000,1300,1600,1800,3800,3800,26428,0,630,675.7720193925111,248.4806669963291,3849.9357500113547,0.0
1777027063,100,,Aggregated,148.300000,0.000000,630,790,920,950,1000,1000,1300,1600,1800,3800,3800,26581,0,630,675.7288114336286,248.4806669963291,3849.9357500113547,0.0
1777027064,100,,Aggregated,145.200000,0.000000,630,780,920,950,1000,1000,1300,1600,1800,3800,3800,26672,0,630,675.0811384180519,248.4806669963291,3849.9357500113547,0.0
1777027065,100,,Aggregated,147.900000,0.000000,630,780,920,950,1000,1000,1300,1600,1800,3800,3800,26837,0,630,675.8081076302954,248.4806669963291,3849.9357500113547,0.0
1777027066,100,,Aggregated,150.100000,0.000000,630,780,920,950,1000,1000,1300,1600,1800,3800,3800,26994,0,630,675.4245441369692,248.4806669963291,3849.9357500113547,0.0
1777027067,100,,Aggregated,144.200000,0.000000,630,790,920,950,1000,1000,1300,1600,1800,3800,3800,27171,0,630,675.6640913556835,248.4806669963291,3849.9357500113547,0.0
1777027068,100,,Aggregated,148.900000,0.000000,630,790,920,950,1000,1000,1300,1600,1800,3800,3800,27299,0,630,675.474195149908,248.4806669963291,3849.9357500113547,0.0
1777027069,100,,Aggregated,149.300000,0.000000,630,790,920,950,1000,1000,1300,1600,1800,3800,3800,27453,0,630,675.6134611373303,248.4806669963291,3849.9357500113547,0.0
1777027070,100,,Aggregated,152.200000,0.000000,630,790,920,950,1000,1000,1300,1600,1800,3800,3800,27613,0,630,675.7859696764978,248.4806669963291,3849.9357500113547,0.0
1777027071,100,,Aggregated,149.400000,0.000000,630,790,920,950,1000,1000,1300,1600,1800,3800,3800,27777,0,630,675.1147121873574,248.4806669963291,3849.9357500113547,0.0
1777027072,100,,Aggregated,147.700000,0.000000,630,780,920,950,1000,1000,1300,1600,1800,3800,3800,27959,0,630,674.8599247103705,248.4806669963291,3849.9357500113547,0.0
1777027073,100,,Aggregated,146.200000,0.000000,630,780,920,950,1000,1000,1300,1600,1800,3800,3800,28111,0,630,674.4894118369781,248.4806669963291,3849.9357500113547,0.0
1777027074,100,,Aggregated,149.800000,0.000000,630,780,920,950,1000,1000,1300,1600,1800,3800,3800,28251,0,630,674.4147865126654,248.4806669963291,3849.9357500113547,0.0
1777027075,100,,Aggregated,152.900000,0.000000,630,780,920,950,1000,1000,1300,1600,1800,3800,3800,28416,0,630,674.2705125537157,248.4806669963291,3849.9357500113547,0.0
1777027076,100,,Aggregated,153.200000,0.000000,630,780,920,940,1000,1000,1300,1600,1800,3800,3800,28567,0,630,674.0560932346567,248.4806669963291,3849.9357500113547,0.0
1777027078,100,,Aggregated,157.500000,0.000000,630,780,920,940,1000,1000,1300,1600,1800,3800,3800,28736,0,630,673.7233276687645,248.4806669963291,3849.9357500113547,0.0
1777027079,100,,Aggregated,156.600000,0.000000,630,780,920,940,1000,1000,1300,1600,1800,3800,3800,28864,0,630,673.7199335380653,248.4806669963291,3849.9357500113547,0.0
1777027080,100,,Aggregated,157.100000,0.000000,630,780,920,940,1000,1000,1300,1600,1800,3800,3800,29026,0,630,673.8665351152282,248.4806669963291,3849.9357500113547,0.0
1777027081,100,,Aggregated,156.500000,0.000000,630,780,920,940,1000,1000,1200,1600,1800,3800,3800,29186,0,630,673.6702999572251,248.4806669963291,3849.9357500113547,0.0
1777027082,100,,Aggregated,157.300000,0.000000,630,780,920,940,1000,1000,1200,1600,1800,3800,3800,29336,0,630,673.5651021641481,248.4806669963291,3849.9357500113547,0.0
1777027083,100,,Aggregated,157.200000,0.000000,630,780,920,940,1000,1000,1200,1600,1800,3800,3800,29472,0,630,673.5539441349882,248.4806669963291,3849.9357500113547,0.0
1777027084,100,,Aggregated,155.800000,0.000000,630,780,920,940,1000,1000,1300,1600,1800,3800,3800,29623,0,630,673.8939527029819,248.4806669963291,3849.9357500113547,0.0
1777027085,100,,Aggregated,155.800000,0.000000,630,780,920,940,1000,1000,1300,1600,1800,3800,3800,29777,0,630,673.8957769239504,248.4806669963291,3849.9357500113547,0.0
1777027086,100,,Aggregated,150.800000,0.000000,630,780,920,940,1000,1000,1300,1600,1800,3800,3800,29898,0,630,673.4639612111323,248.4806669963291,3849.9357500113547,0.0
1777027087,100,,Aggregated,152.600000,0.000000,630,780,920,940,1000,1000,1300,1600,1800,3800,3800,30075,0,630,673.6271273066117,248.4806669963291,3849.9357500113547,0.0
1777027088,100,,Aggregated,148.100000,0.000000,630,780,920,940,1000,1000,1300,1600,1800,3800,3800,30220,0,630,673.4626890426932,248.4806669963291,3849.9357500113547,0.0
1777027089,100,,Aggregated,148.300000,0.000000,630,770,920,940,1000,1000,1300,1600,1800,3800,3800,30397,0,630,673.2776012843797,248.4806669963291,3849.9357500113547,0.0
1777027090,100,,Aggregated,148.300000,0.000000,630,770,920,940,1000,1000,1300,1600,1800,3800,3800,30541,0,630,673.2933057323344,248.4806669963291,3849.9357500113547,0.0
1777027091,100,,Aggregated,153.100000,0.000000,630,770,920,940,1000,1000,1300,1600,1800,3800,3800,30672,0,630,673.0864463503606,248.4806669963291,3849.9357500113547,0.0
1777027092,100,,Aggregated,151.500000,0.000000,630,770,920,940,1000,1000,1300,1600,1800,3800,3800,30851,0,630,673.1645054319239,248.4806669963291,3849.9357500113547,0.0
1777027093,100,,Aggregated,151.500000,0.000000,630,770,920,940,1000,1000,1300,1600,1800,3800,3800,30967,0,630,672.6141198504301,248.4806669963291,3849.9357500113547,0.0
1777027094,100,,Aggregated,147.800000,0.000000,630,770,920,940,1000,1000,1300,1600,1800,3800,3800,31104,0,630,672.3729388865474,248.4806669963291,3849.9357500113547,0.0
1777027095,100,,Aggregated,149.700000,0.000000,630,770,920,940,1000,1000,1300,1600,1800,3800,3800,31264,0,630,673.600635481998,248.4806669963291,3849.9357500113547,0.0
1777027096,100,,Aggregated,148.100000,0.000000,630,770,920,940,1000,1000,1300,1600,1800,3800,3800,31352,0,630,672.7973921902976,248.4806669963291,3849.9357500113547,0.0
1777027097,100,,Aggregated,148.100000,0.000000,630,770,920,940,1000,1000,1300,1600,1800,3800,3800,31497,0,630,674.1533645026253,248.4806669963291,3849.9357500113547,0.0
1777027098,100,,Aggregated,145.200000,0.000000,630,770,920,940,1000,1000,1300,1600,1800,3800,3800,31660,0,630,674.0574213528772,248.4806669963291,3849.9357500113547,0.0
1777027099,100,,Aggregated,144.700000,0.000000,630,770,920,950,1000,1100,1400,1600,1800,3800,3800,31790,0,630,675.445238459081,248.4806669963291,3849.9357500113547,0.0
1777027100,100,,Aggregated,143.700000,0.000000,630,770,920,950,1000,1100,1400,1600,1800,3800,3800,31912,0,630,675.1035283485284,248.4806669963291,3849.9357500113547,0.0
1777027101,100,,Aggregated,136.700000,0.000000,620,770,920,950,1000,1100,1400,1600,1800,3800,3800,32112,0,620,674.8596555618237,248.4806669963291,3849.9357500113547,0.0
1777027102,100,,Aggregated,136.800000,0.000000,620,770,920,950,1000,1100,1400,1600,1800,3800,3800,32257,0,620,674.8704685334116,248.4806669963291,3849.9357500113547,0.0
1777027103,100,,Aggregated,136.800000,0.000000,630,770,920,950,1000,1000,1400,1600,1800,3800,3800,32375,0,630,674.9355302969353,248.4806669963291,3849.9357500113547,0.0
1777027104,100,,Aggregated,139.300000,0.000000,630,770,920,950,1000,1000,1400,1600,1800,3800,3800,32532,0,630,675.1253708611893,248.4806669963291,3849.9357500113547,0.0
1777027105,100,,Aggregated,140.800000,0.000000,630,770,920,940,1000,1000,1400,1600,1800,3800,3800,32667,0,630,675.2988524116134,248.4806669963291,3849.9357500113547,0.0
1777027106,100,,Aggregated,142.900000,0.000000,630,770,920,940,1000,1000,1400,1600,1800,3800,3800,32838,0,630,674.7109257092751,248.4806669963291,3849.9357500113547,0.0
1777027107,100,,Aggregated,138.000000,0.000000,630,770,920,940,1000,1000,1400,1600,1800,3800,3800,32972,0,630,674.7555502303212,248.4806669963291,3849.9357500113547,0.0
1777027108,100,,Aggregated,138.000000,0.000000,630,770,920,940,1000,1000,1400,1600,1800,3800,3800,33099,0,630,674.7025831215802,248.4806669963291,3849.9357500113547,0.0
1777027109,100,,Aggregated,145.700000,0.000000,630,770,920,940,1000,1000,1400,1600,1800,3800,3800,33248,0,630,675.0754727311476,248.4806669963291,3849.9357500113547,0.0
1777027110,100,,Aggregated,144.300000,0.000000,630,770,920,940,1000,1000,1300,1600,1800,3800,3800,33409,0,630,674.6503196801525,248.4806669963291,3849.9357500113547,0.0
1777027111,100,,Aggregated,147.000000,0.000000,630,770,920,940,1000,1100,1400,1600,1800,3800,3800,33538,0,630,675.2468148476687,248.4806669963291,3849.9357500113547,0.0
1777027112,100,,Aggregated,149.700000,0.000000,630,770,920,940,1000,1100,1400,1600,1800,3800,3800,33676,0,630,675.4426731224339,248.4806669963291,3849.9357500113547,0.0
1777027113,100,,Aggregated,147.000000,0.000000,630,770,920,940,1000,1100,1400,1600,1800,3800,3800,33835,0,630,675.7454569166861,248.4806669963291,3849.9357500113547,0.0
1777027114,100,,Aggregated,144.100000,0.000000,630,770,920,940,1000,1100,1400,1600,1800,3800,3800,33982,0,630,675.6720874100374,248.4806669963291,3849.9357500113547,0.0
1777027115,100,,Aggregated,141.600000,0.000000,630,770,920,940,1000,1100,1400,1600,1800,3800,3800,34128,0,630,675.342888766462,248.4806669963291,3849.9357500113547,0.0
1777027116,100,,Aggregated,141.500000,0.000000,630,770,920,940,1000,1000,1400,1600,1800,3800,3800,34295,0,630,675.3485844361505,248.4806669963291,3849.9357500113547,0.0
1777027117,100,,Aggregated,147.700000,0.000000,630,770,920,940,1000,1000,1400,1600,1800,3800,3800,34454,0,630,675.5015734731994,248.2703749992652,3849.9357500113547,0.0
1777027118,100,,Aggregated,146.300000,0.000000,630,770,920,940,1000,1000,1400,1600,1800,3800,3800,34575,0,630,675.5894813446919,248.2703749992652,3849.9357500113547,0.0
1777027119,100,,Aggregated,143.800000,0.000000,630,770,920,940,1000,1000,1300,1600,1800,3800,3800,34707,0,630,675.3108530288038,248.2703749992652,3849.9357500113547,0.0
1777027120,100,,Aggregated,143.800000,0.000000,630,770,920,940,1000,1000,1300,1600,1800,3800,3800,34863,0,630,675.2045956656814,248.2703749992652,3849.9357500113547,0.0
1777027121,100,,Aggregated,146.700000,0.000000,630,770,920,940,1000,1000,1300,1600,1800,3800,3800,35055,0,630,675.0519412513364,248.2703749992652,3849.9357500113547,0.0
1777027122,100,,Aggregated,145.700000,0.000000,630,770,920,940,1000,1000,1300,1600,1800,3800,3800,35212,0,630,675.1313217601833,248.2703749992652,3849.9357500113547,0.0
1777027123,100,,Aggregated,148.400000,0.000000,630,760,910,940,1000,1000,1300,1600,1800,3800,3800,35382,0,630,674.6358829899249,248.2703749992652,3849.9357500113547,0.0
1777027124,100,,Aggregated,151.900000,0.000000,630,760,910,940,1000,1000,1300,1600,1800,3800,3800,35504,0,630,674.2104565022379,248.2703749992652,3849.9357500113547,0.0
1777027125,100,,Aggregated,155.400000,0.000000,630,760,910,940,1000,1000,1300,1600,1800,3800,3800,35684,0,630,674.2977026453985,248.2703749992652,3849.9357500113547,0.0
1777027126,100,,Aggregated,154.500000,0.000000,630,760,910,940,1000,1000,1300,1600,1800,3800,3800,35842,0,630,674.0567714818742,248.2703749992652,3849.9357500113547,0.0
1777027127,100,,Aggregated,155.000000,0.000000,630,760,910,940,1000,1000,1300,1600,1800,3800,3800,35984,0,630,673.9948836262917,248.2703749992652,3849.9357500113547,0.0
1777027128,100,,Aggregated,153.700000,0.000000,630,760,910,940,1000,1000,1300,1600,1800,3800,3800,36076,0,630,673.8425423026496,248.2703749992652,3849.9357500113547,0.0
1777027129,100,,Aggregated,157.600000,0.000000,630,760,920,940,1000,1000,1400,1600,1800,3800,3800,36249,0,630,674.540309446092,248.2703749992652,3849.9357500113547,0.0
1777027130,100,,Aggregated,152.100000,0.000000,630,760,920,940,1000,1000,1400,1600,1800,3800,3800,36381,0,630,674.5770843671214,248.2703749992652,3849.9357500113547,0.0
1777027131,100,,Aggregated,153.900000,0.000000,630,760,920,940,1000,1000,1400,1600,1800,3800,3800,36541,0,630,674.5307031513987,248.2703749992652,3849.9357500113547,0.0
1777027132,100,,Aggregated,153.900000,0.000000,630,760,920,940,1000,1000,1400,1600,1800,3800,3800,36665,0,630,674.8303724881567,248.2703749992652,3849.9357500113547,0.0
1777027133,100,,Aggregated,151.000000,0.000000,630,760,920,940,1000,1000,1400,1600,1800,3800,3800,36790,0,630,674.902569250755,248.2703749992652,3849.9357500113547,0.0
1777027134,100,,Aggregated,148.700000,0.000000,630,770,920,940,1000,1100,1400,1600,1800,3800,3800,36936,0,630,675.4797422483031,248.2703749992652,3849.9357500113547,0.0
1777027135,100,,Aggregated,144.500000,0.000000,630,770,920,940,1000,1100,1300,1600,1800,3800,3800,37071,0,630,675.7151424038309,248.2703749992652,3849.9357500113547,0.0
1777027136,100,,Aggregated,143.000000,0.000000,630,770,920,940,1000,1100,1300,1600,1800,3800,3800,37230,0,630,675.6044334555897,248.2703749992652,3849.9357500113547,0.0
1777027137,100,,Aggregated,136.600000,0.000000,630,770,920,940,1000,1100,1300,1600,1800,3800,3800,37376,0,630,675.5671095425307,248.2703749992652,3849.9357500113547,0.0
1777027138,100,,Aggregated,139.100000,0.000000,630,770,920,940,1000,1100,1300,1600,1800,3800,3800,37547,0,630,675.32391968537,248.2703749992652,3849.9357500113547,0.0
1777027139,100,,Aggregated,139.900000,0.000000,630,760,920,940,1000,1100,1300,1600,1800,3800,3800,37704,0,630,675.0601189376854,248.2703749992652,3849.9357500113547,0.0
1777027140,100,,Aggregated,146.200000,0.000000,630,760,920,940,1000,1000,1300,1600,1800,3800,3800,37860,0,630,674.9387364359638,248.2703749992652,3849.9357500113547,0.0
1777027141,100,,Aggregated,144.200000,0.000000,630,760,910,940,1000,1000,1300,1600,1800,3800,3800,38015,0,630,675.0667373943352,248.2703749992652,3849.9357500113547,0.0
1777027142,100,,Aggregated,146.100000,0.000000,630,770,910,940,1000,1000,1300,1600,1800,3800,3800,38148,0,630,675.1468560957212,248.2703749992652,3849.9357500113547,0.0
1777027143,100,,Aggregated,147.400000,0.000000,630,770,920,940,1000,1000,1300,1600,1800,3800,3800,38297,0,630,675.1378376559378,248.2703749992652,3849.9357500113547,0.0
1777027144,100,,Aggregated,147.000000,0.000000,630,770,920,940,1000,1000,1300,1600,1800,3800,3800,38452,0,630,675.1241119687016,248.2703749992652,3849.9357500113547,0.0
1777027145,100,,Aggregated,149.600000,0.000000,630,770,910,940,1000,1000,1300,1600,1800,3800,3800,38608,0,630,674.9154602426025,248.2703749992652,3849.9357500113547,0.0
1777027146,100,,Aggregated,149.800000,0.000000,630,760,910,940,1000,1000,1300,1600,1800,3800,3800,38782,0,630,674.6870112319237,248.2703749992652,3849.9357500113547,0.0
1777027147,100,,Aggregated,153.700000,0.000000,630,760,920,940,1000,1000,1300,1600,1800,3800,3800,38927,0,630,674.6051017722268,248.2703749992652,3849.9357500113547,0.0
1777027148,100,,Aggregated,154.300000,0.000000,630,770,920,940,1000,1000,1300,1600,1800,3800,3800,39092,0,630,674.6856673395931,248.2703749992652,3849.9357500113547,0.0
1777027149,100,,Aggregated,154.100000,0.000000,630,760,920,940,1000,1000,1300,1600,1800,3800,3800,39248,0,630,674.5404173770492,248.2703749992652,3849.9357500113547,0.0
1777027150,100,,Aggregated,151.600000,0.000000,630,760,920,940,1000,1000,1300,1600,1800,3800,3800,39408,0,630,674.3404795772022,248.2703749992652,3849.9357500113547,0.0
1777027151,100,,Aggregated,153.500000,0.000000,630,760,920,940,1000,1000,1300,1600,1800,3800,3800,39571,0,630,674.0734575534469,248.2703749992652,3849.9357500113547,0.0
1777027152,100,,Aggregated,152.800000,0.000000,630,760,920,940,1000,1000,1300,1600,1800,3800,3800,39737,0,630,673.8290222749163,248.2703749992652,3849.9357500113547,0.0
1777027153,100,,Aggregated,153.300000,0.000000,630,760,920,940,1000,1000,1300,1600,1800,3800,3800,39863,0,630,674.07217090867,248.2703749992652,3849.9357500113547,0.0
1777027154,100,,Aggregated,156.500000,0.000000,630,760,920,940,1000,1000,1300,1600,1700,3800,3800,40017,0,630,674.0330002483021,248.2703749992652,3849.9357500113547,0.0
1777027155,100,,Aggregated,155.600000,0.000000,630,760,920,940,1000,1000,1300,1600,1700,3800,3800,40147,0,630,674.1359231414388,248.2703749992652,3849.9357500113547,0.0
1777027156,100,,Aggregated,155.200000,0.000000,630,760,910,940,1000,1000,1300,1600,1700,3800,3800,40275,0,630,673.9772921297899,248.2703749992652,3849.9357500113547,0.0
1777027157,100,,Aggregated,153.600000,0.000000,630,760,910,940,1000,1000,1300,1600,1700,3800,3800,40442,0,630,673.8982052564979,248.2703749992652,3849.9357500113547,0.0
1777027158,100,,Aggregated,150.800000,0.000000,630,760,920,940,1000,1000,1300,1600,1700,3800,3800,40600,0,630,673.9715090286542,248.2703749992652,3849.9357500113547,0.0
1777027159,100,,Aggregated,151.700000,0.000000,630,760,910,940,1000,1000,1300,1600,1700,3800,3800,40739,0,630,673.850422044905,247.3453749989858,3849.9357500113547,0.0
1777027160,100,,Aggregated,152.000000,0.000000,630,760,920,940,1000,1000,1300,1600,1700,3800,3800,40900,0,630,674.0761120501779,247.3453749989858,3849.9357500113547,0.0
1777027161,100,,Aggregated,148.700000,0.000000,630,770,920,940,1000,1000,1300,1600,1700,3800,3800,41046,0,630,674.0778169742058,247.3453749989858,3849.9357500113547,0.0
1777027162,100,,Aggregated,149.200000,0.000000,630,770,920,940,1000,1000,1300,1600,1700,3800,3800,41196,0,630,674.0338178065888,247.3453749989858,3849.9357500113547,0.0
1777027163,100,,Aggregated,146.100000,0.000000,630,770,920,940,1000,1000,1300,1600,1700,3800,3800,41334,0,630,674.0029545155598,247.3453749989858,3849.9357500113547,0.0
1777027164,100,,Aggregated,145.700000,0.000000,630,770,920,940,1000,1000,1300,1600,1700,3800,3800,41486,0,630,673.9462817433645,247.3453749989858,3849.9357500113547,0.0
1777027165,100,,Aggregated,147.100000,0.000000,630,770,920,940,1000,1000,1300,1600,1700,3800,3800,41641,0,630,673.9277397323119,247.3453749989858,3849.9357500113547,0.0
1777027166,100,,Aggregated,149.300000,0.000000,630,770,920,940,1000,1000,1300,1600,1700,3800,3800,41798,0,630,674.1446212822916,247.3453749989858,3849.9357500113547,0.0
1777027167,100,,Aggregated,149.000000,0.000000,630,780,920,940,1000,1000,1300,1600,1700,3800,3800,41939,0,630,674.2531696405997,247.3453749989858,3849.9357500113547,0.0
1777027168,100,,Aggregated,148.000000,0.000000,630,780,920,940,1000,1000,1300,1600,1700,3800,3800,42113,0,630,674.3981652403799,247.3453749989858,3849.9357500113547,0.0
1777027169,100,,Aggregated,144.500000,0.000000,630,770,920,940,1000,1000,1300,1600,1700,3800,3800,42198,0,630,673.7707198962997,247.3453749989858,3849.9357500113547,0.0
1777027170,100,,Aggregated,144.300000,0.000000,630,770,920,940,1000,1000,1300,1600,1700,3800,3800,42358,0,630,674.7461733676291,247.3453749989858,3849.9357500113547,0.0
1777027171,100,,Aggregated,147.100000,0.000000,630,770,920,940,1000,1000,1300,1600,1700,3800,3800,42450,0,630,674.1088552534768,247.3453749989858,3849.9357500113547,0.0
1777027172,100,,Aggregated,146.700000,0.000000,630,770,920,940,1000,1000,1400,1600,1700,3800,3800,42610,0,630,674.9061760328352,247.3453749989858,3849.9357500113547,0.0
1777027173,100,,Aggregated,141.500000,0.000000,630,770,920,940,1000,1000,1400,1600,1700,3800,3800,42695,0,630,674.4524892455826,247.3453749989858,3849.9357500113547,0.0
1777027174,100,,Aggregated,141.500000,0.000000,630,770,920,940,1000,1100,1400,1600,1700,3800,3800,42903,0,630,675.734442647933,247.3453749989858,3849.9357500113547,0.0
1777027175,100,,Aggregated,135.400000,0.000000,630,770,920,940,1000,1100,1400,1600,1700,3800,3800,43047,0,630,675.6300530663758,247.3453749989858,3849.9357500113547,0.0
1777027176,100,,Aggregated,136.900000,0.000000,630,770,920,940,1000,1100,1400,1600,1700,3800,3800,43206,0,630,675.5563553117926,247.3453749989858,3849.9357500113547,0.0
1777027177,100,,Aggregated,137.900000,0.000000,630,770,920,940,1000,1100,1400,1600,1700,3800,3800,43340,0,630,675.3889336749726,247.3453749989858,3849.9357500113547,0.0
1777027178,100,,Aggregated,137.600000,0.000000,630,770,920,940,1000,1100,1400,1600,1700,3800,3800,43459,0,630,675.5181060123654,247.3453749989858,3849.9357500113547,0.0
1777027179,100,,Aggregated,140.800000,0.000000,630,770,920,940,1000,1100,1400,1600,1700,3800,3800,43608,0,630,675.681930017343,247.3453749989858,3849.9357500113547,0.0
1777027180,100,,Aggregated,140.200000,0.000000,630,780,920,940,1000,1100,1400,1600,1700,3800,3800,43786,0,630,676.0609547819223,247.3453749989858,3849.9357500113547,0.0
1777027181,100,,Aggregated,139.300000,0.000000,630,770,920,940,1000,1100,1400,1600,1700,3800,3800,43882,0,630,675.3658375159324,247.3453749989858,3849.9357500113547,0.0
1777027182,100,,Aggregated,136.500000,0.000000,630,770,920,940,1000,1100,1500,1600,1700,3800,3800,44038,0,630,676.2504325443068,247.3453749989858,3849.9357500113547,0.0
1777027183,100,,Aggregated,143.100000,0.000000,630,770,920,940,1000,1100,1500,1600,1700,3800,3800,44190,0,630,676.2843837626401,247.3453749989858,3849.9357500113547,0.0
1777027184,100,,Aggregated,136.500000,0.000000,630,780,920,940,1000,1100,1500,1600,1700,3800,3800,44311,0,630,676.7942376762438,247.3453749989858,3849.9357500113547,0.0
1777027185,100,,Aggregated,141.600000,0.000000,630,780,920,940,1000,1100,1500,1600,1700,3800,3800,44376,0,630,676.6788584520925,247.3453749989858,3849.9357500113547,0.0
1777027186,100,,Aggregated,138.900000,0.000000,630,780,920,940,1000,1100,1600,1600,1800,3800,3800,44532,0,630,677.7766770254208,247.3453749989858,3849.9357500113547,0.0
1777027187,100,,Aggregated,135.500000,0.000000,630,770,920,940,1000,1100,1600,1600,1800,3800,3800,44614,0,630,677.2912802707687,247.3453749989858,3849.9357500113547,0.0
1777027188,100,,Aggregated,129.600000,0.000000,630,780,920,940,1000,1100,1600,1600,1800,3800,3800,44781,0,630,677.9273647183409,247.3453749989858,3849.9357500113547,0.0
1777027189,100,,Aggregated,129.600000,0.000000,630,780,920,950,1000,1100,1600,1700,1800,3800,3800,44916,0,630,679.0417417556522,247.3453749989858,3849.9357500113547,0.0
1777027190,100,,Aggregated,132.000000,0.000000,630,770,920,950,1000,1100,1600,1700,1800,3800,3800,45003,0,630,678.5204298386755,247.3453749989858,3849.9357500113547,0.0
1777027191,100,,Aggregated,126.300000,0.000000,630,780,920,950,1000,1100,1600,1700,1800,3800,3800,45162,0,630,679.4396855824795,247.3453749989858,3849.9357500113547,0.0
1777027192,100,,Aggregated,129.800000,0.000000,630,770,920,950,1000,1100,1600,1700,1800,3800,3800,45319,0,630,679.3207012638208,247.3453749989858,3849.9357500113547,0.0
1777027193,100,,Aggregated,120.500000,0.000000,630,770,920,940,1000,1100,1600,1700,1800,3800,3800,45451,0,630,679.1422539104783,247.3453749989858,3849.9357500113547,0.0
1777027194,100,,Aggregated,128.400000,0.000000,630,770,920,940,1000,1100,1600,1700,1800,3800,3800,45626,0,630,678.8520513967081,247.3453749989858,3849.9357500113547,0.0
1777027195,100,,Aggregated,131.200000,0.000000,620,770,920,940,1000,1100,1600,1700,1800,3800,3800,45781,0,620,678.7772314430471,247.3453749989858,3849.9357500113547,0.0
1777027196,100,,Aggregated,133.300000,0.000000,630,770,920,940,1000,1100,1600,1700,1800,3800,3800,45921,0,630,678.9031536485103,247.3453749989858,3849.9357500113547,0.0
1777027197,100,,Aggregated,137.800000,0.000000,630,770,920,940,1000,1100,1600,1700,1800,3800,3800,46095,0,630,678.8035098205517,247.3453749989858,3849.9357500113547,0.0
1777027198,100,,Aggregated,143.700000,0.000000,630,770,920,940,1000,1100,1600,1700,1800,3800,3800,46256,0,630,678.6154055917789,247.3453749989858,3849.9357500113547,0.0
1777027199,100,,Aggregated,143.500000,0.000000,630,770,920,940,1000,1100,1600,1700,1800,3800,3800,46410,0,630,678.5266588049864,247.3453749989858,3849.9357500113547,0.0
1777027200,100,,Aggregated,139.800000,0.000000,630,770,920,940,1000,1100,1600,1700,1800,3800,3800,46552,0,630,678.5155950382674,247.3453749989858,3849.9357500113547,0.0
1777027201,100,,Aggregated,147.700000,0.000000,630,770,920,950,1000,1100,1600,1700,1800,3800,3800,46699,0,630,678.5700430062386,247.3453749989858,3849.9357500113547,0.0
1777027202,100,,Aggregated,146.300000,0.000000,630,770,920,950,1000,1100,1600,1700,1800,3800,3800,46843,0,630,678.6537843961579,247.3453749989858,3849.9357500113547,0.0
1777027203,100,,Aggregated,154.100000,0.000000,630,770,920,940,1000,1100,1600,1700,1800,3800,3800,46998,0,630,678.5636929720052,247.3453749989858,3849.9357500113547,0.0
1777027204,100,,Aggregated,151.400000,0.000000,630,770,920,940,1000,1100,1600,1700,1800,3800,3800,47131,0,630,678.7702013195825,247.3453749989858,3849.9357500113547,0.0
1777027205,100,,Aggregated,150.000000,0.000000,630,770,920,940,1000,1100,1600,1700,1800,3800,3800,47247,0,630,678.7285318312111,247.3453749989858,3849.9357500113547,0.0
1777027206,100,,Aggregated,146.300000,0.000000,630,770,920,940,1000,1100,1600,1700,1800,3800,3800,47399,0,630,678.6971864089795,247.3453749989858,3849.9357500113547,0.0
1777027207,100,,Aggregated,147.800000,0.000000,630,770,920,940,1000,1100,1600,1700,1800,3800,3800,47572,0,630,678.6375860610506,247.3453749989858,3849.9357500113547,0.0
1777027208,100,,Aggregated,147.100000,0.000000,630,770,920,940,1000,1100,1600,1700,1800,3800,3800,47733,0,630,678.512753552076,247.3453749989858,3849.9357500113547,0.0
1777027209,100,,Aggregated,146.100000,0.000000,630,770,920,940,1000,1100,1600,1700,1800,3800,3800,47905,0,630,678.2895173912805,247.3453749989858,3849.9357500113547,0.0
1777027210,100,,Aggregated,149.000000,0.000000,630,770,920,940,1000,1100,1600,1700,1800,3800,3800,48038,0,630,678.2767536482864,247.3453749989858,3849.9357500113547,0.0
1777027211,100,,Aggregated,147.900000,0.000000,630,770,920,940,1000,1100,1600,1700,1800,3800,3800,48197,0,630,677.9993598928651,247.3453749989858,3849.9357500113547,0.0
1777027212,100,,Aggregated,150.200000,0.000000,630,760,920,940,1000,1100,1600,1700,1800,3800,3800,48358,0,630,678.0029090171505,247.3453749989858,3849.9357500113547,0.0
1777027213,100,,Aggregated,154.900000,0.000000,630,760,920,940,1000,1100,1600,1700,1800,3800,3800,48483,0,630,678.0461832867884,247.3453749989858,3849.9357500113547,0.0
1777027214,100,,Aggregated,155.500000,0.000000,630,760,920,940,1000,1100,1600,1700,1800,3800,3800,48631,0,630,677.873468957562,247.3453749989858,3849.9357500113547,0.0
1777027215,100,,Aggregated,153.200000,0.000000,630,760,920,940,1000,1100,1600,1700,1800,3800,3800,48815,0,630,677.8638758791599,247.3453749989858,3849.9357500113547,0.0
1777027216,100,,Aggregated,155.600000,0.000000,630,760,920,940,1000,1100,1600,1700,1800,3800,3800,48989,0,630,677.5906070776728,247.3453749989858,3849.9357500113547,0.0
1777027217,100,,Aggregated,154.000000,0.000000,630,760,920,940,1000,1100,1600,1700,1800,3800,3800,49134,0,630,677.4758667193837,247.3453749989858,3849.9357500113547,0.0
1777027218,100,,Aggregated,155.800000,0.000000,620,760,920,940,1000,1100,1600,1700,1800,3800,3800,49293,0,620,677.2791285902699,247.3453749989858,3849.9357500113547,0.0
1777027219,100,,Aggregated,154.900000,0.000000,620,760,920,940,1000,1100,1600,1700,1800,3800,3800,49427,0,620,677.1155342732143,247.3453749989858,3849.9357500113547,0.0
1777027220,100,,Aggregated,156.200000,0.000000,620,760,920,940,1000,1100,1600,1700,1800,3800,3800,49594,0,620,677.3619936440725,247.3453749989858,3849.9357500113547,0.0
1777027221,100,,Aggregated,156.000000,0.000000,620,760,920,940,1000,1100,1600,1700,1800,3800,3800,49726,0,620,677.3436205027192,247.3453749989858,3849.9357500113547,0.0
1777027222,100,,Aggregated,153.100000,0.000000,630,760,920,940,1000,1100,1600,1700,1800,3800,3800,49863,0,630,677.3292153509058,247.3453749989858,3849.9357500113547,0.0
1777027223,100,,Aggregated,150.100000,0.000000,620,760,920,940,1000,1100,1600,1700,1800,3800,3800,50020,0,620,677.3249140111798,247.3453749989858,3849.9357500113547,0.0
1777027224,100,,Aggregated,148.900000,0.000000,620,760,920,940,1000,1100,1600,1700,1800,3800,3800,50166,0,620,677.2615600366236,247.3453749989858,3849.9357500113547,0.0
1777027225,100,,Aggregated,150.200000,0.000000,620,760,920,940,1000,1100,1600,1700,1800,3800,3800,50299,0,620,677.3167578217295,247.3453749989858,3849.9357500113547,0.0
1777027226,100,,Aggregated,149.600000,0.000000,620,770,920,940,1000,1100,1600,1700,1800,3800,3800,50450,0,620,677.3348065909258,247.3453749989858,3849.9357500113547,0.0
1777027227,100,,Aggregated,149.500000,0.000000,620,770,920,940,1000,1100,1600,1700,1800,3800,3800,50584,0,620,677.3836563969091,247.3453749989858,3849.9357500113547,0.0
1777027228,100,,Aggregated,148.400000,0.000000,620,770,920,940,1000,1100,1600,1700,1800,3800,3800,50761,0,620,677.2488384900827,247.3453749989858,3849.9357500113547,0.0
1777027229,100,,Aggregated,148.700000,0.000000,620,760,920,940,1000,1100,1600,1600,1800,3800,3800,50919,0,620,677.1441302504375,247.3453749989858,3849.9357500113547,0.0
1777027230,100,,Aggregated,148.700000,0.000000,630,770,920,940,1000,1100,1600,1600,1800,3800,3800,51079,0,630,677.274019388555,247.3453749989858,3849.9357500113547,0.0
1777027231,100,,Aggregated,150.300000,0.000000,630,770,920,940,1000,1100,1600,1600,1800,3800,3800,51232,0,630,677.2631629093322,247.3453749989858,3849.9357500113547,0.0
1777027232,100,,Aggregated,148.400000,0.000000,630,770,920,940,1000,1100,1600,1600,1800,3800,3800,51374,0,630,677.1828080369434,247.3453749989858,3849.9357500113547,0.0
1777027233,100,,Aggregated,147.800000,0.000000,630,770,920,940,1000,1100,1600,1600,1800,3800,3800,51525,0,630,677.1796406211532,247.3453749989858,3849.9357500113547,0.0
1777027234,100,,Aggregated,147.800000,0.000000,630,760,920,940,1000,1100,1600,1600,1800,3800,3800,51690,0,630,676.9393112934995,247.3453749989858,3849.9357500113547,0.0
1777027235,100,,Aggregated,148.400000,0.000000,630,760,920,940,1000,1100,1600,1600,1800,3800,3800,51841,0,630,676.8945883151747,247.3453749989858,3849.9357500113547,0.0
1777027236,100,,Aggregated,149.400000,0.000000,620,760,920,940,1000,1100,1600,1600,1800,3800,3800,51934,0,620,676.412247042167,247.3453749989858,3849.9357500113547,0.0
1777027237,100,,Aggregated,149.700000,0.000000,620,760,920,940,1000,1100,1600,1700,1800,3800,3800,52060,0,620,677.3044966106995,247.3453749989858,3849.9357500113547,0.0
1777027238,100,,Aggregated,151.200000,0.000000,620,770,920,940,1000,1100,1600,1700,1800,3800,3800,52198,0,620,677.5539611257515,247.3453749989858,3849.9357500113547,0.0
1777027239,100,,Aggregated,150.700000,0.000000,630,770,920,940,1000,1100,1600,1700,1800,3800,3800,52385,0,630,677.6200329023969,247.3453749989858,3849.9357500113547,0.0
1777027240,100,,Aggregated,148.600000,0.000000,630,770,920,940,1000,1100,1600,1700,1800,3800,3800,52532,0,630,677.6392664925593,247.3453749989858,3849.9357500113547,0.0
1777027241,100,,Aggregated,145.600000,0.000000,630,770,920,940,1000,1100,1600,1700,1800,3800,3800,52678,0,630,677.5784721651581,247.3453749989858,3849.9357500113547,0.0
1777027242,100,,Aggregated,143.700000,0.000000,630,770,920,940,1000,1100,1600,1700,1800,3800,3800,52807,0,630,677.6424303912404,247.3453749989858,3849.9357500113547,0.0
1777027243,100,,Aggregated,143.600000,0.000000,630,770,920,940,1000,1100,1600,1700,1800,3800,3800,52990,0,630,677.6429913042875,247.3453749989858,3849.9357500113547,0.0
1777027244,100,,Aggregated,147.400000,0.000000,630,770,920,950,1000,1100,1600,1700,1800,3800,3800,53114,0,630,677.7790980792295,247.3453749989858,3849.9357500113547,0.0
1777027245,100,,Aggregated,146.300000,0.000000,630,770,920,940,1000,1100,1600,1700,1800,3800,3800,53261,0,630,677.5852323747051,247.3453749989858,3849.9357500113547,0.0
1777027246,100,,Aggregated,144.000000,0.000000,630,770,920,950,1000,1100,1600,1700,1800,3800,3800,53410,0,630,677.5112023367212,247.3453749989858,3849.9357500113547,0.0
1777027247,100,,Aggregated,145.100000,0.000000,630,770,920,950,1000,1100,1600,1700,1800,3800,3800,53570,0,630,677.4730667018174,247.3453749989858,3849.9357500113547,0.0
1777027248,100,,Aggregated,144.600000,0.000000,630,770,920,950,1000,1100,1600,1700,1800,3800,3800,53726,0,630,677.4707816281013,247.3453749989858,3849.9357500113547,0.0
1777027249,100,,Aggregated,145.000000,0.000000,630,770,920,950,1000,1100,1600,1700,1800,3800,3800,53866,0,630,677.4180332136472,247.3453749989858,3849.9357500113547,0.0
1777027250,100,,Aggregated,143.800000,0.000000,630,770,920,940,1000,1100,1600,1700,1800,3800,3800,54006,0,630,677.4489101745058,247.3453749989858,3849.9357500113547,0.0
1777027251,100,,Aggregated,145.700000,0.000000,630,770,920,950,1000,1100,1600,1700,1800,3800,3800,54144,0,630,677.4322769429929,247.3453749989858,3849.9357500113547,0.0
1777027252,100,,Aggregated,147.700000,0.000000,630,770,920,950,1000,1100,1600,1700,1800,3800,3800,54299,0,630,677.4120163081184,247.3453749989858,3849.9357500113547,0.0
1777027253,100,,Aggregated,150.400000,0.000000,630,770,920,950,1000,1100,1600,1700,1800,3800,3800,54450,0,630,677.4283910088081,247.3453749989858,3849.9357500113547,0.0
1777027254,100,,Aggregated,149.700000,0.000000,630,770,920,950,1000,1100,1600,1700,1800,3800,3800,54595,0,630,677.583517017116,247.3453749989858,3849.9357500113547,0.0
1777027255,100,,Aggregated,149.300000,0.000000,630,770,920,950,1000,1100,1600,1700,1800,3800,3800,54762,0,630,677.49048073725,247.3453749989858,3849.9357500113547,0.0
1777027256,100,,Aggregated,147.300000,0.000000,630,770,920,950,1000,1100,1600,1700,1800,3800,3800,54912,0,630,677.3057910401784,247.3453749989858,3849.9357500113547,0.0
1777027257,100,,Aggregated,148.200000,0.000000,630,770,920,950,1000,1100,1600,1700,1800,3800,3800,55047,0,630,677.0923293325743,247.3453749989858,3849.9357500113547,0.0
1777027258,100,,Aggregated,148.800000,0.000000,630,770,920,950,1000,1100,1600,1700,1800,3800,3800,55193,0,630,677.1221996460994,247.3453749989858,3849.9357500113547,0.0
1777027259,100,,Aggregated,149.700000,0.000000,630,770,920,950,1000,1100,1600,1700,1800,3800,3800,55333,0,630,677.0469053606362,247.3453749989858,3849.9357500113547,0.0
1777027260,100,,Aggregated,151.100000,0.000000,630,770,920,950,1000,1100,1600,1700,1800,3800,3800,55493,0,630,676.8940091786916,247.3453749989858,3849.9357500113547,0.0
1777027261,100,,Aggregated,149.800000,0.000000,630,770,920,950,1000,1100,1600,1700,1800,3800,3800,55658,0,630,676.8817950447936,247.3453749989858,3849.9357500113547,0.0
1777027262,100,,Aggregated,155.700000,0.000000,630,770,920,950,1000,1100,1600,1700,1800,3800,3800,55833,0,630,676.9070994911979,247.3453749989858,3849.9357500113547,0.0
1777027263,100,,Aggregated,152.000000,0.000000,630,770,920,950,1000,1100,1600,1700,1800,3800,3800,55985,0,630,676.8890283539002,247.3453749989858,3849.9357500113547,0.0
1777027264,100,,Aggregated,149.200000,0.000000,630,770,920,950,1000,1100,1600,1700,1800,3800,3800,56113,0,630,676.8686522000094,247.3453749989858,3849.9357500113547,0.0
1777027265,100,,Aggregated,150.000000,0.000000,630,770,920,950,1000,1100,1600,1700,1800,3800,3800,56278,0,630,676.9859875489187,247.3453749989858,3849.9357500113547,0.0
1777027266,100,,Aggregated,151.900000,0.000000,630,770,920,950,1000,1100,1600,1700,1800,3800,3800,56402,0,630,676.8948545064193,247.3453749989858,3849.9357500113547,0.0
1777027267,100,,Aggregated,153.000000,0.000000,630,770,920,950,1000,1100,1600,1700,1800,3800,3800,56551,0,630,677.0140588296209,247.3453749989858,3849.9357500113547,0.0
1777027268,100,,Aggregated,150.300000,0.000000,630,770,920,950,1000,1100,1600,1700,1800,3800,3800,56699,0,630,677.0098589913903,247.3453749989858,3849.9357500113547,0.0
1777027269,100,,Aggregated,150.700000,0.000000,630,770,920,950,1000,1100,1600,1700,1800,3800,3800,56858,0,630,676.9354399218556,247.3453749989858,3849.9357500113547,0.0
1777027270,100,,Aggregated,147.600000,0.000000,630,780,920,950,1000,1100,1600,1700,1800,3800,3800,56992,0,630,677.0268353912123,247.3453749989858,3849.9357500113547,0.0
1777027271,100,,Aggregated,148.500000,0.000000,630,780,920,950,1000,1100,1600,1700,1800,3800,3800,57174,0,630,677.0301621977114,247.3453749989858,3849.9357500113547,0.0
1777027272,100,,Aggregated,146.600000,0.000000,630,780,920,940,1000,1100,1600,1600,1800,3800,3800,57301,0,630,677.0624521341852,247.3453749989858,3849.9357500113547,0.0
1777027273,100,,Aggregated,147.800000,0.000000,630,780,920,950,1000,1100,1600,1600,1800,3800,3800,57465,0,630,677.1427474170696,247.3453749989858,3849.9357500113547,0.0
1777027274,100,,Aggregated,146.400000,0.000000,630,780,920,940,1000,1100,1600,1600,1800,3800,3800,57556,0,630,676.9339837982297,247.3453749989858,3849.9357500113547,0.0
1777027275,100,,Aggregated,144.800000,0.000000,630,780,920,940,1000,1100,1600,1600,1800,3800,3800,57709,0,630,677.0601846656499,247.3453749989858,3849.9357500113547,0.0
1777027276,100,,Aggregated,148.800000,0.000000,630,780,920,940,1000,1100,1600,1600,1800,3800,3800,57868,0,630,677.0954963948654,247.3453749989858,3849.9357500113547,0.0
1777027277,100,,Aggregated,145.100000,0.000000,630,780,920,950,1000,1100,1600,1600,1800,3800,3800,58008,0,630,677.1532214739202,247.3453749989858,3849.9357500113547,0.0
1777027278,100,,Aggregated,146.000000,0.000000,630,780,920,950,1000,1100,1600,1600,1800,3800,3800,58179,0,630,677.1297191986503,247.3453749989858,3849.9357500113547,0.0
1777027279,100,,Aggregated,144.200000,0.000000,630,780,920,940,1000,1100,1600,1600,1800,3800,3800,58331,0,630,677.1753467189881,247.3453749989858,3849.9357500113547,0.0
1777027280,100,,Aggregated,147.400000,0.000000,630,780,920,940,1000,1100,1600,1600,1800,3800,3800,58484,0,630,677.2999241630739,247.3453749989858,3849.9357500113547,0.0
1777027281,100,,Aggregated,144.300000,0.000000,630,780,920,940,1000,1100,1600,1600,1800,3800,3800,58629,0,630,677.2281773112984,247.3453749989858,3849.9357500113547,0.0
1777027282,100,,Aggregated,146.400000,0.000000,630,780,920,950,1000,1100,1600,1600,1800,3800,3800,58756,0,630,677.327053448364,247.3453749989858,3849.9357500113547,0.0
1777027283,100,,Aggregated,145.400000,0.000000,630,780,920,950,1000,1100,1600,1600,1800,3800,3800,58908,0,630,677.3153758600188,247.3453749989858,3849.9357500113547,0.0
1777027284,100,,Aggregated,145.400000,0.000000,630,780,920,950,1000,1100,1600,1600,1800,3800,3800,59070,0,630,677.1411512005243,247.3453749989858,3849.9357500113547,0.0
1777027285,100,,Aggregated,146.500000,0.000000,630,780,920,940,1000,1100,1600,1600,1800,3800,3800,59225,0,630,676.943758167227,247.3453749989858,3849.9357500113547,0.0
1777027286,100,,Aggregated,146.200000,0.000000,630,780,920,940,1000,1100,1600,1600,1800,3800,3800,59374,0,630,676.8406427941361,247.3453749989858,3849.9357500113547,0.0
1777027287,100,,Aggregated,146.000000,0.000000,630,780,920,940,1000,1100,1600,1600,1800,3800,3800,59534,0,630,676.8184407182296,247.3453749989858,3849.9357500113547,0.0
1777027288,100,,Aggregated,150.400000,0.000000,630,780,920,940,1000,1100,1600,1600,1800,3800,3800,59682,0,630,676.706336284592,247.3453749989858,3849.9357500113547,0.0
1777027289,100,,Aggregated,151.000000,0.000000,630,780,920,940,1000,1100,1600,1600,1800,3800,3800,59870,0,630,676.7194212191101,247.3453749989858,3849.9357500113547,0.0
1777027290,100,,Aggregated,151.800000,0.000000,630,780,920,940,1000,1100,1500,1600,1800,3800,3800,60038,0,630,676.4810820796005,247.3453749989858,3849.9357500113547,0.0
1777027291,100,,Aggregated,150.300000,0.000000,630,780,920,940,1000,1100,1500,1600,1800,3800,3800,60194,0,630,676.3366361905354,247.3453749989858,3849.9357500113547,0.0
1777027292,100,,Aggregated,151.900000,0.000000,630,780,920,940,1000,1100,1500,1600,1800,3800,3800,60342,0,630,676.3840807512526,247.3453749989858,3849.9357500113547,0.0
1777027293,100,,Aggregated,153.100000,0.000000,630,780,920,940,1000,1100,1500,1600,1800,3800,3800,60499,0,630,676.2577887407723,247.3453749989858,3849.9357500113547,0.0
1777027294,100,,Aggregated,156.400000,0.000000,620,780,920,940,1000,1100,1500,1600,1800,3800,3800,60672,0,620,676.1032031206653,247.3453749989858,3849.9357500113547,0.0
1777027295,100,,Aggregated,157.400000,0.000000,620,780,920,940,1000,1100,1400,1600,1800,3800,3800,60833,0,620,675.9189664120474,247.3453749989858,3849.9357500113547,0.0
1777027296,100,,Aggregated,157.300000,0.000000,620,770,920,940,1000,1100,1400,1600,1800,3800,3800,60992,0,620,675.767687007446,247.3453749989858,3849.9357500113547,0.0
1777027297,100,,Aggregated,159.300000,0.000000,620,770,920,940,1000,1100,1400,1600,1800,3800,3800,61115,0,620,675.392549380204,247.3453749989858,3849.9357500113547,0.0
1777027298,100,,Aggregated,155.700000,0.000000,620,770,920,940,1000,1100,1400,1600,1800,3800,3800,61287,0,620,675.4290958685256,247.3453749989858,3849.9357500113547,0.0
1777027299,100,,Aggregated,158.600000,0.000000,620,770,920,940,1000,1100,1400,1600,1800,3800,3800,61436,0,620,675.4967693275496,247.3453749989858,3849.9357500113547,0.0
1777027300,100,,Aggregated,154.200000,0.000000,620,770,920,940,1000,1100,1400,1600,1800,3800,3800,61601,0,620,675.5658223215123,247.3453749989858,3849.9357500113547,0.0
1777027301,100,,Aggregated,160.200000,0.000000,620,770,920,940,1000,1100,1400,1600,1800,3800,3800,61743,0,620,675.5516329082889,247.3453749989858,3849.9357500113547,0.0
1777027302,100,,Aggregated,155.600000,0.000000,620,770,920,940,1000,1100,1400,1600,1800,3800,3800,61897,0,620,675.4851707828877,247.3453749989858,3849.9357500113547,0.0
1777027303,100,,Aggregated,156.000000,0.000000,620,770,920,940,1000,1100,1400,1600,1800,3800,3800,62019,0,620,675.4460443061224,247.3453749989858,3849.9357500113547,0.0
1777027304,100,,Aggregated,154.600000,0.000000,620,770,920,940,1000,1100,1400,1600,1800,3800,3800,62190,0,620,675.5068690068086,247.3453749989858,3849.9357500113547,0.0
1777027305,100,,Aggregated,155.000000,0.000000,620,770,920,940,1000,1100,1400,1600,1800,3800,3800,62343,0,620,675.439268878004,247.3453749989858,3849.9357500113547,0.0
1777027306,100,,Aggregated,152.600000,0.000000,620,770,920,940,1000,1100,1400,1600,1800,3800,3800,62485,0,620,675.4683899868676,247.3453749989858,3849.9357500113547,0.0
1777027307,100,,Aggregated,150.200000,0.000000,620,770,920,940,1000,1100,1400,1600,1800,3800,3800,62614,0,620,675.2310346287333,247.3453749989858,3849.9357500113547,0.0
1777027308,100,,Aggregated,151.500000,0.000000,620,770,920,940,1000,1100,1400,1600,1800,3800,3800,62781,0,620,675.2647356252767,247.3453749989858,3849.9357500113547,0.0
1777027309,100,,Aggregated,150.300000,0.000000,620,770,920,940,1000,1100,1400,1600,1800,3800,3800,62918,0,620,675.2832585686053,247.3453749989858,3849.9357500113547,0.0
1777027310,100,,Aggregated,153.000000,0.000000,620,770,920,940,1000,1100,1400,1600,1800,3800,3800,63097,0,620,675.38789327132,247.3453749989858,3849.9357500113547,0.0
1777027311,100,,Aggregated,150.000000,0.000000,620,780,920,940,1000,1100,1400,1600,1800,3800,3800,63247,0,620,675.378049077069,247.3453749989858,3849.9357500113547,0.0
1777027312,100,,Aggregated,150.200000,0.000000,620,780,920,940,1000,1100,1400,1600,1800,3800,3800,63379,0,620,675.3124136507412,247.3453749989858,3849.9357500113547,0.0
1777027313,100,,Aggregated,150.600000,0.000000,620,780,920,940,1000,1100,1400,1600,1800,3800,3800,63529,0,620,675.2881249785806,247.3453749989858,3849.9357500113547,0.0
1777027314,100,,Aggregated,150.600000,0.000000,620,780,920,940,1000,1100,1400,1600,1800,3800,3800,63693,0,620,675.2459296699998,247.3453749989858,3849.9357500113547,0.0
1777027315,100,,Aggregated,148.100000,0.000000,620,780,920,940,1000,1100,1400,1600,1800,3800,3800,63823,0,620,675.2845526065563,247.3453749989858,3849.9357500113547,0.0
1777027316,100,,Aggregated,149.000000,0.000000,620,780,920,940,1000,1100,1400,1600,1800,3800,3800,63972,0,620,675.2332298318656,247.3453749989858,3849.9357500113547,0.0
1777027317,100,,Aggregated,150.700000,0.000000,620,780,920,940,1000,1100,1400,1600,1800,3800,3800,64141,0,620,675.1486655190603,247.3453749989858,3849.9357500113547,0.0
1777027318,100,,Aggregated,147.000000,0.000000,620,780,920,940,1000,1100,1400,1600,1800,3800,3800,64304,0,620,675.0191377113708,247.3453749989858,3849.9357500113547,0.0
1777027319,100,,Aggregated,146.400000,0.000000,620,770,920,940,1000,1100,1400,1600,1800,3800,3800,64458,0,620,674.7726753567899,247.3453749989858,3849.9357500113547,0.0
1777027320,100,,Aggregated,152.500000,0.000000,620,770,920,940,1000,1100,1400,1600,1800,3800,3800,64611,0,620,674.7485223025313,247.3453749989858,3849.9357500113547,0.0
1777027321,100,,Aggregated,151.200000,0.000000,620,770,920,940,1000,1100,1400,1600,1800,3800,3800,64771,0,620,674.5944270781484,247.3453749989858,3849.9357500113547,0.0
1777027322,100,,Aggregated,151.600000,0.000000,620,770,920,940,1000,1100,1400,1600,1800,3800,3800,64913,0,620,674.5154534515533,247.3453749989858,3849.9357500113547,0.0
1777027323,100,,Aggregated,150.400000,0.000000,620,770,920,940,1000,1100,1400,1600,1800,3800,3800,65068,0,620,674.2875779735016,247.3453749989858,3849.9357500113547,0.0
1777027324,100,,Aggregated,152.300000,0.000000,620,770,920,940,1000,1100,1400,1600,1800,3800,3800,65227,0,620,674.853416825621,247.3453749989858,3849.9357500113547,0.0
1777027325,100,,Aggregated,152.600000,0.000000,620,770,920,940,1000,1100,1400,1600,1800,3800,3800,65302,0,620,674.5159702636194,247.3453749989858,3849.9357500113547,0.0
1777027326,100,,Aggregated,153.400000,0.000000,620,770,920,940,1000,1100,1500,1600,1800,3800,3800,65463,0,620,674.9595934737616,247.3453749989858,3849.9357500113547,0.0
1777027327,100,,Aggregated,153.300000,0.000000,620,770,920,940,1000,1100,1500,1600,1800,3800,3800,65565,0,620,675.0343546935529,247.3453749989858,3849.9357500113547,0.0
1777027328,100,,Aggregated,149.600000,0.000000,620,770,920,940,1000,1100,1600,1600,1800,3800,3800,65744,0,620,675.4270831670372,247.3453749989858,3849.9357500113547,0.0
1777027329,100,,Aggregated,150.400000,0.000000,620,770,920,940,1000,1100,1600,1600,1800,3800,3800,65913,0,620,675.3887398487045,247.3453749989858,3849.9357500113547,0.0
1777027330,100,,Aggregated,141.400000,0.000000,620,770,920,940,1000,1100,1600,1600,1800,3800,3800,66056,0,620,675.2925138395104,247.3453749989858,3849.9357500113547,0.0
1777027331,100,,Aggregated,144.000000,0.000000,620,770,920,940,1000,1100,1600,1600,1800,3800,3800,66170,0,620,675.3234829606862,247.3453749989858,3849.9357500113547,0.0
1777027332,100,,Aggregated,146.600000,0.000000,620,770,920,940,1000,1100,1600,1600,1800,3800,3800,66329,0,620,675.2421185423055,247.3453749989858,3849.9357500113547,0.0
1777027333,100,,Aggregated,144.500000,0.000000,620,770,920,940,1000,1100,1600,1700,1800,3800,3800,66465,0,620,675.9309988791197,247.3453749989858,3849.9357500113547,0.0
1777027334,100,,Aggregated,139.300000,0.000000,620,770,920,940,1000,1100,1600,1700,1800,3800,3800,66555,0,620,675.5356969755946,247.3453749989858,3849.9357500113547,0.0
1777027335,100,,Aggregated,141.600000,0.000000,620,770,920,940,1000,1100,1600,1700,1800,3800,3800,66721,0,620,675.9833647578088,247.3453749989858,3849.9357500113547,0.0
1777027336,100,,Aggregated,139.800000,0.000000,620,770,920,940,1000,1100,1600,1700,1800,3800,3800,66862,0,620,675.9866923913386,247.3453749989858,3849.9357500113547,0.0
1777027338,100,,Aggregated,132.500000,0.000000,620,770,920,940,1000,1100,1600,1700,1800,3800,3800,67025,0,620,675.8863234571064,247.3453749989858,3849.9357500113547,0.0
1777027339,100,,Aggregated,140.200000,0.000000,620,770,920,940,1000,1100,1600,1700,1800,3800,3800,67169,0,620,675.959095817974,247.3453749989858,3849.9357500113547,0.0
1777027340,100,,Aggregated,143.700000,0.000000,620,770,920,940,1000,1100,1600,1700,1800,3800,3800,67350,0,620,675.9886198910555,247.3453749989858,3849.9357500113547,0.0
1777027341,100,,Aggregated,143.700000,0.000000,620,770,920,940,1000,1100,1600,1700,1800,3800,3800,67464,0,620,676.3797686970319,247.3453749989858,3849.9357500113547,0.0
1777027342,100,,Aggregated,142.500000,0.000000,620,770,920,940,1000,1100,1600,1700,1800,3800,3800,67548,0,620,675.9762489742038,247.3453749989858,3849.9357500113547,0.0
1777027343,100,,Aggregated,140.800000,0.000000,620,770,920,940,1000,1100,1600,1700,1800,3800,3800,67724,0,620,676.462757999331,247.3453749989858,3849.9357500113547,0.0
1777027344,100,,Aggregated,140.800000,0.000000,620,770,920,940,1000,1100,1600,1700,1800,3800,3800,67867,0,620,676.3535826050612,247.3453749989858,3849.9357500113547,0.0
1777027345,100,,Aggregated,137.800000,0.000000,620,770,920,940,1000,1100,1600,1700,1800,3800,3800,68008,0,620,676.2958103420002,247.3453749989858,3849.9357500113547,0.0
1777027346,100,,Aggregated,139.900000,0.000000,620,770,920,940,1000,1100,1600,1700,1800,3800,3800,68180,0,620,676.3990872491897,247.3453749989858,3849.9357500113547,0.0
1777027347,100,,Aggregated,145.300000,0.000000,620,770,920,940,1000,1100,1600,1700,1800,3800,3800,68308,0,620,676.3994959561652,247.3453749989858,3849.9357500113547,0.0
1777027348,100,,Aggregated,145.300000,0.000000,620,770,920,940,1000,1100,1600,1700,1800,3800,3800,68464,0,620,676.1830522395094,247.3453749989858,3849.9357500113547,0.0
1777027349,100,,Aggregated,144.500000,0.000000,620,770,920,940,1000,1100,1600,1700,1800,3800,3800,68614,0,620,676.1939234209157,247.3453749989858,3849.9357500113547,0.0
1777027350,100,,Aggregated,144.500000,0.000000,620,770,920,940,1000,1100,1600,1700,1800,3800,3800,68770,0,620,676.1836193734282,247.3453749989858,3849.9357500113547,0.0
1777027351,100,,Aggregated,143.900000,0.000000,620,770,920,940,1000,1100,1600,1700,1800,3800,3800,68927,0,620,676.0765367935152,247.3453749989858,3849.9357500113547,0.0
1777027352,100,,Aggregated,143.400000,0.000000,620,770,920,940,1000,1100,1600,1700,1800,3800,3800,69101,0,620,676.126371171456,247.3453749989858,3849.9357500113547,0.0
1777027353,100,,Aggregated,146.300000,0.000000,620,770,920,940,1000,1100,1600,1700,1800,3800,3800,69234,0,620,676.1473264200199,247.3453749989858,3849.9357500113547,0.0
1777027354,100,,Aggregated,146.300000,0.000000,620,770,920,940,1000,1100,1600,1600,1800,3800,3800,69382,0,620,676.1459631802,247.3453749989858,3849.9357500113547,0.0
1777027355,100,,Aggregated,152.000000,0.000000,620,770,920,940,1000,1100,1600,1600,1800,3800,3800,69531,0,620,675.9550904146582,247.3453749989858,3849.9357500113547,0.0
1777027356,100,,Aggregated,152.500000,0.000000,620,770,920,940,1000,1100,1600,1600,1800,3800,3800,69696,0,620,675.85803901341,247.3453749989858,3849.9357500113547,0.0
1777027357,100,,Aggregated,152.300000,0.000000,620,770,920,940,1000,1100,1600,1600,1800,3800,3800,69851,0,620,675.7685982746818,247.3453749989858,3849.9357500113547,0.0
1777027358,100,,Aggregated,151.900000,0.000000,620,770,920,940,1000,1100,1600,1600,1800,3800,3800,69997,0,620,675.9422896846124,247.3453749989858,3849.9357500113547,0.0
1777027359,100,,Aggregated,154.200000,0.000000,620,770,920,940,1000,1100,1600,1600,1800,3800,3800,70069,0,620,675.6928868800718,247.3453749989858,3849.9357500113547,0.0
1777027360,100,,Aggregated,151.300000,0.000000,620,770,920,940,1000,1100,1600,1600,1800,3800,3800,70248,0,620,676.2352623060557,247.3453749989858,3849.9357500113547,0.0
1777027361,100,,Aggregated,151.300000,0.000000,620,770,920,940,1000,1100,1600,1600,1800,3800,3800,70398,0,620,676.0904877816539,247.3453749989858,3849.9357500113547,0.0
1777027362,100,,Aggregated,145.200000,0.000000,620,770,920,940,1000,1100,1600,1600,1800,3800,3800,70582,0,620,676.2200683716503,247.3453749989858,3849.9357500113547,0.0
1777027363,100,,Aggregated,147.100000,0.000000,620,770,920,940,1000,1100,1600,1600,1800,3800,3800,70699,0,620,676.0889536139947,247.3453749989858,3849.9357500113547,0.0
1777027364,100,,Aggregated,147.100000,0.000000,620,770,920,940,1000,1100,1600,1600,1800,3800,3800,70837,0,620,676.1916992381781,247.3453749989858,3849.9357500113547,0.0
1777027365,100,,Aggregated,148.000000,0.000000,620,770,920,940,1000,1100,1600,1600,1800,3800,3800,70990,0,620,676.2261583383837,247.3453749989858,3849.9357500113547,0.0
1777027366,100,,Aggregated,145.500000,0.000000,620,770,920,940,1000,1100,1600,1600,1800,3800,3800,71173,0,620,676.3031457274221,247.3453749989858,3849.9357500113547,0.0
1777027367,100,,Aggregated,145.900000,0.000000,620,770,920,940,1000,1100,1600,1600,1800,3800,3800,71306,0,620,676.3251101213488,247.3453749989858,3849.9357500113547,0.0
1777027368,100,,Aggregated,142.500000,0.000000,620,770,920,940,1000,1100,1600,1600,1800,3800,3800,71475,0,620,676.1253792618531,247.3453749989858,3849.9357500113547,0.0
1777027369,100,,Aggregated,145.200000,0.000000,620,770,920,940,1000,1100,1600,1600,1800,3800,3800,71616,0,620,676.081557089643,247.3453749989858,3849.9357500113547,0.0
1777027370,100,,Aggregated,148.200000,0.000000,620,770,920,940,1000,1100,1600,1600,1800,3800,3800,71762,0,620,676.033187170005,247.3453749989858,3849.9357500113547,0.0
1777027371,100,,Aggregated,154.800000,0.000000,620,770,920,940,1000,1100,1600,1600,1800,3800,3800,71915,0,620,675.8908749059285,247.3453749989858,3849.9357500113547,0.0
1777027372,100,,Aggregated,153.600000,0.000000,620,770,920,940,1000,1100,1600,1600,1800,3800,3800,72080,0,620,675.9864471008024,247.3453749989858,3849.9357500113547,0.0
1777027373,100,,Aggregated,149.300000,0.000000,620,770,920,940,1000,1100,1600,1600,1800,3800,3800,72218,0,620,675.9958500707268,247.3453749989858,3849.9357500113547,0.0
1777027374,100,,Aggregated,149.200000,0.000000,620,770,920,940,1000,1100,1600,1600,1800,3800,3800,72383,0,620,676.0385234976984,247.3453749989858,3849.9357500113547,0.0
1777027375,100,,Aggregated,146.900000,0.000000,620,770,920,940,1000,1100,1600,1600,1800,3800,3800,72535,0,620,675.9615656211328,247.3453749989858,3849.9357500113547,0.0
1777027376,100,,Aggregated,150.300000,0.000000,620,770,920,940,1000,1100,1600,1600,1800,3800,3800,72714,0,620,675.7852658056888,247.3453749989858,3849.9357500113547,0.0
1777027377,100,,Aggregated,152.100000,0.000000,620,770,920,940,1000,1100,1600,1600,1800,3800,3800,72821,0,620,675.4813751304694,247.3453749989858,3849.9357500113547,0.0
1777027378,100,,Aggregated,154.100000,0.000000,620,770,920,940,1000,1100,1600,1600,1800,3800,3800,72981,0,620,675.5924710038626,247.3453749989858,3849.9357500113547,0.0
1777027379,100,,Aggregated,150.900000,0.000000,620,770,920,940,1000,1100,1500,1600,1800,3800,3800,73184,0,620,675.488500593204,247.3453749989858,3849.9357500113547,0.0
1777027380,100,,Aggregated,151.200000,0.000000,620,770,920,940,1000,1100,1500,1600,1800,3800,3800,73301,0,620,675.6349870874494,247.3453749989858,3849.9357500113547,0.0
1777027381,100,,Aggregated,150.700000,0.000000,620,770,920,940,1000,1100,1500,1600,1800,3800,3800,73437,0,620,675.4782100773722,247.3453749989858,3849.9357500113547,0.0
1777027382,100,,Aggregated,151.500000,0.000000,620,770,920,940,1000,1100,1500,1600,1800,3800,3800,73608,0,620,675.571976797089,247.3453749989858,3849.9357500113547,0.0
1777027383,100,,Aggregated,153.400000,0.000000,620,770,920,940,1000,1100,1500,1600,1800,3800,3800,73759,0,620,675.4960914012829,247.3453749989858,3849.9357500113547,0.0
1777027384,100,,Aggregated,153.400000,0.000000,620,770,920,940,1000,1100,1500,1600,1800,3800,3800,73899,0,620,675.4013856051266,247.3453749989858,3849.9357500113547,0.0
1777027385,100,,Aggregated,157.600000,0.000000,620,770,920,940,1000,1100,1500,1600,1800,3800,3800,74079,0,620,675.4934857978536,247.3453749989858,3849.9357500113547,0.0
1777027386,100,,Aggregated,155.900000,0.000000,620,770,920,940,1000,1100,1500,1600,1800,3800,3800,74219,0,620,675.6198912958578,247.3453749989858,3849.9357500113547,0.0
1777027387,100,,Aggregated,152.400000,0.000000,620,770,920,940,1000,1100,1500,1600,1800,3800,3800,74352,0,620,675.5809050956168,247.3453749989858,3849.9357500113547,0.0
1777027388,100,,Aggregated,146.900000,0.000000,620,770,920,940,1000,1100,1500,1600,1800,3800,3800,74481,0,620,675.3853538956283,247.3453749989858,3849.9357500113547,0.0
1777027389,100,,Aggregated,150.700000,0.000000,620,770,920,940,1000,1100,1500,1600,1800,3800,3800,74669,0,620,675.37830289624,247.3453749989858,3849.9357500113547,0.0
1777027390,100,,Aggregated,149.500000,0.000000,620,770,920,940,1000,1100,1500,1600,1800,3800,3800,74824,0,620,675.3176070200651,247.3453749989858,3849.9357500113547,0.0
1777027391,100,,Aggregated,152.700000,0.000000,620,770,920,940,1000,1100,1500,1600,1800,3800,3800,74965,0,620,675.248344256873,247.3453749989858,3849.9357500113547,0.0
1777027392,100,,Aggregated,148.300000,0.000000,620,770,920,940,1000,1100,1500,1600,1800,3800,3800,75142,0,620,675.2328926650923,247.3453749989858,3849.9357500113547,0.0
1777027393,100,,Aggregated,151.200000,0.000000,620,770,920,940,1000,1100,1500,1600,1800,3800,3800,75285,0,620,675.1970457158841,247.3453749989858,3849.9357500113547,0.0
1777027394,100,,Aggregated,148.900000,0.000000,620,770,920,940,1000,1100,1500,1600,1800,3800,3800,75383,0,620,675.1367849919651,247.3453749989858,3849.9357500113547,0.0
1777027395,100,,Aggregated,151.200000,0.000000,620,770,920,940,1000,1100,1500,1600,1800,3800,3800,75562,0,620,675.4345483959045,247.3453749989858,3849.9357500113547,0.0
1777027396,100,,Aggregated,147.600000,0.000000,620,770,920,940,1000,1100,1500,1600,1800,3800,3800,75707,0,620,675.5736943415839,247.3453749989858,3849.9357500113547,0.0
1777027397,100,,Aggregated,145.300000,0.000000,620,770,920,940,1000,1100,1500,1600,1800,3800,3800,75859,0,620,675.587237739575,247.3453749989858,3849.9357500113547,0.0
1777027398,100,,Aggregated,148.400000,0.000000,620,780,920,940,1000,1100,1500,1600,1800,3800,3800,76003,0,620,675.6305524559626,247.3453749989858,3849.9357500113547,0.0
1777027399,100,,Aggregated,144.400000,0.000000,620,780,920,940,1000,1100,1500,1600,1800,3800,3800,76138,0,620,675.7309419263769,247.3453749989858,3849.9357500113547,0.0
1777027400,100,,Aggregated,144.900000,0.000000,620,780,920,940,1000,1100,1500,1600,1800,3800,3800,76268,0,620,675.6859801071421,247.3453749989858,3849.9357500113547,0.0
1777027401,100,,Aggregated,140.500000,0.000000,620,780,920,940,1000,1100,1500,1600,1800,3800,3800,76413,0,620,675.5743524696778,247.3453749989858,3849.9357500113547,0.0
1777027402,100,,Aggregated,144.400000,0.000000,620,780,920,940,1000,1100,1500,1600,1800,3800,3800,76556,0,620,675.6627611097698,247.3453749989858,3849.9357500113547,0.0
1777027403,100,,Aggregated,144.400000,0.000000,620,780,920,940,1000,1100,1500,1600,1800,3800,3800,76697,0,620,675.7089434922163,247.3453749989858,3849.9357500113547,0.0
1777027404,100,,Aggregated,145.600000,0.000000,620,780,920,940,1000,1100,1500,1600,1800,3800,3800,76860,0,620,675.6726139763929,247.3453749989858,3849.9357500113547,0.0
1777027405,100,,Aggregated,142.900000,0.000000,620,780,920,940,1000,1100,1500,1600,1800,3800,3800,77017,0,620,675.5664938868645,247.3453749989858,3849.9357500113547,0.0
1777027406,100,,Aggregated,144.700000,0.000000,620,780,920,940,1000,1100,1500,1600,1800,3800,3800,77174,0,620,675.4373226931438,247.3453749989858,3849.9357500113547,0.0
1777027407,100,,Aggregated,147.700000,0.000000,620,780,920,940,1000,1100,1500,1600,1800,3800,3800,77336,0,620,675.48257642492,247.3453749989858,3849.9357500113547,0.0
1777027408,100,,Aggregated,153.000000,0.000000,620,770,920,940,1000,1100,1500,1600,1800,3800,3800,77500,0,620,675.2561135755816,247.3453749989858,3849.9357500113547,0.0
1777027409,100,,Aggregated,149.700000,0.000000,620,770,920,940,1000,1100,1500,1600,1800,3800,3800,77632,0,620,675.0558268221544,247.3453749989858,3849.9357500113547,0.0
1777027410,100,,Aggregated,153.000000,0.000000,620,770,920,940,1000,1100,1500,1600,1800,3800,3800,77804,0,620,674.9284381005936,247.3453749989858,3849.9357500113547,0.0
1777027411,100,,Aggregated,156.800000,0.000000,620,770,920,940,1000,1100,1500,1600,1800,3800,3800,77951,0,620,674.894804498155,247.3453749989858,3849.9357500113547,0.0
1777027412,100,,Aggregated,158.500000,0.000000,620,770,920,940,1000,1100,1500,1600,1800,3800,3800,78104,0,620,675.3716900545762,247.3453749989858,3849.9357500113547,0.0
1777027413,100,,Aggregated,154.300000,0.000000,620,770,920,940,1000,1100,1500,1600,1800,3800,3800,78214,0,620,675.2458767161704,247.3453749989858,3849.9357500113547,0.0
1777027414,100,,Aggregated,149.000000,0.000000,620,770,920,940,1000,1100,1500,1600,1800,3800,3800,78401,0,620,675.1629422634724,247.3453749989858,3849.9357500113547,0.0
1777027415,100,,Aggregated,148.600000,0.000000,620,770,920,940,1000,1100,1500,1600,1800,3800,3800,78564,0,620,675.0877455129762,247.3453749989858,3849.9357500113547,0.0
1777027416,100,,Aggregated,151.400000,0.000000,620,770,920,940,1000,1100,1500,1600,1800,3800,3800,78713,0,620,675.0757581108996,247.3453749989858,3849.9357500113547,0.0
1777027417,100,,Aggregated,155.000000,0.000000,620,770,920,940,1000,1100,1500,1600,1800,3800,3800,78859,0,620,674.9752403290954,247.3453749989858,3849.9357500113547,0.0
1777027418,100,,Aggregated,150.200000,0.000000,620,770,920,940,1000,1100,1500,1600,1800,3800,3800,79025,0,620,674.8502238404067,247.3453749989858,3849.9357500113547,0.0
1777027419,100,,Aggregated,155.500000,0.000000,620,770,920,940,1000,1100,1500,1600,1800,3800,3800,79171,0,620,674.7921886242699,247.3453749989858,3849.9357500113547,0.0
1777027420,100,,Aggregated,152.700000,0.000000,620,760,910,940,1000,1100,1500,1600,1800,3800,3800,79353,0,620,674.6752121511605,247.3453749989858,3849.9357500113547,0.0
1777027421,100,,Aggregated,151.800000,0.000000,620,770,910,940,1000,1100,1500,1600,1800,3800,3800,79518,0,620,674.5876768545509,247.3453749989858,3849.9357500113547,0.0
1777027422,100,,Aggregated,152.700000,0.000000,620,760,910,940,1000,1100,1500,1600,1800,3800,3800,79663,0,620,674.509747837253,247.3453749989858,3849.9357500113547,0.0
1777027423,100,,Aggregated,154.100000,0.000000,620,760,910,940,1000,1100,1500,1600,1800,3800,3800,79823,0,620,674.5423485801981,247.3453749989858,3849.9357500113547,0.0
1777027424,100,,Aggregated,158.300000,0.000000,620,760,910,940,1000,1100,1500,1600,1800,3800,3800,79962,0,620,674.5135875469227,247.3453749989858,3849.9357500113547,0.0
1777027425,100,,Aggregated,158.900000,0.000000,620,760,910,940,1000,1100,1500,1600,1800,3300,3800,80135,0,620,674.4165522806381,247.3453749989858,3849.9357500113547,0.0
1777027426,100,,Aggregated,155.800000,0.000000,620,760,910,940,1000,1100,1500,1600,1800,3300,3800,80259,0,620,674.5534050595553,247.3453749989858,3849.9357500113547,0.0
1777027427,100,,Aggregated,155.200000,0.000000,620,760,910,940,1000,1100,1500,1600,1800,3300,3800,80392,0,620,674.6004852048447,247.3453749989858,3849.9357500113547,0.0
1777027428,100,,Aggregated,155.600000,0.000000,620,760,910,940,1000,1100,1500,1600,1800,3300,3800,80553,0,620,674.5976744287098,247.3453749989858,3849.9357500113547,0.0
1777027429,100,,Aggregated,152.600000,0.000000,620,760,910,940,1000,1100,1500,1600,1800,3300,3800,80700,0,620,674.6551412645587,247.3453749989858,3849.9357500113547,0.0
1777027430,100,,Aggregated,151.300000,0.000000,620,770,910,940,1000,1100,1500,1600,1800,3300,3800,80828,0,620,674.7003477546141,247.3453749989858,3849.9357500113547,0.0
1777027431,100,,Aggregated,149.600000,0.000000,620,770,910,940,1000,1100,1500,1600,1800,3300,3800,80973,0,620,674.7453431089604,247.3453749989858,3849.9357500113547,0.0
1777027432,100,,Aggregated,144.900000,0.000000,620,770,910,940,1000,1100,1500,1600,1800,3300,3800,81111,0,620,674.6733634789229,247.3453749989858,3849.9357500113547,0.0
1777027433,100,,Aggregated,144.400000,0.000000,620,770,910,940,1000,1100,1500,1600,1800,3300,3800,81259,0,620,674.6099330060408,247.3453749989858,3849.9357500113547,0.0
1777027434,100,,Aggregated,146.300000,0.000000,620,770,910,940,1000,1100,1500,1600,1800,3300,3800,81408,0,620,674.5865717944536,247.3453749989858,3849.9357500113547,0.0
1777027435,100,,Aggregated,146.300000,0.000000,620,770,910,940,1000,1100,1500,1600,1800,3300,3800,81565,0,620,674.5034390191853,247.3453749989858,3849.9357500113547,0.0
1777027436,100,,Aggregated,148.000000,0.000000,620,770,910,940,1000,1100,1500,1600,1800,3300,3800,81746,0,620,674.3477471085768,247.3453749989858,3849.9357500113547,0.0
1777027437,100,,Aggregated,146.200000,0.000000,620,770,910,940,1000,1100,1500,1600,1800,3300,3800,81907,0,620,674.4186855479472,247.3453749989858,3849.9357500113547,0.0
1777027438,100,,Aggregated,147.500000,0.000000,620,770,910,940,1000,1100,1500,1600,1800,3300,3800,82054,0,620,674.2267353878265,247.3453749989858,3849.9357500113547,0.0
1777027439,100,,Aggregated,150.400000,0.000000,620,760,910,940,1000,1100,1500,1600,1800,3300,3800,82224,0,620,674.1317150027072,247.3453749989858,3849.9357500113547,0.0
1777027440,100,,Aggregated,153.200000,0.000000,620,760,910,940,1000,1100,1500,1600,1800,3300,3800,82365,0,620,674.0350373667768,247.3453749989858,3849.9357500113547,0.0
1777027441,100,,Aggregated,152.600000,0.000000,620,760,910,940,1000,1100,1500,1600,1800,3300,3800,82511,0,620,673.9392589962982,247.3453749989858,3849.9357500113547,0.0
1777027442,100,,Aggregated,157.200000,0.000000,620,760,910,940,1000,1100,1500,1600,1800,3300,3800,82667,0,620,674.3977567353678,247.3453749989858,3849.9357500113547,0.0
1777027443,100,,Aggregated,157.900000,0.000000,620,760,910,940,1000,1100,1500,1600,1800,3300,3800,82759,0,620,674.0995205189479,247.3453749989858,3849.9357500113547,0.0
1777027444,100,,Aggregated,150.400000,0.000000,620,760,910,940,1000,1100,1500,1600,1800,3300,3800,82916,0,620,674.580189494496,247.3453749989858,3849.9357500113547,0.0
1777027445,100,,Aggregated,151.000000,0.000000,620,760,910,940,1000,1100,1500,1600,1800,3300,3800,83066,0,620,674.479522409333,247.3453749989858,3849.9357500113547,0.0
1777027446,100,,Aggregated,147.800000,0.000000,620,760,910,940,1000,1100,1500,1600,1800,3300,3800,83230,0,620,674.4514212177171,247.3453749989858,3849.9357500113547,0.0
1777027447,100,,Aggregated,148.900000,0.000000,620,760,910,940,1000,1100,1500,1600,1800,3300,3800,83393,0,620,674.3830580029817,247.3453749989858,3849.9357500113547,0.0
1777027448,100,,Aggregated,149.600000,0.000000,620,760,910,940,1000,1100,1500,1600,1800,3300,3800,83547,0,620,674.3336782565093,247.3453749989858,3849.9357500113547,0.0
1777027449,100,,Aggregated,147.400000,0.000000,620,760,910,940,1000,1100,1500,1600,1800,3300,3800,83693,0,620,674.4045823222574,247.3453749989858,3849.9357500113547,0.0
1777027450,100,,Aggregated,147.500000,0.000000,620,760,910,940,1000,1100,1500,1600,1800,3300,3800,83850,0,620,674.4176082296453,247.3453749989858,3849.9357500113547,0.0
1777027451,100,,Aggregated,146.400000,0.000000,620,760,910,940,1000,1100,1500,1600,1800,3300,3800,83972,0,620,674.3954724994029,247.3453749989858,3849.9357500113547,0.0
1777027452,100,,Aggregated,143.900000,0.000000,620,760,910,940,1000,1100,1500,1600,1800,3300,3800,84135,0,620,674.3527718594735,247.3453749989858,3849.9357500113547,0.0
1777027453,100,,Aggregated,142.100000,0.000000,620,760,910,940,1000,1100,1500,1600,1800,3300,3800,84279,0,620,674.2352182341849,247.3453749989858,3849.9357500113547,0.0
1777027454,100,,Aggregated,149.500000,0.000000,620,760,910,940,1000,1100,1500,1600,1800,3300,3800,84450,0,620,674.2059331776422,247.3453749989858,3849.9357500113547,0.0
1777027455,100,,Aggregated,148.500000,0.000000,620,760,910,940,1000,1100,1500,1600,1800,3300,3800,84627,0,620,674.2549339008212,247.3453749989858,3849.9357500113547,0.0
1777027456,100,,Aggregated,154.200000,0.000000,620,760,910,940,1000,1100,1500,1600,1800,3300,3800,84720,0,620,673.9570198400226,247.3453749989858,3849.9357500113547,0.0
1777027457,100,,Aggregated,151.100000,0.000000,620,760,910,940,1000,1100,1600,1600,1800,3300,3800,84875,0,620,674.4532570767676,247.3453749989858,3849.9357500113547,0.0
1777027458,100,,Aggregated,150.300000,0.000000,620,760,910,940,1000,1100,1600,1600,1800,3300,3800,85041,0,620,674.3451163123294,247.3453749989858,3849.9357500113547,0.0
1777027459,100,,Aggregated,145.300000,0.000000,620,760,910,940,1000,1100,1600,1600,1800,3300,3800,85151,0,620,674.275736582503,247.3453749989858,3849.9357500113547,0.0
1777027460,100,,Aggregated,144.400000,0.000000,620,760,910,940,1000,1100,1600,1600,1800,3300,3800,85336,0,620,674.3132390192262,247.3453749989858,3849.9357500113547,0.0
1777027461,100,,Aggregated,147.800000,0.000000,620,760,910,940,1000,1100,1600,1600,1800,3300,3800,85481,0,620,674.3741524323846,247.3453749989858,3849.9357500113547,0.0
1777027462,100,,Aggregated,149.900000,0.000000,620,760,910,940,1000,1100,1600,1600,1800,3300,3800,85636,0,620,674.2827722982123,247.3453749989858,3849.9357500113547,0.0
1777027463,100,,Aggregated,150.100000,0.000000,620,760,910,940,1000,1100,1600,1600,1800,3300,3800,85795,0,620,674.231580237201,247.3453749989858,3849.9357500113547,0.0
1777027464,100,,Aggregated,149.400000,0.000000,620,760,910,940,1000,1100,1500,1600,1800,3300,3800,85945,0,620,674.2344077752483,247.3453749989858,3849.9357500113547,0.0
1777027465,100,,Aggregated,148.600000,0.000000,620,760,910,940,1000,1100,1500,1600,1800,3300,3800,86093,0,620,674.2137252074365,247.3453749989858,3849.9357500113547,0.0
1777027466,100,,Aggregated,144.100000,0.000000,620,760,910,940,1000,1100,1500,1600,1800,3300,3800,86220,0,620,674.2121512032219,247.3453749989858,3849.9357500113547,0.0
1777027467,100,,Aggregated,148.500000,0.000000,620,770,910,940,1000,1100,1500,1600,1800,3300,3800,86380,0,620,674.3431879471167,247.3453749989858,3849.9357500113547,0.0
1777027468,100,,Aggregated,150.300000,0.000000,620,770,910,940,1000,1100,1500,1600,1800,3300,3800,86529,0,620,674.3499136099448,247.3453749989858,3849.9357500113547,0.0
1777027469,100,,Aggregated,152.400000,0.000000,620,770,910,940,1000,1100,1500,1600,1800,3300,3800,86676,0,620,674.3514905997264,247.3453749989858,3849.9357500113547,0.0
1777027470,100,,Aggregated,148.700000,0.000000,620,770,910,940,1000,1100,1500,1600,1800,3300,3800,86824,0,620,674.2612117580015,247.3453749989858,3849.9357500113547,0.0
1777027471,100,,Aggregated,149.900000,0.000000,620,770,910,940,1000,1100,1500,1600,1800,3300,3800,86983,0,620,674.1977725452878,247.3453749989858,3849.9357500113547,0.0
1777027472,100,,Aggregated,148.100000,0.000000,620,770,910,940,1000,1100,1500,1600,1800,3300,3800,87137,0,620,674.1877750268527,247.3453749989858,3849.9357500113547,0.0
1777027473,100,,Aggregated,147.400000,0.000000,620,770,910,940,1000,1100,1500,1600,1800,3300,3800,87266,0,620,674.2098019696551,247.3453749989858,3849.9357500113547,0.0
1777027474,100,,Aggregated,151.000000,0.000000,620,770,910,940,1000,1100,1500,1600,1800,3300,3800,87448,0,620,674.1957885187536,247.3453749989858,3849.9357500113547,0.0
1777027475,100,,Aggregated,150.900000,0.000000,620,770,910,940,1000,1100,1500,1600,1800,3300,3800,87595,0,620,674.1769171297093,247.3453749989858,3849.9357500113547,0.0
1777027476,100,,Aggregated,150.200000,0.000000,620,770,910,940,1000,1100,1500,1600,1800,3300,3800,87728,0,620,674.030124498654,247.3453749989858,3849.9357500113547,0.0
1777027477,100,,Aggregated,148.600000,0.000000,620,770,910,940,1000,1100,1500,1600,1800,3300,3800,87891,0,620,674.0453037859961,247.3453749989858,3849.9357500113547,0.0
1777027478,100,,Aggregated,148.700000,0.000000,620,770,910,940,1000,1100,1500,1600,1800,3300,3800,88040,0,620,673.9521825539405,247.3453749989858,3849.9357500113547,0.0
1777027479,100,,Aggregated,150.300000,0.000000,620,770,910,940,1000,1100,1500,1600,1800,3300,3800,88236,0,620,673.8773684466764,247.3453749989858,3849.9357500113547,0.0
1777027480,100,,Aggregated,153.000000,0.000000,620,770,910,940,1000,1100,1500,1600,1800,3300,3800,88332,0,620,673.7353502398564,247.3453749989858,3849.9357500113547,0.0
1777027481,100,,Aggregated,150.900000,0.000000,620,770,910,940,1000,1100,1500,1600,1800,3300,3800,88479,0,620,674.0156563351413,247.3453749989858,3849.9357500113547,0.0
1777027482,100,,Aggregated,151.200000,0.000000,620,770,910,940,1000,1100,1500,1600,1800,3300,3800,88649,0,620,673.9737428209438,247.3453749989858,3849.9357500113547,0.0
1777027483,100,,Aggregated,151.400000,0.000000,620,770,910,940,1000,1100,1500,1600,1800,3300,3800,88794,0,620,673.9905724208827,247.3453749989858,3849.9357500113547,0.0
1777027484,100,,Aggregated,150.700000,0.000000,620,770,910,940,1000,1100,1500,1600,1800,3300,3800,88937,0,620,673.9424759571692,247.3453749989858,3849.9357500113547,0.0
1777027485,100,,Aggregated,149.900000,0.000000,620,770,910,940,1000,1100,1500,1600,1800,3300,3800,89088,0,620,673.8899919568835,247.3453749989858,3849.9357500113547,0.0
1777027486,100,,Aggregated,152.000000,0.000000,620,770,910,940,1000,1100,1500,1600,1800,3300,3800,89216,0,620,673.8868936317124,247.3453749989858,3849.9357500113547,0.0
1777027487,100,,Aggregated,150.700000,0.000000,620,770,910,940,1000,1100,1500,1600,1800,3300,3800,89409,0,620,673.8897585962454,247.3453749989858,3849.9357500113547,0.0
1777027488,100,,Aggregated,147.600000,0.000000,620,770,910,940,1000,1100,1500,1600,1800,3300,3800,89542,0,620,673.8272030481422,247.3453749989858,3849.9357500113547,0.0
1777027489,100,,Aggregated,149.100000,0.000000,620,770,910,940,1000,1100,1500,1600,1800,3300,3800,89702,0,620,673.8164398075836,247.3453749989858,3849.9357500113547,0.0
1777027490,100,,Aggregated,147.700000,0.000000,620,770,910,940,1000,1100,1500,1600,1800,3300,3800,89829,0,620,673.8096036464163,247.3453749989858,3849.9357500113547,0.0
1777027491,100,,Aggregated,150.500000,0.000000,620,770,910,940,1000,1100,1500,1600,1800,3300,3800,90002,0,620,673.8153314782323,247.3453749989858,3849.9357500113547,0.0
1777027492,100,,Aggregated,148.100000,0.000000,620,770,910,940,1000,1100,1500,1600,1800,3300,3800,90169,0,620,673.855189288047,247.3453749989858,3849.9357500113547,0.0
1777027493,100,,Aggregated,150.800000,0.000000,620,770,910,940,1000,1100,1500,1600,1800,3300,3800,90293,0,620,673.6444026737499,247.3453749989858,3849.9357500113547,0.0
1777027494,100,,Aggregated,148.200000,0.000000,620,770,910,940,1000,1100,1500,1600,1800,3300,3800,90480,0,620,673.6044516795297,247.3453749989858,3849.9357500113547,0.0
1777027495,100,,Aggregated,152.200000,0.000000,620,770,910,940,1000,1100,1500,1600,1800,3300,3800,90629,0,620,673.6119981146627,247.3453749989858,3849.9357500113547,0.0
1777027496,100,,Aggregated,152.300000,0.000000,620,770,910,940,1000,1100,1500,1600,1800,3300,3800,90786,0,620,673.6225413018607,247.3453749989858,3849.9357500113547,0.0
1777027497,100,,Aggregated,153.700000,0.000000,620,770,910,940,1000,1100,1500,1600,1800,3300,3800,90911,0,620,673.5848000472636,247.3453749989858,3849.9357500113547,0.0
1777027498,100,,Aggregated,153.900000,0.000000,620,770,910,940,1000,1100,1500,1600,1800,3300,3800,91059,0,620,673.5313749127572,247.3453749989858,3849.9357500113547,0.0
1777027499,100,,Aggregated,153.500000,0.000000,620,770,910,940,1000,1100,1500,1600,1800,3300,3800,91227,0,620,673.6019605723599,247.3453749989858,3849.9357500113547,0.0
1777027500,100,,Aggregated,154.400000,0.000000,620,770,910,940,1000,1100,1500,1600,1800,3300,3800,91365,0,620,673.5958701277574,247.3453749989858,3849.9357500113547,0.0
1777027501,100,,Aggregated,149.700000,0.000000,620,770,910,940,1000,1100,1500,1600,1800,3300,3800,91525,0,620,673.5689193965549,247.3453749989858,3849.9357500113547,0.0
1777027502,100,,Aggregated,151.000000,0.000000,620,770,910,940,1000,1100,1500,1600,1800,3300,3800,91663,0,620,673.5623055819215,247.3453749989858,3849.9357500113547,0.0
1777027503,100,,Aggregated,150.300000,0.000000,620,770,910,940,1000,1100,1500,1600,1800,3300,3800,91817,0,620,673.6567435787987,247.3453749989858,3849.9357500113547,0.0
1777027504,100,,Aggregated,151.200000,0.000000,620,770,910,940,1000,1100,1500,1600,1800,3300,3800,91978,0,620,673.5819041674384,247.3453749989858,3849.9357500113547,0.0
1777027505,100,,Aggregated,145.200000,0.000000,620,770,910,940,1000,1100,1500,1600,1800,3300,3800,92130,0,620,673.5022687490788,247.3453749989858,3849.9357500113547,0.0
1777027506,100,,Aggregated,147.100000,0.000000,620,770,910,940,1000,1100,1500,1600,1800,3300,3800,92297,0,620,673.4666028457128,247.3453749989858,3849.9357500113547,0.0
1777027507,100,,Aggregated,146.100000,0.000000,620,770,910,940,1000,1100,1500,1600,1800,3300,3800,92434,0,620,673.4823704198436,247.3453749989858,3849.9357500113547,0.0
1777027508,100,,Aggregated,145.700000,0.000000,620,770,910,940,1000,1100,1500,1600,1800,3300,3800,92559,0,620,673.4022755189867,247.3453749989858,3849.9357500113547,0.0
1777027509,100,,Aggregated,148.700000,0.000000,620,770,910,940,1000,1100,1500,1600,1800,3300,3800,92708,0,620,673.4754712138968,247.3453749989858,3849.9357500113547,0.0
1777027510,100,,Aggregated,151.200000,0.000000,620,770,910,940,1000,1100,1500,1600,1800,3300,3800,92861,0,620,673.3992484803299,247.3453749989858,3849.9357500113547,0.0
1777027511,100,,Aggregated,152.300000,0.000000,620,770,910,940,1000,1100,1500,1600,1800,3300,3800,93041,0,620,673.3215929447119,247.3453749989858,3849.9357500113547,0.0
1777027512,100,,Aggregated,151.700000,0.000000,620,770,910,940,1000,1100,1500,1600,1800,3300,3800,93210,0,620,673.1878143591991,247.3453749989858,3849.9357500113547,0.0
1777027513,100,,Aggregated,152.400000,0.000000,620,770,910,940,1000,1100,1500,1600,1800,3300,3800,93352,0,620,673.1135486439273,247.3453749989858,3849.9357500113547,0.0
1777027514,100,,Aggregated,153.600000,0.000000,620,770,910,940,1000,1100,1500,1600,1800,3300,3800,93502,0,620,673.0512020879863,247.3453749989858,3849.9357500113547,0.0
1777027515,100,,Aggregated,158.200000,0.000000,620,770,910,940,1000,1100,1500,1600,1800,3300,3800,93694,0,620,673.0037966066106,247.3453749989858,3849.9357500113547,0.0
1777027516,100,,Aggregated,156.000000,0.000000,620,770,910,940,1000,1100,1500,1600,1800,3300,3800,93828,0,620,673.0739136070331,247.3453749989858,3849.9357500113547,0.0
1777027517,100,,Aggregated,158.900000,0.000000,620,770,910,940,1000,1100,1500,1600,1800,3300,3800,93966,0,620,673.063440987621,247.3453749989858,3849.9357500113547,0.0
1777027518,100,,Aggregated,157.000000,0.000000,620,770,910,940,1000,1100,1500,1600,1800,3300,3800,94140,0,620,673.0218371206901,247.3453749989858,3849.9357500113547,0.0
1777027519,100,,Aggregated,152.400000,0.000000,620,770,910,940,1000,1100,1500,1600,1800,3300,3800,94265,0,620,673.1754154055884,247.3453749989858,3849.9357500113547,0.0
1777027520,100,,Aggregated,149.800000,0.000000,620,770,910,940,1000,1100,1500,1600,1800,3300,3800,94304,0,620,673.1667760253417,247.3453749989858,3849.9357500113547,0.0
1777027521,100,,Aggregated,151.400000,0.000000,620,770,910,940,1000,1100,1500,1600,1800,3300,3800,94448,0,620,673.6523320729381,247.3453749989858,3849.9357500113547,0.0
1777027522,100,,Aggregated,149.300000,0.000000,620,770,910,940,1000,1100,1500,1600,1800,3300,3800,94637,0,620,673.6234077862232,247.3453749989858,3849.9357500113547,0.0
1777027523,100,,Aggregated,143.800000,0.000000,620,770,910,940,1000,1100,1500,1600,1800,3300,3800,94767,0,620,673.6200840249118,247.3453749989858,3849.9357500113547,0.0
1777027524,100,,Aggregated,143.300000,0.000000,620,770,910,940,1000,1100,1500,1600,1800,3300,3800,94918,0,620,673.5559037752686,247.3453749989858,3849.9357500113547,0.0
1777027525,100,,Aggregated,142.000000,0.000000,620,770,910,940,1000,1100,1500,1600,1800,3300,3800,95100,0,620,673.413288109852,247.3453749989858,3849.9357500113547,0.0
1777027526,100,,Aggregated,141.600000,0.000000,620,770,910,940,1000,1100,1500,1600,1800,3300,3800,95232,0,620,673.4423010144585,247.3453749989858,3849.9357500113547,0.0
1777027527,100,,Aggregated,140.500000,0.000000,620,770,910,940,1000,1100,1500,1600,1800,3300,3800,95425,0,620,673.4852666798312,247.3453749989858,3849.9357500113547,0.0
1777027528,100,,Aggregated,143.700000,0.000000,620,770,910,940,1000,1100,1500,1600,1800,3300,3800,95528,0,620,673.3344414884324,247.3453749989858,3849.9357500113547,0.0
1777027529,100,,Aggregated,146.100000,0.000000,620,770,910,940,1000,1100,1500,1600,1800,3300,3800,95682,0,620,673.45157619385,247.3453749989858,3849.9357500113547,0.0
1777027530,100,,Aggregated,147.100000,0.000000,620,770,910,940,1000,1100,1500,1600,1800,3300,3800,95855,0,620,673.5135485238633,247.3453749989858,3849.9357500113547,0.0
1777027531,100,,Aggregated,140.600000,0.000000,620,770,910,940,1000,1100,1500,1600,1800,3300,3800,95992,0,620,673.5579835659929,247.3453749989858,3849.9357500113547,0.0
1777027532,100,,Aggregated,142.500000,0.000000,620,770,910,940,1000,1100,1500,1600,1800,3300,3800,96141,0,620,673.6490063298359,247.3453749989858,3849.9357500113547,0.0
1777027533,100,,Aggregated,149.400000,0.000000,620,770,910,940,1000,1100,1500,1600,1800,3300,3800,96304,0,620,673.5753600475454,247.3453749989858,3849.9357500113547,0.0
1777027534,100,,Aggregated,147.100000,0.000000,620,770,910,940,1000,1100,1500,1600,1800,3300,3800,96451,0,620,673.4791864303398,247.3453749989858,3849.9357500113547,0.0
1777027535,100,,Aggregated,150.400000,0.000000,620,770,910,940,1000,1100,1500,1600,1800,3300,3800,96538,0,620,673.3710571175249,247.3453749989858,3849.9357500113547,0.0
1777027536,100,,Aggregated,151.300000,0.000000,620,770,910,940,1000,1100,1500,1600,1800,3300,3800,96704,0,620,673.6973617504924,247.3453749989858,3849.9357500113547,0.0
1777027537,100,,Aggregated,146.200000,0.000000,620,770,910,940,1000,1100,1500,1600,1800,3300,3800,96865,0,620,673.6125080857025,247.3453749989858,3849.9357500113547,0.0
1777027538,100,,Aggregated,140.700000,0.000000,620,770,910,940,1000,1100,1500,1600,1800,3300,3800,97036,0,620,673.5030441074105,247.3453749989858,3849.9357500113547,0.0
1777027539,100,,Aggregated,144.500000,0.000000,620,770,910,940,1000,1100,1500,1600,1800,3300,3800,97173,0,620,673.4854818005679,246.52087500726338,3849.9357500113547,0.0
1777027540,100,,Aggregated,144.000000,0.000000,620,770,910,940,1000,1100,1500,1600,1800,3300,3800,97342,0,620,673.4201984507151,246.52087500726338,3849.9357500113547,0.0
1777027541,100,,Aggregated,149.900000,0.000000,620,770,910,940,1000,1100,1500,1600,1800,3300,3800,97500,0,620,673.423656320098,246.52087500726338,3849.9357500113547,0.0
1777027542,100,,Aggregated,152.100000,0.000000,620,770,910,940,1000,1100,1500,1600,1800,3300,3800,97679,0,620,673.2576157776241,246.52087500726338,3849.9357500113547,0.0
1777027543,100,,Aggregated,148.300000,0.000000,620,770,910,940,1000,1100,1500,1600,1800,3300,3800,97801,0,620,673.2904074451129,246.52087500726338,3849.9357500113547,0.0
1777027544,100,,Aggregated,152.800000,0.000000,620,770,910,940,1000,1100,1500,1600,1800,3300,3800,97956,0,620,673.3130959184891,246.52087500726338,3849.9357500113547,0.0
1777027545,100,,Aggregated,149.600000,0.000000,620,770,910,940,1000,1100,1500,1600,1800,3300,3800,98102,0,620,673.2984124512196,246.52087500726338,3849.9357500113547,0.0
1777027546,100,,Aggregated,149.100000,0.000000,620,770,910,940,1000,1100,1500,1600,1800,3300,3800,98278,0,620,673.3016806939966,246.52087500726338,3849.9357500113547,0.0
1777027547,100,,Aggregated,153.300000,0.000000,620,770,910,940,1000,1100,1500,1600,1800,3300,3800,98402,0,620,673.3466754680651,246.52087500726338,3849.9357500113547,0.0
1777027548,100,,Aggregated,158.300000,0.000000,620,770,910,940,1000,1100,1500,1600,1800,3300,3800,98541,0,620,673.2588424940523,246.52087500726338,3849.9357500113547,0.0
1777027549,100,,Aggregated,154.100000,0.000000,620,770,910,940,1000,1100,1500,1600,1800,3300,3800,98701,0,620,673.2530999111905,246.52087500726338,3849.9357500113547,0.0
1777027550,100,,Aggregated,152.900000,0.000000,620,770,910,940,1000,1100,1500,1600,1800,3300,3800,98843,0,620,673.2204617545344,246.52087500726338,3849.9357500113547,0.0
1777027551,100,,Aggregated,150.900000,0.000000,620,770,910,940,1000,1100,1500,1600,1800,3300,3800,99009,0,620,673.2738172948044,246.52087500726338,3849.9357500113547,0.0
1777027552,100,,Aggregated,152.800000,0.000000,620,770,910,940,1000,1100,1500,1600,1800,3300,3800,99160,0,620,673.1122781136984,246.52087500726338,3849.9357500113547,0.0
1777027553,100,,Aggregated,154.200000,0.000000,620,770,910,940,1000,1100,1500,1600,1800,3300,3800,99333,0,620,673.0944748112424,246.52087500726338,3849.9357500113547,0.0
1777027554,100,,Aggregated,150.500000,0.000000,620,770,910,940,1000,1100,1500,1600,1800,3300,3800,99484,0,620,673.0690583122439,246.52087500726338,3849.9357500113547,0.0
1777027555,100,,Aggregated,151.000000,0.000000,620,770,910,940,1000,1100,1500,1600,1800,3300,3800,99659,0,620,673.0023340153341,246.52087500726338,3849.9357500113547,0.0
1777027556,100,,Aggregated,150.300000,0.000000,620,770,910,940,1000,1100,1500,1600,1800,3300,3800,99803,0,620,672.9928168079031,246.52087500726338,3849.9357500113547,0.0
1777027557,100,,Aggregated,150.700000,0.000000,620,770,910,940,1000,1100,1500,1600,1800,3300,3800,99939,0,620,673.0121357190785,246.52087500726338,3849.9357500113547,0.0
1777027558,100,,Aggregated,152.400000,0.000000,620,770,910,940,1000,1100,1500,1600,1800,2600,3800,100092,0,620,673.000475827667,246.52087500726338,3849.9357500113547,0.0
1777027559,100,,Aggregated,153.300000,0.000000,620,770,910,940,1000,1100,1500,1600,1800,2600,3800,100263,0,620,672.9407412139242,246.52087500726338,3849.9357500113547,0.0
1777027560,100,,Aggregated,152.200000,0.000000,620,770,910,940,1000,1100,1500,1600,1800,2600,3800,100415,0,620,672.8583417424746,246.52087500726338,3849.9357500113547,0.0
1777027561,100,,Aggregated,154.500000,0.000000,620,770,910,940,1000,1100,1500,1600,1800,2600,3800,100568,0,620,672.850972060292,246.52087500726338,3849.9357500113547,0.0
1777027562,100,,Aggregated,153.400000,0.000000,620,770,910,940,1000,1100,1500,1600,1800,2600,3800,100723,0,620,672.7966819460835,246.52087500726338,3849.9357500113547,0.0
1777027563,100,,Aggregated,152.900000,0.000000,620,770,910,940,1000,1100,1500,1600,1800,2600,3800,100864,0,620,672.743730306258,246.52087500726338,3849.9357500113547,0.0
1777027564,100,,Aggregated,154.000000,0.000000,620,770,910,940,1000,1100,1500,1600,1800,2600,3800,101058,0,620,672.6316843609479,246.52087500726338,3849.9357500113547,0.0
1777027565,100,,Aggregated,153.500000,0.000000,620,770,910,940,1000,1100,1500,1600,1800,2600,3800,101189,0,620,672.7333881184277,246.52087500726338,3849.9357500113547,0.0
1777027566,100,,Aggregated,155.500000,0.000000,620,770,910,940,1000,1100,1500,1600,1800,2600,3800,101330,0,620,672.8509592374562,246.52087500726338,3849.9357500113547,0.0
1777027567,100,,Aggregated,156.100000,0.000000,620,770,910,940,1000,1100,1500,1600,1800,2600,3800,101466,0,620,672.7128896304129,246.52087500726338,3849.9357500113547,0.0
1777027568,100,,Aggregated,154.200000,0.000000,620,770,910,940,1000,1100,1500,1600,1800,2600,3800,101640,0,620,672.6542968322661,246.52087500726338,3849.9357500113547,0.0
1777027569,100,,Aggregated,152.200000,0.000000,620,770,910,940,1000,1100,1500,1600,1800,2600,3800,101795,0,620,672.6258196419426,246.52087500726338,3849.9357500113547,0.0
1777027570,100,,Aggregated,153.700000,0.000000,620,770,910,940,1000,1100,1500,1600,1800,2600,3800,101937,0,620,672.6064626815926,246.52087500726338,3849.9357500113547,0.0
1777027571,100,,Aggregated,153.200000,0.000000,620,770,910,940,1000,1100,1500,1600,1800,2600,3800,102093,0,620,672.6019065566044,246.52087500726338,3849.9357500113547,0.0
1777027572,100,,Aggregated,153.900000,0.000000,620,770,910,940,1000,1100,1500,1600,1800,2600,3800,102219,0,620,672.7473456480242,246.52087500726338,3849.9357500113547,0.0
1777027573,100,,Aggregated,152.600000,0.000000,620,770,910,940,1000,1100,1400,1600,1800,2600,3800,102374,0,620,672.7451877068055,246.52087500726338,3849.9357500113547,0.0
1777027574,100,,Aggregated,152.200000,0.000000,620,770,910,940,1000,1100,1400,1600,1800,2600,3800,102539,0,620,672.6317662726345,246.52087500726338,3849.9357500113547,0.0
1777027575,100,,Aggregated,149.500000,0.000000,620,770,910,940,1000,1100,1400,1600,1800,2600,3800,102671,0,620,672.6070691751968,246.52087500726338,3849.9357500113547,0.0
1777027576,100,,Aggregated,149.400000,0.000000,620,770,910,940,1000,1100,1400,1600,1800,2600,3800,102829,0,620,672.5481536028522,246.52087500726338,3849.9357500113547,0.0
1777027577,100,,Aggregated,147.700000,0.000000,620,770,910,940,1000,1100,1400,1600,1800,2600,3800,102967,0,620,672.5161557881526,246.52087500726338,3849.9357500113547,0.0
1777027578,100,,Aggregated,148.400000,0.000000,620,770,910,940,1000,1100,1400,1600,1800,2600,3800,103121,0,620,672.4797519782452,246.52087500726338,3849.9357500113547,0.0
1777027579,100,,Aggregated,149.500000,0.000000,620,770,910,940,1000,1100,1400,1600,1800,2600,3800,103306,0,620,672.5012452446769,246.52087500726338,3849.9357500113547,0.0
1777027580,100,,Aggregated,151.100000,0.000000,620,770,910,940,1000,1100,1400,1600,1800,2600,3800,103455,0,620,672.4207634006616,246.52087500726338,3849.9357500113547,0.0
1777027581,100,,Aggregated,152.000000,0.000000,620,770,910,940,1000,1100,1400,1600,1800,2600,3800,103607,0,620,672.3839349966349,246.52087500726338,3849.9357500113547,0.0
1777027582,100,,Aggregated,149.600000,0.000000,620,770,910,940,1000,1100,1400,1600,1800,2600,3800,103771,0,620,672.3360676829983,246.52087500726338,3849.9357500113547,0.0
1777027583,100,,Aggregated,151.000000,0.000000,620,770,910,940,990,1100,1400,1600,1800,2600,3800,103936,0,620,672.2620987313867,246.52087500726338,3849.9357500113547,0.0
1777027584,100,,Aggregated,152.000000,0.000000,620,770,910,940,990,1100,1400,1600,1800,2600,3800,104113,0,620,672.1453373809843,246.52087500726338,3849.9357500113547,0.0
1777027585,100,,Aggregated,156.100000,0.000000,620,770,910,940,990,1100,1400,1600,1800,2600,3800,104251,0,620,671.9677591441667,246.52087500726338,3849.9357500113547,0.0
1777027586,100,,Aggregated,156.900000,0.000000,620,770,910,940,990,1100,1400,1600,1800,2600,3800,104413,0,620,671.9957947297034,246.52087500726338,3849.9357500113547,0.0
1777027587,100,,Aggregated,158.400000,0.000000,620,770,910,940,990,1100,1400,1600,1800,2600,3800,104547,0,620,672.0109624023893,246.52087500726338,3849.9357500113547,0.0
1777027588,100,,Aggregated,156.500000,0.000000,620,770,910,940,990,1100,1400,1600,1800,2600,3800,104730,0,620,671.9691173942011,246.52087500726338,3849.9357500113547,0.0
1777027589,100,,Aggregated,158.200000,0.000000,620,770,910,940,990,1100,1400,1600,1800,2600,3800,104876,0,620,671.9957061453115,246.52087500726338,3849.9357500113547,0.0
1777027590,100,,Aggregated,156.900000,0.000000,620,770,910,940,990,1100,1400,1600,1800,2600,3800,105020,0,620,671.8822594496545,246.52087500726338,3849.9357500113547,0.0
1777027591,100,,Aggregated,157.000000,0.000000,620,770,910,940,990,1100,1400,1600,1800,2600,3800,105191,0,620,671.8936230668751,246.52087500726338,3849.9357500113547,0.0
1777027593,100,,Aggregated,157.200000,0.000000,620,770,910,940,990,1100,1400,1600,1800,2600,3800,105344,0,620,671.9044989782491,246.52087500726338,3849.9357500113547,0.0
1777027594,100,,Aggregated,156.500000,0.000000,620,770,910,940,990,1100,1400,1600,1800,2600,3800,105481,0,620,671.8355741254794,246.52087500726338,3849.9357500113547,0.0
1777027595,100,,Aggregated,157.900000,0.000000,620,770,910,940,990,1100,1400,1600,1800,2600,3800,105635,0,620,671.76823785392,246.52087500726338,3849.9357500113547,0.0
1777027596,100,,Aggregated,156.300000,0.000000,620,770,910,940,990,1100,1400,1600,1800,2600,3800,105779,0,620,671.7238195730426,246.52087500726338,3849.9357500113547,0.0
1777027597,100,,Aggregated,152.900000,0.000000,620,770,910,940,990,1100,1400,1600,1800,2600,3800,105945,0,620,671.7400058583412,246.52087500726338,3849.9357500113547,0.0
1777027598,100,,Aggregated,152.800000,0.000000,620,770,910,940,990,1100,1400,1600,1800,2600,3800,106100,0,620,671.59721635475,246.52087500726338,3849.9357500113547,0.0
1777027599,100,,Aggregated,153.200000,0.000000,620,770,910,940,990,1100,1400,1600,1800,2600,3800,106284,0,620,671.5134482187906,246.52087500726338,3849.9357500113547,0.0
1777027600,100,,Aggregated,153.200000,0.000000,620,770,910,940,990,1100,1400,1600,1800,2600,3800,106434,0,620,671.5059188690722,246.52087500726338,3849.9357500113547,0.0
1777027601,100,,Aggregated,153.200000,0.000000,620,770,910,940,990,1100,1400,1600,1800,2600,3800,106575,0,620,671.4549490874864,246.52087500726338,3849.9357500113547,0.0
1777027602,100,,Aggregated,155.400000,0.000000,620,770,910,940,990,1100,1400,1600,1800,2600,3800,106724,0,620,671.4150313116724,246.52087500726338,3849.9357500113547,0.0
1777027603,100,,Aggregated,155.500000,0.000000,620,770,910,940,990,1100,1400,1600,1800,2600,3800,106886,0,620,671.313691662978,246.52087500726338,3849.9357500113547,0.0
1777027604,100,,Aggregated,152.200000,0.000000,620,770,910,940,990,1100,1400,1600,1800,2600,3800,107023,0,620,671.5464319968335,246.52087500726338,3849.9357500113547,0.0
1777027605,100,,Aggregated,154.100000,0.000000,620,770,910,940,990,1100,1400,1600,1800,2600,3800,107161,0,620,671.5063747594289,246.52087500726338,3849.9357500113547,0.0
1777027606,100,,Aggregated,152.600000,0.000000,620,770,910,940,990,1100,1400,1600,1800,2600,3800,107254,0,620,671.3995420828332,246.52087500726338,3849.9357500113547,0.0
1777027607,100,,Aggregated,152.400000,0.000000,620,770,910,940,990,1100,1400,1600,1800,2600,3800,107407,0,620,671.7804834505123,246.12587499723304,3849.9357500113547,0.0
1777027608,100,,Aggregated,152.400000,0.000000,620,770,910,940,990,1100,1400,1600,1800,2600,3800,107534,0,620,671.7935399176738,246.12587499723304,3849.9357500113547,0.0
1777027609,100,,Aggregated,146.100000,0.000000,620,770,910,940,990,1100,1400,1600,1800,2600,3800,107699,0,620,671.8848610038377,246.12587499723304,3849.9357500113547,0.0
1777027610,100,,Aggregated,143.900000,0.000000,620,770,910,940,990,1100,1400,1600,1800,2600,3800,107844,0,620,671.8596737031388,246.12587499723304,3849.9357500113547,0.0
1777027611,100,,Aggregated,140.100000,0.000000,620,770,910,940,990,1100,1400,1600,1800,2600,3800,108051,0,620,671.7520520877956,246.12587499723304,3849.9357500113547,0.0
1777027612,100,,Aggregated,140.100000,0.000000,620,770,910,940,990,1100,1400,1600,1800,2600,3800,108159,0,620,671.700918171566,246.12587499723304,3849.9357500113547,0.0
1777027613,100,,Aggregated,144.700000,0.000000,620,770,910,940,990,1100,1400,1600,1800,2600,3800,108349,0,620,671.761008355189,246.12587499723304,3849.9357500113547,0.0
1777027614,100,,Aggregated,144.300000,0.000000,620,770,910,940,990,1100,1400,1600,1800,2600,3800,108494,0,620,671.5837275492864,246.12587499723304,3849.9357500113547,0.0
1777027615,100,,Aggregated,142.900000,0.000000,620,770,910,940,990,1100,1400,1600,1800,2600,3800,108626,0,620,671.593127434806,246.12587499723304,3849.9357500113547,0.0
1777027616,100,,Aggregated,145.500000,0.000000,620,770,910,940,990,1100,1400,1600,1800,2600,3800,108776,0,620,671.5960774368177,246.12587499723304,3849.9357500113547,0.0
1777027617,100,,Aggregated,146.200000,0.000000,620,770,910,940,990,1100,1400,1600,1800,2600,3800,108962,0,620,671.5404412400585,246.12587499723304,3849.9357500113547,0.0
1777027618,100,,Aggregated,151.500000,0.000000,620,770,910,940,990,1100,1400,1600,1800,2600,3800,109109,0,620,671.4467469642298,246.12587499723304,3849.9357500113547,0.0
1777027619,100,,Aggregated,155.500000,0.000000,620,770,910,940,990,1100,1400,1600,1800,2600,3800,109263,0,620,671.3475556381039,246.12587499723304,3849.9357500113547,0.0
1777027620,100,,Aggregated,156.700000,0.000000,620,770,910,940,990,1100,1400,1600,1800,2600,3800,109434,0,620,671.2735541850731,246.12587499723304,3849.9357500113547,0.0
1777027621,100,,Aggregated,156.400000,0.000000,620,770,910,940,990,1100,1400,1600,1800,2600,3800,109615,0,620,671.2487861798863,246.12587499723304,3849.9357500113547,0.0
1777027622,100,,Aggregated,158.400000,0.000000,620,770,910,940,990,1100,1400,1600,1800,2600,3800,109766,0,620,671.1908307417251,246.12587499723304,3849.9357500113547,0.0
1777027623,100,,Aggregated,156.200000,0.000000,620,770,910,940,990,1100,1400,1600,1800,2600,3800,109932,0,620,671.2009792002527,246.12587499723304,3849.9357500113547,0.0
1777027624,100,,Aggregated,160.400000,0.000000,620,770,910,940,990,1100,1400,1600,1800,2500,3800,110087,0,620,671.1618760656698,246.12587499723304,3849.9357500113547,0.0
1777027625,100,,Aggregated,156.700000,0.000000,620,770,910,940,990,1100,1400,1600,1800,2500,3800,110246,0,620,671.0968610986924,246.12587499723304,3849.9357500113547,0.0
1777027626,100,,Aggregated,156.900000,0.000000,620,760,910,940,990,1100,1400,1600,1800,2500,3800,110401,0,620,671.0215971540248,246.12587499723304,3849.9357500113547,0.0
1777027627,100,,Aggregated,160.000000,0.000000,620,760,910,940,990,1100,1400,1600,1800,2500,3800,110533,0,620,670.9786543647908,246.12587499723304,3849.9357500113547,0.0
1777027628,100,,Aggregated,161.500000,0.000000,620,760,910,940,990,1100,1400,1600,1800,2500,3800,110688,0,620,670.9888895757107,246.12587499723304,3849.9357500113547,0.0
1777027629,100,,Aggregated,156.800000,0.000000,620,770,910,940,990,1100,1400,1600,1800,2500,3800,110812,0,620,670.9954662042405,246.12587499723304,3849.9357500113547,0.0
1777027630,100,,Aggregated,155.600000,0.000000,620,770,910,940,990,1100,1400,1600,1800,2500,3800,110997,0,620,671.0340477245185,246.12587499723304,3849.9357500113547,0.0
1777027631,100,,Aggregated,156.100000,0.000000,620,770,910,940,990,1100,1400,1600,1800,2500,3800,111130,0,620,671.009260026404,246.12587499723304,3849.9357500113547,0.0
1777027632,100,,Aggregated,153.200000,0.000000,620,770,910,940,990,1100,1400,1600,1800,2500,3800,111318,0,620,671.0253651553127,246.12587499723304,3849.9357500113547,0.0
1777027633,100,,Aggregated,154.200000,0.000000,620,770,910,940,990,1100,1400,1600,1800,2500,3800,111448,0,620,671.0967672583008,246.12587499723304,3849.9357500113547,0.0
1777027634,100,,Aggregated,154.200000,0.000000,620,770,910,940,990,1100,1400,1600,1800,2500,3800,111521,0,620,671.0027145147568,246.12587499723304,3849.9357500113547,0.0
1777027635,100,,Aggregated,152.100000,0.000000,620,770,910,940,990,1100,1400,1600,1800,2500,3800,111666,0,620,671.155720908605,246.12587499723304,3849.9357500113547,0.0
1777027636,100,,Aggregated,149.000000,0.000000,620,770,910,940,990,1100,1400,1600,1800,2500,3800,111817,0,620,671.6408503449499,246.12587499723304,3849.9357500113547,0.0
1777027637,100,,Aggregated,142.800000,0.000000,620,770,910,940,990,1100,1400,1600,1800,2500,3800,111959,0,620,671.535478083702,246.12587499723304,3849.9357500113547,0.0
1777027638,100,,Aggregated,135.400000,0.000000,620,770,910,940,990,1100,1400,1600,1800,2500,3800,112109,0,620,671.4128816610929,246.12587499723304,3849.9357500113547,0.0
1777027639,100,,Aggregated,139.000000,0.000000,620,770,910,940,990,1100,1400,1600,1800,2500,3800,112254,0,620,671.4203219482205,246.12587499723304,3849.9357500113547,0.0
1777027640,100,,Aggregated,144.700000,0.000000,620,770,910,940,990,1100,1400,1600,1800,2500,3800,112392,0,620,671.4139089894871,246.12587499723304,3849.9357500113547,0.0
1777027641,100,,Aggregated,142.900000,0.000000,620,770,910,940,990,1100,1400,1600,1800,2500,3800,112564,0,620,671.3522724196933,246.12587499723304,3849.9357500113547,0.0
1777027642,100,,Aggregated,143.000000,0.000000,620,770,910,940,990,1100,1400,1600,1800,2500,3800,112710,0,620,671.2766986106241,246.12587499723304,3849.9357500113547,0.0
1777027643,100,,Aggregated,141.400000,0.000000,620,770,910,940,990,1100,1400,1600,1800,2500,3800,112897,0,620,671.2951571578906,246.12587499723304,3849.9357500113547,0.0
1777027644,100,,Aggregated,143.800000,0.000000,620,770,910,940,990,1100,1400,1600,1800,2500,3800,113037,0,620,671.2902735619343,246.12587499723304,3849.9357500113547,0.0
1777027645,100,,Aggregated,144.700000,0.000000,620,770,910,940,990,1100,1400,1600,1800,2500,3800,113205,0,620,671.2697192982857,246.12587499723304,3849.9357500113547,0.0
1777027646,100,,Aggregated,147.100000,0.000000,620,770,910,940,990,1100,1400,1600,1800,2500,3800,113336,0,620,671.2214835742258,246.12587499723304,3849.9357500113547,0.0
1777027647,100,,Aggregated,149.800000,0.000000,620,770,910,940,990,1100,1400,1600,1800,2500,3800,113495,0,620,671.1903011291461,246.12587499723304,3849.9357500113547,0.0
1777027648,100,,Aggregated,156.200000,0.000000,620,770,910,940,990,1100,1400,1600,1800,2500,3800,113642,0,620,671.0827008139793,246.12587499723304,3849.9357500113547,0.0
1777027649,100,,Aggregated,152.800000,0.000000,620,770,910,940,990,1100,1400,1600,1800,2500,3800,113785,0,620,671.0762375571311,246.12587499723304,3849.9357500113547,0.0
1777027650,100,,Aggregated,151.900000,0.000000,620,770,910,940,990,1100,1400,1600,1800,2500,3800,113963,0,620,671.0653446365312,246.12587499723304,3849.9357500113547,0.0
1777027651,100,,Aggregated,153.200000,0.000000,620,770,910,940,990,1100,1400,1600,1800,2500,3800,114134,0,620,671.0143567081127,246.12587499723304,3849.9357500113547,0.0
1777027652,100,,Aggregated,154.600000,0.000000,620,770,910,940,990,1100,1400,1600,1800,2500,3800,114306,0,620,670.9723854265725,246.12587499723304,3849.9357500113547,0.0
1777027653,100,,Aggregated,155.100000,0.000000,620,770,910,940,990,1100,1400,1600,1800,2500,3800,114430,0,620,670.8601759775213,246.12587499723304,3849.9357500113547,0.0
1777027654,100,,Aggregated,154.300000,0.000000,620,770,910,940,990,1100,1400,1600,1800,2500,3800,114601,0,620,670.8444611567329,246.12587499723304,3849.9357500113547,0.0
1777027655,100,,Aggregated,156.900000,0.000000,620,770,910,940,990,1000,1400,1600,1800,2500,3800,114761,0,620,670.7858080570975,246.12587499723304,3849.9357500113547,0.0
1777027656,100,,Aggregated,158.600000,0.000000,620,770,910,940,990,1000,1400,1600,1800,2500,3800,114932,0,620,670.6860728324449,246.12587499723304,3849.9357500113547,0.0
1777027657,100,,Aggregated,158.600000,0.000000,620,770,910,940,990,1000,1400,1600,1800,2500,3800,115092,0,620,670.5810205739457,246.12587499723304,3849.9357500113547,0.0
1777027658,100,,Aggregated,160.100000,0.000000,620,760,910,940,990,1000,1400,1600,1800,2500,3800,115243,0,620,670.5536793093767,246.12587499723304,3849.9357500113547,0.0
1777027659,100,,Aggregated,161.900000,0.000000,620,760,910,940,990,1100,1400,1600,1800,2500,3800,115379,0,620,670.5464609286759,246.12587499723304,3849.9357500113547,0.0
1777027660,100,,Aggregated,159.500000,0.000000,620,760,910,940,990,1000,1400,1600,1800,2500,3800,115562,0,620,670.5445329040407,246.12587499723304,3849.9357500113547,0.0
1777027661,100,,Aggregated,158.500000,0.000000,620,770,910,940,990,1000,1400,1600,1800,2500,3800,115694,0,620,670.5322307454906,246.12587499723304,3849.9357500113547,0.0
1777027662,100,,Aggregated,156.200000,0.000000,620,770,910,940,990,1000,1400,1600,1800,2500,3800,115850,0,620,670.4776463310394,246.12587499723304,3849.9357500113547,0.0
1777027663,100,,Aggregated,155.900000,0.000000,620,770,910,940,990,1000,1400,1600,1800,2500,3800,115998,0,620,670.4725777095971,246.12587499723304,3849.9357500113547,0.0
1777027664,100,,Aggregated,159.500000,0.000000,620,770,910,940,990,1000,1400,1600,1800,2500,3800,116157,0,620,670.390634813905,246.12587499723304,3849.9357500113547,0.0
1777027665,100,,Aggregated,154.200000,0.000000,620,770,910,940,990,1000,1400,1600,1800,2500,3800,116344,0,620,670.3150399629513,246.12587499723304,3849.9357500113547,0.0
1777027666,100,,Aggregated,154.200000,0.000000,620,770,910,940,990,1000,1300,1600,1800,2500,3800,116475,0,620,670.4009369685383,246.12587499723304,3849.9357500113547,0.0
1777027667,100,,Aggregated,154.400000,0.000000,620,770,910,940,990,1000,1300,1600,1800,2500,3800,116628,0,620,670.4333110229729,246.12587499723304,3849.9357500113547,0.0
1777027668,100,,Aggregated,152.800000,0.000000,620,770,910,940,990,1000,1300,1600,1800,2500,3800,116782,0,620,670.3456607220405,246.12587499723304,3849.9357500113547,0.0
1777027669,100,,Aggregated,149.600000,0.000000,620,760,910,940,990,1000,1300,1600,1800,2500,3800,116924,0,620,670.2372760958691,246.12587499723304,3849.9357500113547,0.0
1777027670,100,,Aggregated,152.600000,0.000000,620,760,910,940,990,1000,1300,1600,1800,2500,3800,117079,0,620,670.2920233388255,246.12587499723304,3849.9357500113547,0.0
1777027671,100,,Aggregated,155.200000,0.000000,620,760,910,940,990,1000,1300,1600,1800,2500,3800,117212,0,620,670.374960675481,246.12587499723304,3849.9357500113547,0.0
1777027672,100,,Aggregated,154.100000,0.000000,620,770,910,940,990,1000,1300,1600,1800,2500,3800,117384,0,620,670.4121467530289,246.12587499723304,3849.9357500113547,0.0
1777027673,100,,Aggregated,150.500000,0.000000,620,770,910,940,990,1000,1300,1600,1800,2500,3800,117531,0,620,670.4563811943854,246.12587499723304,3849.9357500113547,0.0
1777027674,100,,Aggregated,148.200000,0.000000,620,760,910,940,990,1000,1300,1600,1800,2500,3800,117686,0,620,670.4115097412367,246.12587499723304,3849.9357500113547,0.0
1777027675,100,,Aggregated,149.800000,0.000000,620,760,910,940,990,1000,1300,1600,1800,2500,3800,117804,0,620,670.330900355533,246.12587499723304,3849.9357500113547,0.0
1777027676,100,,Aggregated,148.000000,0.000000,620,770,910,940,990,1000,1300,1600,1800,2500,3800,117982,0,620,670.3670410471098,246.12587499723304,3849.9357500113547,0.0
1777027677,100,,Aggregated,148.500000,0.000000,620,770,910,940,990,1000,1300,1600,1800,2500,3800,118136,0,620,670.3106643789453,246.12587499723304,3849.9357500113547,0.0
1777027678,100,,Aggregated,148.400000,0.000000,620,770,910,940,990,1000,1300,1600,1800,2500,3800,118261,0,620,670.2977924536925,246.12587499723304,3849.9357500113547,0.0
1777027679,100,,Aggregated,150.700000,0.000000,620,770,910,940,990,1000,1300,1600,1800,2500,3800,118414,0,620,670.3671637452927,246.12587499723304,3849.9357500113547,0.0
1777027680,100,,Aggregated,148.200000,0.000000,620,770,910,940,990,1000,1300,1600,1800,2500,3800,118562,0,620,670.335209376225,246.12587499723304,3849.9357500113547,0.0
1777027681,100,,Aggregated,146.800000,0.000000,620,770,910,940,990,1000,1300,1600,1800,2500,3800,118696,0,620,670.332414005603,246.12587499723304,3849.9357500113547,0.0
1777027682,100,,Aggregated,149.000000,0.000000,620,770,910,940,990,1000,1300,1600,1800,2500,3800,118835,0,620,670.3489451877566,246.12587499723304,3849.9357500113547,0.0
1777027683,100,,Aggregated,153.000000,0.000000,620,770,910,940,990,1000,1300,1600,1800,2500,3800,118972,0,620,670.3356143841919,246.12587499723304,3849.9357500113547,0.0
1777027684,100,,Aggregated,150.600000,0.000000,620,770,910,940,990,1000,1300,1600,1800,2500,3800,119122,0,620,670.3447630253772,246.12587499723304,3849.9357500113547,0.0
1777027685,100,,Aggregated,149.000000,0.000000,620,770,910,940,990,1000,1300,1600,1800,2500,3800,119282,0,620,670.3707886394932,246.12587499723304,3849.9357500113547,0.0
1777027686,100,,Aggregated,149.600000,0.000000,620,770,910,940,990,1000,1300,1600,1800,2500,3800,119470,0,620,670.3230802501287,246.12587499723304,3849.9357500113547,0.0
1777027687,100,,Aggregated,147.600000,0.000000,620,770,910,940,990,1000,1300,1600,1800,2500,3800,119621,0,620,670.3071716519827,246.12587499723304,3849.9357500113547,0.0
1777027688,100,,Aggregated,150.500000,0.000000,620,770,910,940,990,1000,1300,1600,1800,2500,3800,119762,0,620,670.2426238426202,246.12587499723304,3849.9357500113547,0.0
1777027689,100,,Aggregated,148.100000,0.000000,620,770,910,940,990,1000,1300,1600,1800,2500,3800,119922,0,620,670.1791908598998,246.12587499723304,3849.9357500113547,0.0
1777027690,100,,Aggregated,150.700000,0.000000,620,770,910,940,990,1000,1300,1600,1800,2500,3800,120112,0,620,670.2263585026705,246.12587499723304,3849.9357500113547,0.0
1777027691,100,,Aggregated,150.500000,0.000000,620,770,910,940,990,1000,1300,1600,1800,2500,3800,120257,0,620,670.1134670647839,246.12587499723304,3849.9357500113547,0.0
1777027692,100,,Aggregated,150.900000,0.000000,620,770,910,940,990,1000,1300,1600,1800,2500,3800,120391,0,620,670.1145620493694,246.12587499723304,3849.9357500113547,0.0
1777027693,100,,Aggregated,149.900000,0.000000,620,770,910,940,990,1000,1300,1600,1800,2500,3800,120572,0,620,670.115869822749,246.12587499723304,3849.9357500113547,0.0
1777027694,100,,Aggregated,151.700000,0.000000,620,770,910,940,990,1000,1300,1600,1800,2500,3800,120707,0,620,670.0150518212905,246.12587499723304,3849.9357500113547,0.0
1777027695,100,,Aggregated,152.600000,0.000000,620,770,910,940,990,1000,1300,1600,1800,2500,3800,120891,0,620,669.9938533278691,246.12587499723304,3849.9357500113547,0.0
1777027696,100,,Aggregated,156.200000,0.000000,620,770,910,940,990,1000,1300,1600,1800,2500,3800,121041,0,620,669.9314269744334,246.12587499723304,3849.9357500113547,0.0
1777027697,100,,Aggregated,156.100000,0.000000,620,770,910,940,990,1000,1300,1600,1800,2500,3800,121202,0,620,669.9635427100086,246.12587499723304,3849.9357500113547,0.0
1777027698,100,,Aggregated,156.900000,0.000000,620,770,910,940,990,1000,1300,1600,1800,2500,3800,121331,0,620,669.9344615051176,246.12587499723304,3849.9357500113547,0.0
1777027699,100,,Aggregated,158.000000,0.000000,620,770,910,940,990,1000,1300,1600,1800,2500,3800,121489,0,620,669.9204317417501,246.12587499723304,3849.9357500113547,0.0
1777027700,100,,Aggregated,152.700000,0.000000,620,770,910,940,990,1000,1300,1600,1800,2500,3800,121635,0,620,670.0282127067911,246.12587499723304,3849.9357500113547,0.0
1777027701,100,,Aggregated,152.800000,0.000000,620,770,910,940,990,1000,1300,1600,1800,2500,3800,121711,0,620,669.8842855518523,246.12587499723304,3849.9357500113547,0.0
1777027702,100,,Aggregated,149.700000,0.000000,620,770,910,940,990,1000,1300,1600,1800,2500,3800,121862,0,620,670.1686987716716,246.12587499723304,3849.9357500113547,0.0
1777027703,100,,Aggregated,149.900000,0.000000,620,770,910,940,990,1000,1400,1600,1800,2500,3800,122032,0,620,670.450525879855,246.12587499723304,3849.9357500113547,0.0
1777027704,100,,Aggregated,148.300000,0.000000,620,770,910,940,990,1000,1400,1600,1800,2500,3800,122160,0,620,670.4312362390998,246.12587499723304,3849.9357500113547,0.0
1777027705,100,,Aggregated,145.500000,0.000000,620,770,910,940,990,1000,1400,1600,1800,2500,3800,122263,0,620,670.3519551303375,246.12587499723304,3849.9357500113547,0.0
1777027706,100,,Aggregated,142.800000,0.000000,620,770,910,940,990,1000,1400,1600,1800,2500,3800,122468,0,620,670.4289410688388,246.12587499723304,3849.9357500113547,0.0
1777027707,100,,Aggregated,144.500000,0.000000,620,770,910,940,990,1000,1400,1600,1800,2500,3800,122612,0,620,670.3058502184402,246.12587499723304,3849.9357500113547,0.0
1777027708,100,,Aggregated,138.100000,0.000000,620,770,910,940,990,1000,1400,1600,1800,2500,3800,122762,0,620,670.3225096041957,246.12587499723304,3849.9357500113547,0.0
1777027709,100,,Aggregated,140.800000,0.000000,620,770,910,940,990,1000,1300,1600,1800,2500,3800,122915,0,620,670.4026739926713,246.12587499723304,3849.9357500113547,0.0
1777027710,100,,Aggregated,142.900000,0.000000,620,770,910,940,990,1000,1300,1600,1800,2500,3800,123010,0,620,670.2697584344137,246.12587499723304,3849.9357500113547,0.0
1777027711,100,,Aggregated,143.200000,0.000000,620,770,910,940,990,1100,1400,1600,1800,2500,3800,123165,0,620,670.6340771419491,246.12587499723304,3849.9357500113547,0.0
1777027712,100,,Aggregated,143.600000,0.000000,620,770,910,940,990,1100,1400,1600,1800,2500,3800,123330,0,620,670.5440176851223,246.12587499723304,3849.9357500113547,0.0
1777027713,100,,Aggregated,137.400000,0.000000,620,770,910,940,990,1000,1400,1600,1800,2500,3800,123506,0,620,670.407962643702,246.12587499723304,3849.9357500113547,0.0
1777027714,100,,Aggregated,139.900000,0.000000,620,770,910,940,990,1000,1400,1600,1800,2500,3800,123641,0,620,670.3829947602015,246.12587499723304,3849.9357500113547,0.0
1777027715,100,,Aggregated,147.400000,0.000000,620,770,910,940,990,1000,1400,1600,1800,2500,3800,123828,0,620,670.3165699267457,246.12587499723304,3849.9357500113547,0.0
1777027716,100,,Aggregated,147.700000,0.000000,620,770,910,940,990,1000,1400,1600,1800,2500,3800,123978,0,620,670.2483449077504,246.12587499723304,3849.9357500113547,0.0
1777027717,100,,Aggregated,147.300000,0.000000,620,770,910,940,990,1000,1400,1600,1800,2500,3800,124157,0,620,670.1641282423712,246.12587499723304,3849.9357500113547,0.0
1777027718,100,,Aggregated,151.000000,0.000000,620,770,910,940,990,1000,1400,1600,1800,2500,3800,124302,0,620,670.1389357446565,246.12587499723304,3849.9357500113547,0.0
1777027719,100,,Aggregated,150.900000,0.000000,620,770,910,940,990,1000,1400,1600,1800,2500,3800,124475,0,620,670.0379344544941,246.12587499723304,3849.9357500113547,0.0
1777027720,100,,Aggregated,150.400000,0.000000,620,770,910,940,990,1000,1400,1600,1800,2500,3800,124602,0,620,669.9524046131456,246.12587499723304,3849.9357500113547,0.0
1777027721,100,,Aggregated,154.200000,0.000000,620,770,910,940,990,1000,1400,1600,1800,2500,3800,124752,0,620,669.9688353134077,246.12587499723304,3849.9357500113547,0.0
1777027722,100,,Aggregated,156.100000,0.000000,620,770,910,940,990,1000,1400,1600,1800,2500,3800,124926,0,620,670.002446614518,246.12587499723304,3849.9357500113547,0.0
1777027723,100,,Aggregated,161.800000,0.000000,620,770,910,940,990,1000,1400,1600,1800,2500,3800,125080,0,620,669.9688018902241,246.12587499723304,3849.9357500113547,0.0
1777027724,100,,Aggregated,160.400000,0.000000,620,770,910,940,990,1000,1400,1600,1800,2500,3800,125237,0,620,669.9428435693462,246.12587499723304,3849.9357500113547,0.0
1777027725,100,,Aggregated,160.100000,0.000000,620,770,910,940,990,1000,1400,1600,1800,2500,3800,125384,0,620,669.8682093908814,246.12587499723304,3849.9357500113547,0.0
1777027726,100,,Aggregated,159.900000,0.000000,620,770,910,940,990,1000,1400,1600,1800,2500,3800,125505,0,620,669.9016911973241,246.12587499723304,3849.9357500113547,0.0
1777027727,100,,Aggregated,158.800000,0.000000,620,770,910,940,990,1000,1400,1600,1800,2500,3800,125670,0,620,669.9370607375283,246.12587499723304,3849.9357500113547,0.0
1777027728,100,,Aggregated,158.500000,0.000000,620,770,910,940,990,1000,1400,1600,1800,2500,3800,125816,0,620,669.9814549094002,246.12587499723304,3849.9357500113547,0.0
1777027729,100,,Aggregated,156.200000,0.000000,620,770,910,940,990,1000,1400,1600,1800,2500,3800,125969,0,620,669.9535952324877,246.12587499723304,3849.9357500113547,0.0
1777027730,100,,Aggregated,155.000000,0.000000,620,770,910,940,990,1000,1300,1600,1800,2500,3800,126088,0,620,669.9635207058261,246.12587499723304,3849.9357500113547,0.0
1777027731,100,,Aggregated,151.000000,0.000000,620,770,910,940,990,1000,1300,1600,1800,2500,3800,126233,0,620,670.0572336549084,246.12587499723304,3849.9357500113547,0.0
1777027732,100,,Aggregated,151.800000,0.000000,620,770,910,940,990,1000,1300,1600,1800,2500,3800,126398,0,620,669.9919624311618,246.12587499723304,3849.9357500113547,0.0
1777027733,100,,Aggregated,151.300000,0.000000,620,770,910,940,990,1000,1300,1600,1800,2500,3800,126526,0,620,669.9640963277424,246.12587499723304,3849.9357500113547,0.0
1777027734,100,,Aggregated,150.900000,0.000000,620,770,910,940,990,1000,1300,1600,1800,2500,3800,126708,0,620,669.9554779914197,246.12587499723304,3849.9357500113547,0.0
1777027735,100,,Aggregated,149.600000,0.000000,620,770,910,940,990,1000,1300,1600,1800,2500,3800,126864,0,620,669.9180182954965,246.12587499723304,3849.9357500113547,0.0
1777027736,100,,Aggregated,146.900000,0.000000,620,770,910,940,990,1000,1300,1600,1800,2500,3800,127051,0,620,669.8665163238144,246.12587499723304,3849.9357500113547,0.0
1777027737,100,,Aggregated,149.000000,0.000000,620,770,910,940,990,1000,1300,1600,1800,2500,3800,127179,0,620,669.9266322787796,246.12587499723304,3849.9357500113547,0.0
1777027738,100,,Aggregated,149.800000,0.000000,620,770,910,940,990,1000,1300,1600,1800,2500,3800,127333,0,620,669.9383055623587,246.12587499723304,3849.9357500113547,0.0
1777027739,100,,Aggregated,146.200000,0.000000,620,770,910,940,990,1000,1300,1600,1800,2500,3800,127464,0,620,669.859578967034,246.12587499723304,3849.9357500113547,0.0
1777027740,100,,Aggregated,147.500000,0.000000,620,770,910,940,990,1000,1300,1600,1800,2500,3800,127592,0,620,669.8609014393937,246.12587499723304,3849.9357500113547,0.0
1777027741,100,,Aggregated,149.700000,0.000000,620,770,910,940,990,1000,1400,1600,1800,2500,3800,127753,0,620,669.9944631084535,246.12587499723304,3849.9357500113547,0.0
1777027742,100,,Aggregated,149.100000,0.000000,620,770,910,940,990,1000,1400,1600,1800,2500,3800,127917,0,620,670.0534429564431,246.12587499723304,3849.9357500113547,0.0
1777027743,100,,Aggregated,145.300000,0.000000,620,770,910,940,990,1000,1400,1600,1800,2500,3800,128079,0,620,670.001491271226,246.12587499723304,3849.9357500113547,0.0
1777027744,100,,Aggregated,149.500000,0.000000,620,770,910,940,990,1000,1400,1600,1800,2500,3800,128235,0,620,669.9159965459446,246.12587499723304,3849.9357500113547,0.0
1777027745,100,,Aggregated,146.100000,0.000000,620,770,910,940,990,1000,1400,1600,1800,2500,3800,128396,0,620,669.8357043492184,246.12587499723304,3849.9357500113547,0.0
1777027746,100,,Aggregated,149.900000,0.000000,620,770,910,940,990,1000,1400,1600,1800,2500,3800,128546,0,620,669.8180011296059,246.12587499723304,3849.9357500113547,0.0
1777027747,100,,Aggregated,147.300000,0.000000,620,770,910,940,990,1000,1400,1600,1800,2500,3800,128706,0,620,669.7969204857218,246.12587499723304,3849.9357500113547,0.0
1777027748,100,,Aggregated,149.700000,0.000000,620,770,910,940,990,1000,1300,1600,1800,2500,3800,128796,0,620,669.627888823476,246.12587499723304,3849.9357500113547,0.0
1777027749,100,,Aggregated,150.600000,0.000000,620,770,910,940,990,1000,1400,1600,1800,2500,3800,128925,0,620,669.9287190836326,246.12587499723304,3849.9357500113547,0.0
1777027750,100,,Aggregated,152.700000,0.000000,620,770,910,940,990,1000,1400,1600,1800,2500,3800,129090,0,620,669.8951861171535,246.12587499723304,3849.9357500113547,0.0
1777027751,100,,Aggregated,149.900000,0.000000,620,770,910,940,990,1100,1400,1600,1800,2500,3800,129238,0,620,670.1666634660819,246.12587499723304,3849.9357500113547,0.0
1777027752,100,,Aggregated,149.200000,0.000000,620,770,910,940,990,1100,1400,1600,1800,2500,3800,129392,0,620,670.1270223193825,246.12587499723304,3849.9357500113547,0.0
1777027753,100,,Aggregated,147.800000,0.000000,620,770,910,940,990,1100,1400,1600,1800,2500,3800,129502,0,620,670.0473457713204,246.12587499723304,3849.9357500113547,0.0
1777027754,100,,Aggregated,145.300000,0.000000,620,770,910,940,990,1100,1400,1600,1800,2500,3800,129655,0,620,670.1006020390068,246.12587499723304,3849.9357500113547,0.0
1777027755,100,,Aggregated,146.900000,0.000000,620,770,910,940,990,1100,1400,1600,1800,2500,3800,129824,0,620,670.1391303215999,246.12587499723304,3849.9357500113547,0.0
1777027756,100,,Aggregated,147.600000,0.000000,620,770,910,940,990,1100,1400,1600,1800,2500,3800,129991,0,620,670.0917049042571,246.12587499723304,3849.9357500113547,0.0
1777027757,100,,Aggregated,148.800000,0.000000,620,770,910,940,990,1100,1400,1600,1800,2500,3800,130139,0,620,670.0974902799638,246.12587499723304,3849.9357500113547,0.0
1777027758,100,,Aggregated,144.400000,0.000000,620,770,910,940,990,1100,1400,1600,1800,2500,3800,130281,0,620,670.0883925063766,246.12587499723304,3849.9357500113547,0.0
1777027759,100,,Aggregated,144.200000,0.000000,620,770,910,940,990,1100,1400,1600,1800,2500,3800,130414,0,620,670.0516865000105,246.12587499723304,3849.9357500113547,0.0
1777027760,100,,Aggregated,145.000000,0.000000,620,770,910,940,990,1100,1400,1600,1800,2500,3800,130579,0,620,670.0022702088274,246.12587499723304,3849.9357500113547,0.0
1777027761,100,,Aggregated,144.900000,0.000000,620,770,910,940,990,1000,1400,1600,1800,2500,3800,130758,0,620,669.997982099379,246.12587499723304,3849.9357500113547,0.0
1777027762,100,,Aggregated,147.100000,0.000000,620,770,910,940,990,1000,1400,1600,1800,2500,3800,130910,0,620,669.9524286000118,246.12587499723304,3849.9357500113547,0.0
1777027763,100,,Aggregated,154.900000,0.000000,620,770,910,940,990,1000,1400,1600,1800,2500,3800,131067,0,620,669.8430665974915,246.12587499723304,3849.9357500113547,0.0
1777027764,100,,Aggregated,154.800000,0.000000,620,770,910,940,990,1000,1400,1600,1800,2500,3800,131225,0,620,669.7982667881465,246.12587499723304,3849.9357500113547,0.0
1777027765,100,,Aggregated,156.000000,0.000000,620,770,910,940,990,1000,1400,1600,1800,2500,3800,131377,0,620,669.7717777606088,246.12587499723304,3849.9357500113547,0.0
1777027766,100,,Aggregated,154.300000,0.000000,620,770,910,940,990,1000,1400,1600,1800,2500,3800,131527,0,620,669.7997083201974,246.12587499723304,3849.9357500113547,0.0
1777027767,100,,Aggregated,154.200000,0.000000,620,770,910,940,990,1000,1400,1600,1800,2500,3800,131686,0,620,669.8315954039116,246.12587499723304,3849.9357500113547,0.0
1777027768,100,,Aggregated,155.100000,0.000000,620,770,910,940,990,1000,1400,1600,1800,2500,3800,131866,0,620,669.8032580104697,246.12587499723304,3849.9357500113547,0.0
1777027769,100,,Aggregated,155.200000,0.000000,620,770,910,940,990,1000,1400,1600,1800,2500,3800,132015,0,620,669.7802273985503,246.12587499723304,3849.9357500113547,0.0
1777027770,100,,Aggregated,152.900000,0.000000,620,770,910,940,990,1000,1400,1600,1800,2500,3800,132110,0,620,669.6574993589703,246.12587499723304,3849.9357500113547,0.0
1777027771,100,,Aggregated,155.700000,0.000000,620,770,910,940,990,1000,1400,1600,1800,2500,3800,132280,0,620,669.7413086737639,246.12587499723304,3849.9357500113547,0.0
1777027772,100,,Aggregated,156.300000,0.000000,620,770,910,940,990,1000,1400,1600,1800,2500,3800,132434,0,620,669.795015982651,246.12587499723304,3849.9357500113547,0.0
