Timestamp,User Count,Type,Name,Requests/s,Failures/s,50%,66%,75%,80%,90%,95%,98%,99%,99.9%,99.99%,100%,Total Request Count,Total Failure Count,Total Median Response Time,Total Average Response Time,Total Min Response Time,Total Max Response Time,Total Average Content Size
1777049109,0,,Aggregated,0.000000,0.000000,N/A,N/A,N/A,N/A,N/A,N/A,N/A,N/A,N/A,N/A,N/A,0,0,0,0.0,0,0,0
1777049110,10,,Aggregated,0.000000,0.000000,720,810,810,810,810,810,810,810,810,810,810,5,0,720,651.1459165951237,285.53887497400865,810.2766250085551,304.6
1777049111,20,,Aggregated,0.000000,0.000000,320,390,640,720,810,1700,1800,1800,1800,1800,1800,24,0,320,528.5337760384815,277.34412500285544,1766.5993749978952,304.0
1777049112,30,,Aggregated,0.000000,0.000000,320,330,390,620,810,1500,1700,1800,1800,1800,1800,58,0,320,458.25312134221696,277.34412500285544,1766.5993749978952,303.86206896551727
1777049113,40,,Aggregated,6.000000,0.000000,320,340,390,410,920,1500,2000,3800,3800,3800,3800,109,0,320,501.7560076229103,277.34412500285544,3849.927250004839,303.89908256880733
1777049114,50,,Aggregated,12.333333,0.000000,310,330,360,370,680,1500,2000,3800,3800,3800,3800,182,0,310,467.05424679544944,256.855584011646,3849.927250004839,303.9230769230769
1777049115,60,,Aggregated,19.750000,0.000000,320,350,370,390,660,1100,2000,3800,3900,3900,3900,275,0,320,459.85077380255626,256.855584011646,3871.0600839986,304.04727272727274
1777049116,70,,Aggregated,27.600000,0.000000,330,360,380,390,640,1100,3100,3900,6000,6000,6000,391,0,330,490.99381011434355,256.855584011646,5984.620666975388,304.0946291560102
1777049117,80,,Aggregated,37.166667,0.000000,350,380,400,420,610,950,2700,3800,6000,6000,6000,507,0,350,483.03023685949864,256.855584011646,5984.620666975388,304.10059171597635
1777049118,90,,Aggregated,46.571429,0.000000,370,390,440,490,640,950,2700,3800,6000,6000,6000,623,0,370,502.0861757028232,256.855584011646,5984.620666975388,304.1171749598716
1777049119,100,,Aggregated,55.000000,0.000000,380,430,510,520,680,1100,2800,3800,7900,7900,7900,735,0,380,528.9502590730767,256.855584011646,7910.724624991417,304.13197278911565
1777049120,100,,Aggregated,60.222222,0.000000,390,510,530,570,730,1100,2700,3900,8300,8300,8300,854,0,390,559.5338798862957,256.855584011646,8276.986292010406,304.11943793911007
1777049121,100,,Aggregated,66.300000,0.000000,420,520,560,620,720,1000,2700,3900,8300,8300,8300,966,0,420,573.9730910225913,256.855584011646,8276.986292010406,304.1262939958592
1777049122,100,,Aggregated,78.500000,0.000000,470,530,580,640,760,1100,2700,4000,8300,13000,13000,1075,0,470,600.2157212501435,256.855584011646,12867.581041995436,304.1274418604651
1777049123,100,,Aggregated,88.300000,0.000000,510,560,630,660,790,1100,3100,4700,8300,13000,13000,1216,0,510,635.86757083469,256.855584011646,12867.581041995436,304.1069078947368
1777049124,100,,Aggregated,98.400000,0.000000,520,610,680,700,790,1100,3100,4900,13000,13000,13000,1334,0,520,659.4519744639133,256.855584011646,13211.329750018194,304.1094452773613
1777049125,100,,Aggregated,106.600000,0.000000,530,650,690,720,800,1000,3100,6200,13000,14000,14000,1452,0,530,694.6723221238948,256.855584011646,14073.291708016768,304.1198347107438
1777049126,100,,Aggregated,112.200000,0.000000,550,680,710,740,810,950,3100,6200,13000,14000,14000,1564,0,550,705.3979288234458,256.855584011646,14073.291708016768,304.10997442455243
1777049127,100,,Aggregated,115.600000,0.000000,580,690,730,750,820,930,3000,6200,14000,16000,16000,1693,0,580,717.8379952622815,256.855584011646,15586.599709000438,304.105729474306
1777049128,100,,Aggregated,117.500000,0.000000,630,700,740,750,820,920,2800,6200,14000,16000,16000,1822,0,630,730.5653933770164,256.855584011646,15586.599709000438,304.11635565312844
1777049129,100,,Aggregated,118.400000,0.000000,650,720,750,760,820,890,2800,6200,14000,16000,16000,1948,0,650,745.4135352628371,256.855584011646,15586.599709000438,304.1006160164271
1777049130,100,,Aggregated,120.500000,0.000000,670,730,760,770,820,880,2700,6200,13000,16000,16000,2072,0,670,746.340142650016,256.855584011646,15586.599709000438,304.1003861003861
1777049131,100,,Aggregated,120.900000,0.000000,680,740,760,780,830,880,2200,6200,14000,21000,21000,2196,0,680,757.8172300731942,256.855584011646,21256.774791982025,304.1111111111111
1777049132,100,,Aggregated,121.300000,0.000000,690,750,770,780,830,880,2000,5800,14000,21000,21000,2319,0,690,759.6787883392427,256.855584011646,21256.774791982025,304.1159982751186
1777049133,100,,Aggregated,122.600000,0.000000,700,760,770,790,830,870,1900,4900,14000,21000,21000,2445,0,700,760.6579029300428,256.855584011646,21256.774791982025,304.11492842535785
1777049134,100,,Aggregated,122.200000,0.000000,700,760,780,790,840,880,1700,4700,14000,21000,21000,2555,0,700,762.7838019741591,256.855584011646,21256.774791982025,304.120156555773
1777049135,100,,Aggregated,122.200000,0.000000,710,760,780,790,850,900,1700,4700,16000,21000,21000,2690,0,710,770.0569545698471,256.855584011646,21256.774791982025,304.12193308550184
1777049136,100,,Aggregated,123.100000,0.000000,710,760,780,800,850,910,1600,4300,16000,21000,21000,2819,0,710,771.095671412196,256.855584011646,21256.774791982025,304.12096488116356
1777049137,100,,Aggregated,122.400000,0.000000,710,760,780,800,860,950,1500,4000,16000,21000,21000,2936,0,710,771.6962776024469,256.855584011646,21256.774791982025,304.1239782016349
1777049138,100,,Aggregated,123.000000,0.000000,710,760,790,800,860,1000,1500,4000,14000,21000,21000,3060,0,710,772.5831540600291,256.855584011646,21256.774791982025,304.1202614379085
1777049139,100,,Aggregated,123.700000,0.000000,710,760,790,810,860,1000,1500,4000,14000,21000,21000,3183,0,710,773.4398391868539,256.855584011646,21256.774791982025,304.12598177819666
1777049140,100,,Aggregated,123.900000,0.000000,710,760,790,800,860,1000,1400,3800,14000,21000,21000,3323,0,710,770.4115316640855,256.855584011646,21256.774791982025,304.13331327114054
1777049141,100,,Aggregated,122.600000,0.000000,710,770,790,810,870,1000,1400,3800,16000,24000,24000,3446,0,710,778.5023026601559,256.855584011646,23729.504916991573,304.1282646546721
1777049142,100,,Aggregated,124.400000,0.000000,720,770,790,810,870,1000,1400,3800,16000,24000,24000,3572,0,720,779.1884837550382,256.855584011646,23729.504916991573,304.12877939529676
1777049143,100,,Aggregated,124.400000,0.000000,720,770,790,810,870,1000,1400,3700,16000,24000,24000,3697,0,720,779.5323948293233,256.855584011646,23729.504916991573,304.13551528266163
1777049144,100,,Aggregated,124.500000,0.000000,730,780,800,810,870,970,1400,3100,16000,24000,24000,3821,0,730,780.2327313677328,256.855584011646,23729.504916991573,304.1363517403821
1777049145,100,,Aggregated,124.800000,0.000000,730,780,800,820,870,1000,1300,3100,16000,24000,24000,3912,0,730,784.7617796996308,256.855584011646,23729.504916991573,304.13803680981596
1777049146,100,,Aggregated,124.800000,0.000000,730,780,800,820,880,1000,1300,3000,14000,24000,24000,4070,0,730,781.8987972304719,256.855584011646,23729.504916991573,304.13906633906635
1777049147,100,,Aggregated,124.400000,0.000000,740,780,800,820,870,1000,1300,2800,14000,24000,24000,4193,0,740,781.779822099947,256.855584011646,23729.504916991573,304.1390412592416
1777049148,100,,Aggregated,124.200000,0.000000,740,780,800,820,870,1000,1200,2700,14000,24000,24000,4318,0,740,782.3509179083078,256.855584011646,23729.504916991573,304.14080592867066
1777049149,100,,Aggregated,124.600000,0.000000,750,790,800,820,870,1000,1200,2700,14000,24000,24000,4433,0,750,782.5648122941541,256.855584011646,23729.504916991573,304.1423415294383
1777049150,100,,Aggregated,124.800000,0.000000,750,790,800,820,870,1000,1200,2200,14000,24000,24000,4565,0,750,782.9050332017537,256.855584011646,23729.504916991573,304.1408543263965
1777049151,100,,Aggregated,125.900000,0.000000,750,790,800,820,870,1000,1200,2000,14000,24000,24000,4688,0,750,783.499862845128,256.855584011646,23729.504916991573,304.1429180887372
1777049152,100,,Aggregated,124.000000,0.000000,750,790,800,820,870,1000,1200,2000,14000,24000,24000,4811,0,750,784.1633107942083,256.855584011646,23729.504916991573,304.14071918520057
1777049153,100,,Aggregated,123.300000,0.000000,750,790,800,820,880,1000,1200,1900,14000,24000,24000,4927,0,750,784.4373687968051,256.855584011646,23729.504916991573,304.1430891008727
1777049154,100,,Aggregated,123.600000,0.000000,750,790,800,820,880,1000,1200,1900,13000,24000,24000,5058,0,750,784.468614912238,256.855584011646,23729.504916991573,304.1395808620008
1777049155,100,,Aggregated,122.000000,0.000000,750,790,810,830,880,1000,1200,1800,13000,24000,24000,5186,0,750,785.4088270695754,256.855584011646,23729.504916991573,304.1407635942923
1777049156,100,,Aggregated,122.700000,0.000000,750,790,810,830,880,1000,1200,1700,13000,24000,24000,5321,0,750,785.0227649289349,256.855584011646,23729.504916991573,304.1426423604586
1777049157,100,,Aggregated,125.200000,0.000000,750,790,810,830,880,1000,1200,1700,13000,24000,24000,5439,0,750,784.5036651468421,256.855584011646,23729.504916991573,304.13991542562974
1777049158,100,,Aggregated,124.700000,0.000000,750,790,810,830,880,1000,1200,1700,13000,24000,24000,5560,0,750,785.5507647296313,256.855584011646,23729.504916991573,304.1424460431655
1777049159,100,,Aggregated,124.300000,0.000000,750,790,810,830,880,1000,1200,1700,13000,24000,24000,5683,0,750,785.9829818285797,256.855584011646,23729.504916991573,304.1451698046806
1777049160,100,,Aggregated,124.000000,0.000000,760,790,810,830,880,1000,1200,1600,13000,24000,24000,5809,0,760,786.3951148259772,256.855584011646,23729.504916991573,304.1475296953004
1777049161,100,,Aggregated,124.000000,0.000000,760,790,810,830,880,1000,1200,1600,13000,24000,24000,5926,0,760,786.3888548400162,256.855584011646,23729.504916991573,304.1484981437732
1777049162,100,,Aggregated,123.700000,0.000000,760,790,810,830,880,1000,1200,1500,13000,24000,24000,6055,0,760,786.5784984847442,256.855584011646,23729.504916991573,304.1478117258464
1777049163,100,,Aggregated,124.600000,0.000000,760,800,810,830,880,1000,1200,1500,13000,24000,24000,6183,0,760,786.8825537883474,256.855584011646,23729.504916991573,304.14895681707907
1777049164,100,,Aggregated,124.500000,0.000000,760,800,810,830,880,1000,1200,1500,13000,24000,24000,6306,0,760,786.8923374616786,256.855584011646,23729.504916991573,304.14969869965114
1777049165,100,,Aggregated,125.700000,0.000000,760,800,820,840,880,1000,1200,1500,13000,24000,24000,6425,0,760,787.7219677474438,256.855584011646,23729.504916991573,304.1501945525292
1777049166,100,,Aggregated,125.100000,0.000000,760,800,820,840,880,1000,1200,1500,13000,24000,24000,6551,0,760,788.0094136678995,256.855584011646,23729.504916991573,304.1509693176614
1777049167,100,,Aggregated,124.300000,0.000000,770,800,820,840,880,1000,1200,1500,13000,24000,24000,6671,0,770,788.128147095508,256.855584011646,23729.504916991573,304.1533503222905
1777049168,100,,Aggregated,123.800000,0.000000,770,800,820,840,880,1000,1200,1500,13000,24000,24000,6789,0,770,788.2783623666234,256.855584011646,23729.504916991573,304.1545146560613
1777049169,100,,Aggregated,123.600000,0.000000,770,800,820,840,880,1000,1200,1400,13000,24000,24000,6910,0,770,788.4541162598845,256.855584011646,23729.504916991573,304.1551374819103
1777049170,100,,Aggregated,123.100000,0.000000,770,800,820,840,880,1000,1200,1500,13000,60000,60000,7030,1,770,797.8136559961548,256.855584011646,60007.610667002155,304.1128022759602
1777049171,100,,Aggregated,124.000000,0.000000,770,800,820,840,880,1000,1200,1400,13000,60000,60000,7162,1,770,797.4324158560377,256.855584011646,60007.610667002155,304.1129572745043
1777049172,100,,Aggregated,122.700000,0.000000,770,800,820,840,890,1000,1200,1500,13000,60000,60000,7276,1,770,797.8401204108096,256.855584011646,60007.610667002155,304.1131115997801
1777049173,100,,Aggregated,123.200000,0.100000,760,800,820,840,890,1000,1200,1500,13000,60000,60000,7426,1,760,796.9279640821591,256.855584011646,60007.610667002155,304.11378938863453
1777049174,100,,Aggregated,120.800000,0.100000,760,800,820,840,890,1000,1200,1500,13000,60000,60000,7555,1,760,796.0436402357383,256.855584011646,60007.610667002155,304.1151555261416
1777049175,100,,Aggregated,121.300000,0.100000,770,800,820,840,890,1000,1200,1500,13000,60000,60000,7681,1,770,796.1490611056174,256.855584011646,60007.610667002155,304.1158703293842
1777049176,100,,Aggregated,124.400000,0.100000,770,800,820,840,890,1000,1200,1500,13000,60000,60000,7807,1,770,795.9051476580412,256.855584011646,60007.610667002155,304.11656205969
1777049177,100,,Aggregated,124.200000,0.100000,770,800,820,840,880,1000,1200,1500,13000,60000,60000,7934,1,770,795.6299893160373,256.855584011646,60007.610667002155,304.1150743634989
1777049178,100,,Aggregated,125.300000,0.100000,770,800,820,840,880,1000,1200,1500,13000,60000,60000,8059,1,770,795.5409997650527,256.855584011646,60007.610667002155,304.11291723538903
1777049179,100,,Aggregated,125.100000,0.100000,770,800,820,840,880,1000,1200,1400,13000,60000,60000,8183,1,770,795.486072984057,256.855584011646,60007.610667002155,304.11267261395574
1777049180,100,,Aggregated,125.100000,0.100000,770,800,820,840,880,1000,1200,1400,13000,60000,60000,8308,1,770,795.6341990821448,256.855584011646,60007.610667002155,304.10893115069814
1777049181,100,,Aggregated,124.700000,0.100000,770,800,820,840,880,1000,1200,1400,13000,60000,60000,8433,1,770,795.713123895845,256.855584011646,60007.610667002155,304.11004387525196
1777049182,100,,Aggregated,126.600000,0.100000,770,800,820,840,880,1000,1200,1400,13000,60000,60000,8558,1,770,795.5723597912906,256.855584011646,60007.610667002155,304.10902079925216
1777049183,100,,Aggregated,125.800000,0.000000,770,800,820,840,880,1000,1200,1400,13000,60000,60000,8682,1,770,795.6523624227275,256.855584011646,60007.610667002155,304.1097673347155
1777049184,100,,Aggregated,128.300000,0.000000,770,800,820,840,880,1000,1200,1400,13000,60000,60000,8798,1,770,795.8570376852858,256.855584011646,60007.610667002155,304.10945669470334
1777049185,100,,Aggregated,128.000000,0.000000,770,800,820,840,880,1000,1200,1400,13000,60000,60000,8918,1,770,796.5195275909721,256.855584011646,60007.610667002155,304.1095537115945
1777049186,100,,Aggregated,124.700000,0.000000,770,800,820,840,880,1000,1200,1400,13000,60000,60000,9055,1,770,796.3894532357926,256.855584011646,60007.610667002155,304.1097736057427
1777049187,100,,Aggregated,124.400000,0.000000,770,800,820,840,880,1000,1200,1400,13000,60000,60000,9170,1,770,796.3294071936864,256.855584011646,60007.610667002155,304.10894220283535
1777049188,100,,Aggregated,123.200000,0.000000,770,800,820,840,880,1000,1200,1400,13000,60000,60000,9303,1,770,796.2296351499573,256.855584011646,60007.610667002155,304.1109319574331
1777049189,100,,Aggregated,123.500000,0.000000,770,800,820,840,890,1000,1200,1400,13000,60000,60000,9420,1,770,796.0736851787909,256.855584011646,60007.610667002155,304.11050955414015
1777049190,100,,Aggregated,124.800000,0.000000,770,800,820,840,880,1000,1200,1400,13000,60000,60000,9554,1,770,795.4976235527839,256.855584011646,60007.610667002155,304.11147163491734
1777049191,100,,Aggregated,123.400000,0.000000,770,800,820,840,880,1000,1200,1400,13000,60000,60000,9680,1,770,795.5118158244279,256.855584011646,60007.610667002155,304.11064049586776
1777049192,100,,Aggregated,123.800000,0.000000,770,800,820,840,880,1000,1200,1400,13000,60000,60000,9804,1,770,795.5605080890796,256.855584011646,60007.610667002155,304.109445124439
1777049193,100,,Aggregated,124.500000,0.000000,770,800,820,840,880,1000,1200,1400,13000,60000,60000,9933,1,770,797.6761065102814,256.855584011646,60007.610667002155,304.11134601832276
1777049194,100,,Aggregated,124.300000,0.000000,780,800,820,840,880,1000,1200,1400,13000,24000,60000,10057,1,780,797.6288049295863,256.855584011646,60007.610667002155,304.1131550164065
1777049195,100,,Aggregated,124.300000,0.000000,780,800,820,840,880,1000,1200,1400,13000,24000,60000,10174,1,780,797.526602323911,256.855584011646,60007.610667002155,304.1145075683114
1777049196,100,,Aggregated,124.600000,0.000000,780,800,820,840,880,1000,1200,1400,13000,24000,60000,10302,1,780,797.623269890758,256.855584011646,60007.610667002155,304.1161910308678
1777049197,100,,Aggregated,125.200000,0.000000,780,800,820,840,880,1000,1200,1400,13000,24000,60000,10434,1,780,797.6567272060314,256.855584011646,60007.610667002155,304.1154878282538
1777049198,100,,Aggregated,125.900000,0.000000,780,800,820,840,880,1000,1200,1400,13000,24000,60000,10560,1,780,797.5913568187187,256.855584011646,60007.610667002155,304.1163825757576
1777049199,100,,Aggregated,125.600000,0.000000,780,800,820,840,880,1000,1200,1400,13000,24000,60000,10683,1,780,797.5544799803928,256.855584011646,60007.610667002155,304.11569783768607
1777049200,100,,Aggregated,125.000000,0.000000,780,800,820,840,880,1000,1100,1400,13000,24000,60000,10806,1,780,797.7736275568611,256.855584011646,60007.610667002155,304.1166944290209
1777049201,100,,Aggregated,126.300000,0.000000,780,800,820,840,880,1000,1100,1400,13000,24000,60000,10929,1,780,798.3309293551573,256.855584011646,60007.610667002155,304.1171195900814
1777049202,100,,Aggregated,124.600000,0.000000,780,800,820,840,880,1000,1100,1300,12000,24000,60000,11059,1,780,798.1477602189622,256.855584011646,60007.610667002155,304.11809386020434
1777049203,100,,Aggregated,124.400000,0.000000,780,800,820,840,880,1000,1100,1300,12000,24000,60000,11170,1,780,797.9844508368582,256.855584011646,60007.610667002155,304.11754700089523
1777049204,100,,Aggregated,124.800000,0.000000,780,800,820,840,880,1000,1100,1300,12000,24000,60000,11301,1,780,798.0056728655683,256.855584011646,60007.610667002155,304.1180426510928
1777049205,100,,Aggregated,124.200000,0.000000,780,800,830,850,880,1000,1200,1400,12000,24000,60000,11427,1,780,798.7619273180828,256.855584011646,60007.610667002155,304.119191388816
1777049206,100,,Aggregated,123.800000,0.000000,780,800,820,850,880,1000,1200,1400,12000,24000,60000,11566,1,780,797.9690841337134,256.855584011646,60007.610667002155,304.11992045651044
1777049207,100,,Aggregated,123.800000,0.000000,780,800,820,850,880,1000,1200,1400,12000,24000,60000,11681,1,780,797.5274881657642,256.855584011646,60007.610667002155,304.11933909768
1777049208,100,,Aggregated,124.500000,0.000000,780,800,820,850,880,1000,1200,1400,12000,24000,60000,11815,1,780,797.4288205927488,256.855584011646,60007.610667002155,304.12001692763437
1777049209,100,,Aggregated,125.400000,0.000000,780,800,820,850,880,1000,1200,1400,12000,24000,60000,11945,1,780,797.2913107374121,256.855584011646,60007.610667002155,304.12205943909584
1777049210,100,,Aggregated,125.300000,0.000000,780,800,820,850,880,1000,1200,1400,12000,24000,60000,12070,1,780,797.2913887502435,256.855584011646,60007.610667002155,304.12236951118473
1777049211,100,,Aggregated,125.400000,0.000000,780,800,820,840,880,1000,1200,1300,12000,24000,60000,12196,1,780,797.2605272325029,256.855584011646,60007.610667002155,304.12356510331256
1777049212,100,,Aggregated,126.500000,0.000000,780,800,820,850,880,1000,1200,1300,12000,24000,60000,12324,1,780,797.3199857363372,256.855584011646,60007.610667002155,304.124229146381
1777049213,100,,Aggregated,125.600000,0.000000,780,800,820,850,880,1000,1100,1300,12000,24000,60000,12447,1,780,797.3734064731015,256.855584011646,60007.610667002155,304.12404595484855
1777049214,100,,Aggregated,125.800000,0.000000,780,800,820,840,880,1000,1100,1300,12000,24000,60000,12574,1,780,797.266344519945,256.855584011646,60007.610667002155,304.1257356449817
1777049215,100,,Aggregated,126.600000,0.000000,780,800,820,840,880,1000,1100,1300,12000,24000,60000,12700,1,780,797.2891834643883,256.855584011646,60007.610667002155,304.12543307086617
1777049216,100,,Aggregated,126.900000,0.000000,780,800,820,840,880,1000,1100,1300,12000,24000,60000,12826,1,780,797.2419979302872,256.855584011646,60007.610667002155,304.12607204116637
1777049217,100,,Aggregated,126.900000,0.000000,780,800,820,840,880,1000,1100,1300,12000,24000,60000,12952,1,780,797.1498760486908,256.855584011646,60007.610667002155,304.12669857937
1777049218,100,,Aggregated,126.700000,0.000000,780,800,820,850,880,1000,1100,1300,11000,24000,60000,13066,1,780,797.3882704887105,256.855584011646,60007.610667002155,304.1271238328486
1777049219,100,,Aggregated,125.800000,0.000000,780,800,820,850,880,1000,1100,1300,11000,24000,60000,13193,1,780,797.486784288539,256.855584011646,60007.610667002155,304.12779504282577
1777049220,100,,Aggregated,125.000000,0.000000,780,800,820,850,880,1000,1100,1300,11000,24000,60000,13317,1,780,797.4354901123893,256.855584011646,60007.610667002155,304.1276563790644
1777049221,100,,Aggregated,123.500000,0.000000,780,800,830,850,880,1000,1200,1300,11000,24000,60000,13438,1,780,797.737998923564,256.855584011646,60007.610667002155,304.1277719898794
1777049222,100,,Aggregated,124.900000,0.000000,780,800,830,850,880,1000,1200,1300,11000,24000,60000,13557,1,780,798.0009962988771,256.855584011646,60007.610667002155,304.1293796562661
1777049223,100,,Aggregated,124.700000,0.000000,780,800,830,850,880,1000,1200,1300,11000,24000,60000,13709,1,780,797.089742096932,256.855584011646,60007.610667002155,304.12823692464804
1777049224,100,,Aggregated,123.500000,0.000000,780,800,820,850,880,1000,1200,1300,11000,24000,60000,13836,1,780,796.9138122522234,256.855584011646,60007.610667002155,304.12814397224633
1777049225,100,,Aggregated,125.200000,0.000000,780,800,830,850,880,1000,1200,1300,11000,24000,60000,13957,1,780,796.9882572091343,256.855584011646,60007.610667002155,304.1272479759261
1777049226,100,,Aggregated,125.800000,0.000000,780,800,830,850,880,1000,1200,1300,11000,24000,60000,14085,1,780,797.07396291792,256.855584011646,60007.610667002155,304.1285055023074
1777049227,100,,Aggregated,126.100000,0.000000,780,800,830,850,880,1000,1200,1300,11000,24000,60000,14213,1,780,796.9499088239563,256.855584011646,60007.610667002155,304.1290367972982
1777049228,100,,Aggregated,125.200000,0.000000,780,800,830,850,880,1000,1200,1300,11000,24000,60000,14337,1,780,797.0017669102888,256.855584011646,60007.610667002155,304.12889725884077
1777049229,100,,Aggregated,125.500000,0.000000,780,800,830,850,880,1000,1100,1300,11000,24000,60000,14464,1,780,796.9305746125359,256.855584011646,60007.610667002155,304.1293556415929
1777049230,100,,Aggregated,126.400000,0.000000,780,800,830,850,880,1000,1100,1300,11000,24000,60000,14580,1,780,796.9273333949756,256.855584011646,60007.610667002155,304.1292866941015
1777049231,100,,Aggregated,127.700000,0.000000,780,800,830,850,880,1000,1100,1300,11000,24000,60000,14709,1,780,796.981445100939,256.855584011646,60007.610667002155,304.12930858657967
1777049232,100,,Aggregated,126.300000,0.000000,780,800,830,850,880,1000,1100,1300,11000,24000,60000,14836,1,780,797.09254781631,256.855584011646,60007.610667002155,304.1284038824481
1777049233,100,,Aggregated,127.200000,0.000000,780,800,830,850,880,1000,1100,1300,11000,24000,60000,14965,1,780,796.9584588724123,256.855584011646,60007.610667002155,304.12829936518546
1777049234,100,,Aggregated,126.500000,0.000000,780,800,830,850,880,1000,1100,1300,9400,24000,60000,15089,1,780,797.1224181652661,256.855584011646,60007.610667002155,304.12830538803104
1777049235,100,,Aggregated,125.300000,0.000000,780,810,830,850,880,1000,1100,1300,9400,24000,60000,15201,1,780,797.4419964527754,256.855584011646,60007.610667002155,304.1277547529768
1777049236,100,,Aggregated,125.300000,0.000000,780,810,830,850,880,1000,1200,1300,9400,24000,60000,15337,1,780,797.2820155641609,256.855584011646,60007.610667002155,304.1276651235574
1777049237,100,,Aggregated,124.900000,0.000000,780,810,830,850,880,1000,1200,1300,9400,24000,60000,15459,1,780,797.3387802358995,256.855584011646,60007.610667002155,304.1276926062488
1777049238,100,,Aggregated,124.700000,0.000000,780,810,830,850,880,1000,1200,1300,9400,24000,60000,15574,1,780,797.3434319965115,256.855584011646,60007.610667002155,304.1286117888789
1777049239,100,,Aggregated,125.000000,0.000000,780,810,830,850,880,1000,1200,1300,9400,24000,60000,15699,1,780,797.3357597667755,256.855584011646,60007.610667002155,304.12803363271547
1777049240,100,,Aggregated,124.400000,0.000000,780,810,830,850,880,1000,1200,1300,9400,24000,60000,15844,1,780,797.20133011421,256.855584011646,60007.610667002155,304.1269250189346
1777049241,100,,Aggregated,123.100000,0.000000,780,810,830,850,880,1000,1200,1300,9400,24000,60000,15968,1,780,796.9645537302341,256.855584011646,60007.610667002155,304.1270666332665
1777049242,100,,Aggregated,122.600000,0.000000,780,810,830,850,880,1000,1200,1300,9100,24000,60000,16090,1,780,796.8616313397933,256.855584011646,60007.610667002155,304.12660037290243
1777049243,100,,Aggregated,124.900000,0.000000,780,810,830,850,880,1000,1200,1300,9100,24000,60000,16220,1,780,796.8964237494064,256.855584011646,60007.610667002155,304.12681874229344
1777049244,100,,Aggregated,126.600000,0.000000,780,810,830,850,880,1000,1200,1300,9100,24000,60000,16348,1,780,796.8898405438164,256.855584011646,60007.610667002155,304.12704918032784
1777049245,100,,Aggregated,124.900000,0.000000,780,810,830,850,880,1000,1200,1300,9100,24000,60000,16476,1,780,796.8930932880156,256.855584011646,60007.610667002155,304.1272760378733
1777049246,100,,Aggregated,124.800000,0.000000,780,810,830,850,880,1000,1200,1300,9100,24000,60000,16600,1,780,796.8218797825059,256.855584011646,60007.610667002155,304.1277710843373
1777049247,100,,Aggregated,125.200000,0.000000,780,810,830,850,880,1000,1200,1300,9100,24000,60000,16724,1,780,796.8560272719138,256.855584011646,60007.610667002155,304.12849796699356
1777049248,100,,Aggregated,126.400000,0.000000,780,810,830,850,880,1000,1100,1300,9100,24000,60000,16853,1,780,796.842817085161,256.855584011646,60007.610667002155,304.1285231116122
1777049249,100,,Aggregated,125.600000,0.000000,780,810,830,850,880,1000,1100,1300,9100,24000,60000,16978,1,780,796.8591014108853,256.855584011646,60007.610667002155,304.13093415007654
1777049250,100,,Aggregated,126.100000,0.000000,780,810,830,850,880,1000,1100,1300,8300,24000,60000,17104,1,780,796.8418243101036,256.855584011646,60007.610667002155,304.13160664172125
1777049252,100,,Aggregated,127.600000,0.000000,780,810,830,850,880,1000,1100,1300,8300,24000,60000,17223,1,780,796.9756824181686,256.855584011646,60007.610667002155,304.1308715090286
1777049253,100,,Aggregated,125.700000,0.000000,780,810,830,850,880,1000,1200,1300,8300,24000,60000,17353,1,780,797.4275210773459,256.855584011646,60007.610667002155,304.13035210050134
1777049254,100,,Aggregated,125.700000,0.000000,780,810,830,850,880,1000,1200,1300,8300,24000,60000,17463,1,780,797.4176392587325,256.855584011646,60007.610667002155,304.1302181755712
1777049255,100,,Aggregated,124.800000,0.000000,780,810,830,850,880,1000,1200,1300,8300,24000,60000,17598,1,780,797.2417123821583,256.855584011646,60007.610667002155,304.13052619615866
1777049256,100,,Aggregated,124.300000,0.000000,780,810,830,850,880,1000,1200,1300,8300,24000,60000,17730,1,780,797.1448624790295,256.855584011646,60007.610667002155,304.13068245910887
1777049257,100,,Aggregated,124.900000,0.000000,780,810,830,850,880,1000,1200,1300,8300,24000,60000,17847,1,780,797.1289919127607,256.855584011646,60007.610667002155,304.1315627276293
1777049258,100,,Aggregated,125.000000,0.000000,780,810,830,850,880,1000,1200,1300,8300,24000,60000,17990,1,780,796.6388260422984,256.855584011646,60007.610667002155,304.1317954419122
1777049259,100,,Aggregated,124.300000,0.000000,780,810,830,850,880,1000,1200,1300,8200,24000,60000,18118,1,780,796.4044324064465,256.855584011646,60007.610667002155,304.1322993707915
1777049260,100,,Aggregated,126.000000,0.000000,780,810,830,850,880,1000,1200,1300,8200,24000,60000,18242,1,780,796.3899176037655,256.855584011646,60007.610667002155,304.1324964367942
1777049261,100,,Aggregated,126.000000,0.000000,780,810,830,850,880,1000,1200,1300,8200,24000,60000,18368,1,780,796.4131924102137,256.855584011646,60007.610667002155,304.1331119337979
1777049262,100,,Aggregated,126.000000,0.000000,780,810,830,850,880,1000,1200,1300,8200,24000,60000,18496,1,780,796.3983937802253,256.855584011646,60007.610667002155,304.1337045847751
1777049263,100,,Aggregated,126.000000,0.000000,780,810,830,850,880,1000,1200,1300,8200,24000,60000,18620,1,780,796.3634532458252,256.855584011646,60007.610667002155,304.13367346938776
1777049264,100,,Aggregated,126.800000,0.000000,780,810,830,850,880,1000,1200,1300,8200,24000,60000,18745,1,780,796.4327610197076,256.855584011646,60007.610667002155,304.1332622032542
1777049265,100,,Aggregated,126.600000,0.000000,780,810,830,850,880,1000,1100,1300,8200,24000,60000,18872,1,780,796.4725052980832,256.855584011646,60007.610667002155,304.1341140313692
1777049266,100,,Aggregated,126.600000,0.000000,780,810,830,850,880,1000,1100,1300,8200,24000,60000,18990,1,780,796.418917251743,256.855584011646,60007.610667002155,304.134439178515
1777049267,100,,Aggregated,125.900000,0.000000,780,810,830,850,880,1000,1100,1300,8200,24000,60000,19122,1,780,796.4609879079402,256.855584011646,60007.610667002155,304.13497542098105
1777049268,100,,Aggregated,126.300000,0.000000,780,810,830,850,880,1000,1100,1300,8200,24000,60000,19248,1,780,796.4430006182765,256.855584011646,60007.610667002155,304.13440357439737
1777049269,100,,Aggregated,127.200000,0.000000,790,810,830,850,880,1000,1100,1300,8200,24000,60000,19370,1,790,796.6165775695758,256.855584011646,60007.610667002155,304.1346928239546
1777049270,100,,Aggregated,127.200000,0.000000,790,810,830,850,880,1000,1100,1300,8200,24000,60000,19483,1,790,796.6464717502195,256.855584011646,60007.610667002155,304.13519478519737
1777049271,100,,Aggregated,124.300000,0.000000,790,810,830,850,880,1000,1100,1300,8200,24000,60000,19620,1,790,796.7517577146045,256.855584011646,60007.610667002155,304.13532110091745
1777049272,100,,Aggregated,124.500000,0.000000,780,810,830,850,880,1000,1100,1300,8200,24000,60000,19754,1,780,796.4850678614805,256.855584011646,60007.610667002155,304.13490938544095
1777049273,100,,Aggregated,125.400000,0.000000,780,810,830,850,880,1000,1100,1300,8200,24000,60000,19876,1,780,796.637810849752,256.855584011646,60007.610667002155,304.1346850472932
1777049274,100,,Aggregated,124.200000,0.000000,780,810,830,850,880,1000,1100,1300,7900,22000,60000,20008,1,780,796.4927204989432,256.855584011646,60007.610667002155,304.1342962814874
1777049275,100,,Aggregated,124.500000,0.000000,780,810,830,850,880,1000,1100,1300,7900,22000,60000,20135,1,780,796.2538114824267,256.855584011646,60007.610667002155,304.13469083685123
1777049276,100,,Aggregated,125.800000,0.000000,780,810,830,850,880,1000,1100,1300,7900,22000,60000,20256,1,780,796.3639386408735,256.855584011646,60007.610667002155,304.1354166666667
1777049277,100,,Aggregated,126.500000,0.000000,790,810,830,850,880,1000,1100,1300,7900,22000,60000,20382,1,790,796.4255133117127,256.855584011646,60007.610667002155,304.13644392110683
1777049278,100,,Aggregated,124.900000,0.000000,790,810,830,850,880,1000,1100,1300,7900,22000,60000,20503,1,790,796.2964081430706,256.855584011646,60007.610667002155,304.13646783397553
1777049279,100,,Aggregated,125.300000,0.000000,790,810,830,850,880,1000,1100,1300,7900,22000,60000,20634,1,790,796.3071941591263,256.855584011646,60007.610667002155,304.1361345352331
1777049280,100,,Aggregated,125.600000,0.000000,790,810,830,850,880,1000,1100,1300,7900,22000,60000,20764,1,790,796.2919600203899,256.855584011646,60007.610667002155,304.1362454247736
1777049281,100,,Aggregated,126.500000,0.000000,790,810,830,850,880,1000,1100,1300,7900,22000,60000,20891,1,790,796.3163016789155,256.855584011646,60007.610667002155,304.1368053228663
1777049282,100,,Aggregated,126.400000,0.000000,790,810,830,850,880,990,1100,1300,7500,22000,60000,21016,1,790,796.2367971367654,256.855584011646,60007.610667002155,304.1379425199848
1777049283,100,,Aggregated,125.400000,0.000000,790,810,830,850,880,990,1100,1300,7500,22000,60000,21143,1,790,796.2095141895302,256.855584011646,60007.610667002155,304.1370666414416
1777049284,100,,Aggregated,126.500000,0.000000,790,810,830,850,880,990,1100,1300,7500,22000,60000,21269,1,790,796.2144115441347,256.855584011646,60007.610667002155,304.13663077718746
1777049285,100,,Aggregated,126.500000,0.000000,790,810,830,850,880,980,1100,1300,7500,22000,60000,21389,1,790,796.2638335422009,256.855584011646,60007.610667002155,304.1363317593155
1777049286,100,,Aggregated,125.400000,0.000000,790,810,830,850,880,1000,1100,1300,7500,22000,60000,21464,1,790,796.7735546327026,256.855584011646,60007.610667002155,304.1362746925084
1777049287,100,,Aggregated,125.500000,0.000000,790,810,830,850,880,1000,1100,1300,7500,22000,60000,21595,1,790,797.4663146142283,256.855584011646,60007.610667002155,304.13605001157674
1777049288,100,,Aggregated,121.800000,0.000000,790,810,830,850,880,1000,1100,1300,7500,22000,60000,21741,1,790,797.200701923053,256.855584011646,60007.610667002155,304.1348604020054
1777049289,100,,Aggregated,121.200000,0.000000,790,810,830,850,880,1000,1100,1300,7500,22000,60000,21872,1,790,797.0967146129303,256.855584011646,60007.610667002155,304.1349213606438
1777049290,100,,Aggregated,122.900000,0.000000,790,810,830,850,880,1000,1100,1300,7500,22000,60000,21993,1,790,797.1615262303991,256.855584011646,60007.610667002155,304.1351339062429
1777049291,100,,Aggregated,123.100000,0.000000,790,810,830,850,880,1000,1100,1300,6500,22000,60000,22126,1,790,796.9617461812363,256.855584011646,60007.610667002155,304.13418602549035
1777049292,100,,Aggregated,122.000000,0.000000,790,810,830,850,880,1000,1100,1300,6500,22000,60000,22255,1,790,797.0284909330957,256.855584011646,60007.610667002155,304.1341720961582
1777049293,100,,Aggregated,123.400000,0.000000,790,810,830,850,880,1000,1100,1300,6500,22000,60000,22378,1,790,796.9948162949345,256.855584011646,60007.610667002155,304.13267494861026
1777049294,100,,Aggregated,123.200000,0.000000,790,810,830,850,880,1000,1100,1300,6500,22000,60000,22504,1,790,797.023951467835,256.855584011646,60007.610667002155,304.13353181656595
1777049295,100,,Aggregated,123.100000,0.000000,790,810,830,850,880,1000,1100,1300,6500,22000,60000,22632,1,790,797.1964930957507,256.855584011646,60007.610667002155,304.13410215623895
1777049296,100,,Aggregated,123.100000,0.000000,790,810,830,850,880,1000,1100,1300,6500,22000,60000,22759,1,790,796.9532139604984,256.855584011646,60007.610667002155,304.1342765499363
1777049297,100,,Aggregated,122.600000,0.000000,790,810,830,850,880,1000,1100,1300,6500,22000,60000,22882,1,790,796.9697671832919,256.855584011646,60007.610667002155,304.1335110567258
1777049298,100,,Aggregated,127.700000,0.000000,790,810,830,850,880,1000,1100,1300,6500,22000,60000,23008,1,790,796.963641134737,256.855584011646,60007.610667002155,304.1336491655077
1777049299,100,,Aggregated,126.800000,0.000000,790,810,830,850,880,1000,1100,1300,6500,22000,60000,23135,1,790,796.9673128836781,256.855584011646,60007.610667002155,304.1333909660687
1777049300,100,,Aggregated,125.600000,0.000000,790,810,830,850,880,1000,1100,1300,6500,22000,60000,23262,1,790,796.9360213666012,256.855584011646,60007.610667002155,304.13365144871466
1777049301,100,,Aggregated,125.700000,0.000000,790,810,830,850,880,1000,1100,1300,6500,22000,60000,23378,1,790,796.8766161202738,256.855584011646,60007.610667002155,304.1343570878604
1777049302,100,,Aggregated,126.900000,0.000000,790,810,830,850,880,1000,1100,1300,6500,22000,60000,23504,1,790,796.9238902965758,256.855584011646,60007.610667002155,304.134317562968
1777049303,100,,Aggregated,125.600000,0.000000,790,810,830,850,880,1000,1100,1300,6500,22000,60000,23632,1,790,797.2229036859559,256.855584011646,60007.610667002155,304.1351980365606
1777049304,100,,Aggregated,124.000000,0.000000,790,810,830,850,880,1000,1100,1300,6500,22000,60000,23763,1,790,797.1500442279048,256.855584011646,60007.610667002155,304.13499978958885
1777049305,100,,Aggregated,124.100000,0.000000,790,810,830,850,880,1000,1100,1300,6500,22000,60000,23885,1,790,797.06942901339,256.855584011646,60007.610667002155,304.134477705673
1777049306,100,,Aggregated,123.300000,0.000000,790,810,830,850,880,1000,1100,1300,6500,22000,60000,23991,1,790,797.1197482069892,256.855584011646,60007.610667002155,304.13496727939645
1777049307,100,,Aggregated,124.400000,0.000000,790,810,830,850,880,1000,1100,1300,6200,22000,60000,24115,1,790,797.202874565663,256.855584011646,60007.610667002155,304.1355173128758
1777049308,100,,Aggregated,124.000000,0.000000,790,810,830,850,880,1000,1100,1300,6200,22000,60000,24262,1,790,797.0173633043797,256.855584011646,60007.610667002155,304.1357266507295
1777049309,100,,Aggregated,124.700000,0.000000,790,810,830,850,880,1000,1100,1300,6200,22000,60000,24381,1,790,797.1777017394579,256.855584011646,60007.610667002155,304.13576145359093
1777049310,100,,Aggregated,124.400000,0.000000,790,810,830,850,880,1000,1100,1300,6200,22000,60000,24504,1,790,797.362533036386,256.855584011646,60007.610667002155,304.13528403525953
1777049311,100,,Aggregated,124.100000,0.000000,790,810,830,850,880,1000,1100,1300,6200,22000,60000,24628,1,790,797.3705704222039,256.855584011646,60007.610667002155,304.13565859996754
1777049312,100,,Aggregated,123.900000,0.000000,790,810,830,850,880,1000,1100,1300,6200,22000,60000,24754,1,790,797.3897316151764,256.855584011646,60007.610667002155,304.13577603619615
1777049313,100,,Aggregated,123.800000,0.000000,790,810,830,850,880,1000,1100,1300,6200,22000,60000,24870,1,790,797.3718301109798,256.855584011646,60007.610667002155,304.1357056694813
1777049314,100,,Aggregated,125.300000,0.000000,790,810,830,850,880,1000,1100,1300,6200,22000,60000,25004,1,790,797.3078108412645,256.855584011646,60007.610667002155,304.13585826267797
1777049315,100,,Aggregated,125.200000,0.000000,790,810,830,850,880,1000,1100,1300,6200,22000,60000,25131,1,790,797.3654452645351,256.855584011646,60007.610667002155,304.13728064939716
1777049316,100,,Aggregated,126.000000,0.000000,790,810,830,850,880,1000,1100,1300,6200,22000,60000,25257,1,790,797.3698826376158,256.855584011646,60007.610667002155,304.1374668408758
1777049317,100,,Aggregated,125.100000,0.000000,790,810,830,850,880,990,1100,1300,6200,22000,60000,25383,1,790,797.3572234724511,256.855584011646,60007.610667002155,304.13741480518456
1777049318,100,,Aggregated,125.100000,0.000000,790,810,830,850,880,990,1100,1300,6200,22000,60000,25508,1,790,797.3204120350099,256.855584011646,60007.610667002155,304.1376430923632
1777049319,100,,Aggregated,125.500000,0.000000,790,810,830,850,880,990,1100,1300,6200,22000,60000,25636,1,790,797.3963114915073,256.855584011646,60007.610667002155,304.1375019503823
1777049320,100,,Aggregated,125.100000,0.000000,790,810,830,850,880,990,1100,1300,6200,22000,60000,25751,1,790,797.5365430523487,256.855584011646,60007.610667002155,304.13770339015963
1777049321,100,,Aggregated,124.400000,0.000000,790,810,830,850,880,1000,1100,1300,6200,22000,60000,25874,1,790,797.6182665341219,256.855584011646,60007.610667002155,304.13847878178865
1777049322,100,,Aggregated,124.800000,0.000000,790,810,830,850,880,1000,1100,1300,6000,22000,60000,26001,1,790,797.7581227199684,256.855584011646,60007.610667002155,304.1383792931041
1777049323,100,,Aggregated,124.500000,0.000000,790,810,830,850,880,1000,1100,1300,6000,22000,60000,26129,1,790,797.600306418606,256.855584011646,60007.610667002155,304.13785449117836
1777049324,100,,Aggregated,124.400000,0.000000,790,810,830,850,880,1000,1100,1300,6000,22000,60000,26260,1,790,797.8497345500305,256.855584011646,60007.610667002155,304.13880426504187
1777049325,100,,Aggregated,123.100000,0.000000,790,810,830,850,880,1000,1100,1300,6000,22000,60000,26381,1,790,797.3186396945805,256.855584011646,60007.610667002155,304.1397975815928
1777049326,100,,Aggregated,122.900000,0.000000,790,810,830,850,880,1000,1100,1300,6000,22000,60000,26513,1,790,797.3278335530795,256.855584011646,60007.610667002155,304.13970505035263
1777049327,100,,Aggregated,125.300000,0.000000,790,810,830,850,880,1000,1100,1300,6000,22000,60000,26639,1,790,797.3785353253019,256.855584011646,60007.610667002155,304.13979503735123
1777049328,100,,Aggregated,125.200000,0.000000,790,810,830,850,880,1000,1100,1300,6000,22000,60000,26763,1,790,797.3218779808999,256.855584011646,60007.610667002155,304.14041774091095
1777049329,100,,Aggregated,124.900000,0.000000,790,810,830,850,880,1000,1100,1300,6000,22000,60000,26890,1,790,797.3181751406644,256.855584011646,60007.610667002155,304.14016362960206
1777049330,100,,Aggregated,125.000000,0.000000,790,810,830,850,880,1000,1100,1300,5800,22000,60000,27015,1,790,797.3661685324241,256.855584011646,60007.610667002155,304.13962613362946
1777049331,100,,Aggregated,125.800000,0.000000,790,810,830,850,880,1000,1100,1300,5800,22000,60000,27137,1,790,797.44496903178,256.855584011646,60007.610667002155,304.13980911670416
1777049332,100,,Aggregated,124.700000,0.000000,790,810,830,850,880,1000,1100,1300,5800,22000,60000,27262,1,790,797.5016957987079,256.855584011646,60007.610667002155,304.139865013572
1777049333,100,,Aggregated,125.400000,0.000000,790,810,830,850,880,1000,1100,1300,5800,22000,60000,27387,1,790,797.5174612888111,256.855584011646,60007.610667002155,304.14028553693356
1777049334,100,,Aggregated,125.600000,0.000000,790,810,830,850,880,1000,1100,1300,5800,22000,60000,27514,1,790,797.5701288446122,256.855584011646,60007.610667002155,304.1401104892055
1777049335,100,,Aggregated,126.700000,0.000000,790,810,830,850,880,990,1100,1300,5800,22000,60000,27638,1,790,797.5647621751062,256.855584011646,60007.610667002155,304.14006078587454
1777049336,100,,Aggregated,126.600000,0.000000,790,810,830,850,880,1000,1100,1300,5800,22000,60000,27740,1,790,797.8014992428816,256.855584011646,60007.610667002155,304.1402667627974
1777049337,100,,Aggregated,124.500000,0.000000,790,810,830,850,880,1000,1100,1300,5800,22000,60000,27867,1,790,797.8100040639749,256.855584011646,60007.610667002155,304.140237556967
1777049338,100,,Aggregated,123.200000,0.000000,790,810,830,850,880,1000,1100,1300,5800,22000,60000,27998,1,790,797.8959870156364,256.855584011646,60007.610667002155,304.1394742481606
1777049339,100,,Aggregated,123.500000,0.000000,790,810,830,850,880,1000,1100,1300,4900,22000,60000,28121,1,790,797.8677065597468,256.855584011646,60007.610667002155,304.13996657302374
1777049340,100,,Aggregated,123.400000,0.000000,790,810,830,850,890,1000,1100,1300,4900,22000,60000,28229,1,790,798.1204971956823,256.855584011646,60007.610667002155,304.1397144780191
1777049341,100,,Aggregated,123.900000,0.000000,790,810,830,850,890,1000,1200,1300,4900,22000,60000,28378,1,790,797.8856550102169,256.855584011646,60007.610667002155,304.1396504334343
1777049342,100,,Aggregated,121.500000,0.000000,790,810,830,850,890,1000,1200,1300,4900,22000,60000,28509,1,790,797.7443633809977,256.855584011646,60007.610667002155,304.1400259567154
1777049343,100,,Aggregated,122.600000,0.000000,790,810,830,850,890,1000,1100,1300,4900,22000,60000,28634,1,790,797.7670125623654,256.855584011646,60007.610667002155,304.1401480757142
1777049344,100,,Aggregated,124.100000,0.000000,790,810,830,850,890,1000,1100,1300,4900,22000,60000,28758,1,790,797.7978695885919,256.855584011646,60007.610667002155,304.1407260588358
1777049345,100,,Aggregated,124.100000,0.000000,790,810,830,850,890,1000,1100,1300,4900,22000,60000,28882,1,790,797.8210760033085,256.855584011646,60007.610667002155,304.1412298317291
1777049346,100,,Aggregated,124.400000,0.000000,790,810,830,850,890,1000,1100,1300,4700,22000,60000,29007,1,790,797.827151604324,256.855584011646,60007.610667002155,304.1411383459165
1777049347,100,,Aggregated,124.200000,0.000000,790,810,830,850,890,1000,1100,1300,4700,22000,60000,29134,1,790,797.8212697124866,256.855584011646,60007.610667002155,304.14042012768584
1777049348,100,,Aggregated,125.500000,0.000000,790,810,830,850,880,1000,1100,1300,4700,22000,60000,29251,1,790,797.792823452243,256.855584011646,60007.610667002155,304.1405080168199
1777049349,100,,Aggregated,125.300000,0.000000,790,810,830,850,880,1000,1100,1300,4700,22000,60000,29384,1,790,797.7856027945043,256.855584011646,60007.610667002155,304.1401102640893
1777049350,100,,Aggregated,125.400000,0.000000,790,810,830,850,880,1000,1100,1300,4700,22000,60000,29513,1,790,797.7515576277497,256.855584011646,60007.610667002155,304.1393961982855
1777049351,100,,Aggregated,124.500000,0.000000,790,810,830,850,880,1000,1100,1300,4700,22000,60000,29639,1,790,797.7670038551787,256.855584011646,60007.610667002155,304.14015317655793
1777049352,100,,Aggregated,128.100000,0.000000,790,810,830,850,880,1000,1100,1300,4700,22000,60000,29749,1,790,797.8539003583878,256.855584011646,60007.610667002155,304.1404416955192
1777049353,100,,Aggregated,125.600000,0.000000,790,810,830,850,890,1000,1100,1300,4700,22000,60000,29869,1,790,798.2917779165933,256.855584011646,60007.610667002155,304.14007834209383
1777049354,100,,Aggregated,124.800000,0.000000,790,810,830,850,890,1000,1200,1300,4700,22000,60000,29994,1,790,798.187960169983,256.855584011646,60007.610667002155,304.1405281056211
1777049355,100,,Aggregated,122.700000,0.000000,790,810,830,850,890,1000,1200,1300,4600,21000,60000,30130,1,790,798.0595492920118,256.855584011646,60007.610667002155,304.1402920677066
1777049356,100,,Aggregated,123.000000,0.000000,790,810,830,850,890,1000,1200,1300,4600,21000,60000,30230,1,790,798.0380270978263,256.855584011646,60007.610667002155,304.13976182600067
1777049357,100,,Aggregated,123.000000,0.000000,790,810,830,850,890,1000,1200,1300,4600,21000,60000,30356,1,790,798.2938594964883,256.855584011646,60007.610667002155,304.13957701937017
1777049358,100,,Aggregated,123.100000,0.000000,790,810,830,850,890,1000,1200,1300,4600,21000,60000,30510,1,790,797.9443098455109,256.855584011646,60007.610667002155,304.14024909865617
1777049359,100,,Aggregated,123.200000,0.000000,790,810,830,850,890,1000,1200,1300,4600,21000,60000,30641,1,790,797.8576087695153,256.855584011646,60007.610667002155,304.14072647759536
1777049360,100,,Aggregated,123.500000,0.000000,790,810,830,850,890,1000,1200,1300,4600,21000,60000,30761,1,790,797.7777290081868,256.855584011646,60007.610667002155,304.14043756704916
1777049361,100,,Aggregated,125.200000,0.000000,790,810,830,850,890,1000,1200,1300,4600,21000,60000,30892,1,790,797.7966183459085,256.855584011646,60007.610667002155,304.13993914282014
1777049362,100,,Aggregated,125.100000,0.000000,790,810,830,850,890,1000,1200,1300,4300,21000,60000,31021,1,790,797.7686034616144,256.855584011646,60007.610667002155,304.1395828632217
1777049363,100,,Aggregated,125.800000,0.000000,790,810,830,850,890,1000,1200,1300,4300,21000,60000,31148,1,790,797.7167836544767,256.855584011646,60007.610667002155,304.13994477976115
1777049364,100,,Aggregated,124.700000,0.000000,790,810,830,850,890,1000,1200,1300,4300,21000,60000,31273,1,790,797.6738923039259,256.855584011646,60007.610667002155,304.1401208710389
1777049365,100,,Aggregated,127.600000,0.000000,790,810,830,850,890,1000,1200,1300,4300,21000,60000,31398,1,790,797.7129125098288,256.855584011646,60007.610667002155,304.14099624179886
1777049366,100,,Aggregated,127.600000,0.000000,790,810,830,850,890,1000,1200,1300,4300,21000,60000,31524,1,790,797.7354472802223,256.855584011646,60007.610667002155,304.14081334855985
1777049367,100,,Aggregated,127.500000,0.000000,790,810,830,850,890,1000,1200,1300,4300,21000,60000,31650,1,790,797.7405761208413,256.855584011646,60007.610667002155,304.14120063191154
1777049368,100,,Aggregated,127.300000,0.000000,790,810,830,850,890,1000,1200,1300,4300,21000,60000,31777,1,790,797.7298710773036,256.855584011646,60007.610667002155,304.1411712874091
1777049369,100,,Aggregated,127.100000,0.000000,790,810,830,850,890,1000,1200,1300,4300,21000,60000,31898,1,790,797.7470365571069,256.855584011646,60007.610667002155,304.14079252617717
1777049370,100,,Aggregated,127.100000,0.000000,790,810,830,850,890,1000,1200,1300,4000,21000,60000,32029,1,790,797.8059516847726,256.855584011646,60007.610667002155,304.1407474476256
1777049371,100,,Aggregated,125.000000,0.000000,790,810,830,850,890,1000,1200,1300,4000,21000,60000,32139,1,790,797.9669881000569,256.855584011646,60007.610667002155,304.1407013286039
1777049372,100,,Aggregated,124.100000,0.000000,790,810,830,850,890,1000,1200,1300,4000,21000,60000,32265,1,790,797.9910138839522,256.855584011646,60007.610667002155,304.14046180071284
1777049373,100,,Aggregated,123.900000,0.000000,790,810,830,850,890,1000,1200,1300,4000,21000,60000,32388,1,790,797.9691057878796,256.855584011646,60007.610667002155,304.1406385080894
1777049374,100,,Aggregated,124.400000,0.000000,790,810,830,850,890,1000,1200,1300,4000,21000,60000,32529,1,790,797.952395989053,256.855584011646,60007.610667002155,304.14005963909125
1777049375,100,,Aggregated,122.800000,0.000000,790,810,830,850,890,1000,1200,1300,4000,21000,60000,32660,1,790,797.5282432386124,256.855584011646,60007.610667002155,304.14020208205756
1777049376,100,,Aggregated,123.900000,0.000000,790,810,830,850,890,1000,1200,1300,4000,21000,60000,32786,1,790,797.5503805664574,256.855584011646,60007.610667002155,304.14076130055514
1777049377,100,,Aggregated,126.000000,0.000000,790,810,830,850,890,1000,1200,1300,4000,21000,60000,32912,1,790,797.5627058469838,256.855584011646,60007.610667002155,304.14064778804084
1777049378,100,,Aggregated,125.900000,0.000000,790,810,830,850,890,1000,1200,1300,4000,21000,60000,33039,1,790,797.5155819636805,256.855584011646,60007.610667002155,304.1405006204788
1777049379,100,,Aggregated,126.000000,0.000000,790,810,830,850,890,1000,1200,1300,4000,21000,60000,33164,1,790,797.5215023170313,256.855584011646,60007.610667002155,304.140182125196
1777049380,100,,Aggregated,125.900000,0.000000,790,810,830,850,890,1000,1200,1300,4000,21000,60000,33290,1,790,797.4935991652172,256.855584011646,60007.610667002155,304.1402523280264
1777049381,100,,Aggregated,126.600000,0.000000,790,810,830,850,890,1000,1200,1300,4000,21000,60000,33416,1,790,797.5225817835792,256.855584011646,60007.610667002155,304.1407409624132
1777049382,100,,Aggregated,127.400000,0.000000,790,810,830,850,890,1000,1200,1300,4000,21000,60000,33541,1,790,797.5045706947393,256.855584011646,60007.610667002155,304.1409021794222
1777049383,100,,Aggregated,127.700000,0.000000,790,810,830,850,890,1000,1200,1300,4000,21000,60000,33662,1,790,797.4529834940574,256.855584011646,60007.610667002155,304.1413760323213
1777049384,100,,Aggregated,127.800000,0.000000,790,810,830,850,890,1000,1200,1300,4000,21000,60000,33791,1,790,797.4690471785628,256.855584011646,60007.610667002155,304.14133940990206
1777049385,100,,Aggregated,128.800000,0.000000,790,810,830,850,890,1000,1200,1300,4000,21000,60000,33920,1,790,797.4703301741392,256.855584011646,60007.610667002155,304.1410672169811
1777049386,100,,Aggregated,126.800000,0.000000,790,810,830,850,890,1000,1200,1300,4000,21000,60000,34030,1,790,797.642619282107,256.855584011646,60007.610667002155,304.1408463120776
1777049387,100,,Aggregated,125.400000,0.000000,790,810,830,850,890,1000,1200,1300,4000,21000,60000,34148,1,790,797.7716610138212,256.855584011646,60007.610667002155,304.14059388543984
1777049388,100,,Aggregated,125.100000,0.000000,790,810,830,850,890,1000,1200,1300,4000,21000,60000,34279,1,790,797.8232482875794,256.855584011646,60007.610667002155,304.1407859039062
1777049389,100,,Aggregated,124.300000,0.000000,790,810,830,850,890,1000,1200,1300,4000,21000,60000,34408,1,790,797.8584124684664,256.855584011646,60007.610667002155,304.140287142525
1777049390,100,,Aggregated,123.700000,0.000000,790,810,830,850,890,1000,1200,1300,4000,21000,60000,34537,1,790,797.7354273680355,256.855584011646,60007.610667002155,304.13979210701564
1777049391,100,,Aggregated,123.800000,0.000000,790,810,830,850,890,1000,1200,1300,4000,21000,60000,34675,1,790,797.5701153489464,256.855584011646,60007.610667002155,304.13952415284786
1777049392,100,,Aggregated,122.200000,0.000000,790,810,830,850,890,1000,1200,1300,4000,21000,60000,34802,1,790,797.4447451864463,256.855584011646,60007.610667002155,304.1390437331188
1777049393,100,,Aggregated,124.200000,0.000000,790,810,830,850,890,1000,1200,1300,4000,21000,60000,34926,1,790,797.4759350439646,256.855584011646,60007.610667002155,304.1396953558953
1777049394,100,,Aggregated,125.400000,0.000000,790,810,830,850,890,1000,1200,1300,3900,21000,60000,35050,1,790,797.4635194831569,256.855584011646,60007.610667002155,304.13977175463623
1777049395,100,,Aggregated,125.200000,0.000000,790,810,830,850,890,1000,1200,1300,3900,21000,60000,35173,1,790,797.4581852285218,256.855584011646,60007.610667002155,304.13936826543085
1777049396,100,,Aggregated,124.800000,0.000000,790,810,830,850,890,1000,1200,1300,3900,21000,60000,35302,1,790,797.431423808648,256.855584011646,60007.610667002155,304.13956716333354
1777049397,100,,Aggregated,124.800000,0.000000,790,810,830,850,890,1000,1200,1300,3900,21000,60000,35430,1,790,797.5614761113471,256.855584011646,60007.610667002155,304.13911939034716
1777049398,100,,Aggregated,125.700000,0.000000,790,810,830,850,890,1000,1200,1300,3900,21000,60000,35556,1,790,797.3929585409525,256.855584011646,60007.610667002155,304.13890763865453
1777049399,100,,Aggregated,126.400000,0.000000,790,810,830,850,890,1000,1200,1300,3900,21000,60000,35685,1,790,797.3804770144874,256.855584011646,60007.610667002155,304.1395544346364
1777049400,100,,Aggregated,127.100000,0.000000,790,810,830,850,890,1000,1200,1300,3900,21000,60000,35809,1,790,797.3890641030212,256.855584011646,60007.610667002155,304.13918288698375
1777049401,100,,Aggregated,126.900000,0.000000,790,810,830,850,890,1000,1200,1300,3900,21000,60000,35934,1,790,797.4006182529992,256.855584011646,60007.610667002155,304.1390604998052
1777049402,100,,Aggregated,128.500000,0.000000,790,810,830,850,890,1000,1200,1300,3800,21000,60000,36039,1,790,797.4995143181683,256.855584011646,60007.610667002155,304.13896057049305
1777049403,100,,Aggregated,126.600000,0.000000,790,810,830,850,890,1000,1200,1300,3800,21000,60000,36168,1,790,797.5834997652784,256.855584011646,60007.610667002155,304.13926675514267
1777049404,100,,Aggregated,125.400000,0.000000,790,810,830,850,890,1000,1200,1300,3800,21000,60000,36298,1,790,797.464293905404,256.855584011646,60007.610667002155,304.13959446801476
1777049405,100,,Aggregated,124.700000,0.000000,790,810,830,850,890,1000,1200,1300,3800,21000,60000,36433,1,790,797.504139708817,256.855584011646,60007.610667002155,304.13970850602476
1777049406,100,,Aggregated,126.400000,0.000000,790,810,830,850,890,1000,1200,1300,3800,21000,60000,36551,1,790,797.4968713980567,256.855584011646,60007.610667002155,304.1398593745725
1777049407,100,,Aggregated,124.800000,0.000000,790,810,830,850,890,1000,1200,1300,3800,21000,60000,36666,1,790,797.5687039075567,256.855584011646,60007.610667002155,304.14021164021165
1777049408,100,,Aggregated,124.900000,0.000000,790,810,830,850,890,1000,1200,1300,3800,21000,60000,36810,1,790,797.4669327722229,256.855584011646,60007.610667002155,304.14036946481934
1777049409,100,,Aggregated,125.300000,0.000000,790,810,830,850,890,1000,1200,1300,3800,21000,60000,36936,1,790,797.439824839282,256.855584011646,60007.610667002155,304.1403238033355
1777049410,100,,Aggregated,124.800000,0.000000,790,810,830,850,890,1000,1200,1300,3800,21000,60000,37060,1,790,797.4666241975883,256.855584011646,60007.610667002155,304.14001618996224
1777049411,100,,Aggregated,125.000000,0.000000,790,810,830,850,890,1000,1200,1300,3800,21000,60000,37188,1,790,797.5097641289773,256.855584011646,60007.610667002155,304.14012584704744
1777049412,100,,Aggregated,124.600000,0.000000,790,810,830,850,890,1000,1200,1300,3800,21000,60000,37312,1,790,797.4891463348587,256.855584011646,60007.610667002155,304.1400889794168
1777049413,100,,Aggregated,124.500000,0.000000,790,810,830,850,890,1000,1200,1300,3800,21000,60000,37438,1,790,797.5100037240808,256.855584011646,60007.610667002155,304.14052566910624
1777049414,100,,Aggregated,124.600000,0.000000,790,810,830,850,890,1000,1200,1300,3800,21000,60000,37560,1,790,797.5528694133423,256.855584011646,60007.610667002155,304.14092119275824
1777049415,100,,Aggregated,125.300000,0.000000,790,810,830,850,890,1000,1200,1300,3800,21000,60000,37685,1,790,797.5878509386562,256.855584011646,60007.610667002155,304.1404802972005
1777049416,100,,Aggregated,124.400000,0.000000,790,810,830,850,890,1000,1200,1300,3800,21000,60000,37812,1,790,797.5875950842714,256.855584011646,60007.610667002155,304.1407754152121
1777049417,100,,Aggregated,125.400000,0.000000,790,810,830,850,890,1000,1200,1300,3800,21000,60000,37934,1,790,797.5931468019323,256.855584011646,60007.610667002155,304.1409553434913
1777049418,100,,Aggregated,124.000000,0.000000,790,810,830,850,890,1000,1200,1300,3700,21000,60000,38049,1,790,797.6085247474205,256.855584011646,60007.610667002155,304.1405030355594
1777049419,100,,Aggregated,124.400000,0.000000,790,810,830,850,890,1000,1100,1300,3700,21000,60000,38176,1,790,797.7354890046745,256.855584011646,60007.610667002155,304.14058570829843
1777049420,100,,Aggregated,124.600000,0.000000,790,810,830,850,890,1000,1100,1300,3700,21000,60000,38311,1,790,797.698383414724,256.855584011646,60007.610667002155,304.14116050220565
1777049421,100,,Aggregated,124.000000,0.000000,790,810,830,850,890,1000,1200,1300,3700,21000,60000,38425,1,790,797.794813352931,256.855584011646,60007.610667002155,304.1411581001952
1777049422,100,,Aggregated,123.500000,0.000000,790,810,830,850,890,1000,1200,1300,3700,21000,60000,38544,1,790,798.0906344525606,256.855584011646,60007.610667002155,304.14090390203404
1777049423,100,,Aggregated,123.900000,0.000000,790,810,830,850,890,1000,1200,1300,3700,21000,60000,38678,1,790,797.9273001189949,256.855584011646,60007.610667002155,304.1410362479963
1777049424,100,,Aggregated,123.300000,0.000000,790,810,830,850,890,1000,1200,1300,3700,21000,60000,38807,1,790,797.800020261664,256.855584011646,60007.610667002155,304.14074780323136
1777049425,100,,Aggregated,123.000000,0.000000,790,810,830,850,890,1000,1200,1300,3700,21000,60000,38934,1,790,797.6554742589401,256.855584011646,60007.610667002155,304.1407253300457
1777049426,100,,Aggregated,124.000000,0.000000,790,810,830,850,890,1000,1200,1300,3500,21000,60000,39062,1,790,797.6482902608494,256.855584011646,60007.610667002155,304.14031539603707
1777049427,100,,Aggregated,124.700000,0.000000,790,810,830,850,890,1000,1200,1300,3500,21000,60000,39188,1,790,797.665496005393,256.855584011646,60007.610667002155,304.1401194243136
1777049428,100,,Aggregated,125.300000,0.000000,790,810,830,850,890,1000,1200,1300,3500,21000,60000,39314,1,790,797.5976525018393,256.855584011646,60007.610667002155,304.1401281986061
1777049429,100,,Aggregated,123.900000,0.000000,790,810,830,850,890,1000,1200,1300,3500,21000,60000,39431,1,790,797.5857846880683,256.855584011646,60007.610667002155,304.14024498491034
1777049430,100,,Aggregated,125.000000,0.000000,790,810,830,850,890,1000,1200,1300,3500,21000,60000,39561,1,790,797.5531430837746,256.855584011646,60007.610667002155,304.1398852405147
1777049431,100,,Aggregated,125.500000,0.000000,790,810,830,850,890,1000,1200,1300,3500,21000,60000,39691,1,790,797.7094416543599,256.855584011646,60007.610667002155,304.1400821344889
1777049432,100,,Aggregated,126.400000,0.000000,790,810,830,850,890,1000,1100,1300,3500,21000,60000,39820,1,790,797.5749137964165,256.855584011646,60007.610667002155,304.1406077348066
1777049433,100,,Aggregated,124.700000,0.000000,790,810,830,850,890,1000,1100,1300,3500,21000,60000,39946,1,790,797.515217920125,256.855584011646,60007.610667002155,304.1410153707505
1777049434,100,,Aggregated,126.500000,0.000000,790,810,830,850,890,1000,1100,1300,3500,17000,60000,40070,1,790,797.5007285489901,256.855584011646,60007.610667002155,304.14047916146745
1777049435,100,,Aggregated,127.100000,0.000000,790,810,830,850,890,1000,1100,1300,3500,17000,60000,40189,1,790,797.509614768969,256.855584011646,60007.610667002155,304.1404364378312
1777049436,100,,Aggregated,126.500000,0.000000,790,810,830,850,890,1000,1100,1300,3500,17000,60000,40302,1,790,797.7502316238654,256.855584011646,60007.610667002155,304.1401667411047
1777049437,100,,Aggregated,125.900000,0.000000,790,810,830,850,890,1000,1200,1300,3500,17000,60000,40420,1,790,797.9179429476764,256.855584011646,60007.610667002155,304.1406481939634
1777049438,100,,Aggregated,124.300000,0.000000,790,810,830,850,890,1000,1200,1300,3500,17000,60000,40549,1,790,797.8601387329842,256.855584011646,60007.610667002155,304.14042269846357
1777049439,100,,Aggregated,123.200000,0.000000,790,810,830,850,890,1000,1200,1300,3500,17000,60000,40680,1,790,797.795069459333,256.855584011646,60007.610667002155,304.1404867256637
1777049440,100,,Aggregated,122.900000,0.000000,790,810,830,850,890,1000,1200,1300,3500,17000,60000,40814,1,790,797.773873089373,256.855584011646,60007.610667002155,304.1407115205567
1777049441,100,,Aggregated,122.500000,0.000000,790,810,830,850,890,1000,1200,1300,3500,17000,60000,40935,1,790,797.623914060431,256.855584011646,60007.610667002155,304.14051545132526
1777049442,100,,Aggregated,122.700000,0.000000,790,810,830,850,890,1000,1200,1300,3500,17000,60000,41070,1,790,797.4655470157767,256.855584011646,60007.610667002155,304.14075967859753
1777049443,100,,Aggregated,123.500000,0.000000,790,810,830,850,890,1000,1200,1300,3500,17000,60000,41201,1,790,797.5424562962759,256.855584011646,60007.610667002155,304.1410645372685
1777049444,100,,Aggregated,125.100000,0.000000,790,810,830,850,890,1000,1200,1300,3500,17000,60000,41327,1,790,797.5051069374944,256.855584011646,60007.610667002155,304.1410700026617
1777049445,100,,Aggregated,124.900000,0.000000,790,810,830,850,890,1000,1200,1300,3500,17000,60000,41453,1,790,797.5140799839054,256.855584011646,60007.610667002155,304.14112368224255
1777049446,100,,Aggregated,125.000000,0.000000,790,810,830,850,890,1000,1200,1300,3500,17000,60000,41580,1,790,797.4910947770047,256.855584011646,60007.610667002155,304.1415343915344
1777049447,100,,Aggregated,125.000000,0.000000,790,810,830,850,890,1000,1200,1300,3500,17000,60000,41706,1,790,797.4919987549243,256.855584011646,60007.610667002155,304.14110679518535
1777049448,100,,Aggregated,126.900000,0.000000,790,810,830,850,890,1000,1200,1300,3500,17000,60000,41833,1,790,797.4915133076303,256.855584011646,60007.610667002155,304.14098917122845
1777049449,100,,Aggregated,128.900000,0.000000,790,810,830,850,890,1000,1200,1300,3500,17000,60000,41961,1,790,797.4610793860295,256.855584011646,60007.610667002155,304.14084507042253
1777049450,100,,Aggregated,126.900000,0.000000,790,810,830,850,890,1000,1200,1300,3500,17000,60000,42086,1,790,797.4270278385244,256.855584011646,60007.610667002155,304.1412108539657
1777049451,100,,Aggregated,127.800000,0.000000,790,810,830,850,890,1000,1200,1300,3500,17000,60000,42213,1,790,797.4061483248835,256.855584011646,60007.610667002155,304.1413782484069
1777049452,100,,Aggregated,128.400000,0.000000,790,810,830,850,890,1000,1200,1300,3500,17000,60000,42337,1,790,797.4697874582556,256.855584011646,60007.610667002155,304.14167276850037
1777049453,100,,Aggregated,129.200000,0.000000,790,810,830,850,890,1000,1200,1300,3500,17000,60000,42450,1,790,797.5210724477766,256.855584011646,60007.610667002155,304.1416018845701
1777049454,100,,Aggregated,126.200000,0.000000,790,810,830,850,890,1000,1200,1300,3500,17000,60000,42585,1,790,797.4297520907872,256.855584011646,60007.610667002155,304.14230362803806
1777049455,100,,Aggregated,124.900000,0.000000,790,810,830,850,890,1000,1200,1300,3500,17000,60000,42711,1,790,797.4316475622256,256.855584011646,60007.610667002155,304.14197747652827
1777049456,100,,Aggregated,125.600000,0.000000,790,810,830,850,890,1000,1200,1300,3500,17000,60000,42824,1,790,797.4744114240198,256.855584011646,60007.610667002155,304.1419064076219
1777049457,100,,Aggregated,124.200000,0.000000,790,810,830,850,890,1000,1200,1300,3500,17000,60000,42948,1,790,797.486450798641,256.855584011646,60007.610667002155,304.1415898295613
1777049458,100,,Aggregated,124.300000,0.000000,790,810,830,850,890,1000,1200,1300,3500,17000,60000,43093,1,790,797.4131703567203,256.855584011646,60007.610667002155,304.1416007240155
1777049459,100,,Aggregated,124.700000,0.000000,790,810,830,850,890,1000,1200,1300,3500,17000,60000,43220,1,790,797.3890832730197,256.855584011646,60007.610667002155,304.1414854234151
1777049460,100,,Aggregated,126.500000,0.000000,790,810,830,850,890,1000,1200,1300,3500,17000,60000,43345,1,790,797.3955771219931,256.855584011646,60007.610667002155,304.14123889722
1777049461,100,,Aggregated,125.300000,0.000000,790,810,830,850,890,1000,1200,1300,3500,17000,60000,43471,1,790,797.3838118998639,256.855584011646,60007.610667002155,304.14142761841225
1777049462,100,,Aggregated,125.000000,0.000000,790,810,830,850,890,1000,1200,1300,3500,17000,60000,43597,1,790,797.3759952149748,256.855584011646,60007.610667002155,304.1415693740395
1777049463,100,,Aggregated,125.300000,0.000000,790,810,830,850,890,1000,1200,1300,3500,17000,60000,43723,1,790,797.362934299712,256.855584011646,60007.610667002155,304.1416645701347
1777049464,100,,Aggregated,125.400000,0.000000,790,810,830,850,890,1000,1200,1300,3500,17000,60000,43846,1,790,797.3587640323235,256.855584011646,60007.610667002155,304.1416092688045
1777049465,100,,Aggregated,126.500000,0.000000,790,810,830,850,890,1000,1200,1300,3500,17000,60000,43969,1,790,797.334282372314,256.855584011646,60007.610667002155,304.14182719643384
1777049466,100,,Aggregated,125.500000,0.000000,790,810,830,850,890,1000,1200,1300,3400,17000,60000,44099,1,790,797.3755733663619,256.855584011646,60007.610667002155,304.1415905122565
1777049467,100,,Aggregated,127.100000,0.000000,790,810,830,850,890,1000,1100,1300,3400,17000,60000,44225,1,790,797.3627727993725,256.855584011646,60007.610667002155,304.14141322781234
1777049468,100,,Aggregated,126.800000,0.000000,790,810,830,850,890,1000,1100,1300,3400,17000,60000,44352,1,790,797.3671627633545,256.855584011646,60007.610667002155,304.14121121933624
1777049469,100,,Aggregated,126.200000,0.000000,790,810,830,850,890,1000,1100,1300,3400,17000,60000,44469,1,790,797.4989634213972,256.855584011646,60007.610667002155,304.1410870494052
1777049470,100,,Aggregated,125.300000,0.000000,790,810,830,850,890,1000,1100,1300,3400,17000,60000,44595,1,790,797.4474054679678,256.855584011646,60007.610667002155,304.14149568337257
1777049471,100,,Aggregated,126.200000,0.000000,790,810,830,850,890,1000,1100,1300,3400,17000,60000,44721,1,790,797.4482802673476,256.855584011646,60007.610667002155,304.1415442409606
1777049472,100,,Aggregated,124.500000,0.000000,790,810,830,850,890,1000,1200,1300,3400,17000,60000,44827,1,790,797.4354461959318,256.855584011646,60007.610667002155,304.14156646663844
1777049473,100,,Aggregated,125.200000,0.000000,790,810,830,850,890,1000,1200,1300,3400,17000,60000,44962,1,790,797.4479335290912,256.855584011646,60007.610667002155,304.14138605933897
1777049474,100,,Aggregated,124.900000,0.000000,790,810,830,850,890,1000,1200,1300,3300,17000,60000,45085,1,790,797.4434352677117,256.855584011646,60007.610667002155,304.14128867694353
1777049475,100,,Aggregated,125.300000,0.000000,790,810,830,850,890,1000,1200,1300,3300,17000,60000,45233,1,790,797.3403267304132,256.855584011646,60007.610667002155,304.14118011186525
1777049476,100,,Aggregated,124.700000,0.000000,790,810,830,850,890,1000,1200,1300,3300,17000,60000,45353,1,790,797.3459819754322,256.855584011646,60007.610667002155,304.1411152514718
1777049477,100,,Aggregated,123.900000,0.000000,790,810,830,850,890,1000,1200,1300,3300,17000,60000,45476,1,790,797.3434981013488,256.855584011646,60007.610667002155,304.1411953557921
1777049478,100,,Aggregated,125.100000,0.000000,790,810,830,850,890,1000,1200,1300,3300,17000,60000,45606,1,790,797.3805023790295,256.855584011646,60007.610667002155,304.1412752707977
1777049479,100,,Aggregated,125.400000,0.000000,790,810,830,850,890,1000,1200,1300,3300,17000,60000,45734,1,790,797.3734925984381,256.855584011646,60007.610667002155,304.1414046442472
1777049480,100,,Aggregated,125.400000,0.000000,790,810,830,850,890,1000,1200,1300,3300,17000,60000,45858,1,790,797.3644131277592,256.855584011646,60007.610667002155,304.14202538270314
1777049481,100,,Aggregated,125.100000,0.000000,790,810,830,850,890,1000,1200,1300,3300,17000,60000,45983,1,790,797.3925178863042,256.855584011646,60007.610667002155,304.1420090033273
1777049482,100,,Aggregated,126.000000,0.000000,790,810,830,850,890,1000,1100,1300,3200,17000,60000,46109,1,790,797.3923114252112,256.855584011646,60007.610667002155,304.1417510681212
1777049483,100,,Aggregated,124.200000,0.000000,790,810,830,850,890,1000,1100,1300,3200,17000,60000,46233,1,790,797.3888248736657,256.855584011646,60007.610667002155,304.1420630285727
1777049484,100,,Aggregated,124.900000,0.000000,790,810,830,850,890,1000,1100,1300,3200,17000,60000,46361,1,790,797.4008213578105,256.855584011646,60007.610667002155,304.1420159185522
1777049485,100,,Aggregated,124.800000,0.000000,790,810,830,850,890,1000,1100,1300,3200,17000,60000,46487,1,790,797.3934123988286,256.855584011646,60007.610667002155,304.14249144922235
1777049486,100,,Aggregated,125.400000,0.000000,790,810,830,850,890,1000,1100,1300,3200,17000,60000,46605,1,790,797.525392012242,256.855584011646,60007.610667002155,304.1429031219826
1777049487,100,,Aggregated,126.100000,0.000000,790,810,830,850,890,1000,1200,1300,3200,17000,60000,46734,1,790,797.5907724349031,256.855584011646,60007.610667002155,304.14278683613645
1777049488,100,,Aggregated,124.400000,0.000000,790,810,830,850,890,1000,1200,1300,3200,17000,60000,46845,1,790,797.5872919328216,256.855584011646,60007.610667002155,304.1427260113139
1777049489,100,,Aggregated,123.800000,0.000000,790,810,830,850,890,1000,1200,1300,3200,17000,60000,46978,1,790,797.5294579363502,256.855584011646,60007.610667002155,304.14259866320407
1777049490,100,,Aggregated,123.300000,0.000000,790,810,830,850,890,1000,1200,1300,3100,17000,60000,47116,1,790,797.4304766014704,256.855584011646,60007.610667002155,304.1426054843365
1777049491,100,,Aggregated,123.900000,0.000000,790,810,830,850,890,1000,1200,1300,3200,17000,60000,47244,1,790,797.5002098894652,256.855584011646,60007.610667002155,304.14281178562356
1777049492,100,,Aggregated,125.100000,0.000000,790,810,830,850,890,1000,1200,1300,3200,17000,60000,47367,1,790,797.3456604663704,256.855584011646,60007.610667002155,304.1428842865286
1777049493,100,,Aggregated,124.900000,0.000000,790,810,830,850,890,1000,1200,1300,3200,17000,60000,47494,1,790,797.3416101992805,256.855584011646,60007.610667002155,304.14307070366783
1777049494,100,,Aggregated,125.200000,0.000000,790,810,830,850,890,1000,1200,1300,3200,17000,60000,47619,1,790,797.3312998421562,256.855584011646,60007.610667002155,304.14259014259017
1777049495,100,,Aggregated,125.400000,0.000000,790,810,830,850,890,1000,1200,1300,3200,17000,60000,47747,1,790,797.3501461370475,256.855584011646,60007.610667002155,304.14254298699393
1777049496,100,,Aggregated,125.400000,0.000000,790,810,830,850,890,1000,1200,1300,3200,17000,60000,47873,1,790,797.3185800202707,256.855584011646,60007.610667002155,304.1427109226495
1777049497,100,,Aggregated,125.400000,0.000000,790,810,830,850,890,1000,1100,1300,3200,17000,60000,47998,1,790,797.3150583370425,256.855584011646,60007.610667002155,304.14231842993456
1777049498,100,,Aggregated,126.100000,0.000000,790,810,830,850,890,1000,1100,1300,3100,17000,60000,48123,1,790,797.3284554851139,256.855584011646,60007.610667002155,304.14196953639635
1777049499,100,,Aggregated,126.700000,0.000000,790,810,830,850,890,1000,1100,1300,3100,17000,60000,48249,1,790,797.3431179812445,256.855584011646,60007.610667002155,304.14201330597524
1777049500,100,,Aggregated,127.400000,0.000000,790,810,830,850,890,1000,1100,1300,3100,17000,60000,48368,1,790,797.3091983839987,256.855584011646,60007.610667002155,304.14226347998675
1777049501,100,,Aggregated,126.800000,0.000000,790,810,830,850,890,1000,1100,1300,3100,17000,60000,48500,1,790,797.2887530708551,256.855584011646,60007.610667002155,304.1421649484536
1777049502,100,,Aggregated,125.700000,0.000000,790,810,830,850,890,1000,1100,1300,3100,17000,60000,48627,1,790,797.3239380698454,256.855584011646,60007.610667002155,304.1421021243342
1777049503,100,,Aggregated,126.600000,0.000000,790,810,830,850,890,1000,1100,1300,3100,17000,60000,48751,1,790,797.3642096995638,256.855584011646,60007.610667002155,304.1418227318414
1777049504,100,,Aggregated,125.000000,0.000000,790,810,830,850,890,1000,1100,1300,3100,17000,60000,48866,1,790,797.3641682105412,256.855584011646,60007.610667002155,304.1417959317317
1777049505,100,,Aggregated,125.200000,0.000000,790,810,830,850,890,1000,1100,1300,3100,17000,60000,48990,1,790,797.4965074884329,256.855584011646,60007.610667002155,304.1421310471525
1777049506,100,,Aggregated,125.400000,0.000000,790,810,830,850,890,1000,1100,1300,3100,17000,60000,49123,1,790,797.4777566351863,256.855584011646,60007.610667002155,304.14205158479734
1777049507,100,,Aggregated,124.700000,0.000000,790,810,830,850,890,1000,1200,1300,3100,17000,60000,49240,1,790,797.6696961815686,256.855584011646,60007.610667002155,304.1419374492283
1777049508,100,,Aggregated,123.400000,0.000000,790,810,830,850,890,1000,1200,1300,3100,17000,60000,49383,1,790,797.4361065461303,256.855584011646,60007.610667002155,304.14138468703806
1777049509,100,,Aggregated,124.000000,0.000000,790,810,830,850,890,1000,1200,1300,3100,17000,60000,49511,1,790,797.2662583496724,256.855584011646,60007.610667002155,304.1413019329038
1777049510,100,,Aggregated,123.600000,0.000000,790,810,830,850,890,1000,1200,1300,3100,17000,60000,49637,1,790,797.2651204860393,256.855584011646,60007.610667002155,304.1414670507887
1777049511,100,,Aggregated,125.500000,0.000000,790,810,830,850,890,1000,1200,1300,3100,17000,60000,49753,1,790,797.2521465409025,256.855584011646,60007.610667002155,304.1411372178562
1777049512,100,,Aggregated,125.600000,0.000000,790,810,830,850,890,1000,1200,1300,3100,17000,60000,49883,1,790,797.2466358675033,256.855584011646,60007.610667002155,304.1409698694946
1777049513,100,,Aggregated,125.700000,0.000000,790,810,830,850,890,1000,1100,1300,3100,16000,60000,50014,1,790,797.2123457752333,256.855584011646,60007.610667002155,304.1407805814372
1777049514,100,,Aggregated,126.400000,0.000000,790,810,830,850,890,1000,1100,1300,3100,16000,60000,50138,1,790,797.2281582526705,256.855584011646,60007.610667002155,304.14051218636564
1777049515,100,,Aggregated,125.200000,0.000000,790,810,830,850,890,1000,1100,1300,3100,16000,60000,50265,1,790,797.1953150962179,256.855584011646,60007.610667002155,304.1408136874565
1777049517,100,,Aggregated,125.600000,0.000000,790,810,830,850,890,1000,1100,1300,3100,16000,60000,50391,1,790,797.2100271026268,256.855584011646,60007.610667002155,304.1408187970074
1777049518,100,,Aggregated,127.500000,0.000000,790,810,830,850,890,1000,1100,1300,3100,16000,60000,50519,1,790,797.230261591969,256.855584011646,60007.610667002155,304.1409370731804
1777049519,100,,Aggregated,126.800000,0.000000,790,810,830,850,890,1000,1100,1300,3100,16000,60000,50645,1,790,797.2308079094848,256.855584011646,60007.610667002155,304.1407838878468
1777049520,100,,Aggregated,126.800000,0.000000,790,810,830,850,890,1000,1100,1300,3100,16000,60000,50768,1,790,797.2410798844077,256.855584011646,60007.610667002155,304.14089583989914
1777049521,100,,Aggregated,127.400000,0.000000,790,810,830,850,890,1000,1100,1300,3100,16000,60000,50873,1,790,797.270268142109,256.855584011646,60007.610667002155,304.1412930238044
1777049522,100,,Aggregated,125.500000,0.000000,790,810,830,850,890,1000,1100,1300,3100,16000,60000,51013,1,790,797.2869149382446,256.855584011646,60007.610667002155,304.14129731637036
1777049523,100,,Aggregated,123.300000,0.000000,790,810,830,850,890,1000,1100,1300,3100,16000,60000,51143,1,790,797.264892708398,256.855584011646,60007.610667002155,304.140899047768
1777049524,100,,Aggregated,123.300000,0.000000,790,810,830,850,890,1000,1100,1300,3100,16000,60000,51259,1,790,797.2625637334996,256.855584011646,60007.610667002155,304.14104840125634
1777049525,100,,Aggregated,124.900000,0.000000,790,810,830,850,890,1000,1100,1300,3100,16000,60000,51383,1,790,797.2635956422081,256.855584011646,60007.610667002155,304.1407469396493
1777049526,100,,Aggregated,124.500000,0.000000,790,810,830,850,890,1000,1100,1300,3100,16000,60000,51523,1,790,797.2346911720961,256.855584011646,60007.610667002155,304.1405585854861
1777049527,100,,Aggregated,124.200000,0.000000,790,810,830,850,890,1000,1100,1300,3100,16000,60000,51649,1,790,797.1978742241442,256.855584011646,60007.610667002155,304.14048674708124
1777049528,100,,Aggregated,125.300000,0.000000,790,810,830,850,890,1000,1100,1300,3100,16000,60000,51774,1,790,797.2333556653701,256.855584011646,60007.610667002155,304.1404372851238
1777049529,100,,Aggregated,125.300000,0.000000,790,810,830,850,890,1000,1100,1300,3100,16000,60000,51899,1,790,797.2094725391021,256.855584011646,60007.610667002155,304.140426597815
1777049530,100,,Aggregated,125.000000,0.000000,790,810,830,850,890,1000,1100,1300,3000,16000,60000,52025,1,790,797.2090091465749,256.855584011646,60007.610667002155,304.14047092743874
1777049531,100,,Aggregated,125.100000,0.000000,790,810,830,850,890,1000,1100,1300,3000,16000,60000,52150,1,790,797.2108144002216,256.855584011646,60007.610667002155,304.14049856184084
1777049532,100,,Aggregated,125.200000,0.000000,790,810,830,850,890,1000,1100,1300,3000,16000,60000,52276,1,790,797.234796726595,256.855584011646,60007.610667002155,304.1401216619481
1777049533,100,,Aggregated,127.100000,0.000000,790,810,830,850,890,1000,1100,1300,3000,16000,60000,52403,1,790,797.2329372215577,256.855584011646,60007.610667002155,304.1405263057459
1777049534,100,,Aggregated,125.500000,0.000000,790,810,830,850,890,1000,1100,1300,3000,16000,60000,52528,1,790,797.2402379034448,256.855584011646,60007.610667002155,304.14085820895525
1777049535,100,,Aggregated,125.600000,0.000000,790,810,830,850,890,1000,1100,1300,3000,16000,60000,52653,1,790,797.2431986498427,256.855584011646,60007.610667002155,304.14065675270166
1777049536,100,,Aggregated,125.600000,0.000000,790,810,830,850,890,1000,1100,1300,3000,16000,60000,52769,1,790,797.2241901506408,256.855584011646,60007.610667002155,304.14118137542874
1777049537,100,,Aggregated,125.500000,0.000000,790,810,830,850,890,1000,1100,1300,3000,16000,60000,52901,1,790,797.2999986982883,256.855584011646,60007.610667002155,304.1411693540765
1777049538,100,,Aggregated,125.100000,0.000000,790,810,830,850,890,1000,1100,1300,3000,16000,60000,53019,1,790,797.3485051681141,256.855584011646,60007.610667002155,304.14077972047755
1777049539,100,,Aggregated,124.800000,0.000000,790,810,830,850,890,1000,1100,1300,3000,16000,60000,53142,1,790,797.4282127304789,256.855584011646,60007.610667002155,304.1406608708743
1777049540,100,,Aggregated,124.000000,0.000000,790,810,830,850,890,1000,1100,1300,3000,16000,60000,53266,1,790,797.3710971650813,256.855584011646,60007.610667002155,304.1404836105583
1777049541,100,,Aggregated,123.800000,0.000000,790,810,830,850,890,1000,1100,1300,3000,16000,60000,53389,1,790,797.3466973373618,256.855584011646,60007.610667002155,304.1403659929948
1777049542,100,,Aggregated,123.300000,0.000000,790,810,830,850,890,1000,1100,1300,3000,16000,60000,53511,1,790,797.3829512939293,256.855584011646,60007.610667002155,304.1402702248136
1777049543,100,,Aggregated,123.500000,0.000000,790,810,830,850,890,1000,1100,1300,3000,16000,60000,53648,1,790,797.353223391175,256.855584011646,60007.610667002155,304.14026617954073
1777049544,100,,Aggregated,122.600000,0.000000,790,810,830,850,890,1000,1100,1300,3000,16000,60000,53781,1,790,797.2902186975614,256.855584011646,60007.610667002155,304.140346962682
1777049545,100,,Aggregated,124.200000,0.000000,790,810,830,850,890,1000,1100,1300,3000,16000,60000,53905,1,790,797.2859782585368,256.855584011646,60007.610667002155,304.14028383266856
1777049546,100,,Aggregated,124.900000,0.000000,790,810,830,850,890,1000,1100,1300,3000,16000,60000,54027,1,790,797.3178151646312,256.855584011646,60007.610667002155,304.14004109056583
1777049547,100,,Aggregated,124.800000,0.000000,790,810,830,850,890,1000,1100,1300,3000,16000,60000,54155,1,790,797.309216527811,256.855584011646,60007.610667002155,304.14019019481117
1777049548,100,,Aggregated,124.000000,0.000000,790,810,830,850,890,1000,1100,1300,3000,16000,60000,54274,1,790,797.2914662075167,256.855584011646,60007.610667002155,304.1398275417327
1777049549,100,,Aggregated,125.100000,0.000000,790,810,830,850,890,1000,1100,1300,3000,16000,60000,54404,1,790,797.3102758993964,256.855584011646,60007.610667002155,304.1399713256378
1777049550,100,,Aggregated,126.000000,0.000000,790,810,830,850,890,1000,1100,1300,3000,16000,60000,54531,1,790,797.3179031521298,256.855584011646,60007.610667002155,304.14014047055804
1777049551,100,,Aggregated,126.000000,0.000000,790,810,830,850,890,1000,1100,1300,3000,16000,60000,54659,1,790,797.2787261794696,256.855584011646,60007.610667002155,304.14032455771235
1777049552,100,,Aggregated,126.400000,0.000000,790,810,830,850,890,1000,1100,1300,3000,16000,60000,54784,1,790,797.2884577581867,256.855584011646,60007.610667002155,304.1402781834112
1777049553,100,,Aggregated,126.400000,0.000000,790,810,830,850,890,1000,1100,1300,3000,16000,60000,54907,1,790,797.3095728592599,256.855584011646,60007.610667002155,304.1403099786912
1777049554,100,,Aggregated,127.400000,0.000000,790,810,830,850,890,1000,1100,1300,3000,16000,60000,55026,1,790,797.3661373096795,256.855584011646,60007.610667002155,304.14049721949624
1777049555,100,,Aggregated,127.400000,0.000000,790,810,830,850,890,1000,1100,1300,3000,16000,60000,55136,1,790,797.6272273496708,256.855584011646,60007.610667002155,304.1402531921068
1777049556,100,,Aggregated,124.400000,0.000000,790,810,830,850,890,1000,1100,1300,3000,16000,60000,55270,1,790,797.5215139493266,256.855584011646,60007.610667002155,304.1399855256016
1777049557,100,,Aggregated,125.000000,0.000000,790,810,830,850,890,1000,1200,1300,3000,16000,60000,55406,1,790,797.4998501941902,256.855584011646,60007.610667002155,304.140255567989
1777049558,100,,Aggregated,124.200000,0.000000,790,810,830,850,890,1000,1200,1300,3000,16000,60000,55530,1,790,797.5201929479979,256.855584011646,60007.610667002155,304.1404466054385
1777049559,100,,Aggregated,123.900000,0.000000,790,810,830,850,890,1000,1200,1300,3000,16000,60000,55639,1,790,797.4082834714353,256.855584011646,60007.610667002155,304.14051294954976
1777049560,100,,Aggregated,123.400000,0.000000,790,810,830,850,890,1000,1200,1300,3000,16000,60000,55788,1,790,797.2360078598488,256.855584011646,60007.610667002155,304.1404782390478
1777049561,100,,Aggregated,123.700000,0.000000,790,810,830,850,890,1000,1200,1300,3000,16000,60000,55923,1,790,797.1963561487071,256.855584011646,60007.610667002155,304.1406576900381
1777049562,100,,Aggregated,125.600000,0.000000,790,810,830,850,890,1000,1200,1300,3000,16000,60000,56046,1,790,797.1840081223847,256.855584011646,60007.610667002155,304.14050958141524
1777049563,100,,Aggregated,125.800000,0.000000,790,810,830,850,890,1000,1200,1300,3000,16000,60000,56172,1,790,797.1825987400993,256.855584011646,60007.610667002155,304.14033682261623
1777049564,100,,Aggregated,125.800000,0.000000,790,810,830,850,890,1000,1200,1300,3000,16000,60000,56298,1,790,797.1823424494814,256.855584011646,60007.610667002155,304.14034246332017
1777049565,100,,Aggregated,125.700000,0.000000,790,810,830,850,890,1000,1200,1300,3000,16000,60000,56423,1,790,797.1730089984554,256.855584011646,60007.610667002155,304.14019105683855
1777049566,100,,Aggregated,126.700000,0.000000,790,810,830,850,890,1000,1200,1300,3000,16000,60000,56550,1,790,797.1794562212717,256.855584011646,60007.610667002155,304.14031830238724
1777049567,100,,Aggregated,126.500000,0.000000,790,810,830,850,890,1000,1200,1300,3000,16000,60000,56673,1,790,797.2028547819949,256.855584011646,60007.610667002155,304.14038430998886
1777049568,100,,Aggregated,127.800000,0.000000,790,810,830,850,890,1000,1200,1300,3000,16000,60000,56801,1,790,797.2070170810956,256.855584011646,60007.610667002155,304.14056090561786
1777049569,100,,Aggregated,126.200000,0.000000,790,810,830,850,890,1000,1100,1300,3000,16000,60000,56927,1,790,797.1966181932518,256.855584011646,60007.610667002155,304.1404605898783
1777049570,100,,Aggregated,127.500000,0.000000,790,810,830,850,890,1000,1100,1300,3000,16000,60000,57049,1,790,797.3640764804878,256.855584011646,60007.610667002155,304.140545846553
1777049571,100,,Aggregated,127.400000,0.000000,790,810,830,850,890,1000,1100,1300,3000,16000,60000,57160,1,790,797.2880927217221,256.855584011646,60007.610667002155,304.1404653603919
1777049572,100,,Aggregated,124.000000,0.000000,790,810,830,850,890,1000,1100,1300,3000,16000,60000,57294,1,790,797.2452604084476,256.855584011646,60007.610667002155,304.1405906377631
1777049573,100,,Aggregated,123.200000,0.000000,790,810,830,850,890,1000,1100,1300,3000,16000,60000,57418,1,790,797.2741262010641,256.855584011646,60007.610667002155,304.14080950224667
1777049574,100,,Aggregated,124.100000,0.000000,790,810,830,850,890,1000,1100,1300,3000,16000,60000,57542,1,790,797.2804815852535,256.855584011646,60007.610667002155,304.1408536373432
1777049575,100,,Aggregated,124.700000,0.000000,790,810,830,850,890,1000,1100,1300,3000,16000,60000,57655,1,790,797.3744822702904,256.855584011646,60007.610667002155,304.1404561616512
1777049576,100,,Aggregated,123.600000,0.000000,790,810,830,850,890,1000,1200,1300,3000,16000,60000,57802,1,790,797.3225907624243,256.855584011646,60007.610667002155,304.14042766686276
1777049577,100,,Aggregated,123.700000,0.000000,790,810,830,850,890,1000,1200,1300,3000,16000,60000,57932,1,790,797.189390129974,256.855584011646,60007.610667002155,304.1403196851481
1777049578,100,,Aggregated,124.300000,0.000000,790,810,830,850,890,1000,1200,1300,2900,16000,60000,58059,1,790,797.1550816269242,256.855584011646,60007.610667002155,304.1402711035326
1777049579,100,,Aggregated,125.900000,0.000000,790,810,830,850,890,1000,1200,1300,2900,16000,60000,58188,1,790,797.1288911732099,256.855584011646,60007.610667002155,304.140492885131
1777049580,100,,Aggregated,124.800000,0.000000,790,810,830,850,890,1000,1200,1300,2900,16000,60000,58313,1,790,797.1046272014424,256.855584011646,60007.610667002155,304.14065474251026
1777049581,100,,Aggregated,125.500000,0.000000,790,810,830,850,890,1000,1100,1300,2900,16000,60000,58441,1,790,797.0957249228611,256.855584011646,60007.610667002155,304.14068889991614
1777049582,100,,Aggregated,127.300000,0.000000,790,810,830,850,890,1000,1100,1300,2900,16000,60000,58557,1,790,797.0785019819191,256.855584011646,60007.610667002155,304.1410249842034
1777049583,100,,Aggregated,127.900000,0.000000,790,810,830,850,890,1000,1100,1300,2900,16000,60000,58677,1,790,797.1839021844373,256.855584011646,60007.610667002155,304.14111150876835
1777049584,100,,Aggregated,127.100000,0.000000,790,810,830,850,890,1000,1100,1300,2900,16000,60000,58821,1,790,797.0573971869456,256.855584011646,60007.610667002155,304.1409020587885
1777049585,100,,Aggregated,125.200000,0.000000,790,810,830,850,890,1000,1100,1300,2900,16000,60000,58947,1,790,797.0338407719004,256.855584011646,60007.610667002155,304.14090623780686
1777049586,100,,Aggregated,127.500000,0.000000,790,810,830,850,890,1000,1100,1300,2900,16000,60000,59074,1,790,797.0363207845791,256.855584011646,60007.610667002155,304.14116193249146
1777049587,100,,Aggregated,127.900000,0.000000,790,810,830,850,890,1000,1100,1300,2900,16000,60000,59199,1,790,797.0657979320611,256.855584011646,60007.610667002155,304.14115103295666
1777049588,100,,Aggregated,127.000000,0.000000,790,810,830,850,890,1000,1100,1300,2900,16000,60000,59325,1,790,797.147014311488,256.855584011646,60007.610667002155,304.14105351875264
1777049589,100,,Aggregated,126.200000,0.000000,790,810,830,850,890,1000,1100,1300,2900,16000,60000,59450,1,790,797.1144096031809,256.855584011646,60007.610667002155,304.1410765349033
1777049590,100,,Aggregated,125.900000,0.000000,790,810,830,850,890,1000,1100,1300,2900,16000,60000,59554,1,790,797.0663361353083,256.855584011646,60007.610667002155,304.1409980857709
1777049591,100,,Aggregated,125.000000,0.000000,790,810,830,850,890,1000,1100,1300,2900,16000,60000,59681,1,790,797.057916017964,256.855584011646,60007.610667002155,304.1411169383891
1777049592,100,,Aggregated,125.300000,0.000000,790,810,830,850,890,1000,1100,1300,2900,16000,60000,59810,1,790,797.1120535869591,256.855584011646,60007.610667002155,304.14126400267514
1777049593,100,,Aggregated,125.100000,0.000000,790,810,830,850,890,1000,1100,1300,2900,16000,60000,59956,1,790,797.0153287075208,256.855584011646,60007.610667002155,304.1413536593502
1777049594,100,,Aggregated,123.300000,0.000000,790,810,830,850,890,1000,1100,1300,2800,14000,60000,60073,1,790,796.9666255656474,256.855584011646,60007.610667002155,304.1415278078338
1777049595,100,,Aggregated,127.200000,0.000000,790,810,830,850,890,1000,1100,1300,2800,14000,60000,60204,1,790,796.9672255404645,256.855584011646,60007.610667002155,304.141834429606
1777049596,100,,Aggregated,125.900000,0.000000,790,810,830,850,890,1000,1100,1300,2800,14000,60000,60334,1,790,796.9573003327016,256.855584011646,60007.610667002155,304.1419597573508
1777049597,100,,Aggregated,125.500000,0.000000,790,810,830,850,890,1000,1100,1300,2800,14000,60000,60458,1,790,796.9645238468852,256.855584011646,60007.610667002155,304.14193324291244
1777049598,100,,Aggregated,125.700000,0.000000,790,810,830,850,890,1000,1100,1300,2800,14000,60000,60585,1,790,796.9647854746884,256.855584011646,60007.610667002155,304.1421143847487
1777049599,100,,Aggregated,125.900000,0.000000,790,810,830,850,890,1000,1100,1300,2800,14000,60000,60711,1,790,796.9680367153253,256.855584011646,60007.610667002155,304.14208298331437
1777049600,100,,Aggregated,126.600000,0.000000,790,810,830,850,890,1000,1100,1300,2800,14000,60000,60835,1,790,796.9745347234488,256.855584011646,60007.610667002155,304.1420563820169
1777049601,100,,Aggregated,125.600000,0.000000,790,810,830,850,890,1000,1100,1300,2800,14000,60000,60963,1,790,796.9648224603952,256.855584011646,60007.610667002155,304.14225021734495
1777049602,100,,Aggregated,125.400000,0.000000,790,810,830,850,890,1000,1100,1300,2700,14000,60000,61088,1,790,796.9434757798937,256.855584011646,60007.610667002155,304.1423356469356
1777049603,100,,Aggregated,126.300000,0.000000,790,810,830,850,890,1000,1100,1300,2700,14000,60000,61214,1,790,796.9567107875979,256.855584011646,60007.610667002155,304.14246740941616
1777049604,100,,Aggregated,128.200000,0.000000,790,810,830,850,890,1000,1100,1300,2700,14000,60000,61338,1,790,796.9825652107828,256.855584011646,60007.610667002155,304.1424076428967
1777049605,100,,Aggregated,125.600000,0.000000,790,810,830,850,890,1000,1100,1300,2700,14000,60000,61464,1,790,796.9761512020181,256.855584011646,60007.610667002155,304.14247364310813
1777049606,100,,Aggregated,124.000000,0.000000,790,810,830,850,890,1000,1100,1300,2700,14000,60000,61579,1,790,797.0339795902465,256.855584011646,60007.610667002155,304.14264603192646
1777049607,100,,Aggregated,125.700000,0.000000,790,810,830,850,890,1000,1100,1300,2700,14000,60000,61708,1,790,797.1068129128599,256.855584011646,60007.610667002155,304.14268814416283
1777049608,100,,Aggregated,123.900000,0.000000,790,810,830,850,890,1000,1100,1300,2700,14000,60000,61822,1,790,797.1136005058675,256.855584011646,60007.610667002155,304.142942641778
1777049609,100,,Aggregated,122.600000,0.000000,790,810,830,850,890,1000,1100,1300,2700,14000,60000,61952,1,790,797.1150730051432,256.855584011646,60007.610667002155,304.14299780475204
1777049610,100,,Aggregated,122.500000,0.000000,790,810,830,850,890,1000,1200,1300,2700,14000,60000,62094,1,790,796.9277170260499,256.855584011646,60007.610667002155,304.1432827648404
1777049611,100,,Aggregated,124.100000,0.000000,790,810,830,850,890,1000,1100,1300,2700,14000,60000,62219,1,790,796.9401251289245,256.855584011646,60007.610667002155,304.1429788328324
1777049612,100,,Aggregated,124.800000,0.000000,790,810,830,850,890,1000,1100,1300,2700,14000,60000,62344,1,790,796.960163166246,256.855584011646,60007.610667002155,304.1428365199538
1777049613,100,,Aggregated,124.800000,0.000000,790,810,830,850,890,1000,1100,1300,2700,14000,60000,62472,1,790,796.9470602413018,256.855584011646,60007.610667002155,304.1429920604431
1777049614,100,,Aggregated,124.900000,0.000000,790,810,830,850,890,1000,1100,1300,2700,14000,60000,62597,1,790,796.94683150454,256.855584011646,60007.610667002155,304.14326565170853
1777049615,100,,Aggregated,125.300000,0.000000,790,810,830,850,890,1000,1100,1300,2700,14000,60000,62716,1,790,796.9868119343835,256.855584011646,60007.610667002155,304.1433286561643
1777049616,100,,Aggregated,126.600000,0.000000,790,810,830,850,890,1000,1100,1300,2700,14000,60000,62839,1,790,797.0652228856715,256.855584011646,60007.610667002155,304.1433186396983
1777049617,100,,Aggregated,124.700000,0.000000,790,810,830,850,890,1000,1100,1300,2700,14000,60000,62954,1,790,797.0455676776018,256.855584011646,60007.610667002155,304.1431680274486
1777049618,100,,Aggregated,125.700000,0.000000,790,810,830,850,890,1000,1100,1300,2700,14000,60000,63085,1,790,797.0525583318656,256.855584011646,60007.610667002155,304.14320361417134
1777049619,100,,Aggregated,126.900000,0.000000,790,810,830,850,890,1000,1100,1300,2700,14000,60000,63217,1,790,797.0556035326539,256.855584011646,60007.610667002155,304.1430627837449
1777049620,100,,Aggregated,127.100000,0.000000,790,810,830,850,890,1000,1100,1300,2700,14000,60000,63342,1,790,797.0562359497453,256.855584011646,60007.610667002155,304.1431119952007
1777049621,100,,Aggregated,126.600000,0.000000,790,810,830,850,890,1000,1100,1300,2700,14000,60000,63445,1,790,797.0942602094202,256.855584011646,60007.610667002155,304.1432106548979
1777049622,100,,Aggregated,125.500000,0.000000,790,810,830,850,890,1000,1100,1300,2700,14000,60000,63573,1,790,797.2125407705528,256.855584011646,60007.610667002155,304.1433942082331
1777049623,100,,Aggregated,124.100000,0.000000,790,810,830,850,890,1000,1100,1300,2700,14000,60000,63711,1,790,797.1448141082872,256.855584011646,60007.610667002155,304.143397529469
1777049624,100,,Aggregated,123.400000,0.000000,790,810,830,850,890,1000,1100,1300,2700,14000,60000,63845,1,790,797.1130610565305,256.855584011646,60007.610667002155,304.1434724723941
1777049625,100,,Aggregated,124.100000,0.000000,790,810,830,850,890,1000,1100,1300,2700,14000,60000,63954,1,790,797.143236228842,256.855584011646,60007.610667002155,304.1434624886637
1777049626,100,,Aggregated,124.300000,0.000000,790,810,830,850,890,1000,1200,1300,2700,14000,60000,64096,1,790,797.20220604224,256.855584011646,60007.610667002155,304.1436439091363
1777049627,100,,Aggregated,123.200000,0.000000,790,810,830,850,890,1000,1200,1300,2700,14000,60000,64226,1,790,797.0259868118874,256.855584011646,60007.610667002155,304.1437579796344
1777049628,100,,Aggregated,122.300000,0.000000,790,810,830,850,890,1000,1200,1300,2700,14000,60000,64350,1,790,797.0171630721256,256.855584011646,60007.610667002155,304.14388500388503
1777049629,100,,Aggregated,125.500000,0.000000,790,810,830,850,890,1000,1200,1300,2700,14000,60000,64464,1,790,797.0208702414409,256.855584011646,60007.610667002155,304.143847728965
1777049630,100,,Aggregated,125.500000,0.000000,790,810,830,850,890,1000,1100,1300,2700,14000,60000,64596,1,790,797.031292763069,256.855584011646,60007.610667002155,304.1437395504366
1777049631,100,,Aggregated,125.400000,0.000000,790,810,830,850,890,1000,1100,1300,2700,14000,60000,64728,1,790,797.026691425306,256.855584011646,60007.610667002155,304.14378630577187
1777049632,100,,Aggregated,125.300000,0.000000,790,810,830,850,890,1000,1100,1300,2700,14000,60000,64854,1,790,797.0166106637434,256.855584011646,60007.610667002155,304.144000370062
1777049633,100,,Aggregated,125.700000,0.000000,790,810,830,850,890,1000,1100,1300,2700,14000,60000,64981,1,790,796.9928251583127,256.855584011646,60007.610667002155,304.1441036610702
1777049634,100,,Aggregated,125.700000,0.000000,790,810,830,850,890,1000,1100,1300,2300,14000,60000,65105,1,790,796.9913715772083,256.855584011646,60007.610667002155,304.14419783426774
1777049635,100,,Aggregated,125.500000,0.000000,790,810,830,850,890,1000,1100,1300,2300,14000,60000,65229,1,790,797.0075476609527,256.855584011646,60007.610667002155,304.1445676003005
1777049636,100,,Aggregated,125.700000,0.000000,790,810,830,850,890,1000,1100,1300,2300,14000,60000,65358,1,790,797.002078168905,256.855584011646,60007.610667002155,304.14469537011536
1777049637,100,,Aggregated,127.000000,0.000000,790,810,830,850,890,1000,1100,1300,2300,14000,60000,65475,1,790,797.0262816928649,256.855584011646,60007.610667002155,304.14451317296675
1777049638,100,,Aggregated,128.600000,0.000000,790,810,830,850,890,1000,1100,1300,2300,14000,60000,65592,1,790,797.072080960749,256.855584011646,60007.610667002155,304.14436211733135
1777049639,100,,Aggregated,125.400000,0.000000,790,810,830,850,890,1000,1100,1300,2300,14000,60000,65722,1,790,797.1217333439854,256.855584011646,60007.610667002155,304.14462432670945
1777049640,100,,Aggregated,125.000000,0.000000,790,810,830,850,890,1000,1100,1300,2300,14000,60000,65842,1,790,797.101086217117,256.855584011646,60007.610667002155,304.1447860028553
1777049641,100,,Aggregated,123.700000,0.000000,790,810,830,850,890,1000,1100,1300,2300,14000,60000,65968,1,790,797.1061783547079,256.855584011646,60007.610667002155,304.1448126364298
1777049642,100,,Aggregated,124.600000,0.000000,790,810,830,850,890,1000,1100,1300,2200,14000,60000,66099,1,790,797.0865678407715,256.855584011646,60007.610667002155,304.14454076461067
1777049643,100,,Aggregated,125.500000,0.000000,790,810,830,850,890,1000,1100,1300,2200,14000,60000,66238,1,790,797.0064036579521,256.855584011646,60007.610667002155,304.144252543857
1777049644,100,,Aggregated,125.900000,0.000000,790,810,830,850,890,1000,1100,1300,2200,14000,60000,66364,1,790,796.9681626558881,256.855584011646,60007.610667002155,304.1445512627328
1777049645,100,,Aggregated,124.600000,0.000000,790,810,830,850,890,1000,1100,1300,2200,14000,60000,66490,1,790,796.9769793277236,256.855584011646,60007.610667002155,304.1445480523387
1777049646,100,,Aggregated,125.200000,0.000000,790,810,830,850,890,1000,1100,1300,2200,14000,60000,66611,1,790,796.9993219932345,256.855584011646,60007.610667002155,304.14487096725765
1777049647,100,,Aggregated,125.400000,0.000000,790,810,830,850,890,1000,1100,1300,2200,14000,60000,66737,1,790,797.0044004219452,256.855584011646,60007.610667002155,304.14474729160736
1777049648,100,,Aggregated,125.200000,0.000000,790,810,830,850,890,1000,1100,1300,2200,14000,60000,66866,1,790,796.996963475643,256.855584011646,60007.610667002155,304.14454281697726
1777049649,100,,Aggregated,125.100000,0.000000,790,810,830,850,890,1000,1100,1300,2200,14000,60000,66990,1,790,797.004037308678,256.855584011646,60007.610667002155,304.14454396178536
1777049650,100,,Aggregated,125.600000,0.000000,790,810,830,850,890,1000,1100,1300,2200,14000,60000,67111,1,790,797.0186451962757,256.855584011646,60007.610667002155,304.1446856700094
1777049651,100,,Aggregated,127.000000,0.000000,790,810,830,850,890,1000,1100,1300,2200,14000,60000,67237,1,790,797.01459824475,256.855584011646,60007.610667002155,304.1447714799887
1777049652,100,,Aggregated,125.900000,0.000000,790,810,830,850,890,1000,1100,1300,2200,14000,60000,67355,1,790,797.0054629688269,256.855584011646,60007.610667002155,304.1449929478138
1777049653,100,,Aggregated,125.500000,0.000000,790,810,830,850,890,1000,1100,1300,2200,14000,60000,67487,1,790,796.9948362033631,256.855584011646,60007.610667002155,304.1453020581742
1777049654,100,,Aggregated,125.500000,0.000000,790,810,830,850,890,1000,1100,1300,2200,14000,60000,67621,1,790,796.9915203120044,256.855584011646,60007.610667002155,304.1450732760533
1777049655,100,,Aggregated,125.000000,0.000000,790,810,830,850,890,1000,1100,1300,2200,14000,60000,67734,1,790,797.0485032198928,256.855584011646,60007.610667002155,304.1450231789057
1777049656,100,,Aggregated,124.900000,0.000000,790,810,830,850,890,1000,1100,1300,2200,14000,60000,67870,1,790,797.0520165919163,256.855584011646,60007.610667002155,304.145056726094
1777049657,100,,Aggregated,124.300000,0.000000,790,810,830,850,890,1000,1100,1300,2200,14000,60000,67998,1,790,797.0420352052919,256.855584011646,60007.610667002155,304.145048383776
1777049658,100,,Aggregated,125.000000,0.000000,790,810,830,850,890,1000,1100,1300,2200,14000,60000,68115,1,790,797.0042029332803,256.855584011646,60007.610667002155,304.1450781766131
1777049659,100,,Aggregated,124.300000,0.000000,790,810,830,850,890,1000,1100,1300,2200,14000,60000,68247,1,790,796.9934087550141,256.855584011646,60007.610667002155,304.1450613213768
1777049660,100,,Aggregated,124.700000,0.000000,790,810,830,850,890,1000,1100,1300,2200,14000,60000,68375,1,790,796.9482396973356,256.855584011646,60007.610667002155,304.14517001828153
1777049661,100,,Aggregated,125.400000,0.000000,790,810,830,850,890,1000,1100,1300,2200,14000,60000,68500,1,790,796.9642905944895,256.855584011646,60007.610667002155,304.1451240875912
1777049662,100,,Aggregated,125.800000,0.000000,790,810,830,850,890,1000,1100,1300,2200,14000,60000,68627,1,790,796.9455261306135,256.855584011646,60007.610667002155,304.1452780975418
1777049663,100,,Aggregated,125.500000,0.000000,790,810,830,850,890,1000,1100,1300,2200,14000,60000,68753,1,790,796.9546969763993,256.855584011646,60007.610667002155,304.1454772882638
1777049664,100,,Aggregated,125.600000,0.000000,790,810,830,850,890,1000,1100,1300,2200,14000,60000,68871,1,790,796.9337049593977,256.855584011646,60007.610667002155,304.14557651261055
1777049665,100,,Aggregated,126.800000,0.000000,790,810,830,850,890,1000,1100,1300,2200,14000,60000,69004,1,790,796.9317437136947,256.855584011646,60007.610667002155,304.14557127123066
1777049666,100,,Aggregated,125.100000,0.000000,790,810,830,850,890,1000,1100,1300,2200,14000,60000,69127,1,790,796.928191021202,256.855584011646,60007.610667002155,304.14526885298073
1777049667,100,,Aggregated,126.100000,0.000000,790,810,830,850,890,1000,1100,1300,2200,14000,60000,69256,1,790,796.9380925709763,256.855584011646,60007.610667002155,304.14518597666626
1777049668,100,,Aggregated,126.100000,0.000000,790,810,830,850,890,1000,1100,1300,2200,14000,60000,69382,1,790,796.929805702005,256.855584011646,60007.610667002155,304.14544118070967
1777049669,100,,Aggregated,126.800000,0.000000,790,810,830,850,890,1000,1100,1300,2200,14000,60000,69508,1,790,796.9185931236443,256.855584011646,60007.610667002155,304.14520630718766
1777049670,100,,Aggregated,126.300000,0.000000,790,810,830,850,890,1000,1100,1300,2200,14000,60000,69637,1,790,796.9237511368982,256.855584011646,60007.610667002155,304.1451240001723
1777049671,100,,Aggregated,125.500000,0.000000,790,810,830,850,890,1000,1100,1300,2200,14000,60000,69748,1,790,796.958195630527,256.855584011646,60007.610667002155,304.1450220794861
1777049672,100,,Aggregated,125.600000,0.000000,790,810,830,850,890,1000,1100,1300,2200,14000,60000,69874,1,790,796.9852876677692,256.855584011646,60007.610667002155,304.1452757821221
1777049673,100,,Aggregated,125.500000,0.000000,790,810,830,850,890,1000,1100,1300,2200,13000,60000,70005,1,790,796.9765420916056,256.855584011646,60007.610667002155,304.1456181701307
1777049674,100,,Aggregated,124.000000,0.000000,790,810,830,850,890,1000,1100,1300,2200,13000,60000,70130,1,790,797.1026658489619,256.855584011646,60007.610667002155,304.1454584343362
1777049675,100,,Aggregated,124.500000,0.000000,790,810,830,850,890,1000,1100,1300,2200,13000,60000,70253,1,790,797.106638380094,256.855584011646,60007.610667002155,304.14544574608914
1777049676,100,,Aggregated,124.900000,0.000000,790,810,830,850,890,1000,1100,1300,2200,13000,60000,70373,1,790,797.0843074112348,256.855584011646,60007.610667002155,304.1456808719253
1777049677,100,,Aggregated,123.600000,0.000000,790,810,830,850,890,1000,1100,1300,2200,13000,60000,70514,1,790,796.9069352621711,256.855584011646,60007.610667002155,304.1454888390958
1777049678,100,,Aggregated,123.500000,0.000000,790,810,830,850,890,1000,1100,1300,2200,13000,60000,70645,1,790,796.8886014431534,256.855584011646,60007.610667002155,304.14540307169653
1777049679,100,,Aggregated,125.600000,0.000000,790,810,830,850,890,1000,1100,1300,2200,13000,60000,70773,1,790,796.8582149617994,256.855584011646,60007.610667002155,304.1454792081726
1777049680,100,,Aggregated,125.500000,0.000000,790,810,830,850,890,1000,1100,1300,2200,13000,60000,70901,1,790,796.8442898653194,256.855584011646,60007.610667002155,304.1452447779298
1777049681,100,,Aggregated,126.000000,0.000000,790,810,830,850,890,1000,1100,1300,2200,13000,60000,71027,1,790,796.8345517976092,256.855584011646,60007.610667002155,304.145296858941
1777049682,100,,Aggregated,125.900000,0.000000,790,810,830,850,890,1000,1100,1300,2200,13000,60000,71151,1,790,796.8403286148601,256.855584011646,60007.610667002155,304.14509985804835
1777049683,100,,Aggregated,126.200000,0.000000,790,810,830,850,890,1000,1100,1300,2200,13000,60000,71278,1,790,796.8341154199763,256.855584011646,60007.610667002155,304.145079828278
1777049684,100,,Aggregated,127.600000,0.000000,790,810,830,850,890,1000,1100,1300,2200,13000,60000,71403,1,790,796.8311255127267,256.855584011646,60007.610667002155,304.14489587272243
1777049685,100,,Aggregated,127.000000,0.000000,790,810,830,850,890,1000,1100,1300,2200,13000,60000,71529,1,790,796.8419017198647,256.855584011646,60007.610667002155,304.14492024213956
1777049686,100,,Aggregated,127.700000,0.000000,790,810,830,850,890,1000,1100,1300,2200,13000,60000,71655,1,790,796.8382157500973,256.855584011646,60007.610667002155,304.14488870281207
1777049687,100,,Aggregated,128.300000,0.000000,790,810,830,850,890,1000,1100,1300,2200,13000,60000,71770,1,790,796.8388959400198,256.855584011646,60007.610667002155,304.1450884770796
1777049688,100,,Aggregated,127.200000,0.000000,790,810,830,850,890,1000,1100,1300,2200,13000,60000,71899,1,790,796.8945729575016,256.855584011646,60007.610667002155,304.14492552052184
1777049689,100,,Aggregated,125.800000,0.000000,790,810,830,850,890,1000,1100,1300,2200,13000,60000,72037,1,790,796.8382507806191,256.855584011646,60007.610667002155,304.14481447034166
1777049690,100,,Aggregated,125.600000,0.000000,790,810,830,850,890,1000,1100,1300,2200,13000,60000,72155,1,790,796.8372157615297,256.855584011646,60007.610667002155,304.1446885177742
1777049691,100,,Aggregated,125.500000,0.000000,790,810,830,850,890,1000,1100,1300,2200,13000,60000,72274,1,790,796.8447670494412,256.855584011646,60007.610667002155,304.14454714005035
1777049692,100,,Aggregated,125.800000,0.000000,790,810,830,850,890,1000,1100,1300,2200,13000,60000,72404,1,790,796.8545809804874,256.855584011646,60007.610667002155,304.1447019501685
1777049693,100,,Aggregated,125.600000,0.000000,790,810,830,850,890,1000,1100,1300,2200,13000,60000,72541,1,790,796.8031092677576,256.855584011646,60007.610667002155,304.14458030630954
1777049694,100,,Aggregated,125.400000,0.000000,790,810,830,850,890,1000,1100,1300,2200,13000,60000,72667,1,790,796.7782186293697,256.855584011646,60007.610667002155,304.14471493250034
1777049695,100,,Aggregated,124.100000,0.000000,790,810,830,850,890,1000,1100,1300,2200,13000,60000,72794,1,790,796.7731824482967,256.855584011646,60007.610667002155,304.14444871830096
1777049696,100,,Aggregated,125.500000,0.000000,790,810,830,850,890,1000,1100,1300,2200,13000,60000,72922,1,790,796.7444838311407,256.855584011646,60007.610667002155,304.14449685965826
1777049697,100,,Aggregated,125.800000,0.000000,790,810,830,850,890,1000,1100,1300,2100,13000,60000,73046,1,790,796.7452677492579,256.855584011646,60007.610667002155,304.1447170276264
1777049698,100,,Aggregated,126.600000,0.000000,790,810,830,850,890,1000,1100,1300,2100,13000,60000,73168,1,790,796.8173475951455,256.855584011646,60007.610667002155,304.144749070632
1777049699,100,,Aggregated,125.800000,0.000000,790,810,830,850,890,1000,1100,1300,2100,13000,60000,73288,1,790,796.7605869498491,256.855584011646,60007.610667002155,304.144784957974
1777049700,100,,Aggregated,126.500000,0.000000,790,810,830,850,890,1000,1100,1300,2100,13000,60000,73420,1,790,796.7550887258991,256.855584011646,60007.610667002155,304.1448787796241
1777049701,100,,Aggregated,126.200000,0.000000,790,810,830,850,890,1000,1100,1300,2100,13000,60000,73549,1,790,796.7450634237115,256.855584011646,60007.610667002155,304.14488300316793
1777049702,100,,Aggregated,125.700000,0.000000,790,810,830,850,890,1000,1100,1300,2100,13000,60000,73675,1,790,796.7376698823016,256.855584011646,60007.610667002155,304.1445537835086
1777049703,100,,Aggregated,125.700000,0.000000,790,810,830,850,890,1000,1100,1300,2100,13000,60000,73800,1,790,796.7689237313375,256.855584011646,60007.610667002155,304.14459349593494
1777049704,100,,Aggregated,126.100000,0.000000,790,810,830,850,890,1000,1100,1300,2100,13000,60000,73922,1,790,796.7793885181777,256.855584011646,60007.610667002155,304.144625415979
1777049705,100,,Aggregated,126.900000,0.000000,790,810,830,850,890,1000,1100,1300,2100,13000,60000,74053,1,790,796.7774106950669,256.855584011646,60007.610667002155,304.14454512308754
1777049706,100,,Aggregated,125.800000,0.000000,790,810,830,850,890,1000,1100,1300,2100,13000,60000,74155,1,790,796.7655598862881,256.855584011646,60007.610667002155,304.1445350954083
1777049707,100,,Aggregated,125.300000,0.000000,790,810,830,850,890,1000,1100,1300,2100,13000,60000,74290,1,790,796.7314462499628,256.855584011646,60007.610667002155,304.1445012787724
1777049708,100,,Aggregated,125.400000,0.000000,790,810,830,850,890,1000,1100,1300,2100,13000,60000,74423,1,790,796.7495362868966,256.855584011646,60007.610667002155,304.14431022667725
1777049709,100,,Aggregated,124.900000,0.000000,790,810,830,850,890,1000,1100,1300,2100,13000,60000,74539,1,790,796.7882208211788,256.855584011646,60007.610667002155,304.14413930962314
1777049710,100,,Aggregated,124.800000,0.000000,790,810,830,850,890,1000,1100,1300,2100,13000,60000,74671,1,790,796.7598532903374,256.855584011646,60007.610667002155,304.14407199582166
1777049711,100,,Aggregated,125.200000,0.000000,790,810,830,850,890,1000,1100,1300,2100,13000,60000,74803,1,790,796.7055912229268,256.855584011646,60007.610667002155,304.14395144579765
1777049712,100,,Aggregated,124.300000,0.000000,790,810,830,850,890,1000,1100,1300,2100,13000,60000,74934,1,790,796.6954927336277,256.855584011646,60007.610667002155,304.1439533456108
1777049713,100,,Aggregated,125.700000,0.000000,790,810,830,850,890,1000,1100,1300,2100,13000,60000,75061,1,790,796.7009230608934,256.855584011646,60007.610667002155,304.14412278013884
1777049714,100,,Aggregated,125.600000,0.000000,790,810,830,850,890,1000,1100,1300,2100,13000,60000,75187,1,790,796.6726554119831,256.855584011646,60007.610667002155,304.1439078564114
1777049715,100,,Aggregated,126.000000,0.000000,790,810,830,850,890,1000,1100,1300,2100,13000,60000,75315,1,790,796.676727271098,256.855584011646,60007.610667002155,304.14376950142736
1777049716,100,,Aggregated,125.600000,0.000000,790,810,830,850,890,1000,1100,1300,2100,13000,60000,75440,1,790,796.6689409403876,256.855584011646,60007.610667002155,304.1439687168611
1777049717,100,,Aggregated,126.200000,0.000000,790,810,830,850,890,1000,1100,1300,2100,13000,60000,75566,1,790,796.6770394588021,256.855584011646,60007.610667002155,304.143913929545
1777049718,100,,Aggregated,125.900000,0.000000,790,810,830,850,890,1000,1100,1300,2100,13000,60000,75691,1,790,796.6798416290802,256.855584011646,60007.610667002155,304.14368947431
1777049719,100,,Aggregated,126.700000,0.000000,790,810,830,850,890,1000,1100,1300,2100,13000,60000,75801,1,790,796.6882915044243,256.855584011646,60007.610667002155,304.14366565084896
1777049720,100,,Aggregated,125.400000,0.000000,790,810,830,850,890,1000,1100,1300,2100,13000,60000,75935,1,790,797.0078277928317,256.855584011646,60007.610667002155,304.143833541845
1777049721,100,,Aggregated,125.600000,0.000000,790,810,830,850,890,1000,1100,1300,2100,13000,60000,76052,1,790,796.8469515752863,256.855584011646,60007.610667002155,304.143809498764
1777049722,100,,Aggregated,124.800000,0.000000,790,810,840,850,890,1000,1100,1300,2100,13000,60000,76163,1,790,796.912103101673,256.855584011646,60007.610667002155,304.14390189462074
1777049723,100,,Aggregated,124.100000,0.000000,790,810,840,850,890,1000,1100,1300,2100,13000,60000,76302,1,790,796.9094901695722,256.855584011646,60007.610667002155,304.1437576996671
1777049724,100,,Aggregated,122.100000,0.000000,790,810,840,850,890,1000,1100,1300,2100,13000,60000,76434,1,790,796.9207025086577,256.855584011646,60007.610667002155,304.14379726299813
1777049725,100,,Aggregated,122.800000,0.000000,790,810,840,850,890,1000,1100,1300,2100,13000,60000,76544,1,790,796.9198299698935,256.855584011646,60007.610667002155,304.14377351588627
1777049726,100,,Aggregated,123.400000,0.000000,790,810,840,850,890,1000,1100,1300,2100,13000,60000,76674,1,790,796.939034996238,256.855584011646,60007.610667002155,304.14399926963506
1777049727,100,,Aggregated,122.300000,0.000000,790,810,840,850,890,1000,1100,1300,2100,13000,60000,76813,1,790,796.7787336931973,256.855584011646,60007.610667002155,304.1439339695104
1777049728,100,,Aggregated,122.500000,0.000000,790,810,840,850,890,1000,1100,1300,2100,13000,60000,76936,1,790,796.7753545972975,256.855584011646,60007.610667002155,304.14400280752835
1777049729,100,,Aggregated,123.800000,0.000000,790,810,840,850,890,1000,1100,1300,2100,13000,60000,77065,1,790,796.7749158049148,256.855584011646,60007.610667002155,304.1441380652696
1777049730,100,,Aggregated,125.100000,0.000000,790,810,830,850,890,1000,1100,1300,2100,13000,60000,77193,1,790,796.7553573894254,256.855584011646,60007.610667002155,304.1440804217999
1777049731,100,,Aggregated,123.500000,0.000000,790,810,840,850,890,1000,1100,1300,2100,13000,60000,77318,1,790,796.7625844219308,256.855584011646,60007.610667002155,304.14419669417214
1777049732,100,,Aggregated,126.300000,0.000000,790,810,830,850,890,1000,1100,1300,2100,13000,60000,77444,1,790,796.7535068948113,256.855584011646,60007.610667002155,304.1445044160942
1777049733,100,,Aggregated,126.000000,0.000000,790,810,830,850,890,1000,1100,1300,2100,13000,60000,77570,1,790,796.7513095490134,256.855584011646,60007.610667002155,304.14442439087276
1777049734,100,,Aggregated,128.000000,0.000000,790,810,830,850,890,1000,1100,1300,2100,13000,60000,77691,1,790,796.7268262557575,256.855584011646,60007.610667002155,304.1443667863717
1777049735,100,,Aggregated,127.100000,0.000000,790,810,830,850,890,1000,1100,1300,2100,13000,60000,77824,1,790,796.717079516638,256.855584011646,60007.610667002155,304.1442100123355
1777049736,100,,Aggregated,126.800000,0.000000,790,810,830,850,890,1000,1100,1300,2100,13000,60000,77952,1,790,796.7039192405823,256.855584011646,60007.610667002155,304.1440758415435
1777049737,100,,Aggregated,127.600000,0.000000,790,810,830,850,890,1000,1100,1300,2100,13000,60000,78078,1,790,796.7017217010796,256.855584011646,60007.610667002155,304.14399702861243
1777049738,100,,Aggregated,127.700000,0.000000,790,810,830,850,890,1000,1100,1300,2100,13000,60000,78184,1,790,796.7374278552006,256.855584011646,60007.610667002155,304.1440320270132
1777049739,100,,Aggregated,126.500000,0.000000,790,810,830,850,890,1000,1100,1300,2100,13000,60000,78314,1,790,796.8161521808851,256.855584011646,60007.610667002155,304.14376739791095
1777049740,100,,Aggregated,125.900000,0.000000,790,810,830,850,890,1000,1100,1300,2100,13000,60000,78448,1,790,796.8064290116488,256.855584011646,60007.610667002155,304.14354731796857
1777049741,100,,Aggregated,125.700000,0.000000,790,810,830,850,890,1000,1100,1300,2100,13000,60000,78582,1,790,796.7537911107988,256.855584011646,60007.610667002155,304.1436588531725
1777049742,100,,Aggregated,124.100000,0.000000,790,810,830,850,890,1000,1100,1300,2100,13000,60000,78698,1,790,796.7175311462873,256.855584011646,60007.610667002155,304.14392996010065
1777049743,100,,Aggregated,124.600000,0.000000,790,810,830,850,890,1000,1100,1300,2100,13000,60000,78837,1,790,796.7216533838106,256.855584011646,60007.610667002155,304.14422162182734
1777049744,100,,Aggregated,125.900000,0.000000,790,810,830,850,890,1000,1100,1300,2100,13000,60000,78961,1,790,796.676487159555,256.855584011646,60007.610667002155,304.1442737553982
1777049745,100,,Aggregated,124.700000,0.000000,790,810,830,850,890,1000,1100,1300,2100,13000,60000,79086,1,790,796.6981704982509,256.855584011646,60007.610667002155,304.14438712287887
1777049746,100,,Aggregated,125.700000,0.000000,790,810,830,850,890,1000,1100,1300,2100,13000,60000,79201,1,790,796.6936917739752,256.855584011646,60007.610667002155,304.14459413391245
1777049747,100,,Aggregated,125.700000,0.000000,790,810,830,850,890,1000,1100,1300,2100,13000,60000,79332,1,790,796.7155280937781,256.855584011646,60007.610667002155,304.1444688146019
1777049748,100,,Aggregated,125.300000,0.000000,790,810,830,850,890,1000,1100,1300,2100,13000,60000,79461,1,790,796.7188785848874,256.855584011646,60007.610667002155,304.1444733894615
1777049749,100,,Aggregated,125.200000,0.000000,790,810,840,850,890,1000,1100,1300,2100,13000,60000,79543,1,790,796.8578506413502,256.855584011646,60007.610667002155,304.1443998843393
1777049750,100,,Aggregated,125.100000,0.000000,790,810,840,850,890,1000,1100,1300,2100,13000,60000,79705,1,790,796.8053351063788,256.855584011646,60007.610667002155,304.1442318549652
1777049751,100,,Aggregated,126.400000,0.000000,790,810,840,850,890,1000,1100,1300,2100,13000,60000,79832,1,790,796.7876394431797,256.855584011646,60007.610667002155,304.1443406152921
1777049752,100,,Aggregated,121.700000,0.000000,790,810,840,850,890,1000,1100,1300,2100,13000,60000,79959,1,790,796.7750612250882,256.855584011646,60007.610667002155,304.1440738378419
1777049753,100,,Aggregated,124.800000,0.000000,790,810,840,850,890,1000,1100,1300,2100,13000,60000,80082,1,790,796.7879684469011,256.855584011646,60007.610667002155,304.1439149871382
1777049754,100,,Aggregated,124.100000,0.000000,790,810,840,850,890,1000,1100,1300,2100,13000,60000,80201,1,790,796.8010429920394,256.855584011646,60007.610667002155,304.14396329222825
1777049755,100,,Aggregated,125.700000,0.000000,790,810,840,850,890,1000,1100,1300,2100,13000,60000,80321,1,790,796.8346277136691,256.855584011646,60007.610667002155,304.1439972111901
1777049756,100,,Aggregated,124.100000,0.000000,790,810,840,850,890,1000,1100,1300,2100,13000,60000,80451,1,790,796.8441228242367,256.855584011646,60007.610667002155,304.1439136865918
1777049757,100,,Aggregated,122.700000,0.000000,790,810,840,850,890,1000,1100,1300,2100,13000,60000,80575,1,790,796.8235987868162,256.855584011646,60007.610667002155,304.1438163201986
1777049758,100,,Aggregated,124.100000,0.000000,790,810,840,850,890,1000,1100,1300,2100,13000,60000,80697,1,790,796.8683114494305,256.855584011646,60007.610667002155,304.1437475990433
1777049759,100,,Aggregated,122.200000,0.000000,790,810,840,850,890,1000,1100,1300,2100,13000,60000,80828,1,790,796.8599548546869,256.855584011646,60007.610667002155,304.14347750779433
1777049760,100,,Aggregated,122.800000,0.000000,790,810,840,850,890,1000,1100,1300,2100,13000,60000,80959,1,790,796.8248605264725,256.855584011646,60007.610667002155,304.1433318099285
1777049761,100,,Aggregated,122.600000,0.000000,790,810,840,850,890,1000,1100,1300,2100,13000,60000,81084,1,790,796.7954929197563,256.855584011646,60007.610667002155,304.1434438360219
1777049762,100,,Aggregated,129.000000,0.000000,790,810,840,850,890,1000,1100,1300,2100,13000,60000,81213,1,790,796.7837817553295,256.855584011646,60007.610667002155,304.1435976998756
1777049763,100,,Aggregated,124.500000,0.000000,790,810,840,850,890,1000,1100,1300,2100,13000,60000,81335,1,790,796.8026010469747,256.855584011646,60007.610667002155,304.14340689739964
1777049764,100,,Aggregated,124.400000,0.000000,790,810,840,850,890,1000,1100,1300,2100,13000,60000,81461,1,790,796.811111072523,256.855584011646,60007.610667002155,304.1433569438136
1777049765,100,,Aggregated,124.900000,0.000000,790,810,840,850,890,1000,1100,1300,2100,13000,60000,81588,1,790,796.8112189654707,256.855584011646,60007.610667002155,304.143268617934
1777049766,100,,Aggregated,125.100000,0.000000,790,810,840,850,890,1000,1100,1300,2100,13000,60000,81713,1,790,796.8050024552622,256.855584011646,60007.610667002155,304.14296378789174
1777049767,100,,Aggregated,126.300000,0.000000,790,810,840,850,890,1000,1100,1300,2100,13000,60000,81838,1,790,796.8100380696482,256.855584011646,60007.610667002155,304.14285539724824
1777049768,100,,Aggregated,125.400000,0.000000,790,810,840,850,890,1000,1100,1300,2100,13000,60000,81964,1,790,796.819113829434,256.855584011646,60007.610667002155,304.1429530037577
1777049769,100,,Aggregated,127.300000,0.000000,790,810,840,850,890,1000,1100,1300,2100,13000,60000,82083,1,790,796.7958823766519,256.855584011646,60007.610667002155,304.14290413362085
1777049770,100,,Aggregated,126.800000,0.000000,790,810,840,850,890,1000,1100,1300,2100,13000,60000,82215,1,790,796.777790353011,256.855584011646,60007.610667002155,304.1428449796266
1777049771,100,,Aggregated,127.100000,0.000000,790,810,840,850,890,1000,1100,1300,2100,13000,60000,82347,1,790,796.7833887432193,256.855584011646,60007.610667002155,304.1428588776762
1777049772,100,,Aggregated,126.200000,0.000000,790,810,840,850,890,1000,1100,1300,2100,13000,60000,82474,1,790,796.8078405856759,256.855584011646,60007.610667002155,304.1426995174237
1777049773,100,,Aggregated,126.800000,0.000000,790,810,840,850,890,1000,1100,1300,2100,13000,60000,82594,1,790,796.8042021616227,256.855584011646,60007.610667002155,304.1427343390561
1777049774,100,,Aggregated,125.500000,0.000000,790,810,840,850,890,1000,1100,1300,2100,13000,60000,82716,1,790,796.8143023629317,256.855584011646,60007.610667002155,304.1428623240969
1777049775,100,,Aggregated,125.400000,0.000000,790,810,840,850,890,1000,1100,1300,2100,13000,60000,82826,1,790,796.8362014237354,256.855584011646,60007.610667002155,304.1428657667882
1777049776,100,,Aggregated,125.200000,0.000000,790,810,840,850,890,1000,1100,1300,2100,13000,60000,82943,1,790,796.8440029327624,256.855584011646,60007.610667002155,304.14286919932965
1777049777,100,,Aggregated,125.700000,0.000000,790,810,840,850,890,1000,1100,1300,2100,13000,60000,83103,1,790,796.757944709244,256.855584011646,60007.610667002155,304.1430995270929
1777049778,100,,Aggregated,123.900000,0.000000,790,810,840,850,890,1000,1100,1300,2100,13000,60000,83231,1,790,796.7252887897705,256.855584011646,60007.610667002155,304.14328795761196
1777049779,100,,Aggregated,122.700000,0.000000,790,810,840,850,890,1000,1100,1300,2100,13000,60000,83356,1,790,796.7174169797183,256.855584011646,60007.610667002155,304.1432770286482
1777049780,100,,Aggregated,126.000000,0.000000,790,810,840,850,890,1000,1100,1300,2100,13000,60000,83480,1,790,796.7231958613619,256.855584011646,60007.610667002155,304.14342357450886
1777049781,100,,Aggregated,126.000000,0.000000,790,810,840,850,890,1000,1100,1300,2100,13000,60000,83601,1,790,796.7135856353923,256.855584011646,60007.610667002155,304.14332364445403
1777049782,100,,Aggregated,125.800000,0.000000,790,810,840,850,890,1000,1100,1300,2100,13000,60000,83734,1,790,796.7035253565523,256.855584011646,60007.610667002155,304.143466214441
1777049783,100,,Aggregated,125.900000,0.000000,790,810,840,850,890,1000,1100,1300,2100,13000,60000,83860,1,790,796.7059478009351,256.855584011646,60007.610667002155,304.1434652993084
1777049784,100,,Aggregated,126.500000,0.000000,790,810,840,850,890,1000,1100,1300,2100,13000,60000,83985,1,790,796.7083292150904,256.855584011646,60007.610667002155,304.143549443353
1777049785,100,,Aggregated,125.300000,0.000000,790,810,840,850,890,1000,1100,1300,2100,13000,60000,84112,1,790,796.7002444013988,256.855584011646,60007.610667002155,304.14372503328894
1777049786,100,,Aggregated,126.000000,0.000000,790,810,840,850,890,1000,1100,1300,2100,13000,60000,84236,1,790,796.7148138039597,256.855584011646,60007.610667002155,304.14382211880906
1777049787,100,,Aggregated,125.900000,0.000000,790,810,840,850,890,1000,1100,1300,2100,13000,60000,84356,1,790,796.7147148194127,256.855584011646,60007.610667002155,304.14373607093745
1777049788,100,,Aggregated,127.500000,0.000000,790,810,840,850,890,1000,1100,1300,2100,13000,60000,84474,1,790,796.7684932628523,256.855584011646,60007.610667002155,304.1438904278239
1777049789,100,,Aggregated,128.700000,0.000000,790,810,840,850,890,1000,1100,1300,2100,13000,60000,84602,1,790,796.792810490263,256.855584011646,60007.610667002155,304.14400368785607
1777049790,100,,Aggregated,124.700000,0.000000,790,810,840,850,890,1000,1100,1300,2100,13000,60000,84734,1,790,796.8239220305794,256.855584011646,60007.610667002155,304.14413340571673
1777049791,100,,Aggregated,124.600000,0.000000,790,810,840,850,890,1000,1100,1300,2100,13000,60000,84863,1,790,796.8108535371034,256.855584011646,60007.610667002155,304.14399679483404
1777049792,100,,Aggregated,123.800000,0.000000,790,810,840,850,890,1000,1100,1300,2100,13000,60000,84971,1,790,796.8250408571758,256.855584011646,60007.610667002155,304.1439785338527
1777049793,100,,Aggregated,124.300000,0.000000,790,810,840,850,890,1000,1100,1300,2100,13000,60000,85115,1,790,796.7747812216272,256.855584011646,60007.610667002155,304.14401691828704
1777049794,100,,Aggregated,124.800000,0.000000,790,810,840,850,890,1000,1100,1300,2100,13000,60000,85245,1,790,796.6832027832435,256.855584011646,60007.610667002155,304.1440553698164
1777049795,100,,Aggregated,125.900000,0.000000,790,810,840,850,890,1000,1100,1300,2100,13000,60000,85373,1,790,796.6808526545806,256.855584011646,60007.610667002155,304.144097079873
1777049796,100,,Aggregated,125.100000,0.000000,790,810,840,850,890,1000,1100,1300,2100,13000,60000,85502,1,790,796.6545244294678,256.855584011646,60007.610667002155,304.1444059788075
1777049797,100,,Aggregated,125.600000,0.000000,790,810,840,850,890,1000,1100,1300,2100,13000,60000,85623,1,790,796.6385213520377,256.855584011646,60007.610667002155,304.14454060240826
1777049799,100,,Aggregated,125.800000,0.000000,790,810,830,850,890,1000,1100,1300,2100,13000,60000,85754,1,790,796.6315929225219,256.855584011646,60007.610667002155,304.1446113300837
1777049800,100,,Aggregated,126.000000,0.000000,790,810,830,850,890,1000,1100,1300,2100,13000,60000,85881,1,790,796.6246868493956,256.855584011646,60007.610667002155,304.1445255644438
1777049801,100,,Aggregated,126.900000,0.000000,790,810,830,850,890,1000,1100,1300,2100,13000,60000,86008,1,790,796.62228978616,256.855584011646,60007.610667002155,304.1445563203423
1777049802,100,,Aggregated,127.900000,0.000000,790,810,830,850,890,1000,1100,1300,2100,13000,60000,86135,1,790,796.6065715549194,256.855584011646,60007.610667002155,304.1444476693562
1777049803,100,,Aggregated,127.300000,0.000000,790,810,830,850,890,1000,1100,1300,2100,13000,60000,86261,1,790,796.6024120238548,256.855584011646,60007.610667002155,304.14439897520316
1777049804,100,,Aggregated,127.100000,0.000000,790,810,830,850,890,1000,1100,1300,2100,13000,60000,86385,1,790,796.6054557557986,256.855584011646,60007.610667002155,304.144307460786
1777049805,100,,Aggregated,127.100000,0.000000,790,810,830,850,890,1000,1100,1300,2100,13000,60000,86505,1,790,796.582790643601,256.855584011646,60007.610667002155,304.1444309577481
1777049806,100,,Aggregated,126.700000,0.000000,790,810,830,850,890,1000,1100,1300,2100,13000,60000,86632,1,790,796.6308362594968,256.855584011646,60007.610667002155,304.14430002770337
1777049807,100,,Aggregated,125.900000,0.000000,790,810,830,850,890,1000,1100,1300,2100,13000,60000,86759,1,790,796.6228749697161,256.855584011646,60007.610667002155,304.1443538998836
1777049808,100,,Aggregated,125.700000,0.000000,790,810,840,850,890,1000,1100,1300,2100,13000,60000,86888,1,790,796.6273718225046,256.855584011646,60007.610667002155,304.14454239941074
1777049809,100,,Aggregated,125.700000,0.000000,790,810,840,850,890,1000,1100,1300,2100,13000,60000,86997,1,790,796.6223546936998,256.855584011646,60007.610667002155,304.1444647516581
1777049810,100,,Aggregated,125.400000,0.000000,790,810,840,850,890,1000,1100,1300,2100,13000,60000,87125,1,790,796.6738642763055,256.855584011646,60007.610667002155,304.14464275466287
1777049811,100,,Aggregated,124.300000,0.000000,790,810,840,850,890,1000,1100,1300,2100,13000,60000,87267,1,790,796.6690525770331,256.855584011646,60007.610667002155,304.14449906608456
1777049812,100,,Aggregated,124.400000,0.000000,790,810,840,850,890,1000,1100,1300,2100,13000,60000,87394,1,790,796.5806465588704,256.855584011646,60007.610667002155,304.14459802732455
1777049813,100,,Aggregated,125.500000,0.000000,790,810,840,850,890,1000,1100,1300,2100,13000,60000,87520,1,790,796.587951173867,256.855584011646,60007.610667002155,304.14473263254115
1777049814,100,,Aggregated,125.300000,0.000000,790,810,840,850,890,1000,1100,1300,2100,13000,60000,87643,1,790,796.5987616046202,256.855584011646,60007.610667002155,304.1446778407859
1777049815,100,,Aggregated,125.400000,0.000000,790,810,840,850,890,1000,1100,1300,2100,13000,60000,87768,1,790,796.5983601809153,256.855584011646,60007.610667002155,304.144688269073
1777049816,100,,Aggregated,125.400000,0.000000,790,810,840,850,890,1000,1100,1300,2100,13000,60000,87885,1,790,796.5850203512399,256.855584011646,60007.610667002155,304.14480286738353
1777049817,100,,Aggregated,126.100000,0.000000,790,810,840,850,890,1000,1100,1300,2100,13000,60000,88012,1,790,796.6106374129736,256.855584011646,60007.610667002155,304.14487797118574
1777049818,100,,Aggregated,125.300000,0.000000,790,810,840,850,890,1000,1100,1300,2100,13000,60000,88146,1,790,796.6124570101589,256.855584011646,60007.610667002155,304.14488462323874
1777049819,100,,Aggregated,125.600000,0.000000,790,810,840,850,890,1000,1100,1300,2100,13000,60000,88272,1,790,796.6038647814742,256.855584011646,60007.610667002155,304.1449043864419
1777049820,100,,Aggregated,126.600000,0.000000,790,810,830,850,890,1000,1100,1300,2100,13000,60000,88400,1,790,796.584164008626,256.855584011646,60007.610667002155,304.14483031674206
1777049821,100,,Aggregated,126.500000,0.000000,790,810,830,850,890,1000,1100,1300,2100,13000,60000,88522,1,790,796.5926217299037,256.855584011646,60007.610667002155,304.1448566458056
1777049822,100,,Aggregated,126.500000,0.000000,790,810,830,850,890,1000,1100,1300,2100,13000,60000,88638,1,790,796.6116882547935,256.855584011646,60007.610667002155,304.1450280917891
1777049823,100,,Aggregated,125.200000,0.000000,790,810,840,850,890,1000,1100,1300,2100,13000,60000,88770,1,790,796.6464814950824,256.855584011646,60007.610667002155,304.1450377379745
1777049824,100,,Aggregated,125.200000,0.000000,790,810,840,850,890,1000,1100,1300,2100,13000,60000,88874,1,790,796.6270025948246,256.855584011646,60007.610667002155,304.14504804554764
1777049825,100,,Aggregated,125.100000,0.000000,790,810,840,850,890,1000,1100,1300,2100,13000,60000,89012,1,790,796.6661435998881,256.855584011646,60007.610667002155,304.1450703275963
1777049826,100,,Aggregated,123.700000,0.000000,790,810,840,850,890,1000,1100,1300,2100,13000,60000,89130,1,790,796.6375267711462,256.855584011646,60007.610667002155,304.14501290250195
1777049827,100,,Aggregated,126.100000,0.000000,790,810,840,850,890,1000,1100,1300,2100,13000,60000,89256,1,790,796.7106945895778,256.855584011646,60007.610667002155,304.14480819216635
1777049828,100,,Aggregated,123.700000,0.000000,790,810,840,850,890,1000,1100,1300,2100,13000,60000,89396,1,790,796.6557202955312,256.855584011646,60007.610667002155,304.1449169985234
1777049829,100,,Aggregated,123.600000,0.000000,790,810,840,850,890,1000,1100,1300,2100,13000,60000,89528,1,790,796.5747353606515,256.855584011646,60007.610667002155,304.14494906621394
1777049830,100,,Aggregated,125.500000,0.000000,790,810,840,850,890,1000,1100,1300,2100,13000,60000,89661,1,790,796.56129148814,256.855584011646,60007.610667002155,304.1449459631278
1777049831,100,,Aggregated,125.700000,0.000000,790,810,840,850,890,1000,1100,1300,2100,13000,60000,89785,1,790,796.553813059746,256.855584011646,60007.610667002155,304.14490170963967
1777049832,100,,Aggregated,125.400000,0.000000,790,810,840,850,890,1000,1100,1300,2100,13000,60000,89912,1,790,796.545176555381,256.855584011646,60007.610667002155,304.14475264703265
1777049833,100,,Aggregated,125.700000,0.000000,790,810,830,850,890,1000,1100,1300,2100,13000,60000,90036,1,790,796.5474442883803,256.855584011646,60007.610667002155,304.1447087831534
1777049834,100,,Aggregated,126.000000,0.000000,790,810,830,850,890,1000,1100,1300,2100,13000,60000,90160,1,790,796.5695915838029,256.855584011646,60007.610667002155,304.14464285714286
1777049835,100,,Aggregated,127.400000,0.000000,790,810,830,850,890,1000,1100,1300,2100,13000,60000,90287,1,790,796.5672187628526,256.855584011646,60007.610667002155,304.14462768726395
1777049836,100,,Aggregated,127.300000,0.000000,790,810,830,850,890,1000,1100,1300,2100,13000,60000,90413,1,790,796.5641460831341,256.855584011646,60007.610667002155,304.14466946125003
1777049837,100,,Aggregated,126.000000,0.000000,790,810,830,850,890,1000,1100,1300,2100,13000,60000,90539,1,790,796.5607662353741,256.855584011646,60007.610667002155,304.1447111189653
1777049838,100,,Aggregated,127.600000,0.000000,790,810,830,850,890,1000,1100,1300,2100,13000,60000,90669,1,790,796.5472016935073,256.855584011646,60007.610667002155,304.1447683331679
1777049839,100,,Aggregated,126.700000,0.000000,790,810,830,850,890,1000,1100,1300,2100,13000,60000,90797,1,790,796.5383951439857,256.855584011646,60007.610667002155,304.1448285736313
1777049840,100,,Aggregated,125.800000,0.000000,790,810,830,850,890,1000,1100,1300,2100,13000,60000,90905,1,790,796.5770937495455,256.855584011646,60007.610667002155,304.144700511523
1777049841,100,,Aggregated,126.000000,0.000000,790,810,830,850,890,1000,1100,1300,2100,13000,60000,91046,1,790,796.5933147726585,256.855584011646,60007.610667002155,304.1449706741647
1777049842,100,,Aggregated,124.900000,0.000000,790,810,830,850,890,1000,1100,1300,2100,13000,60000,91174,1,790,796.5593760966767,256.855584011646,60007.610667002155,304.1449645732336
1777049843,100,,Aggregated,126.000000,0.000000,790,810,830,850,890,1000,1100,1300,2100,13000,60000,91293,1,790,796.5660907676423,256.855584011646,60007.610667002155,304.1448522887845
1777049844,100,,Aggregated,125.700000,0.000000,790,810,840,850,890,1000,1100,1300,2100,13000,60000,91415,1,790,796.6464797521015,256.855584011646,60007.610667002155,304.1447902423016
1777049845,100,,Aggregated,125.300000,0.000000,790,810,830,850,890,1000,1100,1300,2100,13000,60000,91550,1,790,796.51216222729,256.855584011646,60007.610667002155,304.14498088476245
1777049846,100,,Aggregated,122.600000,0.000000,790,810,830,850,890,1000,1100,1300,2100,13000,60000,91673,1,790,796.5333106080896,256.855584011646,60007.610667002155,304.14510270199514
1777049847,100,,Aggregated,125.800000,0.000000,790,810,830,850,890,1000,1100,1300,2100,13000,60000,91798,1,790,796.5548935338722,256.855584011646,60007.610667002155,304.14513388091245
1777049848,100,,Aggregated,125.700000,0.000000,790,810,830,850,890,1000,1100,1300,2100,13000,60000,91921,1,790,796.5738244801366,256.855584011646,60007.610667002155,304.14482000848557
1777049849,100,,Aggregated,126.200000,0.000000,790,810,830,850,890,1000,1100,1300,2100,13000,60000,92044,1,790,796.6009379195651,256.855584011646,60007.610667002155,304.1447677197862
1777049850,100,,Aggregated,124.300000,0.000000,790,810,830,850,890,1000,1100,1300,2100,13000,60000,92167,1,790,796.6090354876194,256.855584011646,60007.610667002155,304.14506276649996
1777049851,100,,Aggregated,124.200000,0.000000,790,810,830,850,890,1000,1100,1300,2100,13000,60000,92280,1,790,796.6353459610549,256.855584011646,60007.610667002155,304.1450910273082
1777049852,100,,Aggregated,125.100000,0.000000,790,810,830,850,890,1000,1100,1300,2100,13000,60000,92411,1,790,796.6467195954621,256.855584011646,60007.610667002155,304.1451558797113
1777049853,100,,Aggregated,123.700000,0.000000,790,810,830,850,890,1000,1100,1300,2100,13000,60000,92540,1,790,796.6504555934955,256.855584011646,60007.610667002155,304.14498595202076
1777049854,100,,Aggregated,123.600000,0.000000,790,810,830,850,890,1000,1100,1300,2100,13000,60000,92665,1,790,796.6675920803333,256.855584011646,60007.610667002155,304.1450169967086
1777049855,100,,Aggregated,123.900000,0.000000,790,810,830,850,890,1000,1100,1300,2100,13000,60000,92788,1,790,796.6855298094498,256.855584011646,60007.610667002155,304.1449002026124
1777049856,100,,Aggregated,126.800000,0.000000,790,810,830,850,890,1000,1100,1300,2100,13000,60000,92902,1,790,796.7370184208021,256.855584011646,60007.610667002155,304.1448730920755
1777049857,100,,Aggregated,123.400000,0.000000,790,810,840,850,890,1000,1100,1300,2100,13000,60000,93025,1,790,796.7952859881257,256.855584011646,60007.610667002155,304.1449717817791
1777049858,100,,Aggregated,122.600000,0.000000,790,810,840,850,890,1000,1100,1300,2100,13000,60000,93156,1,790,796.8100505612337,256.855584011646,60007.610667002155,304.14505775258704
1777049859,100,,Aggregated,123.300000,0.000000,790,810,840,850,890,1000,1100,1300,2100,13000,60000,93265,1,790,796.8441957312103,256.855584011646,60007.610667002155,304.1452634964885
1777049860,100,,Aggregated,122.500000,0.000000,790,810,840,850,890,1000,1100,1300,2100,13000,60000,93389,1,790,796.904474116301,256.855584011646,60007.610667002155,304.1451776975875
1777049861,100,,Aggregated,122.200000,0.000000,790,810,840,850,890,1000,1100,1300,2100,13000,60000,93532,1,790,796.855103658772,256.855584011646,60007.610667002155,304.1453513236112
1777049862,100,,Aggregated,121.500000,0.000000,790,810,840,850,890,1000,1100,1300,2100,13000,60000,93654,1,790,796.807982192349,256.855584011646,60007.610667002155,304.1453328208085
1777049863,100,,Aggregated,123.600000,0.000000,790,810,840,850,890,1000,1100,1300,2100,13000,60000,93768,1,790,796.8203688650875,256.855584011646,60007.610667002155,304.1451134715468
1777049864,100,,Aggregated,123.500000,0.000000,790,810,840,850,890,1000,1100,1300,2100,13000,60000,93897,1,790,796.8443443773141,256.855584011646,60007.610667002155,304.14513775732985
1777049865,100,,Aggregated,123.500000,0.000000,790,810,840,850,890,1000,1100,1300,2100,13000,60000,94028,1,790,796.874750432496,256.855584011646,60007.610667002155,304.14520142936146
1777049866,100,,Aggregated,123.100000,0.000000,790,810,840,850,890,1000,1100,1300,2100,13000,60000,94149,1,790,796.8701730984883,256.855584011646,60007.610667002155,304.1451104100946
1777049867,100,,Aggregated,123.200000,0.000000,790,810,840,850,890,1000,1100,1300,2100,13000,60000,94272,1,790,796.8942553984095,256.855584011646,60007.610667002155,304.14514383910387
1777049868,100,,Aggregated,123.800000,0.000000,790,810,840,850,890,1000,1100,1300,2100,13000,60000,94395,1,790,796.9197274847274,256.855584011646,60007.610667002155,304.14521955612054
1777049869,100,,Aggregated,123.200000,0.000000,790,810,840,850,890,1000,1100,1300,2100,13000,60000,94521,1,790,796.9376733204449,256.855584011646,60007.610667002155,304.1452375662551
1777049870,100,,Aggregated,124.500000,0.000000,790,810,840,850,890,1000,1100,1300,2100,13000,60000,94643,1,790,796.9555453032235,256.855584011646,60007.610667002155,304.14526166752955
1777049871,100,,Aggregated,123.500000,0.000000,790,810,840,850,890,1000,1100,1300,2100,13000,60000,94766,1,790,796.9839491107037,256.855584011646,60007.610667002155,304.14516809826307
1777049872,100,,Aggregated,124.700000,0.000000,790,810,840,850,890,1000,1100,1300,2100,13000,60000,94881,1,790,796.9950411859174,256.855584011646,60007.610667002155,304.14519239889967
1777049873,100,,Aggregated,122.900000,0.000000,790,810,840,850,890,1000,1100,1300,2100,13000,60000,95002,1,790,797.0353534909366,256.855584011646,60007.610667002155,304.1453337824467
1777049874,100,,Aggregated,123.100000,0.000000,790,810,840,850,890,1000,1100,1300,2100,13000,60000,95134,1,790,797.0442205733063,256.855584011646,60007.610667002155,304.1453213362205
1777049875,100,,Aggregated,121.800000,0.000000,790,810,840,850,890,1000,1100,1300,2100,13000,60000,95248,1,790,797.0606975441679,256.855584011646,60007.610667002155,304.145336385016
1777049876,100,,Aggregated,122.500000,0.000000,790,810,840,850,890,1000,1100,1300,2100,13000,60000,95375,1,790,797.087057236182,256.855584011646,60007.610667002155,304.1452791612058
1777049877,100,,Aggregated,123.300000,0.000000,790,810,840,850,890,1000,1100,1300,2100,13000,60000,95495,1,790,797.1315838086689,256.855584011646,60007.610667002155,304.1453269804702
1777049878,100,,Aggregated,121.700000,0.000000,790,810,840,850,890,1000,1100,1300,2100,13000,60000,95635,1,790,797.1330458267573,256.855584011646,60007.610667002155,304.1453651905683
1777049879,100,,Aggregated,121.700000,0.000000,790,810,840,850,890,1000,1100,1300,2100,13000,60000,95759,1,790,797.0877986978845,256.855584011646,60007.610667002155,304.1454275838302
1777049880,100,,Aggregated,123.200000,0.000000,790,810,840,850,890,1000,1100,1300,2100,13000,60000,95879,1,790,797.1157313720394,256.855584011646,60007.610667002155,304.14549588543895
1777049881,100,,Aggregated,124.300000,0.000000,790,810,840,850,890,1000,1100,1300,2100,13000,60000,96002,1,790,797.1505026033916,256.855584011646,60007.610667002155,304.1454240536655
1777049882,100,,Aggregated,122.700000,0.000000,790,810,840,850,890,1000,1100,1300,2100,13000,60000,96127,1,790,797.1516003088701,256.855584011646,60007.610667002155,304.1454534105922
1777049883,100,,Aggregated,122.800000,0.000000,790,810,840,850,890,1000,1100,1300,2100,13000,60000,96248,1,790,797.1868204024493,256.855584011646,60007.610667002155,304.14553029673345
1777049884,100,,Aggregated,123.300000,0.000000,790,810,840,850,890,1000,1100,1300,2100,13000,60000,96374,1,790,797.2000271296702,256.855584011646,60007.610667002155,304.14563056426005
1777049885,100,,Aggregated,124.100000,0.000000,790,810,840,850,890,1000,1100,1300,2100,13000,60000,96496,1,790,797.209234685135,256.855584011646,60007.610667002155,304.14542571712815
1777049886,100,,Aggregated,124.000000,0.000000,790,810,840,850,890,1000,1100,1300,2100,13000,60000,96614,1,790,797.2363715193032,256.855584011646,60007.610667002155,304.1454965118927
1777049887,100,,Aggregated,123.000000,0.000000,790,810,840,850,890,1000,1100,1300,2100,13000,60000,96738,1,790,797.2926284260554,256.855584011646,60007.610667002155,304.14545473340365
1777049888,100,,Aggregated,124.400000,0.000000,790,810,840,850,890,1000,1100,1300,2100,13000,60000,96867,1,790,797.2719879299115,256.855584011646,60007.610667002155,304.14541587950487
1777049889,100,,Aggregated,124.500000,0.000000,790,810,840,850,890,1000,1100,1300,2100,13000,60000,96989,1,790,797.3011210456425,256.855584011646,60007.610667002155,304.14529482724845
1777049890,100,,Aggregated,123.000000,0.000000,790,810,840,850,890,1000,1100,1300,2100,13000,60000,97104,1,790,797.347817231267,256.855584011646,60007.610667002155,304.1453802109079
1777049891,100,,Aggregated,122.600000,0.000000,790,810,840,850,890,1000,1100,1300,2100,13000,60000,97238,1,790,797.3955906093393,256.855584011646,60007.610667002155,304.14540611695014
1777049892,100,,Aggregated,123.100000,0.000000,790,810,840,850,890,1000,1100,1300,2100,13000,60000,97359,1,790,797.3867174962762,256.855584011646,60007.610667002155,304.1454000143798
1777049893,100,,Aggregated,122.500000,0.000000,790,810,840,850,890,1000,1100,1300,2100,13000,60000,97474,1,790,797.4004785785419,256.855584011646,60007.610667002155,304.14530028520426
1777049894,100,,Aggregated,122.500000,0.000000,790,810,840,850,890,1000,1100,1300,2100,13000,60000,97577,1,790,797.4169107620113,256.855584011646,60007.610667002155,304.14525964110396
1777049895,100,,Aggregated,122.900000,0.000000,790,810,840,850,890,1000,1100,1300,2100,13000,60000,97731,1,790,797.3993885568244,256.855584011646,60007.610667002155,304.1451535336792
1777049896,100,,Aggregated,120.600000,0.000000,790,810,840,850,890,1000,1100,1300,2100,13000,60000,97855,1,790,797.4002404220739,256.855584011646,60007.610667002155,304.14525573552703
1777049897,100,,Aggregated,123.000000,0.000000,790,810,840,850,890,1000,1100,1300,2100,13000,60000,97975,1,790,797.4364788841343,256.855584011646,60007.610667002155,304.1450982393468
1777049898,100,,Aggregated,123.300000,0.000000,790,810,840,850,890,1000,1100,1300,2100,13000,60000,98088,1,790,797.4515535250607,256.855584011646,60007.610667002155,304.14518595546855
1777049899,100,,Aggregated,123.100000,0.000000,790,810,840,850,890,1000,1100,1300,2100,13000,60000,98220,1,790,797.4681445136745,256.855584011646,60007.610667002155,304.1454795357361
1777049900,100,,Aggregated,123.000000,0.000000,790,810,840,850,890,1000,1100,1300,2100,13000,60000,98347,1,790,797.4891421044351,256.855584011646,60007.610667002155,304.14558654559875
1777049901,100,,Aggregated,123.300000,0.000000,790,810,840,850,890,1000,1100,1300,2100,13000,60000,98474,1,790,797.4929446249955,256.855584011646,60007.610667002155,304.1455917297967
1777049902,100,,Aggregated,123.700000,0.000000,790,810,840,850,890,1000,1100,1300,2100,13000,60000,98597,1,790,797.4975109148132,256.855584011646,60007.610667002155,304.1455825227948
1777049903,100,,Aggregated,124.000000,0.000000,790,810,840,850,890,1000,1100,1300,2100,13000,60000,98720,1,790,797.4990633356632,256.855584011646,60007.610667002155,304.1454315235008
1777049904,100,,Aggregated,123.100000,0.000000,790,810,840,850,890,1000,1100,1300,2100,13000,60000,98845,1,790,797.5207023841547,256.855584011646,60007.610667002155,304.14560169963073
1777049905,100,,Aggregated,123.900000,0.000000,790,810,840,850,890,1000,1100,1300,2100,13000,60000,98970,1,790,797.5358014768194,256.855584011646,60007.610667002155,304.1455693644539
1777049906,100,,Aggregated,125.700000,0.000000,790,810,840,850,890,1000,1100,1300,2100,13000,60000,99082,1,790,797.5667830095572,256.855584011646,60007.610667002155,304.14550574271817
1777049907,100,,Aggregated,123.600000,0.000000,790,810,840,850,890,1000,1100,1300,2100,13000,60000,99212,1,790,797.570117871962,256.855584011646,60007.610667002155,304.1455771479257
1777049908,100,,Aggregated,123.400000,0.000000,790,810,840,850,890,1000,1100,1300,2100,13000,60000,99345,1,790,797.6128932573265,256.855584011646,60007.610667002155,304.1457144295133
1777049909,100,,Aggregated,123.400000,0.000000,790,810,840,850,890,1000,1100,1300,2100,13000,60000,99470,1,790,797.5718790630325,256.855584011646,60007.610667002155,304.1458027545994
1777049910,100,,Aggregated,123.100000,0.000000,790,810,840,850,890,1000,1100,1300,2100,13000,60000,99588,1,790,797.6089320260468,256.855584011646,60007.610667002155,304.1459111539543
1777049911,100,,Aggregated,122.800000,0.000000,790,810,840,860,890,1000,1100,1300,2100,13000,60000,99707,1,790,797.6250563846472,256.855584011646,60007.610667002155,304.145967685318
1777049912,100,,Aggregated,123.100000,0.000000,790,810,840,850,890,1000,1100,1300,2100,13000,60000,99841,1,790,797.6025526256047,256.855584011646,60007.610667002155,304.1458519045282
1777049913,100,,Aggregated,123.400000,0.000000,790,810,840,850,890,1000,1100,1300,2100,13000,60000,99964,1,790,797.6237569269523,256.855584011646,60007.610667002155,304.1460225681245
1777049914,100,,Aggregated,123.400000,0.000000,790,810,840,850,890,1000,1100,1300,2100,13000,60000,100087,1,790,797.6372931810807,256.855584011646,60007.610667002155,304.14619281225333
1777049915,100,,Aggregated,123.000000,0.000000,790,810,840,850,890,1000,1100,1300,2100,13000,60000,100210,1,790,797.6486167467884,256.855584011646,60007.610667002155,304.1459634766989
1777049916,100,,Aggregated,123.500000,0.000000,790,810,840,850,890,1000,1100,1300,2100,13000,60000,100334,1,790,797.6762760200392,256.855584011646,60007.610667002155,304.14602228556623
1777049917,100,,Aggregated,123.500000,0.000000,790,810,840,850,890,1000,1100,1300,2100,13000,60000,100457,1,790,797.7038082619697,256.855584011646,60007.610667002155,304.1459928128453
1777049918,100,,Aggregated,123.400000,0.000000,790,810,840,850,890,1000,1100,1300,2100,13000,60000,100579,1,790,797.7062156744921,256.855584011646,60007.610667002155,304.14617365454023
1777049919,100,,Aggregated,123.600000,0.000000,790,810,840,850,890,1000,1100,1300,2100,13000,60000,100704,1,790,797.7310204654209,256.855584011646,60007.610667002155,304.14616102637433
1777049920,100,,Aggregated,124.200000,0.000000,790,810,840,850,890,1000,1100,1300,2100,13000,60000,100826,1,790,797.7604951329978,256.855584011646,60007.610667002155,304.14604367920975
1777049921,100,,Aggregated,124.300000,0.000000,790,810,840,850,890,1000,1100,1300,2100,13000,60000,100939,1,790,797.7608304709439,256.855584011646,60007.610667002155,304.1461278594002
1777049922,100,,Aggregated,123.900000,0.000000,790,810,840,850,890,1000,1100,1300,2100,13000,60000,101071,1,790,797.7726160647543,256.855584011646,60007.610667002155,304.14601616685303
1777049923,100,,Aggregated,123.700000,0.000000,790,810,840,860,890,1000,1100,1300,2100,13000,60000,101187,1,790,797.8232274718557,256.855584011646,60007.610667002155,304.14604642888906
1777049924,100,,Aggregated,124.200000,0.000000,790,810,840,860,890,1000,1100,1300,2100,13000,60000,101310,1,790,797.8604798978936,256.855584011646,60007.610667002155,304.1460171750074
1777049925,100,,Aggregated,122.800000,0.000000,790,810,840,860,890,1000,1100,1300,2100,13000,60000,101431,1,790,797.871640743013,256.855584011646,60007.610667002155,304.1459711528034
1777049926,100,,Aggregated,122.500000,0.000000,790,810,840,860,890,1000,1100,1300,2100,13000,60000,101562,1,790,797.8617214586919,256.855584011646,60007.610667002155,304.1460093341998
1777049927,100,,Aggregated,123.100000,0.000000,790,810,840,860,890,1000,1100,1300,2100,13000,60000,101688,1,790,797.8963023750559,256.855584011646,60007.610667002155,304.1461234363937
1777049928,100,,Aggregated,123.300000,0.000000,790,810,840,860,890,1000,1100,1300,2100,13000,60000,101819,1,790,797.8855460265042,256.855584011646,60007.610667002155,304.1461023973915
1777049929,100,,Aggregated,122.700000,0.000000,790,810,840,860,890,1000,1100,1300,2100,13000,60000,101941,1,790,797.8626738926615,256.855584011646,60007.610667002155,304.1459667847088
1777049930,100,,Aggregated,122.400000,0.000000,790,810,840,860,890,1000,1100,1300,2100,13000,60000,102065,1,790,797.8849895381452,256.855584011646,60007.610667002155,304.1457894479008
1777049931,100,,Aggregated,123.500000,0.000000,790,810,840,860,890,1000,1100,1300,2100,13000,60000,102187,1,790,797.9131703759576,256.855584011646,60007.610667002155,304.1456741072739
1777049932,100,,Aggregated,123.500000,0.000000,790,810,840,860,890,1000,1100,1300,2100,13000,60000,102311,1,790,797.9200578688616,256.855584011646,60007.610667002155,304.14586896814615
1777049933,100,,Aggregated,123.100000,0.000000,790,810,840,860,890,1000,1100,1300,2100,13000,60000,102424,1,790,797.9309378160988,256.855584011646,60007.610667002155,304.1458935405764
1777049934,100,,Aggregated,123.100000,0.000000,790,810,840,860,890,1000,1100,1300,2100,13000,60000,102553,1,790,797.9492750777065,256.855584011646,60007.610667002155,304.14583678683215
1777049935,100,,Aggregated,124.100000,0.000000,790,810,840,860,890,1000,1100,1300,2100,13000,60000,102682,1,790,797.9672697747035,256.855584011646,60007.610667002155,304.1456827876356
1777049936,100,,Aggregated,122.900000,0.000000,790,810,840,860,890,1000,1100,1300,2100,13000,60000,102808,1,790,797.9926313046572,256.855584011646,60007.610667002155,304.14564041708815
1777049937,100,,Aggregated,122.700000,0.000000,790,810,840,860,890,1000,1100,1300,2100,13000,60000,102930,1,790,797.9886677057893,256.855584011646,60007.610667002155,304.1454483629651
1777049938,100,,Aggregated,122.900000,0.000000,790,810,840,860,890,1000,1100,1300,2100,13000,60000,103056,1,790,797.9949634907056,256.855584011646,60007.610667002155,304.1455422294675
1777049939,100,,Aggregated,123.600000,0.000000,790,810,840,860,890,1000,1100,1300,2100,13000,60000,103169,1,790,798.0158155453698,256.855584011646,60007.610667002155,304.1455475966618
1777049940,100,,Aggregated,124.000000,0.000000,790,810,840,860,890,1000,1100,1300,2100,13000,60000,103299,1,790,798.0686333115957,256.855584011646,60007.610667002155,304.14549995643716
1777049941,100,,Aggregated,123.100000,0.000000,790,810,840,860,890,1000,1100,1300,2100,13000,60000,103408,1,790,798.0660791033059,256.855584011646,60007.610667002155,304.1455109856104
1777049942,100,,Aggregated,123.100000,0.000000,790,810,840,860,890,1000,1100,1300,2100,13000,60000,103535,1,790,798.0728338515739,256.855584011646,60007.610667002155,304.14543874052254
1777049943,100,,Aggregated,122.100000,0.000000,790,810,840,860,890,1000,1100,1300,2100,13000,60000,103669,1,790,798.0740246355956,256.855584011646,60007.610667002155,304.14536650300477
1777049944,100,,Aggregated,122.600000,0.000000,790,810,840,860,890,1000,1100,1300,2100,13000,60000,103782,1,790,798.1347983733173,256.855584011646,60007.610667002155,304.1453142163381
1777049945,100,,Aggregated,123.100000,0.000000,790,810,840,860,890,1000,1100,1300,2100,13000,60000,103912,1,790,798.1272946418189,256.855584011646,60007.610667002155,304.1452094079606
1777049946,100,,Aggregated,124.600000,0.000000,790,810,840,860,890,1000,1100,1300,2100,13000,60000,104042,1,790,798.1203240793021,256.855584011646,60007.610667002155,304.14512408450435
1777049947,100,,Aggregated,122.100000,0.000000,790,810,840,860,890,1000,1100,1300,2100,13000,60000,104167,1,790,798.1374961086694,256.855584011646,60007.610667002155,304.1450171359452
1777049948,100,,Aggregated,123.300000,0.000000,790,810,840,860,890,1000,1100,1300,2100,13000,60000,104292,1,790,798.1417372129189,256.855584011646,60007.610667002155,304.144967974533
1777049949,100,,Aggregated,123.100000,0.000000,790,810,840,860,890,1000,1100,1300,2100,13000,60000,104416,1,790,798.1536072779638,256.855584011646,60007.610667002155,304.14515974563284
1777049950,100,,Aggregated,123.100000,0.000000,790,810,840,860,890,1000,1100,1300,2100,13000,60000,104537,1,790,798.1608573598053,256.855584011646,60007.610667002155,304.14528827113844
1777049951,100,,Aggregated,123.100000,0.000000,790,810,840,860,890,1000,1100,1300,2100,13000,60000,104660,1,790,798.1931784005709,256.855584011646,60007.610667002155,304.1451079686604
1777049952,100,,Aggregated,123.400000,0.000000,790,810,840,860,890,1000,1100,1300,2100,13000,60000,104780,1,790,798.2244635294313,256.855584011646,60007.610667002155,304.1451899217408
1777049953,100,,Aggregated,124.600000,0.000000,790,810,840,860,890,1000,1100,1300,2100,13000,60000,104903,1,790,798.2540686192253,256.855584011646,60007.610667002155,304.14521986978446
1777049954,100,,Aggregated,123.600000,0.000000,790,810,840,860,890,1000,1100,1300,2000,13000,60000,105026,1,790,798.2687448820917,256.855584011646,60007.610667002155,304.14515453316324
1777049955,100,,Aggregated,122.900000,0.000000,790,810,840,860,890,990,1100,1300,2000,13000,60000,105151,1,790,798.2900106880174,256.855584011646,60007.610667002155,304.14514365055965
1777049956,100,,Aggregated,122.400000,0.000000,790,810,840,860,890,990,1100,1300,2000,13000,60000,105265,1,790,798.3062977162735,256.855584011646,60007.610667002155,304.14517645941197
1777049957,100,,Aggregated,124.400000,0.000000,790,810,840,860,890,990,1100,1300,2000,13000,60000,105394,1,790,798.3198476370222,256.855584011646,60007.610667002155,304.1450651839763
1777049958,100,,Aggregated,122.300000,0.000000,790,810,840,860,890,990,1100,1300,2000,13000,60000,105513,1,790,798.3449351986241,256.855584011646,60007.610667002155,304.14504373868624
1777049959,100,,Aggregated,123.100000,0.000000,790,810,840,860,890,1000,1100,1300,2000,13000,60000,105645,1,790,798.405254446747,256.855584011646,60007.610667002155,304.1448814425671
1777049960,100,,Aggregated,122.300000,0.000000,790,810,840,860,890,1000,1100,1300,2000,13000,60000,105760,1,790,798.4346240089787,256.855584011646,60007.610667002155,304.14486573373676
1777049961,100,,Aggregated,120.500000,0.000000,790,810,840,860,890,1000,1100,1300,2000,13000,60000,105878,1,790,798.476344469779,256.855584011646,60007.610667002155,304.1448176202799
1777049962,100,,Aggregated,121.300000,0.000000,790,810,840,860,890,1000,1100,1300,2000,13000,60000,106014,1,790,798.391414242685,256.855584011646,60007.610667002155,304.1447450336748
1777049963,100,,Aggregated,121.000000,0.000000,790,810,840,860,890,1000,1100,1300,2000,13000,60000,106136,1,790,798.4058907566892,256.855584011646,60007.610667002155,304.14478593502673
1777049964,100,,Aggregated,122.800000,0.000000,790,810,840,860,890,1000,1100,1300,2000,13000,60000,106261,1,790,798.4089803613663,256.855584011646,60007.610667002155,304.1449261723492
1777049965,100,,Aggregated,123.200000,0.000000,790,810,840,860,890,1000,1100,1300,2000,13000,60000,106386,1,790,798.430503717315,256.855584011646,60007.610667002155,304.14502848119116
1777049966,100,,Aggregated,123.100000,0.000000,790,810,840,860,890,1000,1100,1300,2000,13000,60000,106512,1,790,798.4424323453075,256.855584011646,60007.610667002155,304.1450822442542
1777049967,100,,Aggregated,122.900000,0.000000,790,810,840,860,890,1000,1100,1300,2000,13000,60000,106635,1,790,798.4445039754345,256.855584011646,60007.610667002155,304.1451493412107
1777049968,100,,Aggregated,122.800000,0.000000,790,810,840,860,890,990,1100,1300,2000,13000,60000,106752,1,790,798.4513192380031,256.855584011646,60007.610667002155,304.1453555905276
1777049969,100,,Aggregated,122.500000,0.000000,790,810,840,860,890,990,1100,1300,2000,13000,60000,106880,1,790,798.4619389482718,256.855584011646,60007.610667002155,304.1454247754491
1777049970,100,,Aggregated,123.800000,0.000000,790,810,840,860,890,990,1100,1300,2000,13000,60000,107005,1,790,798.4716392021936,256.855584011646,60007.610667002155,304.14546983785806
1777049971,100,,Aggregated,125.500000,0.000000,790,810,840,860,890,990,1100,1200,2000,13000,60000,107129,1,790,798.4890724488577,256.855584011646,60007.610667002155,304.1454134734759
1777049972,100,,Aggregated,124.600000,0.000000,790,810,840,860,890,990,1100,1200,2000,13000,60000,107254,1,790,798.5020382701317,256.855584011646,60007.610667002155,304.1453092658549
1777049973,100,,Aggregated,125.000000,0.000000,790,810,840,860,890,990,1100,1200,2000,13000,60000,107371,1,790,798.5420584340523,256.855584011646,60007.610667002155,304.14540238984455
1777049974,100,,Aggregated,123.500000,0.000000,790,810,840,860,890,990,1100,1300,2000,13000,60000,107493,1,790,798.594128084205,256.855584011646,60007.610667002155,304.1454420287833
1777049975,100,,Aggregated,123.000000,0.000000,790,810,840,860,890,990,1100,1300,2000,13000,60000,107608,1,790,798.5884054534376,256.855584011646,60007.610667002155,304.14546316259015
1777049976,100,,Aggregated,121.600000,0.000000,790,810,840,860,890,1000,1100,1300,2000,13000,60000,107735,1,790,798.6392360420898,256.855584011646,60007.610667002155,304.14556086694205
1777049977,100,,Aggregated,122.200000,0.000000,790,810,840,860,890,1000,1100,1300,2000,13000,60000,107858,1,790,798.5914816992389,256.855584011646,60007.610667002155,304.14555248567564
1777049978,100,,Aggregated,123.200000,0.000000,790,810,840,860,890,1000,1100,1300,2100,13000,60000,107997,1,790,798.661071505333,256.855584011646,60007.610667002155,304.14555959887775
1777049979,100,,Aggregated,122.100000,0.000000,790,810,840,860,890,1000,1100,1300,2000,13000,60000,108112,1,790,798.5576082363993,256.855584011646,60007.610667002155,304.1455620097677
1777049980,100,,Aggregated,121.600000,0.000000,790,810,840,860,890,1000,1100,1300,2000,13000,60000,108241,1,790,798.5762269448221,256.855584011646,60007.610667002155,304.14558254265944
1777049981,100,,Aggregated,123.700000,0.000000,790,810,840,860,890,1000,1100,1300,2000,13000,60000,108368,1,790,798.602161941104,256.855584011646,60007.610667002155,304.14562416949656
1777049982,100,,Aggregated,123.600000,0.000000,790,810,840,860,890,1000,1100,1300,2000,13000,60000,108493,1,790,798.6178858846338,256.855584011646,60007.610667002155,304.1457052528735
1777049983,100,,Aggregated,123.400000,0.000000,790,810,840,860,890,1000,1100,1300,2000,13000,60000,108616,1,790,798.6214380074546,256.855584011646,60007.610667002155,304.1455678721367
1777049984,100,,Aggregated,123.500000,0.000000,790,810,840,860,890,1000,1100,1300,2000,13000,60000,108737,1,790,798.6512338516392,256.855584011646,60007.610667002155,304.1454334771053
1777049985,100,,Aggregated,123.900000,0.000000,790,810,840,860,890,1000,1100,1300,2000,13000,60000,108861,1,790,798.6771144455604,256.855584011646,60007.610667002155,304.14541479501383
1777049986,100,,Aggregated,125.100000,0.000000,790,810,840,860,890,990,1100,1300,2000,13000,60000,108984,1,790,798.6807608929043,256.855584011646,60007.610667002155,304.1453516112457
1777049987,100,,Aggregated,124.500000,0.000000,790,810,840,860,890,990,1100,1300,2000,13000,60000,109109,1,790,798.6965533650867,256.855584011646,60007.610667002155,304.1451575946989
1777049988,100,,Aggregated,124.400000,0.000000,790,810,840,860,890,990,1100,1300,2000,13000,60000,109233,1,790,798.7133813624764,256.855584011646,60007.610667002155,304.1451026704384
1777049989,100,,Aggregated,125.200000,0.000000,790,810,840,860,890,990,1100,1300,2000,13000,60000,109353,1,790,798.7205457958021,256.855584011646,60007.610667002155,304.1451812021618
1777049990,100,,Aggregated,124.000000,0.000000,790,810,840,860,890,990,1100,1300,2000,13000,60000,109451,1,790,798.8258220523282,256.855584011646,60007.610667002155,304.1452522133192
1777049991,100,,Aggregated,122.800000,0.000000,790,810,840,860,890,1000,1100,1300,2000,13000,60000,109578,1,790,798.8353135136117,256.855584011646,60007.610667002155,304.1452755115078
1777049992,100,,Aggregated,121.500000,0.000000,790,810,840,860,890,1000,1100,1300,2000,13000,60000,109713,1,790,798.7920641102809,256.855584011646,60007.610667002155,304.14552514287277
1777049993,100,,Aggregated,121.900000,0.000000,790,810,840,860,890,1000,1100,1300,2000,13000,60000,109833,1,790,798.8151526205635,256.855584011646,60007.610667002155,304.1453297278596
1777049994,100,,Aggregated,122.700000,0.000000,790,810,840,860,890,1000,1100,1300,2000,13000,60000,109960,1,790,798.8843192444035,256.855584011646,60007.610667002155,304.1453164787195
1777049995,100,,Aggregated,122.700000,0.000000,790,810,840,860,890,1000,1100,1300,2000,12000,60000,110095,1,790,798.8244372454204,256.855584011646,60007.610667002155,304.14518370498206
1777049996,100,,Aggregated,121.100000,0.000000,790,810,840,860,890,1000,1100,1300,2000,12000,60000,110224,1,790,798.8031001256569,256.855584011646,60007.610667002155,304.1452768906953
1777049997,100,,Aggregated,121.700000,0.000000,790,810,840,860,890,1000,1100,1300,2000,12000,60000,110349,1,790,798.8003281883167,256.855584011646,60007.610667002155,304.14530263074425
1777049998,100,,Aggregated,123.400000,0.000000,790,810,840,860,890,1000,1100,1300,2000,12000,60000,110471,1,790,798.8186295935548,256.855584011646,60007.610667002155,304.14539562419094
1777049999,100,,Aggregated,123.300000,0.000000,790,810,840,860,890,1000,1100,1300,2000,12000,60000,110594,1,790,798.835143085299,256.855584011646,60007.610667002155,304.1454238023763
1777050000,100,,Aggregated,124.400000,0.000000,790,810,840,860,890,1000,1100,1300,2000,12000,60000,110719,1,790,798.8452951533744,256.855584011646,60007.610667002155,304.1456660555099
1777050001,100,,Aggregated,123.500000,0.000000,790,810,840,860,890,1000,1100,1300,2000,12000,60000,110841,1,790,798.8638837377812,256.855584011646,60007.610667002155,304.1455778998746
1777050002,100,,Aggregated,123.900000,0.000000,790,810,840,860,890,1000,1100,1300,2000,12000,60000,110964,1,790,798.8809212188594,256.855584011646,60007.610667002155,304.14555171046464
1777050003,100,,Aggregated,124.400000,0.000000,790,810,840,860,890,1000,1100,1300,2000,12000,60000,111086,1,790,798.8996814746641,256.855584011646,60007.610667002155,304.14560790738705
1777050004,100,,Aggregated,123.700000,0.000000,790,810,840,860,890,1000,1100,1300,2000,12000,60000,111201,1,790,798.9118487806547,256.855584011646,60007.610667002155,304.1456821431462
1777050005,100,,Aggregated,123.700000,0.000000,790,810,840,860,890,1000,1100,1300,2000,12000,60000,111332,1,790,798.9231184629092,256.855584011646,60007.610667002155,304.1457352782668
1777050006,100,,Aggregated,125.500000,0.000000,790,810,840,860,890,990,1100,1300,2000,12000,60000,111449,1,790,798.9547566828129,256.855584011646,60007.610667002155,304.1458604384068
1777050007,100,,Aggregated,125.100000,0.000000,790,810,840,860,890,1000,1100,1300,2000,12000,60000,111566,1,790,799.0673777775028,256.855584011646,60007.610667002155,304.1458777763835
