Timestamp,User Count,Type,Name,Requests/s,Failures/s,50%,66%,75%,80%,90%,95%,98%,99%,99.9%,99.99%,100%,Total Request Count,Total Failure Count,Total Median Response Time,Total Average Response Time,Total Min Response Time,Total Max Response Time,Total Average Content Size
1776939456,0,,Aggregated,0.000000,0.000000,N/A,N/A,N/A,N/A,N/A,N/A,N/A,N/A,N/A,N/A,N/A,0,0,0,0.0,0,0,0
1776939457,10,,Aggregated,0.000000,0.000000,880,880,880,880,880,880,880,880,880,880,880,1,0,878.3261659991695,878.3261659991695,878.3261659991695,878.3261659991695,225.0
1776939458,20,,Aggregated,0.000000,0.000000,220,470,720,880,1200,1900,1900,1900,1900,1900,1900,33,0,220,543.4922802726787,179.67141600092873,1861.8557919980958,236.0
1776939459,30,,Aggregated,0.000000,0.000000,200,210,220,240,720,1200,1900,1900,2700,2700,2700,106,0,200,351.97410610388306,174.60612500144634,2664.0925829997286,235.56603773584905
1776939460,40,,Aggregated,6.500000,0.000000,200,220,220,240,660,1500,1900,2700,3700,3700,3700,194,0,200,349.0529153609667,171.38829200121108,3729.0202919975854,237.70103092783506
1776939461,50,,Aggregated,24.000000,0.000000,220,250,340,370,720,1200,2200,3600,3800,3800,3800,297,0,220,386.47005077785036,170.61495799862314,3818.334125004185,239.25252525252526
1776939462,60,,Aggregated,40.000000,0.000000,230,350,360,380,690,1200,2200,2700,5200,5200,5200,419,0,230,396.4632639117141,170.61495799862314,5190.352541998436,239.7016706443914
1776939463,70,,Aggregated,49.800000,0.000000,300,360,380,420,610,850,1900,2700,5200,5200,5200,559,0,300,398.98797882285726,170.61495799862314,5190.352541998436,239.9499105545617
1776939464,80,,Aggregated,60.833333,0.000000,330,360,380,420,580,820,1900,3600,5200,5200,5200,676,0,330,411.31751078845537,170.61495799862314,5190.352541998436,239.55029585798817
1776939465,90,,Aggregated,70.285714,0.000000,340,370,430,530,690,950,2700,3800,7800,7800,7800,795,0,340,459.2462784088467,170.61495799862314,7807.076541997958,239.4679245283019
1776939466,100,,Aggregated,80.250000,0.000000,360,410,520,560,850,980,2200,3700,7800,7800,7800,958,0,360,492.25141044158755,170.61495799862314,7838.2965000055265,239.52087682672234
1776939467,100,,Aggregated,85.777778,0.000000,370,480,550,610,940,1100,2200,3700,7800,7800,7800,1099,0,370,515.1925774058071,170.61495799862314,7838.2965000055265,239.49135577797998
1776939468,100,,Aggregated,89.300000,0.000000,370,510,570,640,950,1100,2200,3800,7800,7800,7800,1225,0,370,533.5818030106193,170.61495799862314,7838.2965000055265,239.63673469387754
1776939469,100,,Aggregated,102.200000,0.000000,380,530,640,720,980,1200,2200,3900,7800,7800,7800,1360,0,380,565.3637800698764,170.61495799862314,7838.2965000055265,239.48823529411766
1776939470,100,,Aggregated,113.700000,0.000000,380,540,670,740,980,1200,2200,4000,7800,8100,8100,1472,0,380,580.3288131657755,170.61495799862314,8097.905750000791,239.44565217391303
1776939471,100,,Aggregated,121.000000,0.000000,410,550,690,780,1000,1400,2500,4700,7800,8100,8100,1627,0,410,603.9356645795907,170.61495799862314,8097.905750000791,239.4019668100799
1776939472,100,,Aggregated,122.900000,0.000000,440,580,720,790,980,1300,2200,4000,7800,8100,8100,1812,0,440,606.5295844497799,170.61495799862314,8097.905750000791,239.31456953642385
1776939473,100,,Aggregated,133.200000,0.000000,450,590,720,840,1000,1300,1900,3900,7800,8100,8100,1971,0,450,611.4450250644322,170.61495799862314,8097.905750000791,239.35514967021817
1776939474,100,,Aggregated,137.500000,0.000000,450,590,770,840,980,1300,1900,3800,7800,8100,8100,2105,0,450,609.0092091197055,170.61495799862314,8097.905750000791,239.3581947743468
1776939475,100,,Aggregated,137.200000,0.000000,460,640,790,850,970,1300,1700,3800,7800,13000,13000,2263,0,460,620.0582437520759,169.60199999448378,12703.768833998765,239.24259832081307
1776939476,100,,Aggregated,137.300000,0.000000,470,640,800,850,950,1300,1600,3700,7800,13000,13000,2426,0,470,616.0631500197688,169.60199999448378,12703.768833998765,239.32151690024733
1776939477,100,,Aggregated,140.300000,0.000000,480,640,800,850,980,1400,1600,3600,7800,13000,13000,2582,0,470,625.3919239209833,169.60199999448378,12703.768833998765,239.33113865220758
1776939478,100,,Aggregated,147.300000,0.000000,500,640,800,850,970,1400,1600,3300,7800,13000,13000,2738,0,490,624.3657069393678,169.60199999448378,12703.768833998765,239.3064280496713
1776939479,100,,Aggregated,146.900000,0.000000,500,640,800,850,950,1400,1600,3300,8100,21000,21000,2873,0,500,628.5249358454529,169.60199999448378,20787.25704200042,239.2495649147233
1776939480,100,,Aggregated,148.600000,0.000000,500,640,810,850,970,1300,1600,2700,7800,21000,21000,3048,0,500,630.2779760134589,169.60199999448378,20787.25704200042,239.29265091863516
1776939481,100,,Aggregated,150.900000,0.000000,510,650,820,860,960,1300,1600,2700,7800,21000,21000,3189,0,510,630.0787359733577,169.60199999448378,20787.25704200042,239.2969582941361
1776939482,100,,Aggregated,156.000000,0.000000,530,650,820,860,950,1300,1600,2600,7800,21000,21000,3331,0,530,631.1095287631487,169.60199999448378,20787.25704200042,239.3830681477034
1776939483,100,,Aggregated,155.200000,0.000000,530,680,840,870,980,1300,1600,2500,7800,21000,21000,3461,0,530,639.0938623160991,169.60199999448378,20787.25704200042,239.42935567754984
1776939484,100,,Aggregated,152.000000,0.000000,530,690,850,880,980,1300,1600,2200,7800,21000,21000,3583,0,530,640.1089343600424,169.60199999448378,20787.25704200042,239.44683226346638
1776939485,100,,Aggregated,150.500000,0.000000,530,650,840,870,980,1300,1600,2200,7800,21000,21000,3762,0,530,637.3132855018705,169.60199999448378,20787.25704200042,239.44178628389156
1776939486,100,,Aggregated,151.400000,0.000000,530,660,850,880,1000,1300,1600,2200,7800,21000,21000,3923,0,530,640.4196169299286,169.60199999448378,20787.25704200042,239.41651797094062
1776939487,100,,Aggregated,151.700000,0.000000,530,690,850,890,1000,1400,1600,2200,7800,21000,21000,4069,0,530,646.0707190683406,169.60199999448378,20787.25704200042,239.36790366183337
1776939488,100,,Aggregated,149.900000,0.000000,530,660,850,880,1000,1400,1600,1900,7800,21000,21000,4169,0,530,642.1252370599929,169.60199999448378,20787.25704200042,239.39625809546655
1776939489,100,,Aggregated,145.400000,0.000000,530,660,850,890,1100,1400,1600,1900,7800,21000,21000,4323,0,530,647.9279078112818,169.60199999448378,20787.25704200042,239.41383298635208
1776939490,100,,Aggregated,149.000000,0.000000,530,650,850,880,1100,1400,1600,1900,7800,21000,21000,4409,0,530,643.5163401583551,169.60199999448378,20787.25704200042,239.43139033794512
1776939491,100,,Aggregated,148.700000,0.000000,530,650,850,890,1100,1500,2100,2100,7800,21000,21000,4588,0,530,656.3938473315644,169.60199999448378,20787.25704200042,239.4136878814298
1776939492,100,,Aggregated,139.600000,0.000000,530,650,850,890,1100,1500,2100,2100,7800,21000,21000,4760,0,530,653.8867271475251,169.60199999448378,20787.25704200042,239.36953781512605
1776939493,100,,Aggregated,139.200000,0.000000,530,650,850,890,1100,1500,2100,2100,7800,21000,21000,4903,0,530,653.745234315759,169.60199999448378,20787.25704200042,239.3758923108301
1776939494,100,,Aggregated,141.800000,0.000000,530,660,860,900,1100,1500,2100,2100,7200,21000,21000,5052,0,530,653.38459005724,168.9694579981733,20787.25704200042,239.38855898653998
1776939495,100,,Aggregated,145.600000,0.000000,530,680,860,900,1000,1400,2100,2100,7200,21000,21000,5190,0,530,653.0231419094747,168.9694579981733,20787.25704200042,239.37822736030827
1776939496,100,,Aggregated,144.700000,0.000000,530,700,860,910,1000,1400,1900,2100,7200,21000,21000,5328,0,530,654.8990908983068,168.9694579981733,20787.25704200042,239.34872372372374
1776939497,100,,Aggregated,146.000000,0.000000,540,720,870,910,1100,1400,1900,2100,7200,21000,21000,5459,0,540,658.8502055266918,168.9694579981733,20787.25704200042,239.33247847591133
1776939498,100,,Aggregated,143.000000,0.000000,540,730,870,910,1000,1400,1800,2100,7200,21000,21000,5610,0,540,659.355833134613,168.9694579981733,20787.25704200042,239.28449197860962
1776939499,100,,Aggregated,146.000000,0.000000,540,730,870,910,1000,1400,1800,2100,7200,21000,21000,5769,0,540,657.7300878474842,168.9694579981733,20787.25704200042,239.2442364361241
1776939500,100,,Aggregated,144.200000,0.000000,540,730,870,910,1000,1400,1800,2100,7200,21000,21000,5832,0,540,656.0282528578831,168.9694579981733,20787.25704200042,239.21810699588477
1776939501,100,,Aggregated,143.800000,0.000000,540,740,870,910,1100,1500,1900,2100,7100,21000,21000,6034,0,540,665.1963579706988,168.9694579981733,20787.25704200042,239.2243950944647
1776939502,100,,Aggregated,144.000000,0.000000,540,740,870,910,1000,1500,1900,2100,7100,21000,21000,6212,0,540,664.6352964943902,168.9694579981733,20787.25704200042,239.17675466838378
1776939503,100,,Aggregated,142.800000,0.000000,540,750,870,900,1000,1500,1900,2100,7100,21000,21000,6345,0,540,663.6745936085334,168.9694579981733,20787.25704200042,239.16548463356975
1776939504,100,,Aggregated,142.000000,0.000000,550,750,870,900,1000,1400,1900,2100,7100,21000,21000,6521,0,550,662.9869265436555,168.9694579981733,20787.25704200042,239.14721668455758
1776939505,100,,Aggregated,143.300000,0.000000,550,760,860,890,1000,1400,1900,2100,7100,21000,21000,6650,0,550,662.3339709443857,168.9694579981733,20787.25704200042,239.1215037593985
1776939506,100,,Aggregated,143.600000,0.000000,550,770,860,900,1000,1400,1900,2100,7100,21000,21000,6823,0,550,663.32721564857,168.9694579981733,20787.25704200042,239.10303385607503
1776939507,100,,Aggregated,142.200000,0.000000,550,760,860,890,1000,1400,1900,2100,7100,21000,21000,6968,0,550,661.4804778265194,168.9694579981733,20787.25704200042,239.05711825487944
1776939508,100,,Aggregated,144.000000,0.000000,550,760,860,900,1000,1400,1800,2100,6000,21000,21000,7126,0,550,662.2150156988807,168.9694579981733,20787.25704200042,239.0207690148751
1776939509,100,,Aggregated,148.300000,0.000000,550,760,870,900,1000,1400,1800,2100,6000,21000,21000,7310,0,550,661.0905227814211,168.9694579981733,20787.25704200042,239.02831737346102
1776939510,100,,Aggregated,144.800000,0.000000,550,750,860,900,1000,1400,1800,2100,6000,21000,21000,7389,0,550,658.7320836363747,168.9694579981733,20787.25704200042,239.05061578021383
1776939511,100,,Aggregated,148.000000,0.000000,550,770,870,900,1000,1500,1800,2100,6000,21000,21000,7515,0,550,665.1817385276391,168.9694579981733,20787.25704200042,239.07012641383898
1776939512,100,,Aggregated,157.500000,0.000000,550,780,870,900,1000,1400,1800,2100,6000,21000,21000,7644,0,550,666.7795246922109,168.9694579981733,20787.25704200042,239.07038199895342
1776939513,100,,Aggregated,147.000000,0.000000,550,780,870,900,1000,1400,1800,2100,6000,21000,21000,7796,0,550,666.6399282160477,168.9694579981733,20787.25704200042,239.0760646485377
1776939514,100,,Aggregated,146.400000,0.000000,560,790,870,910,1100,1500,1800,2100,6000,21000,21000,7937,0,560,671.698689444283,168.9694579981733,20787.25704200042,239.0352778127756
1776939515,100,,Aggregated,147.400000,0.000000,550,780,870,900,1100,1500,1800,2100,5900,21000,21000,8071,0,550,670.3645266999479,168.9694579981733,20787.25704200042,239.04014372444556
1776939516,100,,Aggregated,140.300000,0.000000,560,780,870,900,1100,1500,1800,2100,5900,21000,21000,8172,0,560,669.2789167682662,168.9694579981733,20787.25704200042,239.01040137053354
1776939517,100,,Aggregated,141.400000,0.000000,560,780,870,900,1100,1500,1800,2100,5900,21000,21000,8327,0,560,671.4839488744159,168.9694579981733,20787.25704200042,239.00924702774108
1776939518,100,,Aggregated,139.000000,0.000000,560,780,870,910,1100,1500,1800,2100,5900,21000,21000,8500,0,560,671.1886085921412,168.9694579981733,20787.25704200042,238.9678823529412
1776939519,100,,Aggregated,138.600000,0.000000,560,780,870,900,1100,1500,1800,2100,5900,21000,21000,8678,0,560,670.8747917181543,168.9694579981733,20787.25704200042,238.9489513712837
1776939520,100,,Aggregated,141.300000,0.000000,560,780,870,900,1000,1500,1800,2100,5900,21000,21000,8818,0,560,669.1847801976804,168.9694579981733,20787.25704200042,238.95860739396687
1776939521,100,,Aggregated,137.400000,0.000000,560,780,870,900,1000,1500,1800,2100,5900,21000,21000,8980,0,560,668.1340682153838,168.9694579981733,20787.25704200042,238.96492204899778
1776939522,100,,Aggregated,138.000000,0.000000,560,790,860,900,1000,1500,1800,2100,5800,21000,21000,9148,0,560,667.8854154722551,168.9694579981733,20787.25704200042,238.96250546567555
1776939523,100,,Aggregated,146.600000,0.000000,560,790,870,900,1000,1500,1700,2100,5800,21000,21000,9308,0,560,666.9272943426296,168.9694579981733,20787.25704200042,238.92640739149118
1776939524,100,,Aggregated,148.000000,0.000000,560,790,870,900,1000,1500,1700,2100,5800,21000,21000,9483,0,560,666.8710315607111,168.9694579981733,20787.25704200042,238.9225983338606
1776939525,100,,Aggregated,148.900000,0.000000,560,790,870,900,1000,1500,1700,2100,5800,21000,21000,9594,0,560,667.6359591284295,168.9694579981733,20787.25704200042,238.9159891598916
1776939526,100,,Aggregated,154.800000,0.000000,570,800,870,900,1000,1500,1700,2100,5800,21000,21000,9692,0,570,669.2107687269071,168.9694579981733,20787.25704200042,238.86411473380107
1776939527,100,,Aggregated,151.400000,0.000000,570,800,870,900,1000,1500,1600,2100,5800,21000,21000,9847,0,570,671.0633126923133,168.9694579981733,20787.25704200042,238.85589519650654
1776939528,100,,Aggregated,148.100000,0.000000,570,800,870,900,1000,1400,1600,2100,5600,13000,21000,10012,0,570,670.5482114417907,168.9694579981733,20787.25704200042,238.8476827806632
1776939529,100,,Aggregated,145.500000,0.000000,570,800,870,900,1000,1400,1600,2100,5600,13000,21000,10149,0,570,669.8244910258367,168.9694579981733,20787.25704200042,238.83318553552076
1776939530,100,,Aggregated,143.200000,0.000000,570,800,870,900,1000,1400,1600,2100,5600,13000,21000,10339,0,570,669.2382863596257,168.9694579981733,20787.25704200042,238.85008221297997
1776939531,100,,Aggregated,149.300000,0.000000,570,800,870,900,1000,1400,1600,2100,5600,13000,21000,10496,0,570,667.7412567538186,168.9694579981733,20787.25704200042,238.81869283536585
1776939532,100,,Aggregated,146.200000,0.000000,570,800,870,900,1000,1400,1600,1900,5600,13000,21000,10647,0,570,666.7225755459858,168.9694579981733,20787.25704200042,238.83469521931062
1776939533,100,,Aggregated,146.500000,0.000000,570,790,870,900,1000,1400,1600,1900,5600,13000,21000,10781,0,570,665.9112285039641,168.9694579981733,20787.25704200042,238.84871533252945
1776939534,100,,Aggregated,151.700000,0.000000,570,790,870,900,1000,1400,1600,1900,5600,13000,21000,10966,0,570,664.5040488935141,168.9694579981733,20787.25704200042,238.8440634689039
1776939535,100,,Aggregated,151.200000,0.000000,570,790,870,900,1000,1400,1600,1900,5400,13000,21000,11038,0,570,663.0491177033201,168.9694579981733,20787.25704200042,238.85975720239173
1776939536,100,,Aggregated,152.400000,0.000000,570,790,870,900,1000,1400,1800,2000,5400,13000,21000,11221,0,570,668.7241676292873,168.9694579981733,20787.25704200042,238.83673469387756
1776939537,100,,Aggregated,147.600000,0.000000,570,800,870,900,1000,1400,1800,2000,5400,13000,21000,11384,0,570,668.5064427421162,168.9694579981733,20787.25704200042,238.84311314125088
1776939538,100,,Aggregated,153.300000,0.000000,570,800,870,900,1000,1400,1800,2000,5400,13000,21000,11548,0,570,667.5306847664766,168.9694579981733,20787.25704200042,238.8331312781434
1776939539,100,,Aggregated,154.000000,0.000000,570,800,870,900,1000,1400,1800,2000,5400,13000,21000,11677,0,570,667.5682496416229,168.9694579981733,20787.25704200042,238.86897319516999
1776939540,100,,Aggregated,159.200000,0.000000,570,800,870,900,1000,1400,1800,2000,5400,13000,21000,11812,0,570,669.3283079769072,168.9694579981733,20787.25704200042,238.8763968845242
1776939541,100,,Aggregated,152.700000,0.000000,570,810,870,900,1000,1400,1800,2000,5400,13000,21000,11925,0,570,670.1053081057634,168.9694579981733,20787.25704200042,238.8885534591195
1776939542,100,,Aggregated,150.500000,0.000000,570,810,870,900,1000,1400,1800,2000,5300,13000,21000,12090,0,570,670.691194254606,168.9694579981733,20787.25704200042,238.89727047146403
1776939543,100,,Aggregated,151.400000,0.000000,570,810,870,900,1000,1400,1800,2000,5300,13000,21000,12275,0,570,670.532815284741,168.9694579981733,20787.25704200042,238.88219959266803
1776939544,100,,Aggregated,143.900000,0.000000,570,810,870,900,1000,1400,1800,2000,5300,13000,21000,12437,0,570,669.5085738957275,168.9694579981733,20787.25704200042,238.8834123984884
1776939545,100,,Aggregated,142.600000,0.000000,570,810,870,900,1000,1400,1700,2000,5300,13000,21000,12581,0,570,668.9600461238523,168.9694579981733,20787.25704200042,238.89547730705033
1776939546,100,,Aggregated,141.200000,0.000000,570,810,870,900,1000,1400,1700,2000,5300,13000,21000,12730,0,570,668.786973412348,168.9694579981733,20787.25704200042,238.9179104477612
1776939547,100,,Aggregated,147.800000,0.000000,570,820,870,890,1000,1400,1700,2000,5300,13000,21000,12881,0,570,668.0318736668086,168.9694579981733,20787.25704200042,238.94759723623943
1776939548,100,,Aggregated,146.600000,0.000000,570,820,870,900,1000,1400,1600,2000,5200,13000,21000,13040,0,570,667.4814165512399,168.9694579981733,20787.25704200042,238.94455521472392
1776939549,100,,Aggregated,151.100000,0.000000,570,820,870,900,1000,1400,1600,2000,5200,13000,21000,13186,0,570,666.911506907034,168.9694579981733,20787.25704200042,238.96905809191566
1776939550,100,,Aggregated,147.500000,0.000000,570,820,870,900,1000,1400,1600,2000,5200,13000,21000,13358,0,570,666.453098061471,168.9694579981733,20787.25704200042,238.97304985776313
1776939551,100,,Aggregated,149.200000,0.000000,570,820,870,900,1000,1300,1600,2000,5200,13000,21000,13546,0,570,666.4886815719132,168.9694579981733,20787.25704200042,238.9737930016241
1776939552,100,,Aggregated,153.200000,0.000000,570,820,870,900,1000,1300,1600,2000,5200,13000,21000,13700,0,570,665.9691944700102,168.9694579981733,20787.25704200042,238.99642335766424
1776939553,100,,Aggregated,154.700000,0.000000,570,820,870,900,1000,1300,1600,2000,5200,13000,21000,13845,0,570,665.6062086449331,168.9694579981733,20787.25704200042,238.99068255687973
1776939554,100,,Aggregated,157.500000,0.000000,570,820,870,900,1000,1300,1600,2000,5200,13000,21000,13973,0,570,666.6990022087647,168.9694579981733,20787.25704200042,239.00615472697345
1776939555,100,,Aggregated,155.800000,0.000000,570,820,870,900,1000,1300,1600,2000,5000,13000,21000,14076,0,570,666.1624320287749,168.9694579981733,20787.25704200042,239.00149190110827
1776939556,100,,Aggregated,155.500000,0.000000,570,820,870,900,1000,1300,1600,2000,5000,13000,21000,14202,0,570,666.073278874458,168.9694579981733,20787.25704200042,239.0102802422194
1776939557,100,,Aggregated,154.600000,0.000000,570,820,870,900,1000,1300,1700,2000,5000,13000,21000,14371,0,570,668.9584123985819,168.9694579981733,20787.25704200042,239.0042446593835
1776939558,100,,Aggregated,148.300000,0.000000,570,820,870,900,1000,1300,1600,2000,5000,13000,21000,14525,0,570,668.3277894981744,168.9694579981733,20787.25704200042,239.0265748709122
1776939559,100,,Aggregated,144.300000,0.000000,570,820,870,900,1000,1300,1600,2000,5000,13000,21000,14721,0,570,667.8120986004983,168.9694579981733,20787.25704200042,239.0027172067115
1776939560,100,,Aggregated,145.100000,0.000000,570,820,870,900,1000,1300,1600,2000,5000,13000,21000,14870,0,570,667.7541434769985,168.80345800018404,20787.25704200042,238.98117014122394
1776939561,100,,Aggregated,147.800000,0.000000,570,820,870,900,1000,1300,1600,2000,5000,13000,21000,15010,0,570,667.9488976347689,168.80345800018404,20787.25704200042,238.9804796802132
1776939562,100,,Aggregated,149.900000,0.000000,570,820,870,900,1000,1300,1600,2000,5000,13000,21000,15150,0,570,667.3203904672579,168.80345800018404,20787.25704200042,238.9959075907591
1776939563,100,,Aggregated,146.800000,0.000000,570,820,870,900,1000,1300,1600,2000,5000,13000,21000,15327,0,570,667.3566075009398,168.80345800018404,20787.25704200042,239.00978665100803
1776939564,100,,Aggregated,145.300000,0.000000,570,820,870,900,1000,1300,1600,2000,5000,13000,21000,15463,0,570,666.8084480428715,168.80345800018404,20787.25704200042,239.01681433098364
1776939565,100,,Aggregated,146.900000,0.000000,570,820,870,900,1000,1300,1600,2000,5000,13000,21000,15598,0,570,666.2867268831868,168.80345800018404,20787.25704200042,239.01391204000512
1776939566,100,,Aggregated,147.600000,0.000000,570,820,870,900,1000,1300,1700,2000,5000,13000,21000,15768,0,570,668.6522261439592,168.80345800018404,20787.25704200042,239.0090055809234
1776939567,100,,Aggregated,147.700000,0.000000,570,820,870,900,1000,1300,1700,2000,5000,13000,21000,15879,0,570,667.8841997450018,168.80345800018404,20787.25704200042,239.00875369985516
1776939568,100,,Aggregated,152.300000,0.000000,570,820,870,900,1000,1300,1700,2000,5000,13000,21000,16048,0,570,668.0651777015145,168.80345800018404,20787.25704200042,239.0110294117647
1776939569,100,,Aggregated,156.200000,0.000000,570,820,870,900,1000,1300,1700,2000,5000,13000,21000,16176,0,570,669.0796596220259,168.80345800018404,20787.25704200042,239.01347675568744
1776939570,100,,Aggregated,156.100000,0.000000,570,820,880,900,1000,1300,1700,2000,5000,13000,21000,16299,0,570,670.1334772125217,168.80345800018404,20787.25704200042,239.01300693294067
1776939571,100,,Aggregated,149.000000,0.000000,570,820,870,900,1000,1300,1600,2000,5000,13000,21000,16458,0,570,669.0167006729204,168.80345800018404,20787.25704200042,239.012698991372
1776939572,100,,Aggregated,143.800000,0.000000,580,820,870,900,1000,1300,1600,2000,5000,13000,21000,16580,0,580,668.8056187829283,168.80345800018404,20787.25704200042,238.99957780458382
1776939573,100,,Aggregated,142.700000,0.000000,580,820,880,900,1000,1300,1600,2000,5000,13000,21000,16767,0,580,668.8873092838883,168.80345800018404,20787.25704200042,239.01914474861334
1776939574,100,,Aggregated,143.200000,0.000000,580,820,870,900,1000,1300,1600,2000,5000,13000,21000,16929,0,580,668.2248710698796,168.80345800018404,20787.25704200042,239.02380530450705
1776939575,100,,Aggregated,139.900000,0.000000,580,820,880,900,1000,1300,1600,2000,4900,13000,21000,17073,0,580,668.0372223718139,168.80345800018404,20787.25704200042,239.0376032331752
1776939576,100,,Aggregated,144.800000,0.000000,580,820,880,900,1000,1300,1600,2000,4900,13000,21000,17253,0,580,668.0615012226275,168.80345800018404,20787.25704200042,239.0379644119863
1776939577,100,,Aggregated,145.300000,0.000000,580,820,880,900,1000,1300,1600,2000,4900,13000,21000,17414,0,580,667.6490581022163,168.80345800018404,20787.25704200042,239.0435856207649
1776939578,100,,Aggregated,150.300000,0.000000,580,820,880,900,1000,1300,1600,2000,4900,13000,21000,17559,0,580,667.1521948431583,168.80345800018404,20787.25704200042,239.05285039011332
1776939579,100,,Aggregated,147.100000,0.000000,580,820,880,900,1000,1200,1600,2000,4900,13000,21000,17708,0,580,666.5201963593867,168.80345800018404,20787.25704200042,239.07601084255703
1776939580,100,,Aggregated,147.400000,0.000000,580,820,870,900,1000,1200,1600,2000,4900,13000,21000,17903,0,580,666.3936626521792,168.80345800018404,20787.25704200042,239.07791990169247
1776939581,100,,Aggregated,151.100000,0.000000,580,820,870,900,1000,1200,1600,2000,4700,13000,21000,18050,0,580,665.9948870705787,168.80345800018404,20787.25704200042,239.06648199445982
1776939582,100,,Aggregated,156.800000,0.000000,580,820,870,900,1000,1200,1600,2000,4700,13000,21000,18172,0,580,665.7478972363496,168.80345800018404,20787.25704200042,239.06620074840413
1776939583,100,,Aggregated,159.900000,0.000000,580,820,870,900,1000,1200,1600,2000,4700,13000,21000,18303,0,580,666.6242092871652,168.80345800018404,20787.25704200042,239.0529421406327
1776939584,100,,Aggregated,159.400000,0.000000,580,820,870,900,1000,1200,1600,2000,4700,13000,21000,18442,0,580,666.5122627518168,168.80345800018404,20787.25704200042,239.06637024183928
1776939585,100,,Aggregated,158.700000,0.000000,580,820,870,900,1000,1200,1600,2000,4700,13000,21000,18567,0,580,666.676767768513,168.80345800018404,20787.25704200042,239.05218936823397
1776939586,100,,Aggregated,154.500000,0.000000,580,820,880,900,1000,1200,1600,2000,4700,13000,21000,18770,0,580,667.5984376154537,168.80345800018404,20787.25704200042,239.0720831113479
1776939587,100,,Aggregated,151.800000,0.000000,580,820,880,900,1000,1200,1600,2000,4700,13000,21000,18909,0,580,667.2032335793035,168.80345800018404,20787.25704200042,239.0646253106986
1776939588,100,,Aggregated,149.400000,0.000000,580,820,880,900,1000,1200,1600,2000,4400,13000,21000,19068,0,580,666.1780515239689,168.80345800018404,20787.25704200042,239.03833647996643
1776939589,100,,Aggregated,151.700000,0.000000,580,820,880,900,1000,1200,1600,2000,4400,13000,21000,19249,0,580,665.7748843490581,168.80345800018404,20787.25704200042,239.05366512546107
1776939590,100,,Aggregated,149.600000,0.000000,580,820,870,900,1000,1200,1600,2000,4400,13000,21000,19397,0,580,665.9911262540601,168.80345800018404,20787.25704200042,239.05908130123214
1776939591,100,,Aggregated,150.700000,0.000000,580,820,880,900,1000,1300,1600,2000,4400,13000,21000,19540,0,580,666.8791815587496,168.80345800018404,20787.25704200042,239.04554759467757
1776939592,100,,Aggregated,150.800000,0.000000,580,820,870,900,1000,1200,1600,2000,4400,13000,21000,19715,0,580,666.0002167104212,168.80345800018404,20787.25704200042,239.06604108546793
1776939593,100,,Aggregated,150.800000,0.000000,580,820,870,900,1000,1200,1600,2000,4400,13000,21000,19864,0,580,664.8954658045191,168.80345800018404,20787.25704200042,239.0885018123238
1776939594,100,,Aggregated,149.300000,0.000000,580,820,870,890,1000,1200,1600,2000,4000,8100,21000,20037,0,580,664.59646946414,168.80345800018404,20787.25704200042,239.08209811848081
1776939595,100,,Aggregated,154.400000,0.000000,570,820,870,890,1000,1200,1600,2000,4000,8100,21000,20227,0,570,663.6960841337802,168.80345800018404,20787.25704200042,239.06916497750532
1776939597,100,,Aggregated,154.200000,0.000000,570,820,870,890,1000,1200,1600,2000,4000,8100,21000,20355,0,570,663.4289094336514,168.80345800018404,20787.25704200042,239.0680422500614
1776939598,100,,Aggregated,158.700000,0.000000,570,820,870,900,1000,1200,1600,2000,4000,8100,21000,20467,0,570,664.0848911365607,168.80345800018404,20787.25704200042,239.08169248057848
1776939599,100,,Aggregated,161.900000,0.000000,580,820,880,900,1000,1200,1600,2000,4000,8100,21000,20593,0,580,665.4268889800907,168.80345800018404,20787.25704200042,239.08978779196815
1776939600,100,,Aggregated,158.200000,0.000000,580,830,880,900,1000,1200,1600,1900,4000,8100,21000,20747,0,580,666.305984984673,168.80345800018404,20787.25704200042,239.08883212030656
1776939601,100,,Aggregated,152.500000,0.000000,580,820,880,900,1000,1200,1600,1900,4000,8100,21000,20904,0,580,666.0013589972241,168.80345800018404,20787.25704200042,239.09357060849598
1776939602,100,,Aggregated,152.500000,0.000000,580,830,880,900,1000,1200,1600,1900,3900,8100,21000,21052,0,580,665.7978033035317,168.80345800018404,20787.25704200042,239.09809044271327
1776939603,100,,Aggregated,147.100000,0.000000,580,830,880,900,1000,1200,1600,1900,3900,8100,21000,21206,0,580,665.7431555251321,168.80345800018404,20787.25704200042,239.08167499764218
1776939604,100,,Aggregated,147.100000,0.000000,580,820,880,900,1000,1200,1600,1900,3900,8100,21000,21375,0,580,665.312736447625,168.80345800018404,20787.25704200042,239.084865497076
1776939605,100,,Aggregated,150.700000,0.000000,580,820,870,900,1000,1200,1600,1900,3900,8100,21000,21463,0,580,664.2464180095513,168.80345800018404,20787.25704200042,239.0814424824116
1776939606,100,,Aggregated,151.000000,0.000000,580,820,880,900,1000,1200,1600,1900,3900,8100,21000,21632,0,580,665.3472559206268,168.80345800018404,20787.25704200042,239.11566198224853
1776939607,100,,Aggregated,142.600000,0.000000,580,820,880,900,1000,1200,1600,1900,3900,8100,21000,21814,0,580,665.3366698104875,168.80345800018404,20787.25704200042,239.11891445860456
1776939608,100,,Aggregated,139.600000,0.000000,580,830,880,900,1000,1200,1600,1900,3900,8100,21000,21990,0,580,665.1628825641625,168.80345800018404,20787.25704200042,239.11700773078672
1776939609,100,,Aggregated,145.800000,0.000000,580,830,880,900,1000,1200,1600,1900,3900,8100,21000,22146,0,580,664.8635333904081,168.80345800018404,20787.25704200042,239.1240404587736
1776939610,100,,Aggregated,150.600000,0.000000,580,830,880,900,1000,1200,1600,1900,3900,8100,21000,22300,0,580,664.515635702961,168.80345800018404,20787.25704200042,239.12044843049327
1776939611,100,,Aggregated,154.700000,0.000000,580,830,880,900,1000,1200,1600,1900,3900,8100,21000,22444,0,580,664.2991060157312,168.80345800018404,20787.25704200042,239.11486366066654
1776939612,100,,Aggregated,154.700000,0.000000,580,830,880,900,1000,1200,1600,1900,3900,8100,21000,22564,0,580,664.6736532680409,168.80345800018404,20787.25704200042,239.11270164864385
1776939613,100,,Aggregated,154.800000,0.000000,580,830,880,900,1000,1200,1600,1900,3900,8100,21000,22660,0,580,665.1450731709218,168.80345800018404,20787.25704200042,239.11240070609003
1776939614,100,,Aggregated,154.800000,0.000000,580,830,880,900,1000,1200,1600,1900,3900,8100,21000,22804,0,580,666.9440685228067,168.80345800018404,20787.25704200042,239.1029643922119
1776939615,100,,Aggregated,146.700000,0.000000,580,830,880,900,1000,1200,1600,1900,3900,8100,21000,22952,0,580,666.9587046430864,168.80345800018404,20787.25704200042,239.1104478912513
1776939616,100,,Aggregated,142.900000,0.000000,580,830,880,900,1000,1200,1600,1900,3800,8100,21000,23093,0,580,666.778172466293,168.80345800018404,20787.25704200042,239.10067985969775
1776939617,100,,Aggregated,142.900000,0.000000,580,830,880,900,1000,1200,1600,1900,3800,8100,21000,23245,0,580,666.7143494573927,168.80345800018404,20787.25704200042,239.11254033125402
1776939618,100,,Aggregated,145.500000,0.000000,580,830,880,900,1000,1200,1600,1900,3800,8100,21000,23413,0,580,666.9600462002375,168.80345800018404,20787.25704200042,239.11446632212872
1776939619,100,,Aggregated,143.200000,0.000000,580,830,880,900,1000,1200,1600,1900,3800,8100,21000,23557,0,580,666.967840617574,168.80345800018404,20787.25704200042,239.123784862249
1776939620,100,,Aggregated,143.300000,0.000000,580,830,880,900,1000,1200,1600,1900,3800,8100,21000,23747,0,580,666.489197999291,168.80345800018404,20787.25704200042,239.1233418958184
1776939621,100,,Aggregated,141.600000,0.000000,580,830,880,900,1000,1200,1600,1900,3800,8100,21000,23906,0,580,666.0331915719975,168.80345800018404,20787.25704200042,239.11336066259517
1776939622,100,,Aggregated,141.600000,0.000000,580,830,880,900,1000,1200,1600,1900,3700,8100,21000,24029,0,580,665.5295460957703,168.80345800018404,20787.25704200042,239.107828041117
1776939623,100,,Aggregated,144.100000,0.000000,580,830,880,900,1000,1200,1600,1900,3700,8100,21000,24180,0,580,665.1024883259026,168.80345800018404,20787.25704200042,239.1100082712986
1776939624,100,,Aggregated,146.500000,0.000000,580,830,880,900,1000,1200,1600,1900,3700,8100,21000,24362,0,580,664.438116631856,168.80345800018404,20787.25704200042,239.0923159018143
1776939625,100,,Aggregated,150.600000,0.000000,580,830,880,900,1000,1200,1600,1800,3700,8100,21000,24530,0,580,665.0575945241038,168.80345800018404,20787.25704200042,239.10370974317163
1776939626,100,,Aggregated,154.200000,0.000000,580,830,880,900,1000,1200,1600,1800,3700,8100,21000,24680,0,580,664.907981758804,168.80345800018404,20787.25704200042,239.0908833063209
1776939627,100,,Aggregated,154.200000,0.000000,580,830,880,900,1000,1200,1600,1800,3700,8100,21000,24723,0,580,664.6453896577385,168.80345800018404,20787.25704200042,239.0951745338349
1776939628,100,,Aggregated,158.800000,0.000000,580,830,880,900,1000,1300,1600,1900,3700,8100,21000,24856,0,580,668.1543761803281,168.80345800018404,20787.25704200042,239.1028725458642
1776939629,100,,Aggregated,147.800000,0.000000,580,830,880,900,1000,1300,1600,1900,3700,8100,21000,24984,0,580,669.3118277033379,168.80345800018404,20787.25704200042,239.11163144412424
1776939630,100,,Aggregated,144.200000,0.000000,580,830,880,900,1000,1300,1600,1900,3700,8100,21000,25129,0,580,668.7413204783,168.80345800018404,20787.25704200042,239.09769588921168
1776939631,100,,Aggregated,139.600000,0.000000,580,830,880,900,1000,1300,1600,1900,3700,8100,21000,25268,0,580,668.5337206811836,168.80345800018404,20787.25704200042,239.11453221465885
1776939632,100,,Aggregated,138.900000,0.000000,580,830,880,900,1000,1300,1600,1900,3700,8100,21000,25457,0,580,668.6376650086847,168.80345800018404,20787.25704200042,239.1118749263464
1776939633,100,,Aggregated,137.500000,0.000000,580,830,880,900,1000,1300,1600,1900,3700,8100,21000,25580,0,580,667.9834622200183,168.80345800018404,20787.25704200042,239.11645817044567
1776939634,100,,Aggregated,136.900000,0.000000,580,830,880,900,1000,1300,1600,1900,3700,8100,21000,25716,0,580,669.934166399716,168.80345800018404,20787.25704200042,239.09550474412816
1776939635,100,,Aggregated,139.100000,0.000000,580,830,880,900,1000,1300,1600,1900,3700,8100,21000,25850,0,580,669.6963254777581,168.80345800018404,20787.25704200042,239.10003868471952
1776939636,100,,Aggregated,132.800000,0.000000,580,830,880,900,1000,1300,1600,1900,3600,8100,21000,26008,0,580,669.567380982699,168.80345800018404,20787.25704200042,239.11119655490617
1776939637,100,,Aggregated,130.500000,0.000000,580,830,880,900,1000,1300,1600,1900,3600,8100,21000,26168,0,580,669.37052801353,168.80345800018404,20787.25704200042,239.10302659737084
1776939638,100,,Aggregated,131.200000,0.000000,580,830,880,900,1000,1300,1600,1900,3600,8100,21000,26342,0,580,669.4885450868213,168.80345800018404,20787.25704200042,239.09547490699265
1776939639,100,,Aggregated,140.200000,0.000000,580,830,880,900,1000,1300,1600,1900,3600,8100,21000,26488,0,580,669.1770415678423,168.80345800018404,20787.25704200042,239.1066898218061
1776939640,100,,Aggregated,140.700000,0.000000,580,830,880,900,1000,1300,1600,1900,3600,8100,21000,26571,0,580,668.2196747143897,164.8920419975184,20787.25704200042,239.11343193707427
1776939641,100,,Aggregated,145.600000,0.000000,580,830,880,910,1000,1300,1700,1900,3600,8100,21000,26699,0,580,670.5996767342978,164.8920419975184,20787.25704200042,239.1156223079516
1776939642,100,,Aggregated,147.400000,0.000000,580,830,880,900,1000,1300,1700,1900,3600,8100,21000,26747,0,580,670.3932819958878,164.8920419975184,20787.25704200042,239.1206490447527
1776939643,100,,Aggregated,143.600000,0.000000,580,830,880,910,1000,1300,1700,2000,3600,8100,21000,26870,0,580,674.0653549624477,164.8920419975184,20787.25704200042,239.11484927428359
1776939644,100,,Aggregated,134.700000,0.000000,580,830,880,910,1000,1300,1700,2000,3600,8100,21000,26944,0,580,673.4771714129666,164.8920419975184,20787.25704200042,239.11987826603325
1776939645,100,,Aggregated,130.700000,0.000000,580,830,880,910,1000,1300,1700,2000,3600,8100,21000,27105,0,580,675.0004693663152,164.8920419975184,20787.25704200042,239.11805939863493
1776939646,100,,Aggregated,125.600000,0.000000,580,830,880,910,1000,1300,1700,1900,3600,8100,21000,27281,0,580,674.7258605546713,164.8920419975184,20787.25704200042,239.1151350756937
1776939647,100,,Aggregated,127.100000,0.000000,580,830,880,910,1000,1300,1700,1900,3600,8100,21000,27415,0,580,675.4059772523062,164.8920419975184,20787.25704200042,239.12708371329563
1776939648,100,,Aggregated,127.100000,0.000000,580,830,880,910,1000,1300,1700,1900,3600,8100,21000,27415,0,580,675.4059772523062,164.8920419975184,20787.25704200042,239.12708371329563
1776939649,100,,Aggregated,127.100000,0.000000,580,830,880,910,1000,1300,1700,1900,3600,8100,21000,27415,0,580,675.4059772523062,164.8920419975184,20787.25704200042,239.12708371329563
1776939650,100,,Aggregated,127.100000,0.000000,580,830,880,910,1000,1300,1700,1900,3600,8100,21000,27415,0,580,675.4059772523062,164.8920419975184,20787.25704200042,239.12708371329563
1776939651,100,,Aggregated,127.100000,0.000000,580,830,880,910,1000,1300,1700,1900,3600,8100,21000,27415,0,580,675.4059772523062,164.8920419975184,20787.25704200042,239.12708371329563
1776939652,100,,Aggregated,127.100000,0.000000,580,830,880,910,1000,1300,1700,1900,3600,8100,21000,27415,0,580,675.4059772523062,164.8920419975184,20787.25704200042,239.12708371329563
1776939653,100,,Aggregated,72.700000,0.000000,580,830,880,910,1000,1300,1700,2000,5200,8100,21000,27452,0,580,677.6409912847504,164.8920419975184,20787.25704200042,239.12836951770362
1776939654,100,,Aggregated,67.000000,0.000000,580,830,880,910,1000,1300,1700,2000,5800,8100,21000,27535,0,580,678.4058095620125,164.8920419975184,20787.25704200042,239.12642091883058
1776939655,100,,Aggregated,57.000000,0.000000,580,830,880,910,1000,1300,1700,2000,6000,8100,21000,27619,0,580,679.9449791314308,164.8920419975184,20787.25704200042,239.12295883268763
1776939656,100,,Aggregated,57.700000,0.000000,580,830,880,910,1000,1300,1700,2000,6900,9300,21000,27719,0,580,681.7397229731205,164.8920419975184,20787.25704200042,239.1197734406003
1776939657,100,,Aggregated,51.700000,0.000000,570,830,880,910,1000,1300,1700,2000,7500,10000,21000,27814,0,570,683.5206818077189,164.8920419975184,20787.25704200042,239.12292370748543
1776939658,100,,Aggregated,44.000000,0.000000,570,830,880,910,1000,1300,1700,2000,8100,11000,21000,27905,0,570,685.7946163759154,164.8920419975184,20787.25704200042,239.1380039419459
1776939659,100,,Aggregated,44.000000,0.000000,570,830,880,910,1000,1300,1700,2000,8100,11000,21000,27906,0,570,685.8119783608155,164.8920419975184,20787.25704200042,239.13749731240594
1776939660,100,,Aggregated,44.000000,0.000000,570,830,880,910,1000,1300,1700,2000,8100,11000,21000,27906,0,570,685.8119783608155,164.8920419975184,20787.25704200042,239.13749731240594
1776939661,100,,Aggregated,44.000000,0.000000,570,830,880,910,1000,1300,1700,2000,8100,11000,21000,27906,0,570,685.8119783608155,164.8920419975184,20787.25704200042,239.13749731240594
1776939662,100,,Aggregated,44.000000,0.000000,570,830,880,910,1000,1300,1700,2000,8100,11000,21000,27906,0,570,685.8119783608155,164.8920419975184,20787.25704200042,239.13749731240594
1776939663,100,,Aggregated,44.000000,0.000000,570,830,880,910,1000,1300,1700,2000,8100,11000,21000,27906,0,570,685.8119783608155,164.8920419975184,20787.25704200042,239.13749731240594
1776939664,100,,Aggregated,49.100000,0.000000,570,830,880,910,1000,1300,1700,2000,8500,17000,21000,27919,0,570,688.2405741210976,164.8920419975184,20787.25704200042,239.14097926143486
1776939665,100,,Aggregated,47.400000,0.000000,570,830,880,910,1000,1400,1800,2100,10000,18000,21000,27955,0,570,694.2722955631879,164.8920419975184,20787.25704200042,239.14237166875336
1776939666,100,,Aggregated,40.400000,0.000000,570,830,880,910,1000,1400,1800,2100,9800,18000,21000,28021,0,570,696.8827841413548,164.8920419975184,20787.25704200042,239.13975232861068
1776939667,100,,Aggregated,32.300000,0.000000,570,830,880,910,1000,1400,1800,2100,10000,20000,21000,28149,0,570,700.6699665695727,164.8920419975184,20787.25704200042,239.15318483782727
1776939668,100,,Aggregated,31.100000,0.000000,570,830,880,910,1000,1400,1800,2100,10000,20000,21000,28294,0,570,699.4507450361143,164.8920419975184,20787.25704200042,239.14554322471196
1776939669,100,,Aggregated,33.600000,0.000000,570,830,880,910,1000,1400,1800,2100,11000,20000,22000,28402,0,570,702.0093329947823,164.8920419975184,21678.01091700676,239.14340539398634
1776939670,100,,Aggregated,35.100000,0.000000,570,820,880,910,1000,1400,1800,2100,12000,23000,23000,28537,0,570,709.9833913053149,164.8920419975184,22915.131125002517,239.14433892840873
1776939671,100,,Aggregated,46.400000,0.000000,570,820,880,910,1000,1400,1800,2100,13000,23000,23000,28650,0,570,710.7735461027154,164.8920419975184,22915.131125002517,239.15179755671903
1776939672,100,,Aggregated,58.000000,0.000000,570,820,880,910,1000,1400,1800,2100,17000,23000,25000,28760,0,570,712.4833960306623,164.8920419975184,24883.65329199587,239.1424895688456
1776939673,100,,Aggregated,72.700000,0.000000,570,820,880,900,1000,1400,1800,2100,17000,23000,25000,28945,0,570,711.4733683066474,164.8920419975184,24883.65329199587,239.14030057004663
1776939674,100,,Aggregated,84.600000,0.000000,570,820,880,900,1000,1400,1800,2100,14000,23000,25000,29088,0,570,710.6113278574284,164.8920419975184,24883.65329199587,239.13211633663366
1776939675,100,,Aggregated,96.200000,0.000000,570,820,880,900,1000,1300,1800,2100,17000,25000,28000,29226,0,570,710.4377069991397,164.8920419975184,28413.817207998363,239.1334770409909
1776939676,100,,Aggregated,110.000000,0.000000,570,820,880,900,1000,1300,1800,2100,18000,28000,29000,29353,0,570,713.1823569072978,164.8920419975184,28684.058166996692,239.1487752529554
1776939677,100,,Aggregated,124.300000,0.000000,570,820,880,900,1000,1300,1800,2100,18000,30000,30000,29476,0,570,716.4921729415769,164.8920419975184,30303.7665830052,239.15049531822498
1776939678,100,,Aggregated,131.000000,0.000000,570,820,880,900,1000,1300,1800,2100,18000,30000,30000,29621,0,570,716.9501547103384,164.8920419975184,30303.7665830052,239.16089936193916
1776939679,100,,Aggregated,130.700000,0.000000,570,820,880,900,1000,1300,1800,2100,18000,30000,30000,29793,0,570,715.6949644468801,164.8920419975184,30303.7665830052,239.14849125633538
1776939680,100,,Aggregated,133.300000,0.000000,570,820,880,900,1000,1300,1800,2100,18000,30000,30000,29958,0,570,716.3830562167311,164.8920419975184,30303.7665830052,239.1513118365712
1776939681,100,,Aggregated,136.300000,0.000000,570,820,880,900,1000,1300,1800,2100,18000,30000,34000,30094,0,570,717.9983845883821,164.8920419975184,33788.96120800346,239.14175583172727
1776939682,100,,Aggregated,141.300000,0.000000,570,810,880,900,1000,1300,1800,2100,19000,30000,35000,30249,0,570,718.9933049142068,164.8920419975184,35255.61458300217,239.1473106548977
1776939683,100,,Aggregated,140.100000,0.000000,570,810,880,900,1000,1300,1800,2100,19000,34000,36000,30416,0,570,719.5673451984445,164.8920419975184,35833.61283400154,239.14406891109942
1776939684,100,,Aggregated,146.400000,0.000000,570,810,880,900,1000,1300,1800,2100,19000,34000,36000,30506,0,570,719.24924006523,164.8920419975184,35833.61283400154,239.1460696256474
1776939685,100,,Aggregated,147.900000,0.000000,570,820,880,900,1000,1300,1800,2100,19000,34000,36000,30643,0,570,720.7100890025416,164.8920419975184,35833.61283400154,239.14828835296805
1776939686,100,,Aggregated,148.200000,0.000000,570,820,880,900,1000,1300,1800,2100,19000,34000,36000,30761,0,570,720.4712293884729,164.8920419975184,35833.61283400154,239.14482624101947
1776939687,100,,Aggregated,140.400000,0.000000,570,810,880,900,1000,1300,1800,2100,20000,34000,40000,30936,0,570,721.6917145457031,164.8920419975184,40006.7357500011,239.14491207654513
1776939688,100,,Aggregated,143.300000,0.000000,570,810,880,900,1000,1300,1800,2100,19000,34000,40000,31047,0,570,722.0231021427161,164.8920419975184,40006.7357500011,239.1417850355912
1776939689,100,,Aggregated,144.800000,0.000000,570,810,880,900,1000,1300,1800,2100,19000,34000,40000,31215,0,570,721.621721272429,164.8920419975184,40006.7357500011,239.15114528271664
1776939690,100,,Aggregated,143.600000,0.000000,570,810,880,900,1000,1300,1800,2100,19000,34000,40000,31397,0,570,720.6317930103469,164.8920419975184,40006.7357500011,239.15065133611492
1776939691,100,,Aggregated,142.700000,0.000000,570,810,880,900,1000,1300,1800,2100,20000,35000,44000,31530,0,570,722.203547216265,164.8920419975184,44372.74670899933,239.15673961306692
1776939692,100,,Aggregated,142.300000,0.000000,570,810,880,900,1000,1300,1800,2100,20000,35000,44000,31674,0,570,721.5134098083216,164.8920419975184,44372.74670899933,239.1567216013134
1776939693,100,,Aggregated,139.600000,0.000000,570,810,880,900,1000,1300,1800,2100,20000,35000,44000,31822,0,570,720.9621826675824,164.8920419975184,44372.74670899933,239.15787819747345
1776939694,100,,Aggregated,138.100000,0.000000,570,810,880,900,1000,1300,1800,2100,20000,35000,44000,31997,0,570,720.6890188066326,164.8920419975184,44372.74670899933,239.1572647435697
1776939695,100,,Aggregated,140.400000,0.000000,570,810,880,900,1000,1300,1800,2100,19000,35000,44000,32148,0,570,720.2176028514023,164.8920419975184,44372.74670899933,239.1652357844967
1776939696,100,,Aggregated,140.000000,0.000000,570,810,880,900,1000,1300,1800,2100,20000,36000,49000,32303,0,570,720.9183824234568,164.8920419975184,49254.45362499886,239.16967464322198
1776939697,100,,Aggregated,145.600000,0.000000,570,810,880,900,1000,1300,1800,2100,20000,40000,50000,32452,0,570,721.8921253454606,164.8920419975184,50385.20124999923,239.16948107974855
1776939698,100,,Aggregated,148.400000,0.000000,570,810,880,900,1000,1300,1800,2100,20000,40000,50000,32589,0,570,721.3475554302343,164.8920419975184,50385.20124999923,239.16600693485532
1776939699,100,,Aggregated,152.400000,0.000000,570,810,880,900,1000,1300,1800,2100,20000,40000,50000,32710,0,570,721.4819331818685,164.8920419975184,50385.20124999923,239.16511770100885
1776939700,100,,Aggregated,152.700000,0.000000,570,810,870,900,1000,1300,1800,2100,20000,40000,50000,32864,0,570,721.4727286557603,164.8920419975184,50385.20124999923,239.1730464946446
1776939701,100,,Aggregated,150.100000,0.000000,570,810,870,900,1000,1300,1800,2100,20000,40000,50000,32992,0,570,721.4988800377939,164.8920419975184,50385.20124999923,239.16646459747818
1776939702,100,,Aggregated,150.100000,0.000000,570,810,880,900,1000,1300,1800,2100,20000,40000,50000,33000,0,570,721.8030203724209,164.8920419975184,50385.20124999923,239.1660909090909
1776939703,100,,Aggregated,150.100000,0.000000,570,810,880,900,1000,1300,1800,2100,20000,40000,50000,33000,0,570,721.8030203724209,164.8920419975184,50385.20124999923,239.1660909090909
1776939704,100,,Aggregated,150.100000,0.000000,570,810,880,900,1000,1300,1800,2100,20000,40000,50000,33000,0,570,721.8030203724209,164.8920419975184,50385.20124999923,239.1660909090909
1776939705,100,,Aggregated,150.100000,0.000000,570,810,880,900,1000,1300,1800,2100,20000,40000,50000,33000,0,570,721.8030203724209,164.8920419975184,50385.20124999923,239.1660909090909
1776939706,100,,Aggregated,150.100000,0.000000,570,810,880,900,1000,1300,1800,2100,20000,40000,50000,33000,0,570,721.8030203724209,164.8920419975184,50385.20124999923,239.1660909090909
1776939707,100,,Aggregated,150.100000,0.000000,570,810,880,900,1000,1300,1800,2100,20000,40000,50000,33000,0,570,721.8030203724209,164.8920419975184,50385.20124999923,239.1660909090909
1776939708,100,,Aggregated,150.100000,0.000000,570,810,880,900,1000,1300,1800,2100,20000,40000,50000,33000,0,570,721.8030203724209,164.8920419975184,50385.20124999923,239.1660909090909
1776939709,100,,Aggregated,150.100000,0.000000,570,810,880,900,1000,1300,1800,2100,20000,40000,50000,33000,0,570,721.8030203724209,164.8920419975184,50385.20124999923,239.1660909090909
1776939710,100,,Aggregated,150.100000,0.000000,570,810,880,900,1000,1300,1800,2100,20000,40000,50000,33000,0,570,721.8030203724209,164.8920419975184,50385.20124999923,239.1660909090909
1776939711,100,,Aggregated,150.100000,0.000000,570,810,880,900,1000,1300,1800,2100,20000,40000,50000,33000,0,570,721.8030203724209,164.8920419975184,50385.20124999923,239.1660909090909
1776939712,100,,Aggregated,150.100000,0.000000,570,810,880,900,1000,1300,1800,2100,20000,40000,50000,33000,0,570,721.8030203724209,164.8920419975184,50385.20124999923,239.1660909090909
1776939713,100,,Aggregated,150.100000,0.000000,570,810,880,900,1000,1300,1800,2100,20000,40000,50000,33000,0,570,721.8030203724209,164.8920419975184,50385.20124999923,239.1660909090909
1776939714,100,,Aggregated,150.100000,0.000000,570,810,880,900,1000,1300,1800,2100,20000,40000,50000,33000,0,570,721.8030203724209,164.8920419975184,50385.20124999923,239.1660909090909
1776939715,100,,Aggregated,150.100000,0.000000,570,810,880,900,1000,1300,1800,2100,20000,40000,50000,33000,0,570,721.8030203724209,164.8920419975184,50385.20124999923,239.1660909090909
1776939716,100,,Aggregated,150.100000,0.000000,570,810,880,900,1000,1300,1800,2100,20000,40000,50000,33000,0,570,721.8030203724209,164.8920419975184,50385.20124999923,239.1660909090909
1776939717,100,,Aggregated,150.100000,0.000000,570,810,880,900,1000,1300,1800,2100,20000,40000,50000,33000,0,570,721.8030203724209,164.8920419975184,50385.20124999923,239.1660909090909
1776939718,100,,Aggregated,150.100000,0.000000,570,810,880,900,1000,1300,1800,2100,20000,40000,50000,33000,0,570,721.8030203724209,164.8920419975184,50385.20124999923,239.1660909090909
1776939719,100,,Aggregated,150.100000,0.000000,570,810,880,900,1000,1300,1800,2100,20000,40000,50000,33000,0,570,721.8030203724209,164.8920419975184,50385.20124999923,239.1660909090909
1776939720,100,,Aggregated,150.100000,0.000000,570,810,880,900,1000,1300,1800,2100,20000,40000,50000,33000,0,570,721.8030203724209,164.8920419975184,50385.20124999923,239.1660909090909
1776939721,100,,Aggregated,150.100000,0.000000,570,810,880,900,1000,1300,1800,2100,20000,40000,50000,33000,0,570,721.8030203724209,164.8920419975184,50385.20124999923,239.1660909090909
1776939722,100,,Aggregated,0.000000,0.000000,570,810,880,900,1000,1300,1800,2100,20000,40000,50000,33022,0,570,725.1164277513743,164.8920419975184,50385.20124999923,239.16610138695415
1776939723,100,,Aggregated,0.000000,0.000000,570,810,880,900,1000,1300,1800,2200,22000,44000,76000,33079,0,570,740.5538300128754,164.8920419975184,76250.04849999823,239.1594969618187
1776939724,100,,Aggregated,1.000000,0.000000,570,810,870,900,1000,1300,1800,2200,22000,44000,76000,33172,0,570,745.5897828939432,164.8920419975184,76250.04849999823,239.16149161943807
1776939725,100,,Aggregated,3.300000,0.000000,560,810,870,900,1000,1300,1800,2200,23000,44000,76000,33302,0,560,744.6579371182185,164.8920419975184,76250.04849999823,239.16398414509638
1776939726,100,,Aggregated,12.500000,0.000000,560,810,870,900,1000,1300,1800,2200,23000,44000,76000,33420,0,560,743.8851000359642,164.8920419975184,76250.04849999823,239.16002393776182
1776939727,100,,Aggregated,22.000000,0.000000,560,800,870,900,1000,1300,1800,2200,23000,44000,76000,33515,0,560,743.5657236210626,164.8920419975184,76250.04849999823,239.158585707892
1776939728,100,,Aggregated,35.300000,0.000000,560,800,870,900,1000,1300,1800,2200,23000,44000,76000,33608,0,560,743.4926593840422,164.8920419975184,76250.04849999823,239.15002380385621
1776939729,100,,Aggregated,46.400000,0.000000,560,800,870,900,1000,1300,1800,2200,23000,44000,76000,33670,0,560,743.3426900009463,164.8920419975184,76250.04849999823,239.15354915354916
1776939730,100,,Aggregated,55.200000,0.000000,560,800,870,900,1000,1300,1800,2200,23000,44000,76000,33783,0,560,743.8867739406165,164.8920419975184,76250.04849999823,239.14069206405588
1776939731,100,,Aggregated,61.700000,0.000000,560,800,870,900,1000,1300,1800,2200,23000,44000,76000,33912,0,560,743.1954670246765,164.8920419975184,76250.04849999823,239.14171974522293
1776939732,100,,Aggregated,71.200000,0.000000,560,800,870,900,1000,1300,1800,2200,23000,44000,76000,33988,0,560,742.2326590274752,164.8920419975184,76250.04849999823,239.15090620218902
1776939733,100,,Aggregated,71.200000,0.000000,560,800,870,900,1000,1300,1800,2200,23000,44000,76000,33988,0,560,742.2326590274752,164.8920419975184,76250.04849999823,239.15090620218902
1776939734,100,,Aggregated,71.200000,0.000000,560,800,870,900,1000,1300,1800,2200,23000,44000,76000,33988,0,560,742.2326590274752,164.8920419975184,76250.04849999823,239.15090620218902
1776939735,100,,Aggregated,71.200000,0.000000,560,800,870,900,1000,1300,1800,2200,23000,44000,76000,33988,0,560,742.2326590274752,164.8920419975184,76250.04849999823,239.15090620218902
1776939736,100,,Aggregated,71.200000,0.000000,560,800,870,900,1000,1300,1800,2200,23000,44000,76000,33988,0,560,742.2326590274752,164.8920419975184,76250.04849999823,239.15090620218902
1776939737,100,,Aggregated,71.200000,0.000000,560,800,870,900,1000,1300,1800,2200,23000,44000,76000,33988,0,560,742.2326590274752,164.8920419975184,76250.04849999823,239.15090620218902
1776939738,100,,Aggregated,71.200000,0.000000,560,800,870,900,1000,1300,1800,2200,23000,44000,76000,33988,0,560,742.2326590274752,164.8920419975184,76250.04849999823,239.15090620218902
1776939739,100,,Aggregated,71.200000,0.000000,560,800,870,900,1000,1300,1800,2200,23000,44000,76000,33988,0,560,742.2326590274752,164.8920419975184,76250.04849999823,239.15090620218902
1776939740,100,,Aggregated,71.200000,0.000000,560,800,870,900,1000,1300,1800,2200,23000,44000,76000,33988,0,560,742.2326590274752,164.8920419975184,76250.04849999823,239.15090620218902
1776939741,100,,Aggregated,71.200000,0.000000,560,800,870,900,1000,1300,1800,2200,23000,44000,76000,33988,0,560,742.2326590274752,164.8920419975184,76250.04849999823,239.15090620218902
1776939742,100,,Aggregated,71.200000,0.000000,560,800,870,900,1000,1300,1800,2200,23000,44000,76000,33988,0,560,742.2326590274752,164.8920419975184,76250.04849999823,239.15090620218902
1776939743,100,,Aggregated,71.200000,0.000000,560,800,870,900,1000,1300,1800,2200,23000,44000,76000,33988,0,560,742.2326590274752,164.8920419975184,76250.04849999823,239.15090620218902
1776939744,100,,Aggregated,71.200000,0.000000,560,800,870,900,1000,1300,1800,2200,23000,44000,76000,33988,0,560,742.2326590274752,164.8920419975184,76250.04849999823,239.15090620218902
1776939745,100,,Aggregated,2.300000,0.000000,560,800,870,900,1000,1300,1800,2200,23000,44000,76000,33989,0,560,743.4798484603202,164.8920419975184,76250.04849999823,239.15048986436787
1776939746,100,,Aggregated,2.300000,0.000000,560,800,870,900,1000,1300,1800,2200,23000,44000,76000,33989,0,560,743.4798484603202,164.8920419975184,76250.04849999823,239.15048986436787
1776939747,100,,Aggregated,2.300000,0.000000,560,800,870,900,1000,1300,1800,2200,23000,44000,76000,33989,0,560,743.4798484603202,164.8920419975184,76250.04849999823,239.15048986436787
1776939748,100,,Aggregated,2.300000,0.000000,560,800,870,900,1000,1300,1800,2200,23000,44000,76000,33989,0,560,743.4798484603202,164.8920419975184,76250.04849999823,239.15048986436787
1776939749,100,,Aggregated,2.300000,0.000000,560,800,870,900,1000,1300,1800,2200,23000,44000,76000,33989,0,560,743.4798484603202,164.8920419975184,76250.04849999823,239.15048986436787
1776939750,100,,Aggregated,2.300000,0.000000,560,800,870,900,1000,1300,1800,2200,23000,44000,76000,33989,0,560,743.4798484603202,164.8920419975184,76250.04849999823,239.15048986436787
1776939751,100,,Aggregated,2.300000,0.000000,560,800,870,900,1000,1300,1800,2200,23000,44000,76000,33989,0,560,743.4798484603202,164.8920419975184,76250.04849999823,239.15048986436787
1776939752,100,,Aggregated,2.300000,0.000000,560,800,870,900,1000,1300,1800,2200,23000,44000,76000,33989,0,560,743.4798484603202,164.8920419975184,76250.04849999823,239.15048986436787
1776939753,100,,Aggregated,2.300000,0.000000,560,800,870,900,1000,1300,1800,2200,23000,44000,76000,33989,0,560,743.4798484603202,164.8920419975184,76250.04849999823,239.15048986436787
1776939754,100,,Aggregated,2.300000,0.000000,560,800,870,900,1000,1300,1800,2200,23000,44000,76000,33989,0,560,743.4798484603202,164.8920419975184,76250.04849999823,239.15048986436787
1776939755,100,,Aggregated,2.300000,0.000000,560,800,870,900,1000,1300,1800,2200,23000,44000,76000,33989,0,560,743.4798484603202,164.8920419975184,76250.04849999823,239.15048986436787
1776939756,100,,Aggregated,2.300000,0.000000,560,800,870,900,1000,1300,1800,2200,23000,44000,76000,33989,0,560,743.4798484603202,164.8920419975184,76250.04849999823,239.15048986436787
1776939757,100,,Aggregated,2.300000,0.000000,560,800,870,900,1000,1300,1800,2200,23000,44000,76000,33989,0,560,743.4798484603202,164.8920419975184,76250.04849999823,239.15048986436787
1776939758,100,,Aggregated,0.000000,0.000000,560,800,870,900,1000,1300,1800,2200,23000,49000,76000,33994,0,560,747.8166907133267,164.8920419975184,76250.04849999823,239.14993822439254
1776939759,100,,Aggregated,0.000000,0.000000,560,800,870,900,1000,1300,1800,2200,23000,50000,76000,34014,0,560,749.249775306516,164.8920419975184,76250.04849999823,239.15231963309225
1776939760,100,,Aggregated,0.000000,0.000000,560,800,870,900,1000,1300,1800,2200,23000,50000,76000,34044,0,560,748.7573836391102,164.8920419975184,76250.04849999823,239.15435906473974
1776939761,100,,Aggregated,0.700000,0.000000,560,800,870,900,1000,1300,1800,2200,23000,50000,76000,34074,0,560,748.2626211830685,164.8920419975184,76250.04849999823,239.15078945823797
1776939762,100,,Aggregated,3.200000,0.000000,560,800,870,900,1000,1300,1800,2200,24000,58000,76000,34115,0,560,751.1377379470866,164.8920419975184,76250.04849999823,239.15629488494798
1776939763,100,,Aggregated,6.200000,0.000000,560,800,870,900,1000,1300,1800,2200,24000,58000,76000,34162,0,560,752.1827498237178,164.8920419975184,76250.04849999823,239.15906562847607
1776939764,100,,Aggregated,9.400000,0.000000,560,800,870,900,1000,1300,1800,2200,24000,58000,76000,34212,0,560,751.3567226333108,164.8920419975184,76250.04849999823,239.15415643633813
1776939765,100,,Aggregated,13.700000,0.000000,560,790,870,900,1000,1300,1800,2200,25000,62000,76000,34263,0,560,752.390830927321,164.8920419975184,76250.04849999823,239.15810057496424
1776939766,100,,Aggregated,18.400000,0.000000,560,790,870,900,1000,1300,1800,2200,25000,62000,76000,34323,0,560,752.3841237744322,164.8920419975184,76250.04849999823,239.15327914226611
1776939767,100,,Aggregated,23.400000,0.000000,550,790,870,900,1000,1300,1800,2200,26000,62000,76000,34380,0,550,756.5200704834149,164.8920419975184,76250.04849999823,239.1562245491565
1776939768,100,,Aggregated,28.800000,0.000000,550,790,870,900,1000,1300,1800,2200,29000,67000,76000,34422,0,550,767.8861556783686,164.8920419975184,76250.04849999823,239.1564696996107
1776939769,100,,Aggregated,34.800000,0.000000,550,790,870,900,1000,1300,1800,2200,30000,68000,76000,34441,0,550,775.9160109320226,164.8920419975184,76250.04849999823,239.15554136058768
1776939770,100,,Aggregated,40.300000,0.000000,560,790,870,900,1000,1300,1800,2200,38000,69000,76000,34486,0,560,800.7448132905171,164.8920419975184,76250.04849999823,239.1590210520211
1776939771,100,,Aggregated,43.000000,0.000000,560,800,870,900,1000,1300,1800,2200,38000,70000,76000,34533,0,560,807.1942016359651,164.8920419975184,76250.04849999823,239.15466365505458
1776939772,100,,Aggregated,43.800000,0.000000,560,800,870,900,1000,1300,1800,2200,40000,70000,76000,34595,0,560,812.6994363074652,164.8920419975184,76250.04849999823,239.16519728284433
1776939773,100,,Aggregated,44.100000,0.000000,560,790,870,900,1000,1300,1800,2200,40000,70000,76000,34698,0,560,811.8654059432757,164.8920419975184,76250.04849999823,239.16490864026744
1776939774,100,,Aggregated,45.600000,0.000000,550,790,870,900,1000,1300,1800,2200,40000,70000,76000,34844,0,550,810.164574442766,164.8920419975184,76250.04849999823,239.1659109172311
1776939775,100,,Aggregated,49.500000,0.000000,550,790,870,900,1000,1300,1800,2200,40000,70000,76000,34984,0,550,808.3355123332011,164.8920419975184,76250.04849999823,239.1649039560942
1776939776,100,,Aggregated,57.500000,0.000000,550,790,870,900,1000,1300,1800,2200,40000,70000,76000,35128,0,550,808.6971877753285,164.8920419975184,76250.04849999823,239.15756661352768
1776939777,100,,Aggregated,64.900000,0.000000,550,780,870,900,1000,1300,1800,2200,40000,70000,76000,35276,0,550,808.1622812701205,164.8920419975184,76250.04849999823,239.15098083682958
1776939778,100,,Aggregated,74.200000,0.000000,550,780,870,900,1000,1300,1800,2200,43000,75000,77000,35391,0,550,812.630254483194,164.8920419975184,77041.96308300016,239.14701477776836
1776939779,100,,Aggregated,80.300000,0.000000,550,780,870,900,1000,1300,1800,2200,47000,75000,77000,35514,0,550,815.2840427669561,164.8920419975184,77041.96308300016,239.13546770287775
1776939780,100,,Aggregated,89.300000,0.000000,550,780,870,900,1000,1300,1800,2200,47000,77000,80000,35663,0,550,820.154941129338,164.8920419975184,79594.32199999719,239.12758320948882
1776939781,100,,Aggregated,98.000000,0.000000,550,780,870,900,1000,1300,1800,2200,49000,79000,80000,35827,0,550,821.9070399836598,164.8920419975184,80164.79920800339,239.1439696318419
1776939782,100,,Aggregated,107.600000,0.000000,550,780,870,900,1000,1300,1800,2200,49000,79000,80000,35946,0,550,820.4572474961212,164.8920419975184,80164.79920800339,239.15222834251378
1776939783,100,,Aggregated,120.700000,0.000000,550,780,870,890,1000,1300,1800,2200,50000,80000,82000,36116,0,550,822.4751714395444,164.8920419975184,82264.47879199986,239.15062576143538
1776939784,100,,Aggregated,131.600000,0.000000,550,770,870,890,1000,1300,1800,2200,50000,80000,82000,36262,0,550,820.9297197226733,164.8920419975184,82264.47879199986,239.14011913297668
1776939785,100,,Aggregated,135.500000,0.000000,550,770,870,890,1000,1300,1800,2200,50000,80000,82000,36347,0,550,820.3560339907455,164.8920419975184,82264.47879199986,239.141469722398
1776939786,100,,Aggregated,138.500000,0.000000,550,770,870,890,1000,1300,1800,2200,51000,80000,82000,36470,0,550,821.2615052591617,164.8920419975184,82264.47879199986,239.15083630381136
1776939787,100,,Aggregated,141.000000,0.000000,550,770,870,890,1000,1300,1800,2200,51000,80000,82000,36578,0,550,820.5243224412919,164.8920419975184,82264.47879199986,239.14407567390234
1776939788,100,,Aggregated,135.600000,0.000000,550,770,870,890,1000,1300,1800,2200,51000,80000,82000,36733,0,550,819.3662654097548,164.8920419975184,82264.47879199986,239.14997413769635
1776939789,100,,Aggregated,133.700000,0.000000,550,770,870,890,1000,1300,1800,2200,51000,80000,82000,36873,0,550,817.7836857468757,164.8920419975184,82264.47879199986,239.1663276652293
1776939790,100,,Aggregated,130.200000,0.000000,550,770,870,890,1000,1300,1800,2200,51000,80000,82000,36959,0,550,817.4141584492426,164.8920419975184,82264.47879199986,239.1570388809221
1776939791,100,,Aggregated,135.000000,0.000000,550,770,870,890,1000,1300,1800,2200,50000,80000,82000,37046,0,550,817.3220882495431,164.8920419975184,82264.47879199986,239.15985531501377
1776939792,100,,Aggregated,134.900000,0.000000,550,770,870,890,1000,1300,1800,2200,67000,91000,92000,37178,7,550,835.7364189632207,164.8920419975184,91585.45666700229,239.10785948679327
1776939793,100,,Aggregated,126.100000,0.000000,550,760,860,890,1000,1300,1800,2200,67000,91000,92000,37347,7,550,836.7003838106571,164.8920419975184,92228.55108400108,239.0997938254746
1776939794,100,,Aggregated,122.900000,0.000000,540,760,860,890,1000,1300,1800,2200,67000,91000,92000,37517,9,540,838.2051053844827,164.8920419975184,92228.55108400108,239.09203827598157
1776939795,100,,Aggregated,123.200000,0.700000,540,760,860,890,1000,1300,1800,2200,67000,91000,92000,37627,9,540,838.8423144373606,164.8920419975184,92228.55108400108,239.0913174050549
1776939796,100,,Aggregated,123.800000,0.700000,540,760,860,890,1000,1300,1800,2200,67000,91000,92000,37789,9,540,837.552866684024,164.8920419975184,92228.55108400108,239.0865595808304
1776939797,100,,Aggregated,124.900000,0.900000,540,750,860,890,1000,1300,1800,2200,67000,91000,92000,37942,9,540,835.9293110853839,164.8920419975184,92228.55108400108,239.08394391439566
1776939798,100,,Aggregated,129.900000,0.900000,540,750,860,890,1000,1300,1800,2200,67000,91000,92000,38093,9,540,834.4097603988291,164.8920419975184,92228.55108400108,239.07468563778122
1776939799,100,,Aggregated,132.000000,0.900000,540,750,860,890,1000,1300,1800,2200,67000,91000,92000,38238,9,540,834.9556430287035,164.8920419975184,92228.55108400108,239.08454940111932
1776939800,100,,Aggregated,136.400000,0.900000,540,750,860,890,1000,1300,1800,2200,67000,92000,99000,38354,9,540,836.6666375696565,164.8920419975184,99083.16458400077,239.08356364394848
1776939801,100,,Aggregated,133.800000,0.900000,540,750,860,890,1000,1300,1800,2200,67000,92000,99000,38492,9,540,835.8503900618471,164.8920419975184,99083.16458400077,239.0797308531643
1776939802,100,,Aggregated,136.400000,0.900000,540,750,860,890,1000,1300,1800,2200,67000,92000,99000,38631,9,540,836.6012274029046,164.8920419975184,99083.16458400077,239.06952965235175
1776939803,100,,Aggregated,140.000000,0.900000,540,740,860,890,1000,1300,1800,2200,68000,92000,102000,38776,9,540,838.0756455608256,164.8920419975184,102048.93124999944,239.07579430575615
1776939804,100,,Aggregated,143.200000,0.900000,540,740,860,890,1000,1300,1800,2200,68000,92000,146000,38929,9,540,840.356749568049,164.8920419975184,146074.61962500383,239.06493873461943
1776939805,100,,Aggregated,144.200000,0.200000,540,740,860,890,1000,1300,1800,2200,68000,104000,146000,39101,13,540,848.699486635447,164.8920419975184,146074.61962500383,239.03984552824735
1776939806,100,,Aggregated,141.900000,0.200000,540,740,860,890,1000,1300,1800,2200,68000,104000,146000,39227,13,540,847.5824466507396,164.8920419975184,146074.61962500383,239.0374232034058
1776939807,100,,Aggregated,139.800000,0.000000,540,730,860,890,1000,1300,1800,2200,68000,104000,146000,39374,13,540,846.2385742839834,164.8920419975184,146074.61962500383,239.04472494539544
1776939808,100,,Aggregated,143.000000,0.400000,540,730,860,890,1000,1300,1800,2200,68000,104000,146000,39515,13,540,845.1103403018215,164.8920419975184,146074.61962500383,239.0471719600152
1776939809,100,,Aggregated,144.200000,0.400000,540,730,860,890,1000,1300,1800,2200,68000,104000,146000,39683,13,540,843.8176344033083,164.8920419975184,146074.61962500383,239.04047073053954
1776939810,100,,Aggregated,143.800000,0.400000,540,730,860,890,1000,1300,1800,2200,68000,104000,146000,39818,13,540,842.7714539035475,164.8920419975184,146074.61962500383,239.04158923100104
1776939811,100,,Aggregated,142.100000,0.400000,540,720,860,890,1000,1300,1800,2200,68000,104000,146000,39952,13,540,841.4896878698804,164.8920419975184,146074.61962500383,239.03601822186624
1776939812,100,,Aggregated,143.700000,0.400000,540,720,860,890,1000,1300,1800,2200,68000,102000,146000,40146,13,540,840.009722017422,164.8920419975184,146074.61962500383,239.03716435012205
1776939813,100,,Aggregated,145.800000,0.400000,540,720,860,890,1000,1300,1800,2200,68000,102000,146000,40237,13,540,839.0601906605468,164.8920419975184,146074.61962500383,239.03869572781272
1776939814,100,,Aggregated,144.700000,0.400000,540,720,860,890,1000,1300,1800,2200,68000,102000,146000,40347,13,540,838.8944632806521,164.8920419975184,146074.61962500383,239.04337373286737
1776939815,100,,Aggregated,149.700000,0.400000,540,720,860,890,1000,1300,1800,2200,68000,102000,146000,40460,13,540,839.5906498843914,164.8920419975184,146074.61962500383,239.04384577360355
1776939817,100,,Aggregated,144.700000,0.400000,540,720,860,890,1000,1300,1800,2200,68000,102000,146000,40558,13,540,839.2066024118924,164.8920419975184,146074.61962500383,239.04341930075446
1776939818,100,,Aggregated,141.800000,0.400000,540,720,860,890,1000,1300,1700,2200,68000,102000,146000,40711,13,540,838.0687502619561,164.8920419975184,146074.61962500383,239.05047775785414
1776939819,100,,Aggregated,135.600000,0.000000,540,720,860,890,1000,1300,1700,2200,68000,102000,146000,40848,13,540,837.0323754895089,164.8920419975184,146074.61962500383,239.04693008225618
1776939820,100,,Aggregated,131.900000,0.000000,540,720,860,890,1000,1300,1700,2200,68000,102000,146000,41005,13,540,836.7466653863788,164.8920419975184,146074.61962500383,239.04336056578467
1776939821,100,,Aggregated,133.300000,0.000000,540,720,860,890,1000,1300,1700,2200,68000,102000,146000,41206,13,540,835.3917592768901,164.8920419975184,146074.61962500383,239.05389991748774
1776939822,100,,Aggregated,133.300000,0.000000,540,720,860,890,1000,1300,1700,2200,68000,102000,146000,41267,13,540,834.8382058246913,164.8920419975184,146074.61962500383,239.05459568177963
1776939823,100,,Aggregated,132.000000,0.000000,540,720,860,890,1000,1300,1700,2200,68000,102000,146000,41377,13,540,835.0219136460738,164.8920419975184,146074.61962500383,239.05768905430554
1776939824,100,,Aggregated,130.400000,0.000000,540,720,860,890,1000,1300,1700,2200,68000,102000,146000,41531,13,540,834.453748601854,164.8920419975184,146074.61962500383,239.06031639016638
1776939825,100,,Aggregated,130.400000,0.000000,540,720,860,890,1000,1300,1700,2200,68000,102000,146000,41636,13,540,833.7072712510466,164.8920419975184,146074.61962500383,239.07013161687001
1776939826,100,,Aggregated,123.000000,0.000000,540,720,860,890,1000,1300,1700,2200,68000,102000,146000,41775,13,540,832.7101149016064,164.8920419975184,146074.61962500383,239.07176540993416
1776939827,100,,Aggregated,128.900000,0.000000,540,720,860,890,1000,1300,1700,2200,68000,102000,146000,41972,13,540,831.4979975253193,164.8920419975184,146074.61962500383,239.07457352520728
1776939828,100,,Aggregated,131.500000,0.000000,540,720,860,890,1000,1200,1700,2200,68000,104000,146000,42104,14,540,833.364204310889,164.8920419975184,146074.61962500383,239.06920957628728
1776939829,100,,Aggregated,138.700000,0.000000,540,720,860,890,1000,1200,1700,2200,68000,104000,146000,42216,14,540,832.7899204184137,164.8920419975184,146074.61962500383,239.07006822057988
1776939830,100,,Aggregated,138.700000,0.000000,540,720,860,890,1000,1200,1700,2200,68000,104000,146000,42323,14,540,832.3531375771261,164.8920419975184,146074.61962500383,239.06781182808402
1776939831,100,,Aggregated,136.700000,0.100000,540,720,860,890,1000,1200,1700,2200,68000,104000,146000,42464,14,540,831.9710933911002,164.8920419975184,146074.61962500383,239.07020064054257
1776939832,100,,Aggregated,131.800000,0.100000,540,720,860,890,1000,1200,1700,2200,68000,104000,146000,42624,14,540,831.5159015746693,164.8920419975184,146074.61962500383,239.06641798048048
1776939833,100,,Aggregated,131.800000,0.100000,540,710,860,890,1000,1200,1700,2200,68000,104000,146000,42757,14,540,831.2949789257596,164.8920419975184,146074.61962500383,239.05779170662115
1776939834,100,,Aggregated,134.900000,0.100000,540,720,860,880,1000,1200,1700,2200,68000,104000,146000,42913,14,540,830.593396028236,164.8920419975184,146074.61962500383,239.06056439773496
1776939835,100,,Aggregated,138.000000,0.100000,540,710,860,880,1000,1200,1700,2200,68000,105000,146000,43028,14,540,832.882174673485,164.8920419975184,146074.61962500383,239.05659105698615
1776939836,100,,Aggregated,139.200000,0.100000,540,710,860,880,1000,1200,1700,2200,68000,105000,146000,43198,14,540,831.6895999914517,164.8920419975184,146074.61962500383,239.06646141025047
1776939837,100,,Aggregated,139.100000,0.100000,540,710,860,880,1000,1200,1700,2200,68000,105000,146000,43357,14,540,831.2980900406108,164.8920419975184,146074.61962500383,239.06372673386073
1776939838,100,,Aggregated,142.000000,0.100000,540,710,860,890,1000,1200,1700,2200,68000,105000,146000,43545,14,540,830.3220465039582,164.8920419975184,146074.61962500383,239.0590423699621
1776939839,100,,Aggregated,139.100000,0.100000,540,710,860,880,1000,1200,1700,2200,68000,105000,146000,43687,14,540,829.274119804218,164.8920419975184,146074.61962500383,239.0588733490512
1776939840,100,,Aggregated,138.600000,0.000000,540,710,860,880,1000,1200,1700,2200,70000,139000,146000,43853,24,540,855.3730437854374,164.8920419975184,146074.61962500383,239.00043326568309
1776939841,100,,Aggregated,145.900000,0.000000,540,710,860,880,990,1200,1700,2200,69000,139000,146000,44027,24,540,854.0686584914877,164.8920419975184,146074.61962500383,239.00411111363482
1776939842,100,,Aggregated,152.500000,1.000000,540,710,860,880,990,1200,1700,2200,69000,139000,146000,44166,24,540,853.2188776250673,164.8920419975184,146074.61962500383,239.00860390345514
1776939843,100,,Aggregated,156.700000,1.000000,540,710,860,880,990,1200,1700,2200,69000,139000,146000,44270,24,540,852.3850800329503,164.8920419975184,146074.61962500383,239.01278518183872
1776939844,100,,Aggregated,151.000000,1.000000,540,710,860,880,990,1200,1700,2200,69000,139000,146000,44425,24,540,851.9037852705161,164.8920419975184,146074.61962500383,239.02232976927405
1776939845,100,,Aggregated,151.100000,1.000000,540,710,860,880,990,1200,1700,2200,69000,139000,146000,44527,24,540,851.220219897808,164.8920419975184,146074.61962500383,239.02654569137826
1776939846,100,,Aggregated,150.300000,1.000000,540,710,860,880,1000,1200,1700,2200,69000,139000,146000,44646,24,540,851.2270499330006,164.8920419975184,146074.61962500383,239.02741566993683
1776939847,100,,Aggregated,149.300000,1.000000,540,710,860,880,990,1200,1700,2200,69000,139000,146000,44800,24,540,851.5969886063345,164.8920419975184,146074.61962500383,239.02671875
1776939848,100,,Aggregated,144.800000,1.000000,540,710,860,880,990,1200,1700,2200,69000,139000,146000,44934,24,540,850.7779923096492,164.8920419975184,146074.61962500383,239.02950994792363
1776939849,100,,Aggregated,145.400000,1.000000,540,710,860,880,990,1200,1700,2200,69000,139000,146000,45072,24,540,849.8376333955183,164.8920419975184,146074.61962500383,239.03285853745118
1776939850,100,,Aggregated,142.500000,1.000000,540,710,860,880,990,1200,1700,2200,69000,139000,146000,45229,24,540,849.1892835235092,164.8920419975184,146074.61962500383,239.03347409847663
1776939851,100,,Aggregated,139.000000,1.000000,540,710,860,880,990,1200,1700,2200,69000,139000,146000,45411,24,540,848.3436596046956,164.8920419975184,146074.61962500383,239.0277025390324
1776939852,100,,Aggregated,133.200000,0.000000,540,710,860,880,990,1200,1700,2200,69000,139000,146000,45552,24,540,847.6655619908621,164.8920419975184,146074.61962500383,239.02739726027397
1776939853,100,,Aggregated,132.900000,0.000000,540,710,860,880,990,1200,1700,2200,69000,139000,146000,45690,26,540,850.7342989936469,164.8920419975184,146074.61962500383,239.013744801926
1776939854,100,,Aggregated,138.600000,0.000000,540,710,860,880,990,1200,1700,2200,69000,139000,146000,45819,26,540,849.8854442466387,164.8920419975184,146074.61962500383,239.01385887950414
1776939855,100,,Aggregated,141.300000,0.200000,540,710,860,880,990,1200,1700,2200,69000,139000,146000,45957,27,540,850.7108128327287,164.8920419975184,146074.61962500383,239.00117501142373
1776939856,100,,Aggregated,138.900000,0.200000,540,710,860,880,990,1200,1700,2200,69000,139000,146000,46102,27,540,849.8552684910576,164.8920419975184,146074.61962500383,239.0062036354171
1776939857,100,,Aggregated,141.200000,0.300000,540,710,860,880,990,1200,1700,2200,69000,139000,146000,46261,27,540,848.9206509724758,164.8920419975184,146074.61962500383,239.00350186982556
1776939858,100,,Aggregated,145.400000,0.300000,540,710,860,880,990,1200,1700,2200,69000,139000,146000,46398,27,540,849.0460704657879,164.8920419975184,146074.61962500383,239.00838398206818
1776939859,100,,Aggregated,145.100000,0.300000,540,710,860,880,990,1200,1700,2200,69000,139000,146000,46517,27,540,848.817375941886,164.8920419975184,146074.61962500383,239.0090504546725
1776939860,100,,Aggregated,147.700000,0.300000,540,710,860,880,990,1200,1700,2200,69000,139000,146000,46650,27,540,848.2824463357913,164.8920419975184,146074.61962500383,239.00720257234727
1776939861,100,,Aggregated,144.300000,0.300000,540,710,860,880,990,1200,1700,2200,69000,139000,146000,46713,27,540,847.8085156938469,164.8920419975184,146074.61962500383,239.00650782437438
1776939862,100,,Aggregated,145.300000,0.300000,540,710,860,880,990,1200,1700,2200,69000,139000,146000,46883,27,540,848.6200163755875,164.8920419975184,146074.61962500383,239.00979032911715
1776939863,100,,Aggregated,135.400000,0.300000,540,710,860,880,990,1200,1700,2200,69000,139000,146000,47072,27,540,848.2793377660109,164.8920419975184,146074.61962500383,239.018800985724
1776939864,100,,Aggregated,134.600000,0.300000,540,710,860,880,990,1200,1700,2200,69000,139000,146000,47195,27,540,847.5366645111483,164.8920419975184,146074.61962500383,239.02091323233392
1776939865,100,,Aggregated,131.800000,0.100000,540,710,860,880,990,1200,1700,2200,69000,139000,146000,47378,27,540,846.602037344434,164.8920419975184,146074.61962500383,239.02834648993203
1776939866,100,,Aggregated,138.400000,0.100000,540,710,860,880,990,1200,1700,2200,69000,139000,146000,47530,27,540,845.6615476763014,164.8920419975184,146074.61962500383,239.019882179676
1776939867,100,,Aggregated,139.200000,0.000000,540,710,860,880,990,1200,1700,2200,69000,139000,146000,47682,27,540,844.8690134121385,164.8920419975184,146074.61962500383,239.01967199362443
1776939868,100,,Aggregated,138.700000,0.000000,540,710,860,880,990,1200,1700,2200,69000,139000,146000,47841,27,540,844.7901824633392,164.8920419975184,146074.61962500383,239.02681800129596
1776939869,100,,Aggregated,142.100000,0.000000,540,710,860,880,990,1200,1700,2100,69000,139000,146000,48012,27,540,843.7837850591445,164.8920419975184,146074.61962500383,239.02307756394234
1776939870,100,,Aggregated,141.300000,0.000000,540,710,860,880,990,1200,1700,2100,69000,139000,146000,48158,27,540,842.8277111957024,164.8920419975184,146074.61962500383,239.02913326965407
1776939871,100,,Aggregated,144.300000,0.000000,540,720,860,880,990,1200,1700,2100,69000,139000,146000,48305,27,540,842.2674316352278,164.8920419975184,146074.61962500383,239.0237035503571
1776939872,100,,Aggregated,151.700000,0.000000,540,720,860,880,990,1200,1700,2100,69000,139000,146000,48448,27,540,841.8785831296171,164.8920419975184,146074.61962500383,239.0146755284016
1776939873,100,,Aggregated,158.500000,0.000000,540,720,860,880,990,1200,1700,2100,69000,139000,146000,48547,27,540,841.7962906626504,164.8920419975184,146074.61962500383,239.01112324139493
1776939874,100,,Aggregated,155.800000,0.000000,540,720,860,880,990,1200,1700,2100,69000,139000,146000,48669,27,540,841.5917168449869,164.8920419975184,146074.61962500383,239.00969816515646
1776939875,100,,Aggregated,151.300000,0.000000,540,720,860,880,990,1200,1700,2200,69000,139000,146000,48834,27,540,841.9125401319709,164.8920419975184,146074.61962500383,239.01480525863127
1776939876,100,,Aggregated,146.300000,0.000000,540,720,860,880,990,1200,1700,2200,69000,139000,146000,48993,27,540,841.0664305124948,164.8920419975184,146074.61962500383,239.0134100789909
1776939877,100,,Aggregated,147.900000,0.000000,540,720,860,880,990,1200,1700,2100,68000,139000,146000,49142,27,540,840.5466544778327,164.8920419975184,146074.61962500383,239.0162590045175
1776939878,100,,Aggregated,147.600000,0.000000,540,720,860,880,990,1200,1700,2100,68000,139000,146000,49298,27,540,839.7640206503255,164.8920419975184,146074.61962500383,239.0119274615603
1776939879,100,,Aggregated,143.200000,0.000000,540,720,860,880,990,1200,1700,2100,68000,139000,146000,49466,27,540,839.083681316859,164.8920419975184,146074.61962500383,239.00766182832652
1776939880,100,,Aggregated,143.100000,0.000000,540,720,860,880,990,1200,1700,2100,68000,139000,146000,49608,27,540,839.662494677083,164.8920419975184,146074.61962500383,239.008547008547
1776939881,100,,Aggregated,146.200000,0.000000,540,720,860,880,990,1200,1700,2100,68000,139000,146000,49744,27,540,839.1609792191772,164.8920419975184,146074.61962500383,239.0146751366999
1776939882,100,,Aggregated,139.900000,0.000000,540,720,860,880,990,1200,1700,2100,68000,139000,146000,49900,27,540,838.4628694103576,164.8920419975184,146074.61962500383,239.01549098196392
1776939883,100,,Aggregated,144.400000,0.000000,540,720,860,880,990,1200,1700,2100,68000,133000,146000,50064,27,540,837.9506849023411,164.8920419975184,146074.61962500383,239.00876877596676
1776939884,100,,Aggregated,143.400000,0.000000,540,720,860,880,990,1200,1700,2100,68000,133000,146000,50150,27,540,837.1240286880513,164.8920419975184,146074.61962500383,239.0127816550349
1776939885,100,,Aggregated,147.600000,0.000000,540,720,860,880,990,1200,1700,2100,68000,133000,146000,50311,27,540,837.4461593720233,164.8920419975184,146074.61962500383,239.0119655741289
1776939886,100,,Aggregated,149.900000,0.000000,540,720,860,880,990,1200,1700,2100,68000,133000,146000,50358,27,540,836.9587165907872,164.8920419975184,146074.61962500383,239.00992890901148
1776939887,100,,Aggregated,146.700000,0.000000,540,720,860,890,1000,1200,1700,2100,68000,133000,146000,50472,27,540,838.3045533315275,164.8920419975184,146074.61962500383,239.0126604850214
1776939888,100,,Aggregated,139.300000,0.000000,540,720,860,890,1000,1200,1700,2100,68000,133000,146000,50595,27,540,838.1919162401978,164.8920419975184,146074.61962500383,239.01371677043187
1776939889,100,,Aggregated,137.400000,0.000000,540,720,860,890,1000,1200,1700,2100,68000,133000,146000,50751,27,540,837.9577405882218,164.8920419975184,146074.61962500383,239.01339875076354
1776939890,100,,Aggregated,128.800000,0.000000,540,720,860,890,1000,1200,1700,2100,68000,133000,146000,50840,27,540,837.2756785176214,164.8920419975184,146074.61962500383,239.00727773406766
1776939891,100,,Aggregated,128.500000,0.000000,540,720,860,890,1000,1200,1700,2100,68000,133000,146000,50986,27,540,837.1193114915649,164.8920419975184,146074.61962500383,239.01194445534068
1776939892,100,,Aggregated,124.200000,0.000000,540,720,860,890,1000,1200,1700,2100,68000,133000,146000,51121,27,540,837.6099833181441,164.8920419975184,146074.61962500383,239.00760939731225
1776939893,100,,Aggregated,123.600000,0.000000,540,720,860,890,1000,1200,1700,2100,68000,133000,146000,51291,27,540,837.7750019959817,164.8920419975184,146074.61962500383,239.0087929656275
1776939894,100,,Aggregated,118.800000,0.000000,540,720,860,890,1000,1200,1700,2100,68000,133000,146000,51427,27,540,837.1072213882758,164.8920419975184,146074.61962500383,239.00886693760089
1776939895,100,,Aggregated,123.500000,0.000000,540,720,860,890,1000,1200,1700,2100,68000,133000,146000,51612,27,540,836.4126723063399,164.8920419975184,146074.61962500383,239.00261567077425
1776939896,100,,Aggregated,124.500000,0.000000,540,730,860,890,1000,1200,1700,2100,68000,133000,146000,51762,27,540,835.7178385526021,164.8920419975184,146074.61962500383,239.01093466249372
1776939897,100,,Aggregated,126.800000,0.000000,540,730,860,890,1000,1200,1700,2100,68000,133000,146000,51900,27,540,835.1215276417689,164.8920419975184,146074.61962500383,239.00782273603082
1776939898,100,,Aggregated,133.800000,0.000000,540,730,860,890,1000,1200,1700,2100,68000,133000,146000,52084,27,540,834.4557193087486,164.8920419975184,146074.61962500383,239.0071231088242
1776939899,100,,Aggregated,138.100000,0.000000,540,730,860,890,1000,1200,1700,2100,68000,133000,146000,52236,27,540,833.8189896539141,164.8920419975184,146074.61962500383,239.0048051152462
1776939900,100,,Aggregated,149.200000,0.000000,540,730,860,890,1000,1200,1700,2100,68000,133000,146000,52391,28,540,834.2502245093406,164.8920419975184,146074.61962500383,239.00007634899123
1776939901,100,,Aggregated,146.600000,0.000000,540,730,860,890,990,1200,1700,2100,68000,133000,146000,52507,28,540,834.0501074606774,164.8920419975184,146074.61962500383,238.9958291275449
1776939902,100,,Aggregated,153.000000,0.100000,540,730,860,890,1000,1200,1700,2100,68000,133000,146000,52612,28,540,833.7414894164225,164.8920419975184,146074.61962500383,238.99752908081805
1776939903,100,,Aggregated,149.000000,0.100000,550,740,860,890,1000,1200,1700,2100,68000,133000,146000,52788,28,550,833.6108274522775,164.8920419975184,146074.61962500383,238.9995453512162
1776939904,100,,Aggregated,157.300000,0.100000,550,740,860,890,990,1200,1700,2100,68000,133000,146000,52947,28,550,833.6950583731622,164.8920419975184,146074.61962500383,238.99743139365782
1776939905,100,,Aggregated,149.100000,0.100000,550,740,860,890,990,1200,1700,2100,68000,133000,146000,53120,28,550,833.2086300129876,164.8920419975184,146074.61962500383,238.99273343373494
1776939906,100,,Aggregated,148.200000,0.100000,550,740,860,890,990,1200,1700,2100,68000,133000,146000,53211,28,550,833.0407549433728,164.8920419975184,146074.61962500383,238.9940989644998
1776939907,100,,Aggregated,148.200000,0.100000,550,740,860,890,990,1200,1700,2100,68000,133000,146000,53394,28,550,832.4902232888118,164.8920419975184,146074.61962500383,238.99353859984268
1776939908,100,,Aggregated,149.600000,0.100000,550,740,860,890,990,1200,1700,2100,68000,133000,146000,53517,28,550,831.8506201563018,164.8920419975184,146074.61962500383,238.99459984677765
1776939909,100,,Aggregated,147.000000,0.100000,550,740,860,890,1000,1200,1700,2100,68000,133000,146000,53714,28,550,831.4530593231898,164.8920419975184,146074.61962500383,238.9975983914808
1776939910,100,,Aggregated,144.500000,0.100000,550,740,860,890,990,1200,1700,2100,68000,133000,146000,53842,28,550,830.8982474412876,164.8920419975184,146074.61962500383,238.99381523717543
1776939911,100,,Aggregated,147.700000,0.100000,550,740,860,890,1000,1200,1700,2100,68000,133000,146000,54009,28,550,830.5075906889562,164.8920419975184,146074.61962500383,238.99337147512452
1776939912,100,,Aggregated,147.500000,0.000000,550,740,860,890,1000,1200,1700,2100,68000,133000,146000,54174,28,550,829.8072034749097,164.8920419975184,146074.61962500383,238.99091815261934
1776939913,100,,Aggregated,145.300000,0.000000,550,740,860,890,1000,1200,1700,2100,68000,133000,146000,54318,28,550,829.3934533926088,164.8920419975184,146074.61962500383,238.98889870761073
1776939914,100,,Aggregated,148.200000,0.000000,550,740,860,890,1000,1200,1700,2100,68000,133000,146000,54502,28,550,828.5950325531481,164.8920419975184,146074.61962500383,238.98866096657002
1776939915,100,,Aggregated,151.300000,0.000000,550,740,860,890,1000,1200,1700,2100,68000,133000,146000,54591,28,550,828.4580648428441,164.8920419975184,146074.61962500383,238.98230477551246
1776939916,100,,Aggregated,155.600000,0.000000,550,740,860,890,1000,1200,1700,2100,68000,133000,146000,54717,28,550,828.3657738636753,164.8920419975184,146074.61962500383,238.98377104007895
1776939917,100,,Aggregated,156.400000,0.000000,550,740,860,890,1000,1200,1700,2100,68000,133000,146000,54852,28,550,828.4453657827546,164.8920419975184,146074.61962500383,238.97974549697366
1776939918,100,,Aggregated,147.700000,0.000000,550,740,860,890,1000,1200,1700,2100,68000,133000,146000,54991,28,550,828.173029913179,164.8920419975184,146074.61962500383,238.98012402029423
1776939919,100,,Aggregated,146.500000,0.000000,550,740,860,890,1000,1200,1700,2100,68000,133000,146000,55145,28,550,827.6271663673165,164.8920419975184,146074.61962500383,238.9810499591985
1776939920,100,,Aggregated,146.300000,0.000000,550,740,860,890,1000,1200,1700,2100,68000,133000,146000,55298,28,550,827.0872238747454,164.8920419975184,146074.61962500383,238.9873051466599
1776939921,100,,Aggregated,143.600000,0.000000,550,740,860,890,1000,1200,1700,2100,68000,133000,146000,55484,28,550,826.5080046356725,164.8920419975184,146074.61962500383,238.98682503063947
1776939922,100,,Aggregated,142.900000,0.000000,550,740,860,890,1000,1200,1700,2100,68000,133000,146000,55613,28,550,825.9757896347014,164.8920419975184,146074.61962500383,238.9860823908079
1776939923,100,,Aggregated,147.100000,0.000000,550,750,860,890,1000,1200,1700,2100,68000,133000,146000,55760,28,550,825.6833631418511,164.8920419975184,146074.61962500383,238.98846843615496
1776939924,100,,Aggregated,148.400000,0.000000,550,750,860,890,1000,1200,1700,2100,68000,133000,146000,55922,28,550,825.1674794957902,164.8920419975184,146074.61962500383,238.9918636672508
1776939925,100,,Aggregated,148.400000,0.000000,550,750,860,890,1000,1200,1700,2100,67000,133000,146000,56096,28,550,824.4408270657021,164.8920419975184,146074.61962500383,238.99351112378778
1776939926,100,,Aggregated,141.100000,0.000000,550,750,860,890,1000,1200,1700,2100,67000,133000,146000,56238,28,550,824.0062215397531,164.8920419975184,146074.61962500383,238.9951989757815
1776939927,100,,Aggregated,142.100000,0.000000,550,750,860,890,1000,1200,1700,2100,67000,133000,146000,56379,28,550,823.663675329549,164.8920419975184,146074.61962500383,238.99600915234396
1776939928,100,,Aggregated,149.000000,0.000000,550,750,860,890,1000,1200,1700,2100,67000,133000,146000,56568,28,550,823.1019342980242,164.8920419975184,146074.61962500383,238.99275208598502
1776939929,100,,Aggregated,154.600000,0.000000,550,750,860,890,1000,1200,1700,2100,67000,133000,146000,56681,28,550,822.6326723232057,164.8920419975184,146074.61962500383,238.99506007304035
1776939930,100,,Aggregated,156.500000,0.000000,550,750,860,890,1000,1200,1700,2100,67000,133000,146000,56852,28,550,822.391923780159,164.8920419975184,146074.61962500383,238.9965700415113
1776939931,100,,Aggregated,157.300000,0.000000,550,750,860,890,1000,1200,1700,2100,67000,133000,146000,56969,28,550,822.5390692497772,164.8920419975184,146074.61962500383,238.99339991925433
1776939932,100,,Aggregated,156.700000,0.000000,550,750,860,890,1000,1200,1700,2100,67000,133000,146000,57103,28,550,822.4983342090165,164.8920419975184,146074.61962500383,238.9914715514071
1776939933,100,,Aggregated,150.300000,0.000000,550,750,860,890,1000,1200,1700,2100,67000,133000,146000,57232,28,550,822.350787540999,164.8920419975184,146074.61962500383,238.99358750349455
1776939934,100,,Aggregated,141.600000,0.000000,550,750,860,890,1000,1200,1700,2100,67000,133000,146000,57387,28,550,822.1108597018931,164.8920419975184,146074.61962500383,238.98827260529387
1776939935,100,,Aggregated,140.900000,0.000000,550,750,860,890,1000,1200,1700,2100,67000,133000,146000,57502,28,550,821.7488589962868,164.8920419975184,146074.61962500383,238.9858091892456
1776939936,100,,Aggregated,142.600000,0.000000,550,750,860,890,1000,1200,1700,2100,67000,133000,146000,57695,28,550,821.1296717590695,164.8920419975184,146074.61962500383,238.98010226189444
1776939937,100,,Aggregated,141.900000,0.000000,550,750,860,890,1000,1200,1700,2100,67000,133000,146000,57870,28,550,820.3631197059874,164.8920419975184,146074.61962500383,238.97604976671852
1776939938,100,,Aggregated,142.700000,0.000000,550,750,860,890,1000,1200,1700,2000,67000,133000,146000,57964,28,550,819.6999789425423,164.8920419975184,146074.61962500383,238.97900420950936
1776939939,100,,Aggregated,143.200000,0.000000,550,750,860,890,1000,1200,1700,2000,67000,133000,146000,58130,28,550,820.0086584654317,164.8920419975184,146074.61962500383,238.9822466884569
1776939940,100,,Aggregated,143.100000,0.000000,550,750,860,890,1000,1200,1700,2000,67000,133000,146000,58188,28,550,819.5537239495346,164.8920419975184,146074.61962500383,238.98613116106415
1776939941,100,,Aggregated,135.900000,0.000000,550,750,860,890,1000,1200,1700,2000,67000,133000,146000,58361,28,550,820.0499642208237,164.8920419975184,146074.61962500383,238.99064443720977
1776939942,100,,Aggregated,138.000000,0.000000,550,750,860,890,1000,1200,1700,2000,67000,133000,146000,58418,28,550,819.7069522859299,164.8920419975184,146074.61962500383,238.99294737923242
1776939943,100,,Aggregated,135.600000,0.000000,550,750,860,890,1000,1200,1800,2000,67000,133000,146000,58584,28,550,820.2485963335795,164.8920419975184,146074.61962500383,238.98868291683735
1776939944,100,,Aggregated,140.800000,0.000000,550,750,860,890,1000,1200,1800,2000,67000,133000,146000,58703,28,550,820.5239801085885,164.8920419975184,146074.61962500383,238.98877399792175
1776939945,100,,Aggregated,134.100000,0.000000,550,750,860,890,1000,1200,1800,2000,67000,133000,146000,58806,28,550,820.0776470305142,164.8920419975184,146074.61962500383,238.98615787504676
1776939946,100,,Aggregated,132.300000,0.000000,550,750,860,890,1000,1200,1800,2000,67000,133000,146000,58920,28,550,819.8818360839841,164.8920419975184,146074.61962500383,238.9888323150034
1776939947,100,,Aggregated,131.700000,0.000000,550,750,860,890,1000,1200,1800,2100,67000,133000,146000,59078,28,550,820.196310287338,164.8920419975184,146074.61962500383,238.98938691221775
1776939948,100,,Aggregated,129.300000,0.000000,550,750,860,890,1000,1200,1800,2100,67000,133000,146000,59229,28,550,819.654536254509,164.8920419975184,146074.61962500383,238.99339850411116
1776939949,100,,Aggregated,123.500000,0.000000,550,750,860,890,1000,1200,1800,2100,67000,133000,146000,59373,28,550,819.2762920117606,164.8920419975184,146074.61962500383,238.99518299563775
1776939950,100,,Aggregated,122.500000,0.000000,550,750,860,890,1000,1200,1800,2100,67000,133000,146000,59559,28,550,818.7145176470775,164.8920419975184,146074.61962500383,238.99027854732282
1776939951,100,,Aggregated,128.700000,0.000000,550,750,860,890,1000,1200,1800,2100,67000,133000,146000,59697,28,550,818.3612973195169,164.8920419975184,146074.61962500383,238.99423756637688
1776939952,100,,Aggregated,128.100000,0.000000,550,750,860,890,1000,1200,1800,2100,67000,133000,146000,59850,28,550,817.9159983681567,164.8920419975184,146074.61962500383,239.00050125313282
1776939953,100,,Aggregated,135.800000,0.000000,550,750,860,890,1000,1200,1800,2100,64000,127000,146000,60007,28,550,817.340235790677,164.8920419975184,146074.61962500383,239.00439948672656
1776939954,100,,Aggregated,136.900000,0.000000,550,750,860,890,1000,1200,1800,2000,64000,127000,146000,60163,28,550,816.899866804368,164.8920419975184,146074.61962500383,239.00189485231786
1776939955,100,,Aggregated,146.200000,0.000000,550,750,860,890,1000,1200,1800,2000,64000,127000,146000,60309,28,550,816.3401550627111,164.8920419975184,146074.61962500383,239.00747815417267
1776939956,100,,Aggregated,148.600000,0.000000,550,750,860,890,1000,1200,1800,2000,64000,127000,146000,60481,28,550,815.9334255812583,164.8920419975184,146074.61962500383,239.0041004613019
1776939957,100,,Aggregated,149.400000,0.000000,550,750,860,890,1000,1200,1800,2000,64000,127000,146000,60641,28,550,815.4119467171238,164.8920419975184,146074.61962500383,239.00448541415875
1776939958,100,,Aggregated,149.400000,0.000000,550,760,860,890,1000,1200,1800,2000,64000,127000,146000,60700,28,550,815.3422989853565,164.8920419975184,146074.61962500383,239.00112026359145
1776939959,100,,Aggregated,149.400000,0.000000,550,760,860,890,1000,1200,1800,2000,64000,127000,146000,60700,28,550,815.3422989853565,164.8920419975184,146074.61962500383,239.00112026359145
1776939960,100,,Aggregated,149.400000,0.000000,550,760,860,890,1000,1200,1800,2000,64000,127000,146000,60700,28,550,815.3422989853565,164.8920419975184,146074.61962500383,239.00112026359145
1776939961,100,,Aggregated,149.400000,0.000000,550,760,860,890,1000,1200,1800,2000,64000,127000,146000,60700,28,550,815.3422989853565,164.8920419975184,146074.61962500383,239.00112026359145
1776939962,100,,Aggregated,149.400000,0.000000,550,760,860,890,1000,1200,1800,2000,64000,127000,146000,60700,28,550,815.3422989853565,164.8920419975184,146074.61962500383,239.00112026359145
1776939963,100,,Aggregated,149.400000,0.000000,550,760,860,890,1000,1200,1800,2000,64000,127000,146000,60700,28,550,815.3422989853565,164.8920419975184,146074.61962500383,239.00112026359145
1776939964,100,,Aggregated,149.400000,0.000000,550,760,860,890,1000,1200,1800,2000,64000,127000,146000,60700,28,550,815.3422989853565,164.8920419975184,146074.61962500383,239.00112026359145
1776939965,100,,Aggregated,77.700000,0.000000,550,760,860,890,1000,1200,1800,2000,64000,127000,146000,60709,28,550,815.7478964087554,164.8920419975184,146074.61962500383,239.00133423380387
1776939966,100,,Aggregated,62.500000,0.000000,550,750,860,890,1000,1200,1800,2000,64000,127000,146000,60734,28,550,815.7773644587237,164.8920419975184,146074.61962500383,239.00164652418744
1776939967,100,,Aggregated,46.600000,0.000000,550,750,860,890,1000,1200,1800,2100,64000,127000,146000,60785,28,550,816.353000539345,164.8920419975184,146074.61962500383,239.0014806284445
1776939968,100,,Aggregated,30.300000,0.000000,550,750,860,890,1000,1200,1800,2100,64000,127000,146000,60853,28,550,816.8653446685635,164.8920419975184,146074.61962500383,239.0052421408969
1776939969,100,,Aggregated,19.100000,0.000000,550,750,860,890,1000,1200,1800,2100,64000,127000,146000,60878,28,550,817.5659575337909,164.8920419975184,146074.61962500383,239.00509215151615
1776939970,100,,Aggregated,19.100000,0.000000,550,750,860,890,1000,1200,1800,2100,64000,127000,146000,60878,28,550,817.5659575337909,164.8920419975184,146074.61962500383,239.00509215151615
1776939971,100,,Aggregated,19.100000,0.000000,550,750,860,890,1000,1200,1800,2100,64000,127000,146000,60878,28,550,817.5659575337909,164.8920419975184,146074.61962500383,239.00509215151615
1776939972,100,,Aggregated,19.100000,0.000000,550,750,860,890,1000,1200,1800,2100,64000,127000,146000,60878,28,550,817.5659575337909,164.8920419975184,146074.61962500383,239.00509215151615
1776939973,100,,Aggregated,19.100000,0.000000,550,750,860,890,1000,1200,1800,2100,64000,127000,146000,60878,28,550,817.5659575337909,164.8920419975184,146074.61962500383,239.00509215151615
1776939974,100,,Aggregated,19.100000,0.000000,550,750,860,890,1000,1200,1800,2100,64000,127000,146000,60878,28,550,817.5659575337909,164.8920419975184,146074.61962500383,239.00509215151615
1776939975,100,,Aggregated,17.800000,0.000000,550,750,860,890,1000,1200,1800,2100,64000,127000,146000,60913,28,550,820.8942361857585,164.8920419975184,146074.61962500383,239.0082740958416
1776939976,100,,Aggregated,17.800000,0.000000,550,750,860,890,1000,1200,1800,2100,64000,127000,146000,61011,28,550,825.0916758301795,164.8920419975184,146074.61962500383,239.00868695808953
1776939977,100,,Aggregated,18.100000,0.000000,550,750,860,890,1000,1200,1800,2100,64000,127000,146000,61130,28,550,825.7316571859985,164.8920419975184,146074.61962500383,239.00960248650418
1776939978,100,,Aggregated,22.100000,0.000000,550,750,860,890,1000,1200,1800,2100,64000,127000,146000,61259,28,550,829.2701538574431,164.8920419975184,146074.61962500383,239.01196558872982
1776939979,100,,Aggregated,29.100000,0.000000,550,750,860,890,1000,1200,1800,2100,64000,127000,146000,61389,28,550,829.549288215708,164.8920419975184,146074.61962500383,239.01169590643275
1776939980,100,,Aggregated,34.900000,0.000000,550,750,860,890,1000,1200,1800,2200,64000,127000,146000,61517,28,550,832.2064343336651,164.8920419975184,146074.61962500383,239.008095323244
1776939981,100,,Aggregated,39.200000,0.000000,550,740,860,890,1000,1200,1800,2200,64000,127000,146000,61656,28,550,832.0051634349467,164.8920419975184,146074.61962500383,239.00854742441936
1776939982,100,,Aggregated,53.600000,0.000000,550,740,860,890,1000,1200,1800,2200,64000,127000,146000,61807,28,550,831.1626111847386,164.8920419975184,146074.61962500383,239.01155208956914
1776939983,100,,Aggregated,66.200000,0.000000,550,740,860,890,1000,1200,1800,2200,64000,127000,146000,61974,28,550,830.6530763416781,164.8920419975184,146074.61962500383,239.01286023171008
1776939984,100,,Aggregated,79.400000,0.000000,550,740,860,890,1000,1200,1800,2200,63000,127000,146000,62115,28,550,829.9589816788408,164.8920419975184,146074.61962500383,239.01593817918376
1776939985,100,,Aggregated,96.800000,0.000000,550,740,860,890,1000,1200,1800,2200,63000,127000,146000,62272,28,550,830.1385525300169,164.8920419975184,146074.61962500383,239.0134892086331
1776939986,100,,Aggregated,111.400000,0.000000,550,740,860,890,1000,1200,1800,2200,63000,127000,146000,62424,28,550,829.4877003479296,164.8920419975184,146074.61962500383,239.01483403819043
1776939987,100,,Aggregated,125.600000,0.000000,550,740,860,890,1000,1200,1800,2200,63000,127000,146000,62524,28,550,829.2338421882658,164.8920419975184,146074.61962500383,239.0133708655876
1776939988,100,,Aggregated,133.800000,0.000000,550,740,860,890,1000,1200,1800,2200,63000,127000,146000,62630,28,550,829.3596134437349,164.8920419975184,146074.61962500383,239.0146255787961
1776939989,100,,Aggregated,139.900000,0.000000,550,740,860,890,1000,1200,1800,2200,63000,127000,146000,62732,28,550,829.0112765352934,164.8920419975184,146074.61962500383,239.01506408212714
1776939990,100,,Aggregated,138.300000,0.000000,550,740,860,890,1000,1200,1800,2200,63000,127000,146000,62907,28,550,828.5151675408002,164.8920419975184,146074.61962500383,239.0179630247826
1776939991,100,,Aggregated,138.000000,0.000000,550,740,860,890,1000,1200,1800,2200,63000,127000,146000,63056,28,550,828.3442670937128,164.8920419975184,146074.61962500383,239.01960162395332
1776939992,100,,Aggregated,136.700000,0.000000,550,740,860,890,1000,1200,1800,2200,63000,127000,146000,63209,28,550,828.530426882551,164.8920419975184,146074.61962500383,239.02619880080368
1776939993,100,,Aggregated,139.400000,0.000000,550,740,860,890,1000,1200,1800,2200,63000,127000,146000,63359,28,550,827.8108443312436,164.8920419975184,146074.61962500383,239.0254423207437
1776939994,100,,Aggregated,141.000000,0.000000,550,740,860,890,1000,1200,1800,2200,63000,127000,146000,63496,28,550,828.340455414928,164.8920419975184,146074.61962500383,239.02776552853723
1776939995,100,,Aggregated,137.000000,0.000000,550,740,860,890,1000,1200,1800,2200,63000,127000,146000,63641,28,550,828.2786174646419,164.8920419975184,146074.61962500383,239.0290850238054
1776939996,100,,Aggregated,138.300000,0.000000,550,740,860,890,1000,1200,1800,2100,63000,127000,146000,63767,28,550,827.9989271884089,164.8920419975184,146074.61962500383,239.03100349710667
1776939997,100,,Aggregated,138.000000,0.000000,550,740,860,890,1000,1200,1800,2100,63000,127000,146000,63915,28,550,827.417109978397,164.8920419975184,146074.61962500383,239.03013377141517
1776939998,100,,Aggregated,139.500000,0.000000,550,740,860,890,1000,1200,1800,2100,62000,127000,146000,64059,28,550,826.8356223704606,164.8920419975184,146074.61962500383,239.0308621739334
1776939999,100,,Aggregated,133.700000,0.000000,550,740,860,890,1000,1200,1800,2100,62000,127000,146000,64192,28,550,826.3276938723105,164.8920419975184,146074.61962500383,239.0316238783649
1776940000,100,,Aggregated,140.500000,0.000000,550,740,860,890,1000,1200,1800,2100,62000,127000,146000,64341,28,550,825.8267606692672,164.8920419975184,146074.61962500383,239.0330582365832
1776940001,100,,Aggregated,142.300000,0.000000,550,740,860,890,1000,1200,1800,2100,62000,127000,146000,64476,28,550,825.3149480694258,164.8920419975184,146074.61962500383,239.03319064458094
1776940002,100,,Aggregated,143.400000,0.000000,550,740,860,890,1000,1200,1800,2100,62000,127000,146000,64601,28,550,825.0414944714516,164.8920419975184,146074.61962500383,239.03478274330118
1776940003,100,,Aggregated,142.300000,0.000000,550,740,860,890,1000,1200,1800,2100,62000,127000,146000,64693,28,550,825.0417674197087,164.8920419975184,146074.61962500383,239.03638724436956
1776940004,100,,Aggregated,140.000000,0.000000,550,740,860,890,1000,1200,1800,2100,62000,127000,146000,64856,28,550,824.6274157263045,164.8920419975184,146074.61962500383,239.03803811520908
1776940005,100,,Aggregated,139.200000,0.000000,550,740,860,890,1000,1200,1800,2100,62000,127000,146000,65010,28,550,824.2077383835293,164.8920419975184,146074.61962500383,239.04034763882478
1776940006,100,,Aggregated,133.700000,0.000000,550,740,860,890,1000,1200,1800,2100,62000,127000,146000,65131,28,550,823.6682294776265,164.8920419975184,146074.61962500383,239.0415777433173
1776940007,100,,Aggregated,134.000000,0.000000,550,740,860,890,1000,1200,1800,2100,62000,127000,146000,65311,28,550,822.8676808536273,164.8920419975184,146074.61962500383,239.04212154154737
1776940008,100,,Aggregated,134.900000,0.000000,550,730,860,890,1000,1200,1800,2100,62000,127000,146000,65444,28,550,822.28642488065,164.8920419975184,146074.61962500383,239.04232626367582
1776940009,100,,Aggregated,139.100000,0.000000,550,730,860,890,1000,1200,1800,2100,62000,127000,146000,65597,28,550,821.6163402767082,164.8920419975184,146074.61962500383,239.04020000914676
1776940010,100,,Aggregated,137.400000,0.000000,550,730,860,890,1000,1200,1800,2100,62000,127000,146000,65749,28,550,821.0510296791318,164.8920419975184,146074.61962500383,239.04293601423595
1776940011,100,,Aggregated,137.800000,0.000000,550,730,860,890,1000,1200,1800,2100,62000,127000,146000,65914,28,550,820.3486379379373,164.8920419975184,146074.61962500383,239.04335952908335
1776940012,100,,Aggregated,138.300000,0.000000,550,730,860,890,1000,1200,1800,2100,60000,127000,146000,66091,28,550,819.710827168316,164.8920419975184,146074.61962500383,239.0397936178905
1776940013,100,,Aggregated,139.200000,0.000000,550,730,860,890,1000,1200,1800,2100,60000,127000,146000,66233,28,550,819.0803018920653,164.8920419975184,146074.61962500383,239.03872691860553
1776940014,100,,Aggregated,145.200000,0.000000,550,730,860,890,1000,1200,1800,2100,60000,127000,146000,66389,28,550,818.4211373327233,164.8920419975184,146074.61962500383,239.03506605009866
1776940015,100,,Aggregated,149.100000,0.000000,550,730,860,890,1000,1200,1800,2100,60000,127000,146000,66522,28,550,817.8805449865189,164.8920419975184,146074.61962500383,239.03956585791167
1776940016,100,,Aggregated,152.200000,0.000000,550,730,860,890,1000,1200,1800,2100,60000,127000,146000,66638,28,550,817.7137431572398,164.8920419975184,146074.61962500383,239.03630060926199
1776940017,100,,Aggregated,153.100000,0.000000,550,730,860,890,1000,1200,1800,2100,60000,127000,146000,66769,43,550,830.7012059915704,164.8920419975184,146074.61962500383,238.9845736794021
1776940018,100,,Aggregated,150.500000,0.000000,550,730,860,890,1000,1200,1800,2100,60000,127000,146000,66912,43,550,830.4434094048764,164.8920419975184,146074.61962500383,238.981318747011
1776940019,100,,Aggregated,147.700000,0.000000,550,730,860,890,1000,1200,1800,2100,60000,127000,146000,67072,43,550,829.7599130483676,164.8920419975184,146074.61962500383,238.9780832538168
1776940020,100,,Aggregated,145.500000,1.500000,550,730,860,890,1000,1200,1800,2100,60000,127000,146000,67185,43,550,829.3860668933844,164.8920419975184,146074.61962500383,238.97413113046068
1776940021,100,,Aggregated,146.900000,1.500000,550,730,860,890,1000,1200,1800,2100,60000,127000,146000,67235,43,550,829.0552153383215,164.8920419975184,146074.61962500383,238.97575667435115
1776940023,100,,Aggregated,147.400000,1.500000,550,730,860,890,1000,1200,1800,2100,60000,127000,146000,67387,43,550,829.4580091705978,164.8920419975184,146074.61962500383,238.97714692744893
1776940024,100,,Aggregated,130.100000,1.500000,550,730,860,890,1000,1200,1800,2100,60000,127000,146000,67560,43,550,829.802202952592,164.8920419975184,146074.61962500383,238.98291888691534
1776940025,100,,Aggregated,128.800000,1.500000,550,730,860,890,1000,1200,1800,2100,60000,127000,146000,67705,43,550,829.3475881646722,164.8920419975184,146074.61962500383,238.97983900745882
1776940026,100,,Aggregated,128.800000,1.500000,550,730,860,890,1000,1200,1800,2100,60000,127000,146000,67841,43,550,828.9075829609257,164.8920419975184,146074.61962500383,238.97743252605358
1776940027,100,,Aggregated,131.500000,1.500000,550,730,860,890,1000,1200,1800,2100,60000,127000,146000,68006,43,550,828.5052248757927,164.8920419975184,146074.61962500383,238.978163691439
1776940028,100,,Aggregated,131.500000,1.500000,550,730,860,890,1000,1200,1800,2100,60000,127000,146000,68180,43,550,828.3111066745411,164.8920419975184,146074.61962500383,238.97657670871223
1776940029,100,,Aggregated,131.900000,1.500000,550,730,860,890,1000,1200,1800,2100,60000,127000,146000,68342,43,550,827.7948757533899,164.8920419975184,146074.61962500383,238.98020251090105
1776940030,100,,Aggregated,136.600000,1.500000,550,740,860,890,1000,1200,1800,2100,60000,127000,146000,68475,43,550,827.4082711882166,164.8920419975184,146074.61962500383,238.98711938663746
1776940031,100,,Aggregated,142.900000,0.000000,550,740,860,890,1000,1200,1800,2100,60000,127000,146000,68597,43,550,827.3786953412705,164.8920419975184,146074.61962500383,238.98776914442323
1776940032,100,,Aggregated,140.300000,0.000000,550,740,860,890,1000,1200,1800,2100,60000,127000,146000,68729,43,550,827.195239269292,164.8920419975184,146074.61962500383,238.98802543322324
1776940033,100,,Aggregated,140.300000,0.000000,550,740,860,890,1000,1200,1800,2100,60000,127000,146000,68885,43,550,827.2526053100407,164.8920419975184,146074.61962500383,238.98911228859694
1776940034,100,,Aggregated,146.800000,0.000000,550,740,860,890,1000,1200,1800,2100,60000,127000,146000,69039,43,550,826.8815263202565,164.8920419975184,146074.61962500383,238.98951317371342
1776940035,100,,Aggregated,149.800000,0.000000,550,740,860,890,1000,1200,1800,2100,60000,127000,146000,69182,43,550,826.6006073370122,164.8920419975184,146074.61962500383,238.98888439189383
1776940036,100,,Aggregated,146.400000,0.000000,550,740,860,890,1000,1200,1800,2100,60000,127000,146000,69311,43,550,826.3041296673714,164.8920419975184,146074.61962500383,238.9900304424983
1776940037,100,,Aggregated,146.400000,0.000000,550,740,860,890,1000,1200,1700,2100,60000,127000,146000,69484,43,550,825.764993580582,164.8920419975184,146074.61962500383,238.98816993840308
1776940038,100,,Aggregated,146.200000,0.000000,550,740,860,890,1000,1200,1700,2100,60000,127000,146000,69634,43,550,825.4011762399435,164.8920419975184,146074.61962500383,238.99089525231926
1776940039,100,,Aggregated,146.200000,0.000000,550,740,860,890,1000,1200,1700,2100,60000,127000,146000,69753,43,550,825.2999602340433,164.8920419975184,146074.61962500383,238.9945522056399
1776940040,100,,Aggregated,144.800000,0.000000,550,740,860,890,1000,1200,1700,2100,60000,127000,146000,69916,43,550,824.8266197364451,164.8920419975184,146074.61962500383,238.99509411293553
1776940041,100,,Aggregated,141.100000,0.000000,550,740,860,890,1000,1200,1700,2100,60000,127000,146000,69993,43,550,824.6065318435601,164.8920419975184,146074.61962500383,238.99385652850998
1776940042,100,,Aggregated,143.200000,0.000000,550,740,860,890,1000,1200,1700,2100,60000,108000,146000,70205,43,550,824.7162225854909,164.8920419975184,146074.61962500383,238.99759276404814
1776940043,100,,Aggregated,143.200000,0.000000,550,740,860,890,1000,1200,1700,2100,60000,108000,146000,70325,43,550,824.3333585790454,164.8920419975184,146074.61962500383,238.9977532883043
1776940044,100,,Aggregated,145.500000,0.000000,550,740,860,890,1000,1200,1700,2100,60000,108000,146000,70475,43,550,823.8063705944998,164.8920419975184,146074.61962500383,238.99914863426747
1776940045,100,,Aggregated,144.000000,0.000000,550,740,860,890,1000,1200,1700,2100,60000,108000,146000,70634,43,550,823.5012302670863,164.8920419975184,146074.61962500383,238.99794716425518
1776940046,100,,Aggregated,144.000000,0.000000,550,740,860,890,1000,1200,1700,2100,60000,108000,146000,70758,43,550,823.3347421183237,164.8920419975184,146074.61962500383,239.0011730122389
1776940047,100,,Aggregated,146.800000,0.000000,550,740,860,890,1000,1200,1700,2100,60000,108000,146000,70817,43,550,823.1406999075126,164.8920419975184,146074.61962500383,239.00184983831565
1776940048,100,,Aggregated,145.500000,0.000000,550,740,860,890,1000,1200,1800,2100,60000,108000,146000,70978,43,550,823.5425925827907,164.8920419975184,146074.61962500383,238.99956324494914
1776940049,100,,Aggregated,133.200000,0.000000,550,740,860,890,1000,1200,1800,2100,60000,108000,146000,71091,43,550,824.2601668022023,164.8920419975184,146074.61962500383,239.0004079278671
1776940050,100,,Aggregated,134.100000,0.000000,550,740,860,890,1000,1200,1800,2100,60000,108000,146000,71245,43,550,823.9243663626698,164.8920419975184,146074.61962500383,238.9956768896063
1776940051,100,,Aggregated,132.400000,0.000000,550,740,860,890,1000,1200,1800,2100,60000,108000,146000,71350,43,550,823.4642078504754,164.8920419975184,146074.61962500383,238.9991590749825
1776940052,100,,Aggregated,129.000000,0.000000,550,740,860,890,1000,1200,1800,2100,60000,108000,146000,71553,43,550,823.1514609899018,164.8920419975184,146074.61962500383,238.9939904686037
1776940053,100,,Aggregated,133.800000,0.000000,550,750,860,890,1000,1200,1800,2100,60000,108000,146000,71717,43,550,822.7312136226338,164.8920419975184,146074.61962500383,238.99552407379002
1776940054,100,,Aggregated,131.600000,0.000000,550,740,860,890,1000,1200,1800,2100,60000,108000,146000,71805,43,550,822.2521113745348,164.8920419975184,146074.61962500383,238.99699185293503
1776940055,100,,Aggregated,132.900000,0.000000,550,740,860,890,1000,1200,1800,2100,60000,108000,146000,71966,43,550,822.4477551072092,164.8920419975184,146074.61962500383,238.99909679570908
1776940056,100,,Aggregated,133.000000,0.000000,550,740,860,890,1000,1200,1800,2100,60000,108000,146000,72054,43,550,822.0482775406698,164.8920419975184,146074.61962500383,239.00140172648292
1776940057,100,,Aggregated,131.000000,0.000000,550,740,860,890,1000,1200,1800,2100,60000,108000,146000,72207,43,550,822.1876413488645,164.8920419975184,146074.61962500383,239.00076169900424
1776940058,100,,Aggregated,126.700000,0.000000,550,750,860,890,1000,1200,1800,2100,60000,108000,146000,72403,43,550,821.8366760684008,164.8920419975184,146074.61962500383,239.0033147797743
1776940059,100,,Aggregated,137.500000,0.000000,550,750,860,890,1000,1200,1800,2100,60000,108000,146000,72530,43,550,821.581299535935,164.8920419975184,146074.61962500383,239.0014614642217
1776940060,100,,Aggregated,138.000000,0.000000,550,750,860,890,1000,1200,1800,2100,60000,108000,146000,72652,43,550,821.3941424440112,164.8920419975184,146074.61962500383,239.00096349721963
1776940061,100,,Aggregated,142.900000,0.000000,550,750,860,890,1000,1200,1800,2100,60000,108000,146000,72798,43,550,821.171193094375,164.8920419975184,146074.61962500383,238.99806313360259
1776940062,100,,Aggregated,143.400000,0.000000,550,750,860,890,1000,1200,1800,2100,60000,108000,146000,72933,43,550,820.955145182625,164.8920419975184,146074.61962500383,238.9952833422456
1776940063,100,,Aggregated,143.900000,0.000000,550,750,860,890,1000,1200,1800,2100,60000,108000,146000,72990,43,550,820.6478903186508,164.8920419975184,146074.61962500383,238.99820523359364
1776940064,100,,Aggregated,144.500000,0.000000,550,750,860,890,1000,1200,1800,2100,60000,108000,146000,73165,43,550,821.0496300727989,164.8920419975184,146074.61962500383,238.99960363561812
1776940065,100,,Aggregated,133.000000,0.000000,550,750,860,890,1000,1200,1800,2100,60000,108000,146000,73333,43,550,820.5235999104817,164.8920419975184,146074.61962500383,239.00465002113646
1776940066,100,,Aggregated,133.800000,0.000000,550,750,860,890,1000,1200,1800,2100,60000,108000,146000,73475,43,550,820.2704084590054,164.8920419975184,146074.61962500383,239.00703640694113
1776940067,100,,Aggregated,138.800000,0.000000,550,750,860,890,1000,1200,1800,2100,60000,108000,146000,73623,43,550,819.9490818827071,164.8920419975184,146074.61962500383,239.00434646781576
1776940068,100,,Aggregated,143.100000,0.000000,550,750,860,890,1000,1200,1800,2100,60000,108000,146000,73756,43,550,819.6410300787805,164.8920419975184,146074.61962500383,239.00799934920548
1776940069,100,,Aggregated,140.000000,0.000000,550,750,860,890,1000,1200,1800,2100,60000,108000,146000,73934,43,550,819.3284397913202,164.8920419975184,146074.61962500383,239.01201071225688
1776940070,100,,Aggregated,138.300000,0.000000,550,750,860,890,1000,1200,1800,2100,60000,108000,146000,74104,43,550,819.0235537498312,164.8920419975184,146074.61962500383,239.0117672460326
1776940071,100,,Aggregated,139.200000,0.000000,550,750,860,890,1000,1200,1800,2100,60000,108000,146000,74262,43,550,818.5958569752565,164.8920419975184,146074.61962500383,239.014246855727
1776940072,100,,Aggregated,141.500000,0.000000,550,750,860,890,1000,1200,1800,2100,60000,108000,146000,74398,43,550,818.2373079757989,164.8920419975184,146074.61962500383,239.0148391085782
1776940073,100,,Aggregated,144.100000,0.000000,550,750,860,890,1000,1200,1800,2100,60000,108000,146000,74586,43,550,817.7161915952383,164.8920419975184,146074.61962500383,239.01710776821386
1776940074,100,,Aggregated,146.700000,0.000000,550,750,860,890,1000,1200,1800,2100,60000,108000,146000,74711,43,550,817.5432522736339,164.8920419975184,146074.61962500383,239.0155666501586
1776940075,100,,Aggregated,154.500000,0.000000,550,750,860,890,1000,1200,1800,2100,60000,108000,146000,74817,43,550,817.4229559907842,164.8920419975184,146074.61962500383,239.0163599182004
1776940076,100,,Aggregated,151.600000,0.000000,550,750,860,890,1000,1200,1800,2100,60000,108000,146000,74950,43,550,817.5045178389258,164.8920419975184,146074.61962500383,239.01138092061373
1776940077,100,,Aggregated,145.600000,0.000000,550,750,860,890,1000,1200,1800,2100,60000,108000,146000,75097,43,550,817.0445697989475,164.8920419975184,146074.61962500383,239.0092280650359
1776940078,100,,Aggregated,146.100000,0.000000,550,750,860,890,1000,1200,1800,2100,60000,108000,146000,75279,43,550,816.8260896784037,164.8920419975184,146074.61962500383,239.00843528739756
1776940079,100,,Aggregated,147.600000,0.000000,550,750,860,890,1000,1200,1800,2100,60000,108000,146000,75433,43,550,816.3838550018645,164.8920419975184,146074.61962500383,239.01218299683163
1776940080,100,,Aggregated,149.800000,0.000000,550,760,860,890,1000,1200,1800,2100,60000,108000,146000,75608,43,550,815.9509876510378,164.8920419975184,146074.61962500383,239.0149851867527
1776940081,100,,Aggregated,147.900000,0.000000,550,760,860,890,1000,1200,1800,2100,60000,108000,146000,75759,43,550,815.5419843376319,164.8920419975184,146074.61962500383,239.0105466017239
1776940082,100,,Aggregated,151.000000,0.000000,550,760,860,890,1000,1200,1800,2100,60000,108000,146000,75909,43,550,815.1872286066163,164.8920419975184,146074.61962500383,239.00831258480548
1776940083,100,,Aggregated,149.200000,0.000000,550,760,860,890,1000,1200,1800,2100,60000,108000,146000,76086,43,550,814.7488740094835,164.8920419975184,146074.61962500383,239.0054149252162
1776940084,100,,Aggregated,146.900000,0.000000,550,760,860,890,1000,1200,1800,2100,60000,108000,146000,76250,43,550,814.4085431339079,164.8920419975184,146074.61962500383,239.0024918032787
1776940085,100,,Aggregated,149.300000,0.000000,550,760,860,890,1000,1200,1800,2100,60000,108000,146000,76400,43,550,813.9280814665498,164.8920419975184,146074.61962500383,239.00410994764397
1776940086,100,,Aggregated,151.500000,0.000000,550,760,860,890,1000,1200,1800,2100,60000,108000,146000,76544,43,550,813.5523755526423,164.8920419975184,146074.61962500383,239.00582671404683
1776940087,100,,Aggregated,156.700000,0.000000,550,760,860,890,1000,1200,1800,2100,60000,108000,146000,76704,43,550,813.1030343019464,164.8920419975184,146074.61962500383,239.00336357947435
1776940088,100,,Aggregated,160.500000,0.000000,550,760,860,890,1000,1200,1800,2000,60000,108000,146000,76881,43,550,812.8496886796672,164.8920419975184,146074.61962500383,238.996631157243
1776940089,100,,Aggregated,162.900000,0.000000,550,760,860,890,1000,1200,1800,2000,60000,108000,146000,76970,43,550,812.7136043302132,164.8920419975184,146074.61962500383,238.99484214629075
1776940090,100,,Aggregated,159.500000,0.000000,550,760,860,890,1000,1200,1700,2000,60000,108000,146000,77108,43,550,812.5619496167658,164.8920419975184,146074.61962500383,238.99507184727915
1776940091,100,,Aggregated,157.000000,0.000000,550,760,860,890,1000,1200,1800,2000,60000,108000,146000,77236,43,550,813.1041458722821,164.8920419975184,146074.61962500383,238.99746232326893
1776940092,100,,Aggregated,151.800000,0.000000,550,760,860,890,1000,1200,1800,2000,60000,108000,146000,77393,43,550,812.6063766190952,164.8920419975184,146074.61962500383,238.99373328337188
1776940093,100,,Aggregated,144.800000,0.000000,550,760,860,890,1000,1200,1800,2000,60000,108000,146000,77530,43,550,812.232109939979,164.8920419975184,146074.61962500383,239.0000902876306
1776940094,100,,Aggregated,145.700000,0.000000,550,760,860,890,1000,1200,1800,2000,60000,108000,146000,77712,43,550,811.8335631039424,164.8920419975184,146074.61962500383,238.99844296891084
1776940095,100,,Aggregated,146.000000,0.000000,550,760,860,890,1000,1200,1800,2000,60000,108000,146000,77865,43,550,811.4141924390239,164.8920419975184,146074.61962500383,238.99659667373018
1776940096,100,,Aggregated,146.900000,0.000000,550,760,860,890,1000,1200,1800,2000,60000,108000,146000,78024,43,550,810.9574678124247,164.8920419975184,146074.61962500383,238.99935917153695
1776940097,100,,Aggregated,147.300000,0.000000,550,760,860,890,1000,1200,1800,2000,60000,108000,146000,78175,43,550,810.5929241032136,164.8920419975184,146074.61962500383,238.9923249120563
1776940098,100,,Aggregated,146.800000,0.000000,550,760,860,890,1000,1200,1700,2000,60000,108000,146000,78327,43,550,810.3704252680257,164.8920419975184,146074.61962500383,238.99747213604505
1776940099,100,,Aggregated,143.100000,0.000000,550,760,860,890,1000,1200,1700,2000,60000,108000,146000,78535,43,550,809.7929607868174,164.8920419975184,146074.61962500383,239.00020373082066
1776940100,100,,Aggregated,146.600000,0.000000,550,760,860,890,1000,1200,1700,2000,60000,108000,146000,78699,43,550,809.3623381944718,164.8920419975184,146074.61962500383,239.0009911180574
1776940101,100,,Aggregated,152.200000,0.000000,550,760,860,890,1000,1200,1700,2000,60000,108000,146000,78853,43,550,809.0243730784726,164.8920419975184,146074.61962500383,239.00289145625405
1776940102,100,,Aggregated,155.400000,0.000000,550,760,860,890,1000,1200,1700,2000,60000,108000,146000,79034,43,550,808.5484329009637,164.8920419975184,146074.61962500383,239.0029987094162
1776940103,100,,Aggregated,163.700000,0.000000,550,760,860,890,1000,1200,1700,2000,60000,108000,146000,79126,43,550,808.3326971556103,164.8920419975184,146074.61962500383,239.0056365796325
1776940104,100,,Aggregated,161.100000,0.000000,560,770,860,890,1000,1200,1700,2000,60000,108000,146000,79309,43,560,808.2251714912155,164.8920419975184,146074.61962500383,239.00482921232143
1776940105,100,,Aggregated,160.200000,0.000000,560,770,860,890,1000,1200,1700,2000,60000,108000,146000,79420,43,560,808.213566539307,164.8920419975184,146074.61962500383,239.00355074288592
1776940106,100,,Aggregated,160.000000,0.000000,560,770,860,890,1000,1200,1700,2000,60000,108000,146000,79505,43,560,807.8823227681245,164.8920419975184,146074.61962500383,239.00386139236525
1776940107,100,,Aggregated,152.200000,0.000000,560,770,860,890,1000,1200,1800,2000,60000,108000,146000,79666,43,560,808.2097235863188,164.8920419975184,146074.61962500383,239.00021339090705
1776940108,100,,Aggregated,148.900000,0.000000,560,770,860,890,1000,1200,1800,2000,60000,108000,146000,79846,43,560,807.7225293123474,164.8920419975184,146074.61962500383,239.0084287252962
1776940109,100,,Aggregated,144.000000,0.000000,560,770,860,890,1000,1200,1800,2000,60000,108000,146000,79986,43,560,807.3717415539691,164.8920419975184,146074.61962500383,239.00841397244517
1776940110,100,,Aggregated,148.500000,0.000000,560,770,860,890,1000,1200,1800,2000,60000,108000,146000,80119,43,560,807.046658876993,164.8920419975184,146074.61962500383,239.00495512924525
1776940111,100,,Aggregated,148.100000,0.000000,560,770,860,890,1000,1200,1800,2000,60000,108000,146000,80305,43,560,806.5792633255309,164.8920419975184,146074.61962500383,239.00709793910715
1776940112,100,,Aggregated,146.600000,0.000000,560,770,860,890,1000,1200,1800,2000,60000,108000,146000,80451,43,560,806.4985466109157,164.8920419975184,146074.61962500383,239.00834048054094
1776940113,100,,Aggregated,145.500000,0.000000,560,770,860,890,1000,1200,1800,2000,60000,108000,146000,80607,43,560,806.1518397174038,164.8920419975184,146074.61962500383,239.00558264170604
1776940114,100,,Aggregated,147.000000,0.000000,560,770,860,890,1000,1200,1800,2000,60000,108000,146000,80767,43,560,805.7792032179445,164.8920419975184,146074.61962500383,239.0056830141023
1776940115,100,,Aggregated,145.600000,0.000000,560,770,860,890,1000,1200,1800,2000,60000,108000,146000,80918,43,560,805.4381755533968,164.8920419975184,146074.61962500383,239.0069205862725
1776940116,100,,Aggregated,144.900000,0.000000,560,770,860,890,1000,1200,1800,2000,60000,108000,146000,81071,43,560,805.1086435656856,164.8920419975184,146074.61962500383,239.0081040075983
1776940117,100,,Aggregated,153.500000,0.000000,560,770,860,890,1000,1200,1800,2000,60000,108000,146000,81231,43,560,804.8951827772372,164.8920419975184,146074.61962500383,239.01201511738128
1776940118,100,,Aggregated,155.200000,0.000000,560,770,860,890,1000,1200,1800,2000,60000,108000,146000,81347,43,560,804.6399521720256,164.8920419975184,146074.61962500383,239.0103507197561
1776940119,100,,Aggregated,161.200000,0.000000,560,770,860,890,1000,1200,1800,2000,60000,108000,146000,81496,43,560,804.4707262478624,164.8920419975184,146074.61962500383,239.01031952488466
1776940120,100,,Aggregated,155.900000,0.000000,560,770,860,890,1000,1200,1700,2000,60000,108000,146000,81636,43,560,804.8238669675002,164.8920419975184,146074.61962500383,239.00700671272477
1776940121,100,,Aggregated,150.500000,0.000000,560,770,860,890,1000,1200,1700,2000,60000,108000,146000,81791,43,560,804.5402008238915,164.8920419975184,146074.61962500383,239.00426697313884
1776940122,100,,Aggregated,142.400000,0.000000,560,770,860,890,1000,1200,1700,2000,60000,108000,146000,81919,43,560,804.1853956926956,164.8920419975184,146074.61962500383,239.00449224233694
1776940123,100,,Aggregated,144.100000,0.000000,560,770,860,890,1000,1200,1700,2000,60000,108000,146000,82064,43,560,803.941194379313,164.8920419975184,146074.61962500383,239.0063243322285
1776940124,100,,Aggregated,145.500000,0.000000,560,770,860,890,1000,1200,1700,2000,60000,108000,146000,82225,43,560,803.5878456999321,164.8920419975184,146074.61962500383,239.01060504712677
1776940125,100,,Aggregated,145.000000,0.000000,560,770,860,890,1000,1200,1700,2000,60000,108000,146000,82391,43,560,803.2407999176121,164.8920419975184,146074.61962500383,239.0094063672003
1776940126,100,,Aggregated,145.800000,0.000000,560,770,860,890,1000,1200,1700,2000,60000,108000,146000,82574,43,560,802.8889839094498,164.8920419975184,146074.61962500383,239.0075447477414
1776940127,100,,Aggregated,144.700000,0.000000,560,770,860,890,1000,1200,1700,2000,60000,108000,146000,82722,43,560,802.6075813497852,164.8920419975184,146074.61962500383,239.00757960397476
1776940128,100,,Aggregated,146.800000,0.000000,560,770,860,890,1000,1200,1700,2000,60000,108000,146000,82875,43,560,802.2408194606087,164.8920419975184,146074.61962500383,239.01158371040725
1776940129,100,,Aggregated,146.600000,0.000000,560,770,860,890,1000,1200,1700,2000,60000,108000,146000,83051,43,560,801.9502499344974,164.8920419975184,146074.61962500383,239.010054063166
1776940130,100,,Aggregated,145.500000,0.000000,560,770,860,890,1000,1200,1700,2000,60000,108000,146000,83187,43,560,801.6676206676153,164.8920419975184,146074.61962500383,239.01143207472322
1776940131,100,,Aggregated,149.700000,0.000000,560,770,860,890,1000,1200,1700,2000,60000,108000,146000,83344,43,560,801.3008087657415,164.8920419975184,146074.61962500383,239.01696582837397
1776940132,100,,Aggregated,161.000000,0.000000,560,770,860,890,1000,1200,1700,2000,60000,108000,146000,83464,43,560,801.2683357622935,164.8920419975184,146074.61962500383,239.01785200805136
1776940133,100,,Aggregated,158.600000,0.000000,560,770,860,890,1000,1200,1700,2000,60000,108000,146000,83569,43,560,801.2266196937384,164.8920419975184,146074.61962500383,239.01373715133602
1776940134,100,,Aggregated,154.900000,0.000000,560,770,860,890,1000,1200,1700,2000,60000,108000,146000,83733,43,560,801.2922900884718,164.8920419975184,146074.61962500383,239.01397298556125
1776940135,100,,Aggregated,152.000000,0.000000,560,770,860,890,1000,1200,1700,2000,60000,108000,146000,83888,43,560,801.0532049213231,164.8920419975184,146074.61962500383,239.01001335113486
1776940136,100,,Aggregated,146.500000,0.000000,560,770,860,890,1000,1200,1700,2000,60000,108000,146000,84043,43,560,800.5955183430981,164.8920419975184,146074.61962500383,239.00746046666586
1776940137,100,,Aggregated,144.800000,0.000000,560,770,860,890,1000,1200,1700,2000,60000,108000,146000,84209,43,560,800.1640707646444,164.8920419975184,146074.61962500383,239.00751701124582
1776940138,100,,Aggregated,145.100000,0.000000,560,770,860,890,1000,1200,1700,2000,60000,108000,146000,84389,43,560,800.0123163808428,164.8920419975184,146074.61962500383,239.00707438173222
1776940139,100,,Aggregated,147.100000,0.000000,560,770,860,890,1000,1200,1700,2000,60000,108000,146000,84521,43,560,799.613147671654,164.8920419975184,146074.61962500383,239.01026963713161
1776940140,100,,Aggregated,146.800000,0.000000,560,770,860,890,1000,1200,1700,2000,60000,108000,146000,84705,43,560,799.2782797417608,164.8920419975184,146074.61962500383,239.00768549672392
1776940141,100,,Aggregated,149.100000,0.000000,560,770,860,890,1000,1200,1700,2000,60000,108000,146000,84873,43,560,798.8710776182514,164.8920419975184,146074.61962500383,239.00710473295393
1776940142,100,,Aggregated,146.400000,0.000000,560,770,860,890,1000,1200,1700,2000,58000,108000,146000,85017,43,560,798.5454758149649,164.8920419975184,146074.61962500383,239.00598703788654
1776940143,100,,Aggregated,151.700000,0.000000,560,770,860,890,1000,1200,1700,2000,58000,108000,146000,85170,43,560,798.1810096320638,164.8920419975184,146074.61962500383,239.00685687448632
1776940144,100,,Aggregated,153.900000,0.000000,560,770,860,890,1000,1200,1700,2000,58000,108000,146000,85351,43,560,797.9433205306558,164.8920419975184,146074.61962500383,239.0095488043491
1776940145,100,,Aggregated,158.000000,0.000000,560,780,860,890,1000,1200,1700,2000,58000,108000,146000,85479,43,560,797.6826225255203,164.8920419975184,146074.61962500383,239.0098971677254
1776940146,100,,Aggregated,162.300000,0.000000,560,780,860,890,1000,1200,1700,2000,58000,108000,146000,85603,43,560,797.5296540710477,164.8920419975184,146074.61962500383,239.01231265259395
1776940147,100,,Aggregated,163.200000,0.000000,560,780,860,890,1000,1200,1700,2000,58000,108000,146000,85692,43,560,797.5168965293841,164.8920419975184,146074.61962500383,239.00790038743406
1776940148,100,,Aggregated,159.700000,0.000000,560,780,860,890,1000,1200,1700,2000,58000,108000,146000,85808,43,560,797.7650718452236,164.8920419975184,146074.61962500383,239.00794797687863
1776940149,100,,Aggregated,155.100000,0.000000,560,780,860,890,1000,1200,1700,2000,58000,108000,146000,85987,43,560,797.6661440045474,164.8920419975184,146074.61962500383,239.0089083233512
1776940150,100,,Aggregated,149.000000,0.000000,560,780,860,890,1000,1200,1700,2000,58000,108000,146000,86139,43,560,797.3776726789379,164.8920419975184,146074.61962500383,239.00697709516015
1776940151,100,,Aggregated,144.500000,0.000000,560,780,860,890,1000,1200,1700,2000,58000,108000,146000,86313,43,560,797.030439858074,164.8920419975184,146074.61962500383,239.00845759039774
1776940152,100,,Aggregated,146.500000,0.000000,560,780,860,890,1000,1200,1700,2000,58000,108000,146000,86474,43,560,796.7283089537538,164.8920419975184,146074.61962500383,239.00500728542684
1776940153,100,,Aggregated,142.600000,0.000000,560,780,860,890,1000,1200,1700,2000,58000,108000,146000,86631,43,560,796.4699424139262,164.8920419975184,146074.61962500383,239.0119703108587
1776940154,100,,Aggregated,141.400000,0.000000,560,780,860,890,1000,1200,1700,2000,58000,108000,146000,86778,43,560,796.2575274974753,164.8920419975184,146074.61962500383,239.01192698610248
1776940155,100,,Aggregated,144.800000,0.000000,560,780,860,890,1000,1200,1700,2000,58000,108000,146000,86907,43,560,795.764662135029,164.8920419975184,146074.61962500383,239.01592506932698
1776940156,100,,Aggregated,142.400000,0.000000,560,780,860,890,1000,1200,1700,2000,58000,108000,146000,87061,43,560,795.5384056088488,164.8920419975184,146074.61962500383,239.01516178311758
1776940157,100,,Aggregated,143.700000,0.000000,560,780,860,890,1000,1200,1700,2000,58000,108000,146000,87189,43,560,796.0940982893711,164.8920419975184,146074.61962500383,239.01430226290015
1776940158,100,,Aggregated,144.700000,0.000000,560,780,860,890,1000,1200,1700,2000,58000,108000,146000,87276,43,560,795.6850834613182,164.8920419975184,146074.61962500383,239.0181836931115
1776940159,100,,Aggregated,139.900000,0.000000,560,780,860,890,1000,1200,1800,2000,58000,108000,146000,87444,43,560,795.9452796652255,164.8920419975184,146074.61962500383,239.01621609258495
1776940160,100,,Aggregated,148.400000,0.000000,560,780,860,890,1000,1200,1800,2000,58000,108000,146000,87573,43,560,795.7693578514147,164.8920419975184,146074.61962500383,239.01607801491326
1776940161,100,,Aggregated,141.100000,0.000000,560,780,860,890,1000,1200,1800,2000,58000,108000,146000,87690,43,560,795.665953063244,164.8920419975184,146074.61962500383,239.0110959060326
1776940162,100,,Aggregated,141.200000,0.000000,560,780,860,890,1000,1200,1800,2000,58000,108000,146000,87868,43,560,795.5661261071476,164.8920419975184,146074.61962500383,239.0149656302636
1776940163,100,,Aggregated,140.100000,0.000000,560,780,860,890,1000,1200,1800,2000,55000,108000,146000,88010,43,560,795.4607870013748,164.8920419975184,146074.61962500383,239.01561186228838
1776940164,100,,Aggregated,140.700000,0.000000,560,780,860,890,1000,1200,1800,2000,55000,108000,146000,88156,43,560,795.0542119778116,164.8920419975184,146074.61962500383,239.01819501792278
1776940165,100,,Aggregated,133.800000,0.000000,560,780,860,890,1000,1200,1800,2000,55000,108000,146000,88304,43,560,794.8509523854975,164.8920419975184,146074.61962500383,239.0169641239355
1776940166,100,,Aggregated,138.200000,0.000000,560,780,860,890,1000,1200,1800,2000,55000,108000,146000,88466,43,560,794.5025963410236,164.8920419975184,146074.61962500383,239.01683132502882
1776940167,100,,Aggregated,135.100000,0.000000,560,780,860,890,1000,1200,1800,2000,55000,108000,146000,88620,43,560,794.1644009247568,164.8920419975184,146074.61962500383,239.01610245994132
1776940168,100,,Aggregated,134.300000,0.000000,560,780,860,890,1000,1200,1800,2000,55000,108000,146000,88785,43,560,794.0326512693922,164.8920419975184,146074.61962500383,239.01314411218112
1776940169,100,,Aggregated,147.200000,0.000000,560,780,860,890,1000,1200,1800,2000,55000,108000,146000,88919,43,560,793.840520141916,164.8920419975184,146074.61962500383,239.01387779889563
1776940170,100,,Aggregated,140.300000,0.000000,560,780,860,890,1000,1200,1800,2000,54000,108000,146000,89046,43,560,793.5891666984708,164.8920419975184,146074.61962500383,239.00942209644452
1776940171,100,,Aggregated,150.200000,0.000000,560,780,860,890,1000,1200,1800,2000,54000,108000,146000,89210,43,560,793.4093051815834,164.8920419975184,146074.61962500383,239.00891155700035
1776940172,100,,Aggregated,148.200000,0.000000,560,780,870,890,1000,1200,1700,2000,54000,108000,146000,89385,43,560,793.3184866998489,164.8920419975184,146074.61962500383,239.005414778766
1776940173,100,,Aggregated,148.200000,0.000000,560,780,870,890,1000,1200,1700,2000,54000,108000,146000,89534,43,560,792.9886788840317,164.8920419975184,146074.61962500383,239.0043112113834
1776940174,100,,Aggregated,150.900000,0.000000,560,780,870,890,1000,1200,1700,2000,54000,108000,146000,89685,43,560,792.7348679228172,164.8920419975184,146074.61962500383,239.0029993867425
1776940175,100,,Aggregated,154.000000,0.000000,560,780,870,890,1000,1200,1700,2000,54000,108000,146000,89777,43,560,792.6429629042385,164.8920419975184,146074.61962500383,239.00729585528586
1776940176,100,,Aggregated,150.700000,0.000000,560,780,870,890,1000,1200,1700,2000,54000,108000,146000,89907,43,560,792.6779866123528,164.8920419975184,146074.61962500383,239.00825297251603
1776940177,100,,Aggregated,151.300000,0.000000,560,780,870,890,1000,1200,1700,2000,53000,108000,146000,90035,43,560,792.7179386690824,164.8920419975184,146074.61962500383,239.01238407286056
1776940178,100,,Aggregated,147.800000,0.000000,560,780,870,890,1000,1200,1700,2000,53000,108000,146000,90226,43,560,792.2852121314676,164.8920419975184,146074.61962500383,239.01211402478222
1776940179,100,,Aggregated,138.200000,0.000000,560,780,870,890,1000,1200,1700,2000,53000,108000,146000,90376,43,560,792.0907621799581,164.8920419975184,146074.61962500383,239.01306762857396
1776940180,100,,Aggregated,144.500000,0.000000,560,780,870,890,1000,1200,1700,2000,53000,108000,146000,90502,43,560,791.8448519045644,164.8920419975184,146074.61962500383,239.01523723232637
1776940181,100,,Aggregated,144.500000,0.000000,560,780,870,890,1000,1200,1700,2000,53000,108000,146000,90693,43,560,791.5857020294061,164.8920419975184,146074.61962500383,239.01506180190313
1776940182,100,,Aggregated,144.100000,0.000000,560,780,870,890,1000,1200,1700,2000,53000,108000,146000,90835,43,560,791.524660219475,164.8920419975184,146074.61962500383,239.01490614851105
1776940183,100,,Aggregated,143.400000,0.000000,560,780,870,890,1000,1200,1700,2000,53000,108000,146000,90950,43,560,791.1086531716,164.8920419975184,146074.61962500383,239.01408466190213
1776940184,100,,Aggregated,143.200000,0.000000,560,780,870,890,1000,1200,1700,2000,52000,108000,146000,91105,43,560,791.0677598768344,164.8920419975184,146074.61962500383,239.01584984358706
1776940185,100,,Aggregated,146.100000,0.000000,560,780,870,890,1000,1200,1700,2000,52000,108000,146000,91267,43,560,790.7522945962609,164.8920419975184,146074.61962500383,239.01650103542354
1776940186,100,,Aggregated,147.000000,0.000000,560,780,870,890,1000,1200,1700,2000,52000,108000,146000,91424,43,560,790.4868405118344,164.8920419975184,146074.61962500383,239.01669145957297
1776940187,100,,Aggregated,145.800000,0.000000,560,780,870,900,1000,1200,1700,2000,52000,108000,146000,91600,43,560,790.3368268026303,164.8920419975184,146074.61962500383,239.01758733624453
1776940188,100,,Aggregated,148.900000,0.000000,560,780,870,900,1000,1200,1700,2000,52000,108000,146000,91753,43,560,790.0394010713756,164.8920419975184,146074.61962500383,239.01719834773795
1776940189,100,,Aggregated,154.400000,0.000000,560,780,870,900,1000,1200,1700,2000,52000,108000,146000,91909,43,560,789.778000841908,164.8920419975184,146074.61962500383,239.01318695666365
1776940190,100,,Aggregated,156.800000,0.000000,560,780,870,900,1000,1200,1700,2000,51000,108000,146000,92072,43,560,789.6577198935937,164.8920419975184,146074.61962500383,239.01528151881138
1776940191,100,,Aggregated,155.000000,0.000000,560,780,870,900,1000,1200,1700,2000,51000,108000,146000,92191,43,560,789.5551824736258,164.8920419975184,146074.61962500383,239.01484960570988
1776940192,100,,Aggregated,152.900000,0.000000,560,780,870,900,1000,1200,1700,2000,51000,108000,146000,92221,43,560,789.6263099954574,164.8920419975184,146074.61962500383,239.01527851573937
1776940193,100,,Aggregated,152.900000,0.000000,560,780,870,900,1000,1200,1700,2000,51000,108000,146000,92221,43,560,789.6263099954574,164.8920419975184,146074.61962500383,239.01527851573937
1776940194,100,,Aggregated,152.900000,0.000000,560,780,870,900,1000,1200,1700,2000,51000,108000,146000,92221,43,560,789.6263099954574,164.8920419975184,146074.61962500383,239.01527851573937
1776940195,100,,Aggregated,152.900000,0.000000,560,780,870,900,1000,1200,1700,2000,51000,108000,146000,92221,43,560,789.6263099954574,164.8920419975184,146074.61962500383,239.01527851573937
1776940196,100,,Aggregated,152.900000,0.000000,560,780,870,900,1000,1200,1700,2000,51000,108000,146000,92221,43,560,789.6263099954574,164.8920419975184,146074.61962500383,239.01527851573937
1776940197,100,,Aggregated,152.900000,0.000000,560,780,870,900,1000,1200,1700,2000,51000,108000,146000,92221,43,560,789.6263099954574,164.8920419975184,146074.61962500383,239.01527851573937
1776940198,100,,Aggregated,152.900000,0.000000,560,780,870,900,1000,1200,1700,2000,51000,108000,146000,92221,43,560,789.6263099954574,164.8920419975184,146074.61962500383,239.01527851573937
1776940199,100,,Aggregated,152.900000,0.000000,560,780,870,900,1000,1200,1700,2000,51000,108000,146000,92221,43,560,789.6263099954574,164.8920419975184,146074.61962500383,239.01527851573937
1776940200,100,,Aggregated,152.900000,0.000000,560,780,870,900,1000,1200,1700,2000,51000,108000,146000,92221,43,560,789.6263099954574,164.8920419975184,146074.61962500383,239.01527851573937
1776940201,100,,Aggregated,152.900000,0.000000,560,780,870,900,1000,1200,1700,2000,51000,108000,146000,92221,43,560,789.6263099954574,164.8920419975184,146074.61962500383,239.01527851573937
1776940202,100,,Aggregated,30.000000,0.000000,560,780,870,900,1000,1200,1700,2000,51000,108000,146000,92224,43,560,789.9472092139689,164.8920419975184,146074.61962500383,239.01554909784872
1776940203,100,,Aggregated,14.300000,0.000000,560,780,870,900,1000,1200,1800,2000,51000,108000,146000,92324,43,560,795.9579169032437,164.8920419975184,146074.61962500383,239.0145465967679
1776940204,100,,Aggregated,1.700000,0.000000,560,780,870,900,1000,1200,1800,2000,51000,108000,146000,92388,43,560,797.2573725479945,164.8920419975184,146074.61962500383,239.0142118023986
1776940205,100,,Aggregated,0.400000,0.000000,560,780,870,900,1000,1200,1800,2000,51000,108000,146000,92491,43,560,799.3188995488333,164.8920419975184,146074.61962500383,239.01386080807862
1776940206,100,,Aggregated,10.400000,0.000000,560,780,870,900,1000,1200,1800,2000,51000,108000,146000,92615,43,560,799.948645599202,164.8920419975184,146074.61962500383,239.0147924202343
1776940207,100,,Aggregated,19.000000,0.000000,560,780,870,900,1000,1200,1800,2000,51000,108000,146000,92766,43,560,800.2179902350008,164.8920419975184,146074.61962500383,239.01948989931657
1776940208,100,,Aggregated,27.500000,0.000000,560,780,870,900,1000,1200,1800,2000,51000,108000,146000,92916,43,560,800.5242760757044,164.8920419975184,146074.61962500383,239.0180377975806
1776940209,100,,Aggregated,40.100000,0.000000,560,780,870,900,1000,1200,1800,2000,50000,108000,146000,93099,43,560,801.1571507828894,164.8920419975184,146074.61962500383,239.02034393495097
1776940210,100,,Aggregated,55.300000,0.000000,560,780,870,900,1000,1200,1800,2000,50000,108000,146000,93249,43,560,801.1095560129244,164.8920419975184,146074.61962500383,239.02248817681692
1776940211,100,,Aggregated,69.500000,0.000000,560,780,870,900,1000,1200,1800,2000,50000,108000,146000,93333,43,560,800.7646300069231,164.8920419975184,146074.61962500383,239.0231000825003
1776940212,100,,Aggregated,87.800000,0.000000,560,780,870,900,1000,1200,1800,2000,50000,108000,146000,93506,43,560,800.7569929271293,164.8920419975184,146074.61962500383,239.0210253887451
1776940213,100,,Aggregated,103.000000,0.000000,560,780,870,900,1000,1200,1800,2000,50000,108000,146000,93659,43,560,800.5125834305535,164.8920419975184,146074.61962500383,239.01930407115174
1776940214,100,,Aggregated,111.200000,0.000000,560,780,870,900,1000,1200,1800,2000,50000,108000,146000,93824,43,560,800.1587499602789,164.8920419975184,146074.61962500383,239.01792718281038
1776940215,100,,Aggregated,128.100000,0.000000,560,780,870,900,1000,1200,1800,2000,50000,108000,146000,93976,43,560,799.8720216214901,164.8920419975184,146074.61962500383,239.01964331318635
1776940216,100,,Aggregated,133.400000,0.000000,560,780,870,900,1000,1200,1800,2000,49000,108000,146000,94118,43,560,799.6276288854423,164.8920419975184,146074.61962500383,239.0219511676831
1776940217,100,,Aggregated,141.300000,0.000000,560,780,870,900,1000,1200,1800,2000,49000,108000,146000,94295,43,560,799.3912072391424,164.8920419975184,146074.61962500383,239.0232992205313
1776940218,100,,Aggregated,148.000000,0.000000,560,780,870,900,1000,1200,1800,2000,49000,108000,146000,94421,43,560,799.1946044231254,164.8920419975184,146074.61962500383,239.02220904247994
1776940220,100,,Aggregated,149.700000,0.000000,560,780,870,900,1000,1200,1800,2000,49000,108000,146000,94556,43,560,799.1090766726494,164.8920419975184,146074.61962500383,239.02216675832312
1776940221,100,,Aggregated,152.100000,0.000000,560,780,870,900,1000,1200,1800,2000,49000,108000,146000,94616,43,560,798.9582370602229,164.8920419975184,146074.61962500383,239.02014458442548
1776940222,100,,Aggregated,150.500000,0.000000,560,780,870,900,1000,1200,1800,2000,49000,108000,146000,94775,43,560,799.3364154341969,164.8920419975184,146074.61962500383,239.02123977842257
1776940223,100,,Aggregated,145.700000,0.000000,560,780,870,900,1000,1200,1800,2000,49000,108000,146000,94940,43,560,799.3408339695491,164.8920419975184,146074.61962500383,239.02209816726352
1776940224,100,,Aggregated,144.200000,0.000000,560,780,870,900,1000,1200,1800,2000,49000,108000,146000,95128,43,560,799.0272646353444,164.8920419975184,146074.61962500383,239.02358926919518
1776940225,100,,Aggregated,144.200000,0.000000,560,790,870,900,1000,1200,1800,2000,49000,108000,146000,95271,43,560,798.7496158399514,164.8920419975184,146074.61962500383,239.01956524020952
1776940226,100,,Aggregated,143.400000,0.000000,560,790,870,900,1000,1200,1800,2000,49000,108000,146000,95433,43,560,798.3990724690203,164.8920419975184,146074.61962500383,239.01918623536932
1776940227,100,,Aggregated,144.700000,0.000000,560,790,870,900,1000,1200,1800,2000,49000,108000,146000,95611,43,560,798.1641960528702,164.8920419975184,146074.61962500383,239.0226752151949
1776940228,100,,Aggregated,145.700000,0.000000,560,790,870,900,1000,1200,1800,2000,49000,108000,146000,95765,43,560,797.8332036802158,164.8920419975184,146074.61962500383,239.02121860805096
1776940229,100,,Aggregated,147.900000,0.000000,560,790,870,900,1000,1200,1800,2000,49000,108000,146000,95913,43,560,797.5024382998744,164.8920419975184,146074.61962500383,239.0214152408954
1776940230,100,,Aggregated,144.300000,0.000000,560,790,870,900,1000,1200,1800,2000,49000,108000,146000,96088,43,560,797.2572487675142,164.8920419975184,146074.61962500383,239.02308300724337
1776940231,100,,Aggregated,148.600000,0.000000,560,790,870,900,1000,1200,1800,2000,49000,108000,146000,96238,43,560,796.9514701866401,164.8920419975184,146074.61962500383,239.02467840146304
1776940232,100,,Aggregated,152.800000,0.000000,560,790,870,890,1000,1200,1800,2000,49000,108000,146000,96405,43,560,796.6801298653052,164.8920419975184,146074.61962500383,239.02644053731652
1776940233,100,,Aggregated,152.800000,0.000000,560,790,870,890,1000,1200,1800,2000,49000,108000,146000,96503,43,560,796.6507110823568,164.8920419975184,146074.61962500383,239.02693180522886
1776940234,100,,Aggregated,160.400000,0.000000,560,790,870,900,1000,1200,1800,2000,49000,108000,146000,96622,43,560,796.6556350162871,164.8920419975184,146074.61962500383,239.027095278508
1776940235,100,,Aggregated,160.400000,0.000000,560,790,870,900,1000,1200,1800,2000,49000,108000,146000,96739,43,560,796.8352003242827,164.8920419975184,146074.61962500383,239.0283132966022
1776940236,100,,Aggregated,156.300000,0.000000,560,790,870,900,1000,1200,1800,2000,49000,108000,146000,96879,43,560,796.6304861330093,164.8920419975184,146074.61962500383,239.03119355071792
1776940237,100,,Aggregated,146.800000,0.000000,560,790,870,900,1000,1200,1800,2000,47000,108000,146000,97066,43,560,796.377563558876,164.8920419975184,146074.61962500383,239.03541919930768
1776940238,100,,Aggregated,144.600000,0.000000,560,790,870,890,1000,1200,1800,2000,47000,108000,146000,97229,43,560,795.9888925357632,164.8920419975184,146074.61962500383,239.03423875592674
1776940239,100,,Aggregated,144.000000,0.000000,560,790,870,890,1000,1200,1800,2000,47000,108000,146000,97410,43,560,795.712652692986,164.8920419975184,146074.61962500383,239.03077712760498
1776940240,100,,Aggregated,147.100000,0.000000,560,790,870,890,1000,1200,1800,2000,47000,108000,146000,97550,43,560,795.4180031324937,164.8920419975184,146074.61962500383,239.03392106611994
1776940241,100,,Aggregated,146.100000,0.000000,560,790,870,890,1000,1200,1800,2000,47000,108000,146000,97738,43,560,795.1090463512832,164.8920419975184,146074.61962500383,239.03597372567475
1776940242,100,,Aggregated,145.800000,0.000000,560,790,870,890,1000,1200,1800,2000,47000,108000,146000,97881,43,560,794.9297181312693,164.8920419975184,146074.61962500383,239.03629917961607
1776940243,100,,Aggregated,145.400000,0.000000,560,790,870,890,1000,1200,1800,2000,47000,108000,146000,98050,43,560,794.6109954269535,164.8920419975184,146074.61962500383,239.03055583885774
1776940244,100,,Aggregated,146.900000,0.000000,560,790,870,890,1000,1200,1800,2000,47000,108000,146000,98197,43,560,794.3726584908072,164.8920419975184,146074.61962500383,239.03042862816582
1776940245,100,,Aggregated,151.200000,0.000000,560,790,870,890,1000,1200,1800,2000,47000,108000,146000,98353,43,560,794.0495068933734,164.8920419975184,146074.61962500383,239.03145811515662
1776940246,100,,Aggregated,154.000000,0.000000,560,790,870,890,1000,1200,1800,2000,47000,108000,146000,98505,43,560,793.8806978878634,164.8920419975184,146074.61962500383,239.02840464951018
1776940247,100,,Aggregated,160.700000,0.000000,560,790,870,890,1000,1200,1800,2000,47000,108000,146000,98650,43,560,793.6898332254623,164.8920419975184,146074.61962500383,239.0287176887988
1776940248,100,,Aggregated,162.200000,0.000000,560,790,870,890,1000,1200,1700,2000,47000,108000,146000,98785,43,560,793.6603321078692,164.8920419975184,146074.61962500383,239.03106746975755
1776940249,100,,Aggregated,160.800000,0.000000,560,790,870,890,1000,1200,1700,2000,47000,108000,146000,98913,43,560,793.6600633417324,164.8920419975184,146074.61962500383,239.0310070465965
1776940250,100,,Aggregated,155.700000,0.000000,560,790,870,900,1000,1200,1700,2000,47000,108000,146000,99036,43,560,793.6165296304747,164.8920419975184,146074.61962500383,239.03047376711498
1776940251,100,,Aggregated,153.000000,0.000000,560,790,870,890,1000,1200,1700,2000,47000,108000,146000,99190,43,560,793.3331824085269,164.8920419975184,146074.61962500383,239.03011392277446
1776940252,100,,Aggregated,145.600000,0.000000,560,790,870,890,1000,1200,1700,2000,47000,108000,146000,99401,43,560,792.9020806182311,164.8920419975184,146074.61962500383,239.02829951408938
1776940253,100,,Aggregated,149.100000,0.000000,560,790,870,890,1000,1200,1700,2000,47000,108000,146000,99540,43,560,792.6710901579544,164.8920419975184,146074.61962500383,239.02938517179024
1776940254,100,,Aggregated,149.400000,0.000000,560,790,870,890,1000,1200,1700,2000,47000,108000,146000,99695,43,560,792.3912232704231,164.8920419975184,146074.61962500383,239.02929936305733
1776940255,100,,Aggregated,147.300000,0.000000,560,790,870,890,1000,1200,1700,2000,47000,108000,146000,99864,43,560,792.1445996499333,164.8920419975184,146074.61962500383,239.0307618360971
1776940256,100,,Aggregated,150.800000,0.000000,560,790,870,890,1000,1200,1700,2000,47000,108000,146000,99997,43,560,791.7976789114165,164.8920419975184,146074.61962500383,239.03063091892756
1776940257,100,,Aggregated,147.400000,0.000000,560,790,870,890,1000,1200,1700,2000,47000,108000,146000,100178,43,560,791.5183340876132,164.8920419975184,146074.61962500383,239.03000658827287
1776940258,100,,Aggregated,147.200000,0.000000,560,790,870,890,1000,1200,1700,2000,47000,108000,146000,100359,43,560,791.1998558876028,164.8920419975184,146074.61962500383,239.0288862981895
1776940259,100,,Aggregated,150.200000,0.000000,560,790,870,890,1000,1200,1700,2000,47000,108000,146000,100513,43,560,790.9833269438761,164.8920419975184,146074.61962500383,239.025648423587
1776940260,100,,Aggregated,156.000000,0.000000,560,790,870,890,1000,1200,1700,2000,47000,108000,146000,100669,43,560,790.6914673653451,164.8920419975184,146074.61962500383,239.02537027287448
1776940261,100,,Aggregated,156.600000,0.000000,560,790,870,890,1000,1200,1700,2000,47000,108000,146000,100842,43,560,790.435441886663,164.8920419975184,146074.61962500383,239.0256143273636
1776940262,100,,Aggregated,164.100000,0.000000,560,790,870,890,1000,1200,1700,2000,47000,108000,146000,100974,43,560,790.3484048214983,164.8920419975184,146074.61962500383,239.0252837364074
1776940263,100,,Aggregated,161.900000,0.000000,560,790,870,890,1000,1200,1700,2000,46000,108000,146000,101070,43,560,790.23285394392,164.8920419975184,146074.61962500383,239.02593252201444
1776940264,100,,Aggregated,158.800000,0.000000,560,790,870,890,1000,1200,1700,2000,46000,108000,146000,101211,43,560,790.3373745301597,164.8920419975184,146074.61962500383,239.0243649405697
1776940265,100,,Aggregated,157.200000,0.000000,560,790,870,890,1000,1200,1700,2000,46000,108000,146000,101372,43,560,790.2172903225056,164.8920419975184,146074.61962500383,239.0205776743085
1776940266,100,,Aggregated,149.800000,0.000000,560,790,870,890,1000,1200,1700,2000,46000,108000,146000,101521,43,560,789.931041120625,164.8920419975184,146074.61962500383,239.02165069296007
1776940267,100,,Aggregated,149.500000,0.000000,560,800,870,890,1000,1200,1700,2000,46000,108000,146000,101713,43,560,789.6359721677956,164.8920419975184,146074.61962500383,239.02251432953506
1776940268,100,,Aggregated,152.400000,0.000000,560,790,870,890,1000,1200,1700,2000,46000,108000,146000,101850,43,560,789.4093437352277,164.8920419975184,146074.61962500383,239.02187530682377
1776940269,100,,Aggregated,149.600000,0.000000,560,790,870,890,1000,1200,1700,2000,44000,108000,146000,102026,43,560,789.0698162238933,164.8920419975184,146074.61962500383,239.02566992727344
1776940270,100,,Aggregated,149.500000,0.000000,560,790,870,890,1000,1200,1700,2000,44000,108000,146000,102177,43,560,788.837248392691,164.8920419975184,146074.61962500383,239.03052546072013
1776940271,100,,Aggregated,150.300000,0.000000,560,790,870,890,1000,1200,1700,2000,44000,108000,146000,102335,43,560,788.5483611139974,164.8920419975184,146074.61962500383,239.03510040553084
1776940272,100,,Aggregated,148.100000,0.000000,560,800,870,890,1000,1200,1700,2000,44000,108000,146000,102513,43,560,788.3226756563546,164.8920419975184,146074.61962500383,239.04199467384623
1776940273,100,,Aggregated,150.300000,0.000000,560,790,870,890,1000,1200,1700,2000,44000,108000,146000,102659,43,560,788.0383421260666,162.68108299846062,146074.61962500383,239.03976270955297
1776940274,100,,Aggregated,152.700000,0.000000,560,790,870,890,1000,1200,1700,2000,44000,108000,146000,102829,43,560,787.6692246807021,162.68108299846062,146074.61962500383,239.04300343288372
1776940275,100,,Aggregated,154.400000,0.000000,560,790,870,890,1000,1200,1700,2000,44000,108000,146000,102993,43,560,787.5773905737276,162.68108299846062,146074.61962500383,239.0467992970396
1776940276,100,,Aggregated,160.800000,0.000000,560,790,870,890,1000,1200,1700,2000,43000,108000,146000,103147,43,560,787.3810064123046,162.68108299846062,146074.61962500383,239.04832908373487
1776940277,100,,Aggregated,157.400000,0.000000,560,790,870,890,1000,1200,1700,2000,43000,108000,146000,103212,43,560,787.2020243635816,162.68108299846062,146074.61962500383,239.04832771383172
1776940278,100,,Aggregated,158.700000,0.000000,560,790,870,900,1000,1200,1700,2000,43000,108000,146000,103352,43,560,787.4491787518477,162.68108299846062,146074.61962500383,239.0513874912919
1776940279,100,,Aggregated,154.600000,0.000000,560,790,870,900,1000,1200,1700,2000,43000,108000,146000,103490,43,560,787.355042120621,162.68108299846062,146074.61962500383,239.05273939511065
1776940280,100,,Aggregated,149.800000,0.000000,560,790,870,900,1000,1200,1700,2000,43000,108000,146000,103690,43,560,787.0666838932508,162.68108299846062,146074.61962500383,239.05489439675958
1776940281,100,,Aggregated,149.400000,0.000000,560,790,870,900,1000,1200,1700,2000,43000,108000,146000,103832,43,560,786.8429898074797,162.68108299846062,146074.61962500383,239.0560520841359
1776940282,100,,Aggregated,149.100000,0.000000,560,790,870,900,1000,1200,1700,2000,40000,108000,146000,104009,43,560,786.5382756037292,162.68108299846062,146074.61962500383,239.05798536665097
1776940283,100,,Aggregated,147.400000,0.000000,560,790,870,900,1000,1200,1700,2000,40000,108000,146000,104145,43,560,786.363159873785,162.68108299846062,146074.61962500383,239.0583513370781
1776940284,100,,Aggregated,149.700000,0.000000,560,790,870,900,1000,1200,1700,2000,40000,108000,146000,104309,43,560,786.1356428389807,162.68108299846062,146074.61962500383,239.05914158893287
1776940285,100,,Aggregated,150.100000,0.000000,560,790,870,900,1000,1200,1700,2000,40000,108000,146000,104476,43,560,785.8325105456112,162.68108299846062,146074.61962500383,239.05708488073816
1776940286,100,,Aggregated,147.900000,0.000000,560,790,870,900,1000,1200,1700,2000,40000,108000,146000,104628,43,560,785.5883023940468,162.68108299846062,146074.61962500383,239.05681079634513
1776940287,100,,Aggregated,151.400000,0.000000,560,790,870,900,1000,1200,1700,2000,40000,108000,146000,104787,43,560,785.4677066396337,162.68108299846062,146074.61962500383,239.05464418296162
1776940288,100,,Aggregated,151.300000,0.000000,560,790,870,890,1000,1200,1700,2000,40000,108000,146000,104958,43,560,785.1121951707274,162.68108299846062,146074.61962500383,239.05436460298404
1776940289,100,,Aggregated,150.800000,0.000000,560,790,870,890,1000,1200,1700,2000,40000,108000,146000,105109,43,560,784.8359647812194,162.68108299846062,146074.61962500383,239.0562654006793
1776940290,100,,Aggregated,156.900000,0.000000,560,790,870,900,1000,1200,1700,2000,40000,108000,146000,105276,43,560,784.642081999403,162.68108299846062,146074.61962500383,239.05540674037766
1776940291,100,,Aggregated,160.800000,0.000000,560,790,870,900,1000,1200,1700,2000,40000,108000,146000,105400,43,560,784.6955909826571,162.68108299846062,146074.61962500383,239.05568311195447
1776940292,100,,Aggregated,162.000000,0.000000,560,790,870,900,1000,1200,1700,2000,40000,108000,146000,105518,43,560,784.7315038717857,162.68108299846062,146074.61962500383,239.05289144980003
1776940293,100,,Aggregated,156.400000,0.000000,560,790,870,900,1000,1200,1700,2000,40000,108000,146000,105603,43,560,784.5465589792052,162.68108299846062,146074.61962500383,239.0512201357916
1776940294,100,,Aggregated,149.100000,0.000000,560,790,870,900,1000,1200,1700,2000,40000,108000,146000,105766,43,560,784.7763982427906,162.68108299846062,146074.61962500383,239.05285252349526
1776940295,100,,Aggregated,146.100000,0.000000,560,790,870,900,1000,1200,1700,2000,40000,108000,146000,105837,43,560,784.5632943638706,162.68108299846062,146074.61962500383,239.05057777525818
1776940296,100,,Aggregated,146.300000,0.000000,560,790,870,900,1000,1200,1700,2000,40000,108000,146000,106007,43,560,784.9319993672777,162.68108299846062,146074.61962500383,239.05622270227437
1776940297,100,,Aggregated,138.600000,0.000000,560,790,870,900,1000,1200,1700,2000,40000,108000,146000,106083,43,560,784.7418666736799,162.68108299846062,146074.61962500383,239.05646522062912
1776940298,100,,Aggregated,135.600000,0.000000,560,790,870,900,1000,1200,1700,2000,40000,108000,146000,106274,43,560,784.7590399310276,162.68108299846062,146074.61962500383,239.0582927150573
1776940299,100,,Aggregated,133.300000,0.000000,560,790,870,900,1000,1200,1700,2000,40000,108000,146000,106457,43,560,784.5459082262316,162.68108299846062,146074.61962500383,239.05306367829263
1776940300,100,,Aggregated,132.200000,0.000000,560,790,870,900,1000,1200,1700,2000,40000,108000,146000,106605,43,560,784.3374766181606,162.68108299846062,146074.61962500383,239.052586651658
1776940301,100,,Aggregated,128.500000,0.000000,560,790,870,900,1000,1200,1700,2000,40000,108000,146000,106773,43,560,784.0119301317947,162.68108299846062,146074.61962500383,239.05227913423806
1776940302,100,,Aggregated,125.400000,0.000000,560,790,870,900,1000,1200,1700,2000,40000,108000,146000,106943,43,560,783.7465033192365,162.68108299846062,146074.61962500383,239.0551228224381
1776940303,100,,Aggregated,132.900000,0.000000,560,790,870,900,1000,1200,1700,2000,40000,108000,146000,107114,43,560,783.4359931899389,162.68108299846062,146074.61962500383,239.05159923072614
1776940304,100,,Aggregated,139.700000,0.000000,560,790,870,900,1000,1200,1700,2000,40000,108000,146000,107254,43,560,783.2431304567115,162.68108299846062,146074.61962500383,239.05322878400807
1776940305,100,,Aggregated,142.600000,0.000000,560,790,870,900,1000,1200,1700,2000,40000,108000,146000,107399,43,560,783.037730408488,162.68108299846062,146074.61962500383,239.05338969636588
1776940306,100,,Aggregated,142.000000,0.000000,560,790,870,900,1000,1200,1700,2000,40000,108000,146000,107447,43,560,782.9555282815368,162.68108299846062,146074.61962500383,239.05239792641953
1776940307,100,,Aggregated,151.200000,0.000000,560,790,870,900,1000,1200,1800,2000,40000,108000,146000,107592,43,560,783.5038050437519,162.68108299846062,146074.61962500383,239.0559149379136
1776940308,100,,Aggregated,148.400000,0.000000,560,790,870,900,1000,1200,1800,2000,40000,108000,146000,107751,43,560,783.1943298784079,162.68108299846062,146074.61962500383,239.05799482139378
1776940309,100,,Aggregated,149.700000,0.000000,560,790,870,900,1000,1200,1800,2000,40000,108000,146000,107931,43,560,782.9950171140857,162.68108299846062,146074.61962500383,239.05980672837276
1776940310,100,,Aggregated,145.900000,0.000000,560,800,870,900,1000,1200,1800,2000,40000,108000,146000,108072,43,560,782.8145400078225,162.68108299846062,146074.61962500383,239.0606817677104
1776940311,100,,Aggregated,146.700000,0.000000,560,800,870,900,1000,1200,1800,2000,40000,108000,146000,108235,43,560,782.5571053954296,162.68108299846062,146074.61962500383,239.06046103386151
1776940312,100,,Aggregated,151.700000,0.000000,560,800,870,900,1000,1200,1700,2000,40000,108000,146000,108391,43,560,782.4248976100811,162.68108299846062,146074.61962500383,239.06030020942697
1776940313,100,,Aggregated,148.200000,0.000000,560,800,870,900,1000,1200,1700,2000,40000,108000,146000,108584,43,560,782.0537775983325,162.68108299846062,146074.61962500383,239.0635360642452
1776940314,100,,Aggregated,146.100000,0.000000,560,800,870,900,1000,1200,1700,2000,40000,108000,146000,108728,43,560,781.8025834826849,162.68108299846062,146074.61962500383,239.06219189169303
1776940315,100,,Aggregated,148.700000,0.000000,560,800,870,900,1000,1200,1700,2000,40000,108000,146000,108876,43,560,781.6354517015073,162.68108299846062,146074.61962500383,239.06148278775856
1776940316,100,,Aggregated,150.800000,0.000000,560,800,870,900,1000,1200,1700,2000,39000,108000,146000,109065,43,560,781.3343732628013,162.68108299846062,146074.61962500383,239.05993673497457
1776940317,100,,Aggregated,147.700000,0.000000,560,800,870,900,1000,1200,1700,2000,39000,108000,146000,109211,43,560,781.1671122676878,162.68108299846062,146074.61962500383,239.06141322760527
1776940318,100,,Aggregated,151.400000,0.000000,560,800,870,900,1000,1200,1700,2000,39000,108000,146000,109385,43,560,781.0093990475887,162.68108299846062,146074.61962500383,239.06104127622618
1776940319,100,,Aggregated,158.700000,0.000000,560,800,870,900,1000,1200,1700,2000,39000,108000,146000,109489,43,560,780.8105420189744,162.68108299846062,146074.61962500383,239.0618874955475
1776940320,100,,Aggregated,161.500000,0.000000,560,800,870,900,1000,1200,1700,2000,39000,108000,146000,109608,43,560,780.9033298476977,162.68108299846062,146074.61962500383,239.0646668126414
1776940321,100,,Aggregated,159.700000,0.000000,560,800,870,900,1000,1200,1700,2000,39000,108000,146000,109747,43,560,780.9314891940043,162.68108299846062,146074.61962500383,239.06400174947834
1776940322,100,,Aggregated,155.100000,0.000000,560,800,870,900,1000,1200,1700,2000,39000,108000,146000,109817,43,560,780.7980792616571,162.68108299846062,146074.61962500383,239.06281358988136
1776940323,100,,Aggregated,148.700000,0.000000,560,800,870,900,1000,1200,1800,2000,39000,108000,146000,109977,43,560,781.0028383668895,162.68108299846062,146074.61962500383,239.0623221218982
1776940324,100,,Aggregated,147.600000,0.000000,560,800,870,900,1000,1200,1800,2000,39000,108000,146000,110124,43,560,780.7952490593185,162.68108299846062,146074.61962500383,239.06381896770912
1776940325,100,,Aggregated,144.300000,0.000000,560,800,870,900,1000,1200,1800,2000,39000,108000,146000,110196,43,560,780.606043366586,162.68108299846062,146074.61962500383,239.0631238883444
1776940326,100,,Aggregated,141.900000,0.000000,560,800,870,900,1000,1200,1800,2000,39000,108000,146000,110402,43,560,781.0265594987895,162.68108299846062,146074.61962500383,239.06090469375556
1776940327,100,,Aggregated,137.700000,0.000000,560,800,870,900,1000,1200,1800,2000,39000,108000,146000,110549,43,560,780.7902587219274,162.68108299846062,146074.61962500383,239.0619182443984
1776940328,100,,Aggregated,133.800000,0.000000,560,800,870,900,1000,1200,1800,2000,39000,108000,146000,110679,43,560,780.5157022119146,162.68108299846062,146074.61962500383,239.06228823896132
1776940329,100,,Aggregated,132.200000,0.000000,560,800,870,900,1000,1200,1800,2000,39000,108000,146000,110859,43,560,780.2633020059308,162.68108299846062,146074.61962500383,239.06098738036604
1776940330,100,,Aggregated,130.900000,0.000000,560,800,870,900,1000,1200,1800,2000,38000,108000,146000,111045,43,560,780.0241929032865,162.68108299846062,146074.61962500383,239.06297446980955
1776940331,100,,Aggregated,135.000000,0.000000,560,800,870,900,1000,1200,1700,2000,38000,108000,146000,111180,43,560,779.8724346961993,162.68108299846062,146074.61962500383,239.06136895125022
1776940332,100,,Aggregated,136.700000,0.000000,560,800,870,900,1000,1200,1700,2000,38000,108000,146000,111340,43,560,779.6638951022848,162.68108299846062,146074.61962500383,239.06282557930663
1776940333,100,,Aggregated,143.000000,0.000000,560,800,870,900,1000,1200,1700,2000,38000,108000,146000,111488,43,560,779.5604256947875,162.68108299846062,146074.61962500383,239.0673973880597
1776940334,100,,Aggregated,147.300000,0.000000,560,800,870,900,1000,1200,1700,2000,38000,108000,146000,111616,43,560,779.381252378517,162.68108299846062,146074.61962500383,239.07054544151376
1776940335,100,,Aggregated,145.600000,0.000000,560,800,870,900,1000,1200,1700,2000,38000,108000,146000,111784,43,560,779.3893470817522,162.68108299846062,146074.61962500383,239.07165605095543
1776940336,100,,Aggregated,147.500000,0.000000,560,800,870,900,1000,1200,1700,2000,38000,108000,146000,111885,43,560,779.3102116374909,162.68108299846062,146074.61962500383,239.07250301649015
1776940337,100,,Aggregated,151.300000,0.000000,560,800,870,900,1000,1200,1700,2000,38000,108000,146000,112043,43,560,779.168664237772,162.68108299846062,146074.61962500383,239.07519434502825
1776940338,100,,Aggregated,151.600000,0.000000,560,800,870,900,1000,1200,1700,2000,38000,108000,146000,112192,43,560,778.965696383857,162.68108299846062,146074.61962500383,239.07296420422134
1776940339,100,,Aggregated,149.300000,0.000000,560,800,870,900,1000,1200,1700,2000,38000,108000,146000,112347,43,560,778.7473911622714,162.68108299846062,146074.61962500383,239.07465263869975
1776940340,100,,Aggregated,152.200000,0.000000,560,800,870,900,1000,1200,1700,2000,38000,108000,146000,112506,43,560,778.5611884406048,162.68108299846062,146074.61962500383,239.07676035055908
1776940341,100,,Aggregated,149.500000,0.000000,560,800,870,900,1000,1200,1700,2000,38000,108000,146000,112679,43,560,778.3953752036913,162.68108299846062,146074.61962500383,239.07669574632362
1776940342,100,,Aggregated,150.700000,0.000000,560,800,870,900,1000,1200,1700,2000,38000,108000,146000,112833,43,560,778.1599460281815,162.68108299846062,146074.61962500383,239.07388795831008
1776940343,100,,Aggregated,149.200000,0.000000,560,800,870,900,1000,1200,1700,2000,38000,108000,146000,112987,43,560,777.9430879266718,162.68108299846062,146074.61962500383,239.0741412728898
1776940344,100,,Aggregated,147.000000,0.000000,560,800,870,900,1000,1200,1700,2000,38000,108000,146000,113142,43,560,777.725658534495,162.68108299846062,146074.61962500383,239.0751798624737
1776940345,100,,Aggregated,149.500000,0.000000,560,800,870,900,1000,1200,1700,2000,38000,108000,146000,113313,43,560,777.5802024303729,162.68108299846062,146074.61962500383,239.07550766461043
1776940346,100,,Aggregated,151.800000,0.000000,560,800,870,900,1000,1200,1700,2000,38000,108000,146000,113476,43,560,777.3932951724495,162.68108299846062,146074.61962500383,239.078386619197
1776940347,100,,Aggregated,149.400000,0.000000,560,800,870,900,1000,1200,1700,2000,38000,108000,146000,113598,43,560,777.2246949596021,162.68108299846062,146074.61962500383,239.0782584200426
1776940348,100,,Aggregated,155.000000,0.000000,560,800,870,900,1000,1200,1700,2000,38000,108000,146000,113738,43,560,777.1152340533582,162.68108299846062,146074.61962500383,239.0748034957534
1776940349,100,,Aggregated,156.100000,0.000000,560,800,870,900,1000,1200,1700,2000,38000,108000,146000,113866,43,560,777.1882657280922,162.68108299846062,146074.61962500383,239.07838160644968
1776940350,100,,Aggregated,153.200000,0.000000,560,800,870,900,1000,1200,1700,2000,38000,108000,146000,114016,43,560,777.221176982309,162.68108299846062,146074.61962500383,239.07945376087568
