Timestamp,User Count,Type,Name,Requests/s,Failures/s,50%,66%,75%,80%,90%,95%,98%,99%,99.9%,99.99%,100%,Total Request Count,Total Failure Count,Total Median Response Time,Total Average Response Time,Total Min Response Time,Total Max Response Time,Total Average Content Size
1777046277,0,,Aggregated,0.000000,0.000000,N/A,N/A,N/A,N/A,N/A,N/A,N/A,N/A,N/A,N/A,N/A,0,0,0,0.0,0,0,0
1777046278,10,,Aggregated,0.000000,0.000000,860,860,860,860,860,860,860,860,860,860,860,2,0,854.9747090146411,855.3440630203113,854.9747090146411,855.7134170259815,304.0
1777046279,20,,Aggregated,0.000000,0.000000,370,860,900,900,1000,1600,1600,1600,1600,1600,1600,14,0,360,640.6516489389885,340.25716700125486,1632.0473750238307,304.2857142857143
1777046280,30,,Aggregated,0.000000,0.000000,350,360,680,770,900,1600,3000,3000,3000,3000,3000,42,0,340,559.721079408302,270.24283300852403,2961.113124998519,304.23809523809524
1777046281,40,,Aggregated,5.000000,0.000000,340,360,370,430,900,1800,2000,3000,3000,3000,3000,79,0,340,512.5795517483714,270.24283300852403,2961.113124998519,304.24050632911394
1777046282,50,,Aggregated,11.333333,0.000000,340,350,370,380,860,1800,3000,3900,4100,4100,4100,137,0,340,510.9374489500119,263.1223750067875,4105.657000007341,304.13868613138686
1777046283,60,,Aggregated,17.250000,0.000000,330,350,370,380,770,1900,3800,4000,6000,6000,6000,205,0,330,535.5975539040206,263.1223750067875,5960.424332995899,304.1707317073171
1777046284,70,,Aggregated,24.800000,0.000000,340,360,370,390,520,1900,3900,4500,6000,6000,6000,277,0,340,533.221151513957,263.1223750067875,5960.424332995899,304.1768953068592
1777046285,80,,Aggregated,31.000000,0.000000,340,360,380,390,440,1600,3900,4500,7400,7400,7400,347,0,340,516.7804878889965,263.1223750067875,7361.797167017357,304.1757925072046
1777046286,90,,Aggregated,36.857143,0.000000,350,370,380,390,440,1000,3900,5400,7400,7400,7400,432,0,350,516.4773408855749,263.1223750067875,7361.797167017357,304.1712962962963
1777046287,100,,Aggregated,41.750000,0.000000,360,380,410,430,540,1800,5900,6900,8300,8300,8300,499,0,360,595.8676063194931,263.1223750067875,8296.606249990873,304.17034068136275
1777046288,100,,Aggregated,46.333333,0.000000,370,420,510,620,1700,4200,6100,7300,10000,10000,10000,583,0,370,856.9464434142341,263.1223750067875,10115.284375002375,304.1526586620926
1777046289,100,,Aggregated,48.100000,0.000000,380,520,880,950,1700,4200,6300,7300,10000,10000,10000,666,0,380,913.9983607512897,263.1223750067875,10115.284375002375,304.13513513513516
1777046290,100,,Aggregated,56.500000,0.000000,410,860,980,1000,1600,4100,6400,7400,10000,10000,10000,750,0,410,950.0461877376074,263.1223750067875,10115.284375002375,304.1546666666667
1777046291,100,,Aggregated,63.700000,0.000000,450,960,1000,1000,1200,4100,6400,7500,13000,13000,13000,830,0,450,992.2015579458374,263.1223750067875,12783.806167019065,304.1397590361446
1777046292,100,,Aggregated,69.700000,0.000000,550,1000,1000,1000,1200,4100,6400,7500,13000,13000,13000,917,0,550,1013.0543885049877,263.1223750067875,12783.806167019065,304.1297709923664
1777046293,100,,Aggregated,73.600000,0.000000,860,1000,1000,1100,1200,4000,6400,7500,13000,13000,13000,991,0,860,1025.6229045277348,263.1223750067875,12783.806167019065,304.13824419778
1777046294,100,,Aggregated,77.000000,0.000000,950,1000,1100,1100,1200,3800,6400,7500,13000,13000,13000,1079,0,950,1052.074651647941,263.1223750067875,13401.684500015108,304.13994439295647
1777046295,100,,Aggregated,79.400000,0.000000,990,1000,1100,1100,1200,3500,6400,8200,13000,13000,13000,1169,0,990,1072.6650507255608,263.1223750067875,13401.684500015108,304.14114627887085
1777046296,100,,Aggregated,80.600000,0.000000,1000,1000,1100,1100,1200,3300,6300,8200,13000,13000,13000,1259,0,1000,1082.1472354434102,263.1223750067875,13401.684500015108,304.13582208101667
1777046297,100,,Aggregated,81.500000,0.000000,1000,1100,1100,1100,1200,3000,6100,7500,13000,13000,13000,1339,0,1000,1082.7728806386,263.1223750067875,13401.684500015108,304.1366691560866
1777046298,100,,Aggregated,81.400000,0.000000,1000,1100,1100,1100,1200,2400,6000,7500,13000,13000,13000,1430,0,1000,1084.87760702871,263.1223750067875,13401.684500015108,304.13986013986016
1777046299,100,,Aggregated,84.100000,0.000000,1000,1100,1100,1100,1200,2000,6000,7500,13000,18000,18000,1519,0,1000,1098.6097848104425,263.1223750067875,18469.46074999869,304.14285714285717
1777046300,100,,Aggregated,84.400000,0.000000,1000,1100,1100,1100,1200,1800,6000,7500,14000,18000,18000,1605,0,1000,1109.4606645146168,263.1223750067875,18469.46074999869,304.13769470404986
1777046301,100,,Aggregated,84.900000,0.000000,1000,1100,1100,1200,1200,1700,5900,7500,14000,18000,18000,1687,0,1000,1111.8166532323683,263.1223750067875,18469.46074999869,304.1215174866627
1777046302,100,,Aggregated,85.100000,0.000000,1100,1100,1100,1200,1200,1600,5300,7500,14000,18000,18000,1777,0,1100,1114.1315154997842,263.1223750067875,18469.46074999869,304.1288688801351
1777046303,100,,Aggregated,86.200000,0.000000,1100,1100,1100,1200,1200,1300,5300,7400,14000,18000,18000,1865,0,1100,1114.844324909982,263.1223750067875,18469.46074999869,304.13351206434317
1777046304,100,,Aggregated,85.300000,0.000000,1100,1100,1100,1200,1200,1300,5300,7400,18000,20000,20000,1951,0,1100,1126.1400231516907,263.1223750067875,19881.93604099797,304.13172731932343
1777046305,100,,Aggregated,85.800000,0.000000,1100,1100,1200,1200,1200,1200,5300,7300,14000,20000,20000,2037,0,1100,1127.6653755742711,263.1223750067875,19881.93604099797,304.12911143838977
1777046306,100,,Aggregated,86.200000,0.000000,1100,1100,1200,1200,1200,1200,5200,7200,14000,20000,20000,2122,0,1100,1129.1554133895715,263.1223750067875,19881.93604099797,304.13289349670123
1777046307,100,,Aggregated,86.200000,0.000000,1100,1100,1200,1200,1200,1200,5100,7000,14000,20000,20000,2209,0,1100,1130.5295593049161,263.1223750067875,19881.93604099797,304.13354459031234
1777046308,100,,Aggregated,86.700000,0.000000,1100,1100,1200,1200,1200,1200,5000,7000,14000,20000,20000,2291,0,1100,1132.9771515563116,263.1223750067875,19881.93604099797,304.1331296377128
1777046309,100,,Aggregated,86.100000,0.000000,1100,1100,1200,1200,1200,1300,4500,7000,14000,20000,20000,2378,0,1100,1133.642628927049,263.1223750067875,19881.93604099797,304.13120269133725
1777046310,100,,Aggregated,86.000000,0.000000,1100,1200,1200,1200,1200,1200,4300,7000,14000,20000,20000,2468,0,1100,1134.870514688702,263.1223750067875,19881.93604099797,304.1288492706645
1777046311,100,,Aggregated,84.900000,0.000000,1100,1200,1200,1200,1200,1300,4100,6900,14000,20000,20000,2554,0,1100,1136.932961433659,263.1223750067875,19881.93604099797,304.1252936570086
1777046312,100,,Aggregated,85.200000,0.000000,1100,1200,1200,1200,1200,1300,4100,6400,14000,20000,20000,2626,0,1100,1138.0423206871405,263.1223750067875,19881.93604099797,304.1287128712871
1777046313,100,,Aggregated,85.500000,0.000000,1100,1200,1200,1200,1200,1300,4100,6400,14000,20000,20000,2727,0,1100,1138.4184681717695,263.1223750067875,19881.93604099797,304.13091309130914
1777046314,100,,Aggregated,86.500000,0.000000,1100,1200,1200,1200,1200,1200,4100,6300,14000,20000,20000,2814,0,1100,1136.9570554649754,263.1223750067875,19881.93604099797,304.1307746979389
1777046315,100,,Aggregated,84.900000,0.000000,1100,1200,1200,1200,1200,1200,4000,6300,14000,20000,20000,2900,0,1100,1137.730205788765,263.1223750067875,19881.93604099797,304.1296551724138
1777046316,100,,Aggregated,85.800000,0.000000,1100,1200,1200,1200,1200,1200,3800,6100,14000,20000,20000,2987,0,1100,1138.5756597590653,263.1223750067875,19881.93604099797,304.13023100100435
1777046317,100,,Aggregated,86.100000,0.000000,1100,1200,1200,1200,1200,1200,3500,6000,13000,20000,20000,3073,0,1100,1139.2262631631388,263.1223750067875,19881.93604099797,304.1324438659291
1777046318,100,,Aggregated,85.900000,0.000000,1100,1200,1200,1200,1200,1200,3400,6000,13000,20000,20000,3159,0,1100,1139.6754731422072,263.1223750067875,19881.93604099797,304.1345362456474
1777046319,100,,Aggregated,86.100000,0.000000,1100,1200,1200,1200,1200,1200,3400,6000,13000,20000,20000,3244,0,1100,1140.4731444565773,263.1223750067875,19881.93604099797,304.13686806411835
1777046320,100,,Aggregated,86.100000,0.000000,1100,1200,1200,1200,1200,1200,3200,6000,13000,20000,20000,3325,0,1100,1140.8372366779438,263.1223750067875,19881.93604099797,304.138045112782
1777046321,100,,Aggregated,87.100000,0.000000,1100,1200,1200,1200,1200,1200,3200,5900,13000,20000,20000,3416,0,1100,1141.1714662353818,263.1223750067875,19881.93604099797,304.1370023419204
1777046322,100,,Aggregated,86.800000,0.000000,1100,1200,1200,1200,1200,1200,3000,5400,13000,20000,20000,3506,0,1100,1141.5281881043925,263.1223750067875,19881.93604099797,304.1374786081004
1777046323,100,,Aggregated,86.600000,0.000000,1100,1200,1200,1200,1200,1200,2900,5400,13000,20000,20000,3592,0,1100,1142.0317217653326,263.1223750067875,19881.93604099797,304.1358574610245
1777046324,100,,Aggregated,86.200000,0.000000,1100,1200,1200,1200,1200,1200,2600,5300,13000,20000,20000,3678,0,1100,1142.6834796973972,263.1223750067875,19881.93604099797,304.1353996737357
1777046325,100,,Aggregated,87.300000,0.000000,1100,1200,1200,1200,1200,1200,2400,5300,13000,20000,20000,3764,0,1100,1143.5437522577542,263.1223750067875,19881.93604099797,304.1402763018066
1777046326,100,,Aggregated,85.800000,0.000000,1100,1200,1200,1200,1200,1200,2200,5300,13000,20000,20000,3841,0,1100,1144.3883678954403,263.1223750067875,19881.93604099797,304.1424108305129
1777046327,100,,Aggregated,85.500000,0.000000,1100,1200,1200,1200,1200,1300,2000,5300,13000,20000,20000,3925,0,1100,1146.5345732482406,263.1223750067875,19881.93604099797,304.1424203821656
1777046328,100,,Aggregated,85.800000,0.000000,1100,1200,1200,1200,1200,1300,1800,5300,13000,20000,20000,4020,0,1100,1146.5831805548175,263.1223750067875,19881.93604099797,304.1407960199005
1777046329,100,,Aggregated,84.800000,0.000000,1100,1200,1200,1200,1200,1300,1800,5300,13000,20000,20000,4096,0,1100,1146.0164399612481,263.1223750067875,19881.93604099797,304.1376953125
1777046330,100,,Aggregated,84.900000,0.000000,1100,1200,1200,1200,1200,1300,1700,5300,13000,20000,20000,4195,0,1100,1145.3295589878992,263.1223750067875,19881.93604099797,304.13897497020264
1777046331,100,,Aggregated,84.900000,0.000000,1100,1200,1200,1200,1200,1300,1700,5200,13000,20000,20000,4282,0,1100,1145.2350486805237,263.1223750067875,19881.93604099797,304.1443250817375
1777046332,100,,Aggregated,85.900000,0.000000,1100,1200,1200,1200,1200,1300,1700,5200,13000,20000,20000,4366,0,1100,1145.6733489340484,263.1223750067875,19881.93604099797,304.1479615208429
1777046333,100,,Aggregated,85.900000,0.000000,1100,1200,1200,1200,1200,1200,1700,5100,13000,20000,20000,4445,0,1100,1146.1759063241893,263.1223750067875,19881.93604099797,304.1541057367829
1777046334,100,,Aggregated,85.900000,0.000000,1100,1200,1200,1200,1200,1200,1600,5000,13000,20000,20000,4534,0,1100,1146.8226358586323,263.1223750067875,19881.93604099797,304.1508601676224
1777046335,100,,Aggregated,85.700000,0.000000,1100,1200,1200,1200,1200,1200,1600,4500,13000,20000,20000,4622,0,1100,1147.3151999636477,263.1223750067875,19881.93604099797,304.15274772825614
1777046336,100,,Aggregated,86.000000,0.000000,1100,1200,1200,1200,1200,1200,1600,4500,13000,20000,20000,4708,0,1100,1147.625367374895,263.1223750067875,19881.93604099797,304.1533559898046
1777046337,100,,Aggregated,86.000000,0.000000,1100,1200,1200,1200,1200,1200,1600,4500,13000,20000,20000,4792,0,1100,1148.1398388142347,263.1223750067875,19881.93604099797,304.1544240400668
1777046338,100,,Aggregated,85.300000,0.000000,1200,1200,1200,1200,1200,1200,1600,4400,13000,20000,20000,4878,0,1200,1148.5693452945534,263.1223750067875,19881.93604099797,304.15375153751535
1777046339,100,,Aggregated,86.500000,0.000000,1200,1200,1200,1200,1200,1200,1600,4300,13000,20000,20000,4964,0,1200,1148.8865346107596,263.1223750067875,19881.93604099797,304.1563255439162
1777046340,100,,Aggregated,86.600000,0.000000,1200,1200,1200,1200,1200,1200,1600,4200,11000,20000,20000,5051,0,1200,1149.1834591110194,263.1223750067875,19881.93604099797,304.15303900217776
1777046341,100,,Aggregated,86.500000,0.000000,1200,1200,1200,1200,1200,1200,1600,4100,11000,20000,20000,5126,0,1200,1149.8650149330147,263.1223750067875,19881.93604099797,304.1529457666797
1777046342,100,,Aggregated,85.400000,0.000000,1200,1200,1200,1200,1200,1300,1600,4100,11000,20000,20000,5215,0,1200,1151.928599793218,263.1223750067875,19881.93604099797,304.1535953978907
1777046343,100,,Aggregated,84.500000,0.000000,1200,1200,1200,1200,1200,1300,1600,4100,11000,20000,20000,5308,0,1200,1151.5503937220642,263.1223750067875,19881.93604099797,304.15146948003013
1777046344,100,,Aggregated,83.900000,0.000000,1200,1200,1200,1200,1200,1300,1600,4100,11000,20000,20000,5392,0,1200,1150.7330029512143,263.1223750067875,19881.93604099797,304.15356083086056
1777046345,100,,Aggregated,83.700000,0.000000,1200,1200,1200,1200,1200,1300,1600,4100,11000,20000,20000,5476,0,1200,1150.9336153968095,263.1223750067875,19881.93604099797,304.1526661796932
1777046346,100,,Aggregated,85.100000,0.000000,1200,1200,1200,1200,1200,1300,1600,4100,11000,20000,20000,5566,0,1200,1150.9605052024922,263.1223750067875,19881.93604099797,304.1516349263385
1777046347,100,,Aggregated,85.600000,0.000000,1200,1200,1200,1200,1200,1300,1600,4100,11000,20000,20000,5655,0,1200,1150.5746826772859,263.1223750067875,19881.93604099797,304.1504862953139
1777046348,100,,Aggregated,86.200000,0.000000,1200,1200,1200,1200,1200,1300,1600,4000,11000,20000,20000,5733,0,1200,1150.6858993399846,263.1223750067875,19881.93604099797,304.1505320076749
1777046349,100,,Aggregated,85.500000,0.000000,1200,1200,1200,1200,1200,1300,1600,3900,11000,20000,20000,5827,0,1200,1152.066428929488,263.1223750067875,19881.93604099797,304.1501630341514
1777046350,100,,Aggregated,85.800000,0.000000,1200,1200,1200,1200,1200,1300,1600,3800,11000,20000,20000,5912,0,1200,1151.1356549952875,263.1223750067875,19881.93604099797,304.14918809201623
1777046351,100,,Aggregated,85.500000,0.000000,1200,1200,1200,1200,1200,1300,1500,3800,11000,20000,20000,5999,0,1200,1151.31195095117,263.1223750067875,19881.93604099797,304.14752458743123
1777046352,100,,Aggregated,85.900000,0.000000,1200,1200,1200,1200,1200,1300,1500,3800,10000,20000,20000,6085,0,1200,1151.4240973301348,263.1223750067875,19881.93604099797,304.1483976992605
1777046353,100,,Aggregated,86.800000,0.000000,1200,1200,1200,1200,1200,1300,1500,3500,10000,20000,20000,6171,0,1200,1151.6801456007026,263.1223750067875,19881.93604099797,304.1492464754497
1777046354,100,,Aggregated,87.500000,0.000000,1200,1200,1200,1200,1200,1300,1500,3500,10000,20000,20000,6258,0,1200,1151.7361184020262,263.1223750067875,19881.93604099797,304.1511665068712
1777046355,100,,Aggregated,87.700000,0.000000,1200,1200,1200,1200,1200,1300,1500,3400,10000,20000,20000,6343,0,1200,1151.9334218555716,263.1223750067875,19881.93604099797,304.1530821377897
1777046356,100,,Aggregated,86.500000,0.000000,1200,1200,1200,1200,1200,1300,1500,3400,10000,20000,20000,6424,0,1200,1151.9142017559107,263.1223750067875,19881.93604099797,304.15504358655045
1777046357,100,,Aggregated,86.100000,0.000000,1200,1200,1200,1200,1200,1300,1500,3300,10000,20000,20000,6515,0,1200,1151.9522970072126,263.1223750067875,19881.93604099797,304.153031465848
1777046358,100,,Aggregated,86.100000,0.000000,1200,1200,1200,1200,1200,1300,1500,3200,10000,20000,20000,6604,0,1200,1152.5310775737241,263.1223750067875,19881.93604099797,304.15354330708664
1777046359,100,,Aggregated,86.200000,0.000000,1200,1200,1200,1200,1200,1300,1500,3200,10000,20000,20000,6691,0,1200,1152.548147680903,263.1223750067875,19881.93604099797,304.15199521745626
1777046360,100,,Aggregated,85.700000,0.000000,1200,1200,1200,1200,1200,1300,1500,3200,10000,20000,20000,6769,0,1200,1152.4604909029329,263.1223750067875,19881.93604099797,304.1514256167824
1777046361,100,,Aggregated,86.400000,0.000000,1200,1200,1200,1200,1200,1300,1500,3200,10000,20000,20000,6860,0,1200,1152.3159376346753,263.1223750067875,19881.93604099797,304.1513119533528
1777046362,100,,Aggregated,86.200000,0.000000,1200,1200,1200,1200,1200,1300,1500,3000,10000,20000,20000,6954,0,1200,1152.2954348770038,263.1223750067875,19881.93604099797,304.1524302559678
1777046363,100,,Aggregated,86.500000,0.000000,1200,1200,1200,1200,1200,1300,1500,3000,10000,20000,20000,7042,0,1200,1151.917517811356,263.1223750067875,19881.93604099797,304.1542175518319
1777046364,100,,Aggregated,85.700000,0.000000,1200,1200,1200,1200,1200,1300,1500,2900,10000,20000,20000,7128,0,1200,1151.7084608596426,263.1223750067875,19881.93604099797,304.15263748597084
1777046365,100,,Aggregated,86.600000,0.000000,1200,1200,1200,1200,1200,1300,1500,2600,10000,20000,20000,7215,0,1200,1151.7535858290255,263.1223750067875,19881.93604099797,304.15204435204436
1777046366,100,,Aggregated,86.800000,0.000000,1200,1200,1200,1200,1200,1300,1500,2600,10000,20000,20000,7302,0,1200,1151.871029073893,263.1223750067875,19881.93604099797,304.1528348397699
1777046367,100,,Aggregated,86.800000,0.000000,1200,1200,1200,1200,1200,1300,1500,2600,10000,20000,20000,7390,0,1200,1151.774041831628,263.1223750067875,19881.93604099797,304.1556156968877
1777046368,100,,Aggregated,86.600000,0.000000,1200,1200,1200,1200,1200,1300,1500,2400,10000,20000,20000,7469,0,1200,1151.823796086618,263.1223750067875,19881.93604099797,304.15517472218505
1777046369,100,,Aggregated,87.200000,0.000000,1200,1200,1200,1200,1200,1200,1500,2400,10000,20000,20000,7561,0,1200,1151.7873944329951,263.1223750067875,19881.93604099797,304.1556672397831
1777046370,100,,Aggregated,86.500000,0.000000,1200,1200,1200,1200,1200,1200,1500,2200,10000,20000,20000,7649,0,1200,1151.7690103142615,263.1223750067875,19881.93604099797,304.156491044581
1777046371,100,,Aggregated,86.800000,0.000000,1200,1200,1200,1200,1200,1200,1500,2000,10000,20000,20000,7737,0,1200,1151.863405111903,263.1223750067875,19881.93604099797,304.1552281245961
1777046372,100,,Aggregated,87.000000,0.000000,1200,1200,1200,1200,1200,1200,1400,2000,10000,20000,20000,7824,0,1200,1151.9573369089817,263.1223750067875,19881.93604099797,304.15593047034764
1777046373,100,,Aggregated,86.700000,0.000000,1200,1200,1200,1200,1200,1200,1400,1900,10000,20000,20000,7910,0,1200,1151.95145284107,263.1223750067875,19881.93604099797,304.15600505689
1777046374,100,,Aggregated,87.400000,0.000000,1200,1200,1200,1200,1200,1200,1400,1900,10000,20000,20000,7990,0,1200,1152.1252936605756,263.1223750067875,19881.93604099797,304.15569461827283
1777046375,100,,Aggregated,86.800000,0.000000,1200,1200,1200,1200,1200,1200,1400,1900,10000,20000,20000,8082,0,1200,1152.536606818493,263.1223750067875,19881.93604099797,304.1556545409552
1777046376,100,,Aggregated,86.500000,0.000000,1200,1200,1200,1200,1200,1200,1400,1900,10000,20000,20000,8159,0,1200,1152.4925501601829,263.1223750067875,19881.93604099797,304.1555337663929
1777046377,100,,Aggregated,85.400000,0.000000,1200,1200,1200,1200,1200,1200,1400,1800,10000,20000,20000,8253,0,1200,1152.612691164168,263.1223750067875,19881.93604099797,304.1542469405065
1777046378,100,,Aggregated,85.900000,0.000000,1200,1200,1200,1200,1200,1200,1400,1800,10000,20000,20000,8342,0,1200,1152.4943829381425,263.1223750067875,19881.93604099797,304.1532006713018
1777046379,100,,Aggregated,86.000000,0.000000,1200,1200,1200,1200,1200,1200,1400,1800,10000,20000,20000,8429,0,1200,1152.6544651210047,263.1223750067875,19881.93604099797,304.15268715150074
1777046380,100,,Aggregated,87.200000,0.000000,1200,1200,1200,1200,1200,1200,1400,1800,10000,20000,20000,8511,0,1200,1152.5404208579355,263.1223750067875,19881.93604099797,304.1535659734461
1777046381,100,,Aggregated,85.900000,0.000000,1200,1200,1200,1200,1200,1200,1400,1800,10000,20000,20000,8601,0,1200,1152.5157774927295,263.1223750067875,19881.93604099797,304.1538193233345
1777046382,100,,Aggregated,85.900000,0.000000,1200,1200,1200,1200,1200,1200,1400,1800,10000,20000,20000,8689,0,1200,1152.637141798359,263.1223750067875,19881.93604099797,304.15548394521807
1777046383,100,,Aggregated,86.100000,0.000000,1200,1200,1200,1200,1200,1200,1400,1700,10000,20000,20000,8775,0,1200,1152.6592505421029,263.1223750067875,19881.93604099797,304.15282051282054
1777046384,100,,Aggregated,86.200000,0.000000,1200,1200,1200,1200,1200,1200,1400,1700,10000,20000,20000,8861,0,1200,1152.7262624015252,263.1223750067875,19881.93604099797,304.15359440243765
1777046385,100,,Aggregated,86.100000,0.000000,1200,1200,1200,1200,1200,1200,1400,1700,10000,20000,20000,8947,0,1200,1152.874624861935,263.1223750067875,19881.93604099797,304.15412987593606
1777046386,100,,Aggregated,86.100000,0.000000,1200,1200,1200,1200,1200,1200,1400,1700,9700,20000,20000,9032,0,1200,1152.9645375948676,263.1223750067875,19881.93604099797,304.1558901682905
1777046387,100,,Aggregated,87.300000,0.000000,1200,1200,1200,1200,1200,1200,1400,1700,9700,20000,20000,9119,0,1200,1153.1501494474,263.1223750067875,19881.93604099797,304.15517052308365
1777046388,100,,Aggregated,86.800000,0.000000,1200,1200,1200,1200,1200,1200,1400,1700,9700,20000,20000,9206,0,1200,1153.1285094115838,263.1223750067875,19881.93604099797,304.1553334781664
1777046389,100,,Aggregated,86.100000,0.000000,1200,1200,1200,1200,1200,1200,1400,1700,9700,20000,20000,9292,0,1200,1153.1617633371973,263.1223750067875,19881.93604099797,304.1575548859234
1777046390,100,,Aggregated,85.800000,0.000000,1200,1200,1200,1200,1200,1200,1400,1700,9700,20000,20000,9379,0,1200,1153.2133088780374,263.1223750067875,19881.93604099797,304.1587589295234
1777046391,100,,Aggregated,86.500000,0.000000,1200,1200,1200,1200,1200,1200,1400,1600,9700,20000,20000,9459,0,1200,1153.540668697976,263.1223750067875,19881.93604099797,304.16164499418545
1777046392,100,,Aggregated,85.800000,0.000000,1200,1200,1200,1200,1200,1200,1400,1600,9700,20000,20000,9548,0,1200,1153.5732515801417,263.1223750067875,19881.93604099797,304.1589861751152
1777046393,100,,Aggregated,85.600000,0.000000,1200,1200,1200,1200,1200,1200,1400,1600,9700,20000,20000,9637,0,1200,1153.65863005886,263.1223750067875,19881.93604099797,304.1592819342119
1777046394,100,,Aggregated,86.100000,0.000000,1200,1200,1200,1200,1200,1200,1400,1600,9700,20000,20000,9724,0,1200,1153.694241918276,263.1223750067875,19881.93604099797,304.15857671740025
1777046395,100,,Aggregated,84.900000,0.000000,1200,1200,1200,1200,1200,1200,1400,1600,9700,20000,20000,9809,0,1200,1153.7361578651332,263.1223750067875,19881.93604099797,304.15873177693953
1777046396,100,,Aggregated,85.400000,0.000000,1200,1200,1200,1200,1200,1200,1400,1600,9700,20000,20000,9873,0,1200,1154.189075196413,263.1223750067875,19881.93604099797,304.1572976805429
1777046397,100,,Aggregated,85.600000,0.000000,1200,1200,1200,1200,1200,1200,1400,1600,9700,20000,20000,9977,0,1200,1154.5209409472786,263.1223750067875,19881.93604099797,304.15565801343087
1777046398,100,,Aggregated,85.400000,0.000000,1200,1200,1200,1200,1200,1200,1400,1600,9600,18000,20000,10062,0,1200,1154.258924910962,263.1223750067875,19881.93604099797,304.1570264360962
1777046399,100,,Aggregated,85.700000,0.000000,1200,1200,1200,1200,1200,1200,1400,1600,9600,18000,20000,10148,0,1200,1154.5436875616049,263.1223750067875,19881.93604099797,304.1574694521088
1777046400,100,,Aggregated,85.600000,0.000000,1200,1200,1200,1200,1200,1200,1400,1600,9600,18000,20000,10231,0,1200,1154.7343380210255,263.1223750067875,19881.93604099797,304.1580490665624
1777046401,100,,Aggregated,85.400000,0.000000,1200,1200,1200,1200,1200,1200,1400,1600,9600,18000,20000,10315,0,1200,1155.111128873985,263.1223750067875,19881.93604099797,304.1569558894813
1777046402,100,,Aggregated,85.700000,0.000000,1200,1200,1200,1200,1200,1200,1400,1600,9600,18000,20000,10398,0,1200,1155.3836681582409,263.1223750067875,19881.93604099797,304.1579149836507
1777046403,100,,Aggregated,85.100000,0.000000,1200,1200,1200,1200,1200,1200,1400,1600,9600,18000,20000,10482,0,1200,1155.4965626683106,263.1223750067875,19881.93604099797,304.15951154359857
1777046404,100,,Aggregated,84.600000,0.000000,1200,1200,1200,1200,1200,1200,1400,1600,9600,18000,20000,10572,0,1200,1155.560689168385,263.1223750067875,19881.93604099797,304.1604237608778
1777046405,100,,Aggregated,85.800000,0.000000,1200,1200,1200,1200,1200,1200,1400,1600,9600,18000,20000,10656,0,1200,1155.7234705504166,263.1223750067875,19881.93604099797,304.1612237237237
1777046406,100,,Aggregated,85.300000,0.000000,1200,1200,1200,1200,1200,1200,1400,1600,9600,18000,20000,10742,0,1200,1156.0538641641422,263.1223750067875,19881.93604099797,304.1604915285794
1777046407,100,,Aggregated,84.900000,0.000000,1200,1200,1200,1200,1200,1300,1400,1600,9600,18000,20000,10826,0,1200,1156.294574402004,263.1223750067875,19881.93604099797,304.15943099944576
1777046408,100,,Aggregated,84.900000,0.000000,1200,1200,1200,1200,1200,1300,1400,1600,9600,18000,20000,10907,0,1200,1156.6970338486442,263.1223750067875,19881.93604099797,304.15925552397545
1777046409,100,,Aggregated,84.800000,0.000000,1200,1200,1200,1200,1200,1300,1400,1600,9600,18000,20000,10995,0,1200,1156.950452795387,263.1223750067875,19881.93604099797,304.1587085038654
1777046410,100,,Aggregated,84.400000,0.000000,1200,1200,1200,1200,1200,1300,1400,1600,9000,18000,20000,11069,0,1200,1157.079644964522,263.1223750067875,19881.93604099797,304.15818953835037
1777046411,100,,Aggregated,84.100000,0.000000,1200,1200,1200,1200,1200,1300,1400,1600,9000,18000,20000,11156,0,1200,1157.7897643863619,263.1223750067875,19881.93604099797,304.1602724991036
1777046412,100,,Aggregated,84.500000,0.000000,1200,1200,1200,1200,1200,1300,1400,1600,9000,18000,20000,11245,0,1200,1157.9737782235013,263.1223750067875,19881.93604099797,304.1599822143175
1777046413,100,,Aggregated,83.800000,0.000000,1200,1200,1200,1200,1200,1300,1400,1600,9000,18000,20000,11336,0,1200,1157.7463556477835,263.1223750067875,19881.93604099797,304.1603740296401
1777046414,100,,Aggregated,84.000000,0.000000,1200,1200,1200,1200,1200,1300,1400,1600,9000,18000,20000,11413,0,1200,1157.5264100838688,263.1223750067875,19881.93604099797,304.1588539384912
1777046415,100,,Aggregated,84.600000,0.000000,1200,1200,1200,1200,1200,1300,1400,1600,9000,18000,20000,11501,0,1200,1157.730249546434,263.1223750067875,19881.93604099797,304.158334057908
1777046416,100,,Aggregated,84.500000,0.000000,1200,1200,1200,1200,1200,1300,1400,1600,9000,18000,20000,11590,0,1200,1157.9287257544108,263.1223750067875,19881.93604099797,304.15772217428815
1777046417,100,,Aggregated,84.500000,0.000000,1200,1200,1200,1200,1200,1300,1400,1600,9000,18000,20000,11676,0,1200,1158.0455304930358,263.1223750067875,19881.93604099797,304.15878725590954
1777046418,100,,Aggregated,84.600000,0.000000,1200,1200,1200,1200,1200,1300,1400,1600,9000,18000,20000,11761,0,1200,1158.031525209992,263.1223750067875,19881.93604099797,304.15806479040896
1777046419,100,,Aggregated,84.600000,0.000000,1200,1200,1200,1200,1200,1300,1400,1600,9000,18000,20000,11848,0,1200,1158.1171909002205,263.1223750067875,19881.93604099797,304.1580013504389
1777046420,100,,Aggregated,84.900000,0.000000,1200,1200,1200,1200,1200,1300,1400,1600,9000,18000,20000,11933,0,1200,1158.2455281738708,263.1223750067875,19881.93604099797,304.15846811363446
1777046421,100,,Aggregated,85.200000,0.000000,1200,1200,1200,1200,1200,1300,1400,1600,8800,18000,20000,12019,0,1200,1158.3265728560268,263.1223750067875,19881.93604099797,304.1576670272069
1777046422,100,,Aggregated,85.000000,0.000000,1200,1200,1200,1200,1200,1300,1400,1600,8800,18000,20000,12105,0,1200,1158.3130563325549,263.1223750067875,19881.93604099797,304.15605121850473
1777046423,100,,Aggregated,86.200000,0.000000,1200,1200,1200,1200,1200,1300,1400,1600,8800,18000,20000,12191,0,1200,1158.2993438934932,263.1223750067875,19881.93604099797,304.1560987613814
1777046424,100,,Aggregated,85.200000,0.000000,1200,1200,1200,1200,1200,1300,1400,1600,8800,18000,20000,12278,0,1200,1158.272851847891,263.1223750067875,19881.93604099797,304.15572568822284
1777046425,100,,Aggregated,85.200000,0.000000,1200,1200,1200,1200,1200,1300,1400,1600,8800,18000,20000,12364,0,1200,1158.4868565720226,263.1223750067875,19881.93604099797,304.15626010999677
1777046426,100,,Aggregated,85.500000,0.000000,1200,1200,1200,1200,1200,1300,1400,1600,8800,18000,20000,12441,0,1200,1158.5530511941586,263.1223750067875,19881.93604099797,304.1568201913029
1777046427,100,,Aggregated,85.700000,0.000000,1200,1200,1200,1200,1200,1300,1400,1600,8800,18000,20000,12535,0,1200,1158.7687387009612,263.1223750067875,19881.93604099797,304.1559633027523
1777046428,100,,Aggregated,85.600000,0.000000,1200,1200,1200,1200,1200,1300,1400,1600,8800,18000,20000,12622,0,1200,1158.7087517160037,263.1223750067875,19881.93604099797,304.15686895896056
1777046429,100,,Aggregated,85.900000,0.000000,1200,1200,1200,1200,1200,1300,1400,1600,8800,18000,20000,12708,0,1200,1158.8352850466079,263.1223750067875,19881.93604099797,304.1575385583884
1777046430,100,,Aggregated,85.800000,0.000000,1200,1200,1200,1200,1200,1300,1400,1600,8800,18000,20000,12793,0,1200,1158.7364142206015,263.1223750067875,19881.93604099797,304.15735167669817
1777046431,100,,Aggregated,84.700000,0.000000,1200,1200,1200,1200,1200,1300,1400,1600,8800,18000,20000,12879,0,1200,1158.675456880826,263.1223750067875,19881.93604099797,304.1558350803634
1777046432,100,,Aggregated,85.100000,0.000000,1200,1200,1200,1200,1200,1300,1400,1600,8800,18000,20000,12965,0,1200,1158.800148689113,263.1223750067875,19881.93604099797,304.1564982645584
1777046433,100,,Aggregated,85.700000,0.000000,1200,1200,1200,1200,1200,1300,1400,1600,8300,18000,20000,13051,0,1200,1158.765484988241,263.1223750067875,19881.93604099797,304.1562332388323
1777046434,100,,Aggregated,86.300000,0.000000,1200,1200,1200,1200,1200,1300,1400,1600,8300,18000,20000,13138,0,1200,1158.7943408783285,263.1223750067875,19881.93604099797,304.1558836961486
1777046435,100,,Aggregated,85.200000,0.000000,1200,1200,1200,1200,1200,1300,1400,1600,8300,18000,20000,13212,0,1200,1158.9173696390558,263.1223750067875,19881.93604099797,304.15652437178323
1777046436,100,,Aggregated,85.500000,0.000000,1200,1200,1200,1200,1200,1300,1400,1600,8300,18000,20000,13311,0,1200,1159.2627112604787,263.1223750067875,19881.93604099797,304.1566373675907
1777046437,100,,Aggregated,85.400000,0.000000,1200,1200,1200,1200,1200,1300,1400,1600,8300,18000,20000,13391,0,1200,1158.834980142586,263.1223750067875,19881.93604099797,304.1567470689269
1777046438,100,,Aggregated,84.800000,0.000000,1200,1200,1200,1200,1200,1300,1400,1600,8300,18000,20000,13481,0,1200,1158.7422395284805,263.1223750067875,19881.93604099797,304.1545137601068
1777046439,100,,Aggregated,85.800000,0.000000,1200,1200,1200,1200,1200,1300,1400,1600,8300,18000,20000,13572,0,1200,1158.7504165717219,263.1223750067875,19881.93604099797,304.15384615384613
1777046440,100,,Aggregated,85.800000,0.000000,1200,1200,1200,1200,1200,1300,1400,1600,8300,18000,20000,13658,0,1200,1158.7282894218963,263.1223750067875,19881.93604099797,304.15360960609166
1777046441,100,,Aggregated,87.200000,0.000000,1200,1200,1200,1200,1200,1300,1400,1600,8300,18000,20000,13736,0,1200,1158.844337999288,263.1223750067875,19881.93604099797,304.1541933605125
1777046442,100,,Aggregated,86.900000,0.000000,1200,1200,1200,1200,1200,1300,1400,1600,8300,18000,20000,13830,0,1200,1159.4475273085545,263.1223750067875,19881.93604099797,304.15386840202456
1777046443,100,,Aggregated,86.200000,0.000000,1200,1200,1200,1200,1200,1300,1400,1600,8300,18000,20000,13916,0,1200,1158.9906570566447,263.1223750067875,19881.93604099797,304.15421098016674
1777046444,100,,Aggregated,85.500000,0.000000,1200,1200,1200,1200,1200,1300,1400,1600,8300,18000,20000,14003,0,1200,1158.999004038587,263.1223750067875,19881.93604099797,304.1546097264872
1777046445,100,,Aggregated,86.800000,0.000000,1200,1200,1200,1200,1200,1300,1400,1600,8300,18000,20000,14078,0,1200,1159.0302495775127,263.1223750067875,19881.93604099797,304.1541412132405
1777046446,100,,Aggregated,85.600000,0.000000,1200,1200,1200,1200,1200,1300,1400,1600,8300,18000,20000,14159,0,1200,1159.1123573914415,263.1223750067875,19881.93604099797,304.15417755491205
1777046447,100,,Aggregated,86.100000,0.000000,1200,1200,1200,1200,1200,1300,1400,1600,8300,18000,20000,14258,0,1200,1159.5197464594191,263.1223750067875,19881.93604099797,304.1538785243372
1777046448,100,,Aggregated,87.200000,0.000000,1200,1200,1200,1200,1200,1300,1400,1600,8300,18000,20000,14345,0,1200,1159.2505693345643,263.1223750067875,19881.93604099797,304.15343325200416
1777046449,100,,Aggregated,84.900000,0.000000,1200,1200,1200,1200,1200,1300,1400,1600,8300,18000,20000,14425,0,1200,1159.1375090393956,263.1223750067875,19881.93604099797,304.1529982668977
1777046450,100,,Aggregated,85.700000,0.000000,1200,1200,1200,1200,1200,1300,1400,1600,8300,18000,20000,14516,0,1200,1159.1219104648214,263.1223750067875,19881.93604099797,304.1544502617801
1777046451,100,,Aggregated,85.600000,0.000000,1200,1200,1200,1200,1200,1300,1400,1600,8300,18000,20000,14605,0,1200,1159.156990269449,263.1223750067875,19881.93604099797,304.15426223895923
1777046452,100,,Aggregated,85.500000,0.000000,1200,1200,1200,1200,1200,1300,1400,1600,8300,18000,20000,14692,0,1200,1159.1151295892494,263.1223750067875,19881.93604099797,304.1536890824939
1777046453,100,,Aggregated,85.700000,0.000000,1200,1200,1200,1200,1200,1300,1400,1600,8300,18000,20000,14777,0,1200,1159.0381797510604,263.1223750067875,19881.93604099797,304.15300805305543
1777046454,100,,Aggregated,86.600000,0.000000,1200,1200,1200,1200,1200,1300,1400,1600,8300,18000,20000,14865,0,1200,1159.0381430750401,263.1223750067875,19881.93604099797,304.15277497477297
1777046455,100,,Aggregated,85.900000,0.000000,1200,1200,1200,1200,1200,1300,1400,1600,8300,18000,20000,14952,0,1200,1158.9645569168415,263.1223750067875,19881.93604099797,304.1522204387373
1777046456,100,,Aggregated,86.600000,0.000000,1200,1200,1200,1200,1200,1300,1400,1600,8200,18000,20000,15037,0,1200,1159.0192522432574,263.1223750067875,19881.93604099797,304.15249052337566
1777046457,100,,Aggregated,85.800000,0.000000,1200,1200,1200,1200,1200,1300,1400,1600,8200,18000,20000,15124,0,1200,1158.950866984518,263.1223750067875,19881.93604099797,304.1514149695848
1777046458,100,,Aggregated,86.000000,0.000000,1200,1200,1200,1200,1200,1300,1400,1600,8200,18000,20000,15207,0,1200,1159.0373264082975,263.1223750067875,19881.93604099797,304.1524955612547
1777046459,100,,Aggregated,87.200000,0.000000,1200,1200,1200,1200,1200,1300,1400,1600,8200,18000,20000,15297,0,1200,1159.1162143033441,263.1223750067875,19881.93604099797,304.151859841799
1777046460,100,,Aggregated,86.600000,0.000000,1200,1200,1200,1200,1200,1300,1400,1600,8200,18000,20000,15376,0,1200,1159.182745313691,263.1223750067875,19881.93604099797,304.1519250780437
1777046461,100,,Aggregated,85.800000,0.000000,1200,1200,1200,1200,1200,1300,1400,1600,8200,18000,20000,15464,0,1200,1159.671361615518,263.1223750067875,19881.93604099797,304.1519658561821
1777046462,100,,Aggregated,86.200000,0.000000,1200,1200,1200,1200,1200,1300,1400,1600,8200,18000,20000,15547,0,1200,1159.5672576634415,263.1223750067875,19881.93604099797,304.1519907377629
1777046463,100,,Aggregated,85.500000,0.000000,1200,1200,1200,1200,1200,1300,1400,1600,8200,18000,20000,15630,0,1200,1159.6614395885051,263.1223750067875,19881.93604099797,304.1516314779271
1777046464,100,,Aggregated,85.200000,0.000000,1200,1200,1200,1200,1200,1300,1400,1600,8200,18000,20000,15726,0,1200,1159.3801795999168,263.1223750067875,19881.93604099797,304.1508330153885
1777046465,100,,Aggregated,85.500000,0.000000,1200,1200,1200,1200,1200,1300,1400,1600,8200,18000,20000,15812,0,1200,1159.326298418433,263.1223750067875,19881.93604099797,304.1508980521123
1777046466,100,,Aggregated,85.900000,0.000000,1200,1200,1200,1200,1200,1300,1400,1600,8200,18000,20000,15899,0,1200,1159.2973284119244,263.1223750067875,19881.93604099797,304.150512610856
1777046467,100,,Aggregated,85.400000,0.000000,1200,1200,1200,1200,1200,1300,1400,1600,8200,18000,20000,15983,0,1200,1159.339717564608,263.1223750067875,19881.93604099797,304.15047237690044
1777046468,100,,Aggregated,85.400000,0.000000,1200,1200,1200,1200,1200,1300,1400,1600,7500,18000,20000,16068,0,1200,1159.4473324699497,263.1223750067875,19881.93604099797,304.1507343788897
1777046469,100,,Aggregated,85.700000,0.000000,1200,1200,1200,1200,1200,1300,1400,1600,7500,18000,20000,16153,0,1200,1159.7713568015981,263.1223750067875,19881.93604099797,304.1507459914567
1777046470,100,,Aggregated,85.400000,0.000000,1200,1200,1200,1200,1200,1300,1400,1600,7500,18000,20000,16239,0,1200,1159.586049571728,263.1223750067875,19881.93604099797,304.15105609951354
1777046471,100,,Aggregated,86.100000,0.000000,1200,1200,1200,1200,1200,1300,1400,1600,7500,18000,20000,16325,0,1200,1159.665868445465,263.1223750067875,19881.93604099797,304.1518529862175
1777046472,100,,Aggregated,85.500000,0.000000,1200,1200,1200,1200,1200,1300,1400,1600,7500,18000,20000,16406,0,1200,1159.6718821975116,263.1223750067875,19881.93604099797,304.1525051810313
1777046473,100,,Aggregated,86.100000,0.000000,1200,1200,1200,1200,1200,1300,1400,1600,7500,18000,20000,16496,0,1200,1159.6655451749793,263.1223750067875,19881.93604099797,304.15264306498545
1777046474,100,,Aggregated,86.300000,0.000000,1200,1200,1200,1200,1200,1300,1400,1600,7500,18000,20000,16585,0,1200,1159.6067153323784,263.1223750067875,19881.93604099797,304.1521254145312
1777046475,100,,Aggregated,85.900000,0.000000,1200,1200,1200,1200,1200,1300,1400,1600,7500,18000,20000,16669,0,1200,1159.8360331578633,263.1223750067875,19881.93604099797,304.1521986921831
1777046476,100,,Aggregated,85.500000,0.000000,1200,1200,1200,1200,1200,1300,1400,1600,7500,18000,20000,16746,0,1200,1159.9356290259325,263.1223750067875,19881.93604099797,304.1529917592261
1777046477,100,,Aggregated,86.500000,0.000000,1200,1200,1200,1200,1200,1300,1400,1600,7500,18000,20000,16830,0,1200,1160.2027041887275,263.1223750067875,19881.93604099797,304.1521093285799
1777046478,100,,Aggregated,85.100000,0.000000,1200,1200,1200,1200,1200,1300,1400,1600,7500,18000,20000,16920,0,1200,1160.3565055576448,263.1223750067875,19881.93604099797,304.15236406619385
1777046479,100,,Aggregated,84.500000,0.000000,1200,1200,1200,1200,1200,1300,1400,1600,7500,18000,20000,17014,0,1200,1160.2560772497652,263.1223750067875,19881.93604099797,304.15281532855295
1777046480,100,,Aggregated,84.800000,0.000000,1200,1200,1200,1200,1200,1300,1400,1600,7500,18000,20000,17103,0,1200,1159.9148924531046,263.1223750067875,19881.93604099797,304.1535987838391
1777046481,100,,Aggregated,85.100000,0.000000,1200,1200,1200,1200,1200,1300,1400,1600,7500,18000,20000,17188,0,1200,1159.7835877694567,263.1223750067875,19881.93604099797,304.1539446125204
1777046482,100,,Aggregated,84.900000,0.000000,1200,1200,1200,1200,1200,1300,1400,1600,7500,18000,20000,17275,0,1200,1159.740101321593,263.1223750067875,19881.93604099797,304.15438494934875
1777046483,100,,Aggregated,86.000000,0.000000,1200,1200,1200,1200,1200,1300,1400,1600,7500,18000,20000,17362,0,1200,1159.7237578620277,263.1223750067875,19881.93604099797,304.15493606727335
1777046484,100,,Aggregated,86.000000,0.000000,1200,1200,1200,1200,1200,1300,1400,1600,7500,18000,20000,17444,0,1200,1159.6753040252001,263.1223750067875,19881.93604099797,304.1555835817473
1777046485,100,,Aggregated,86.000000,0.000000,1200,1200,1200,1200,1200,1300,1400,1600,7500,18000,20000,17533,0,1200,1159.6747615304555,263.1223750067875,19881.93604099797,304.1557634175555
1777046486,100,,Aggregated,86.200000,0.000000,1200,1200,1200,1200,1200,1300,1400,1600,7500,18000,20000,17623,0,1200,1159.6537900635171,263.1223750067875,19881.93604099797,304.1546274754582
1777046487,100,,Aggregated,85.900000,0.000000,1200,1200,1200,1200,1200,1300,1400,1600,7500,18000,20000,17707,0,1200,1159.6639844293024,263.1223750067875,19881.93604099797,304.15468458801604
1777046488,100,,Aggregated,86.900000,0.000000,1200,1200,1200,1200,1200,1300,1400,1600,7500,18000,20000,17794,0,1200,1159.692552011379,263.1223750067875,19881.93604099797,304.1538720917163
1777046489,100,,Aggregated,86.700000,0.000000,1200,1200,1200,1200,1200,1300,1400,1600,7500,18000,20000,17880,0,1200,1159.6913221286075,263.1223750067875,19881.93604099797,304.153803131991
1777046490,100,,Aggregated,87.000000,0.000000,1200,1200,1200,1200,1200,1300,1400,1600,7500,18000,20000,17967,0,1200,1159.6755632867228,263.1223750067875,19881.93604099797,304.1535593031669
1777046491,100,,Aggregated,86.900000,0.000000,1200,1200,1200,1200,1200,1300,1400,1600,7500,18000,20000,18052,0,1200,1159.6790937147362,263.1223750067875,19881.93604099797,304.15344560159537
1777046492,100,,Aggregated,87.200000,0.000000,1200,1200,1200,1200,1200,1300,1400,1600,7500,18000,20000,18126,0,1200,1159.873701505702,263.1223750067875,19881.93604099797,304.1533708485049
1777046493,100,,Aggregated,86.200000,0.000000,1200,1200,1200,1200,1200,1300,1400,1600,7500,18000,20000,18217,0,1200,1160.1212707631544,263.1223750067875,19881.93604099797,304.1532085414722
1777046494,100,,Aggregated,85.400000,0.000000,1200,1200,1200,1200,1200,1300,1400,1600,7500,18000,20000,18310,0,1200,1160.1308111795954,263.1223750067875,19881.93604099797,304.1528126706718
1777046495,100,,Aggregated,85.400000,0.000000,1200,1200,1200,1200,1200,1300,1400,1600,7500,18000,20000,18392,0,1200,1159.863432959352,263.1223750067875,19881.93604099797,304.1531100478469
1777046496,100,,Aggregated,84.500000,0.000000,1200,1200,1200,1200,1200,1300,1400,1600,7500,18000,20000,18475,0,1200,1159.8672531455634,263.1223750067875,19881.93604099797,304.1538836265223
1777046497,100,,Aggregated,85.300000,0.000000,1200,1200,1200,1200,1200,1300,1400,1600,7500,18000,20000,18574,0,1200,1160.00812129838,263.1223750067875,19881.93604099797,304.15376332507805
1777046498,100,,Aggregated,86.000000,0.000000,1200,1200,1200,1200,1200,1300,1400,1600,7500,18000,20000,18661,0,1200,1159.5531245134707,263.1223750067875,19881.93604099797,304.153528749799
1777046499,100,,Aggregated,85.800000,0.000000,1200,1200,1200,1200,1200,1300,1400,1600,7500,18000,20000,18747,0,1200,1159.5008087275212,263.1223750067875,19881.93604099797,304.1527177681762
1777046500,100,,Aggregated,85.900000,0.000000,1200,1200,1200,1200,1200,1300,1400,1600,7500,18000,20000,18833,0,1200,1159.4646587420834,263.1223750067875,19881.93604099797,304.1528699623002
1777046501,100,,Aggregated,86.300000,0.000000,1200,1200,1200,1200,1200,1300,1400,1600,7500,18000,20000,18922,0,1200,1159.4183288947575,263.1223750067875,19881.93604099797,304.15241517809955
1777046502,100,,Aggregated,86.400000,0.000000,1200,1200,1200,1200,1200,1300,1400,1600,7400,18000,20000,19009,0,1200,1159.3715431707408,263.1223750067875,19881.93604099797,304.1519806407491
1777046503,100,,Aggregated,86.500000,0.000000,1200,1200,1200,1200,1200,1300,1400,1600,7400,18000,20000,19096,0,1200,1159.3053791916939,263.1223750067875,19881.93604099797,304.1518642647675
1777046504,100,,Aggregated,87.500000,0.000000,1200,1200,1200,1200,1200,1300,1400,1600,7400,18000,20000,19182,0,1200,1159.3265379196998,263.1223750067875,19881.93604099797,304.1508706078615
1777046505,100,,Aggregated,87.600000,0.000000,1200,1200,1200,1200,1200,1300,1400,1600,7400,18000,20000,19269,0,1200,1159.317914158424,263.1223750067875,19881.93604099797,304.15055270122997
1777046506,100,,Aggregated,88.300000,0.000000,1200,1200,1200,1200,1200,1300,1400,1600,7400,18000,20000,19356,0,1200,1159.2819170414637,263.1223750067875,19881.93604099797,304.1522008679479
1777046507,100,,Aggregated,87.600000,0.000000,1200,1200,1200,1200,1200,1300,1400,1600,7400,18000,20000,19440,0,1200,1159.1774100826913,263.1223750067875,19881.93604099797,304.1517489711934
1777046508,100,,Aggregated,87.000000,0.000000,1200,1200,1200,1200,1200,1300,1400,1600,7400,18000,20000,19531,0,1200,1159.1657530407294,263.1223750067875,19881.93604099797,304.15058112743844
1777046509,100,,Aggregated,87.800000,0.000000,1200,1200,1200,1200,1200,1300,1400,1600,7400,18000,20000,19621,0,1200,1159.14904336428,263.1223750067875,19881.93604099797,304.15101167116865
1777046510,100,,Aggregated,87.400000,0.000000,1200,1200,1200,1200,1200,1300,1400,1600,7400,18000,20000,19708,0,1200,1159.0776028267983,263.1223750067875,19881.93604099797,304.1515120763142
1777046511,100,,Aggregated,86.600000,0.000000,1200,1200,1200,1200,1200,1300,1400,1600,7400,18000,20000,19790,0,1200,1159.3035513520151,263.1223750067875,19881.93604099797,304.1522991409803
1777046512,100,,Aggregated,87.000000,0.000000,1200,1200,1200,1200,1200,1300,1400,1600,7400,18000,20000,19876,0,1200,1159.1568702077595,263.1223750067875,19881.93604099797,304.15244515999194
1777046513,100,,Aggregated,87.000000,0.000000,1200,1200,1200,1200,1200,1300,1400,1600,7400,18000,20000,19969,0,1200,1159.0707658663139,263.1223750067875,19881.93604099797,304.15278681957034
1777046514,100,,Aggregated,86.300000,0.000000,1200,1200,1200,1200,1200,1300,1400,1600,7300,14000,20000,20058,0,1200,1158.744583753235,263.1223750067875,19881.93604099797,304.15385382391065
1777046516,100,,Aggregated,86.200000,0.000000,1200,1200,1200,1200,1200,1300,1400,1600,7300,14000,20000,20146,0,1200,1158.6241592354424,263.1223750067875,19881.93604099797,304.1536781495086
1777046517,100,,Aggregated,86.900000,0.000000,1200,1200,1200,1200,1200,1300,1400,1600,7300,14000,20000,20234,0,1200,1158.6673251540528,263.1223750067875,19881.93604099797,304.15300978550954
1777046518,100,,Aggregated,87.300000,0.000000,1200,1200,1200,1200,1200,1300,1400,1600,7300,14000,20000,20319,0,1200,1158.6050364003631,263.1223750067875,19881.93604099797,304.1529110684581
1777046519,100,,Aggregated,87.300000,0.000000,1200,1200,1200,1200,1200,1300,1400,1600,7300,14000,20000,20403,0,1200,1158.649349353878,263.1223750067875,19881.93604099797,304.15228152722636
1777046520,100,,Aggregated,87.300000,0.000000,1200,1200,1200,1200,1200,1300,1400,1600,7300,14000,20000,20488,0,1200,1158.6389725710353,263.1223750067875,19881.93604099797,304.1524795001952
1777046521,100,,Aggregated,86.500000,0.000000,1200,1200,1200,1200,1200,1300,1400,1600,7300,14000,20000,20578,0,1200,1158.6056663044726,263.1223750067875,19881.93604099797,304.1516182330644
1777046522,100,,Aggregated,86.600000,0.000000,1200,1200,1200,1200,1200,1300,1400,1600,7300,14000,20000,20665,0,1200,1158.6035927295216,263.1223750067875,19881.93604099797,304.15170578272443
1777046523,100,,Aggregated,86.800000,0.000000,1200,1200,1200,1200,1200,1300,1400,1600,7300,14000,20000,20753,0,1200,1158.5609149222062,263.1223750067875,19881.93604099797,304.151544355033
1777046524,100,,Aggregated,87.400000,0.000000,1200,1200,1200,1200,1200,1300,1400,1600,7300,14000,20000,20841,0,1200,1158.5114777443907,263.1223750067875,19881.93604099797,304.15138429058106
1777046525,100,,Aggregated,87.500000,0.000000,1200,1200,1200,1200,1200,1300,1400,1600,7300,14000,20000,20926,0,1200,1158.513983306543,263.1223750067875,19881.93604099797,304.15167733919526
1777046526,100,,Aggregated,86.900000,0.000000,1200,1200,1200,1200,1200,1300,1400,1600,7200,14000,20000,21006,0,1200,1158.6224362248768,263.1223750067875,19881.93604099797,304.15157574026466
1777046527,100,,Aggregated,86.900000,0.000000,1200,1200,1200,1200,1200,1300,1400,1600,7200,14000,20000,21085,0,1200,1159.0933012608846,263.1223750067875,19881.93604099797,304.1521935024899
1777046528,100,,Aggregated,86.500000,0.000000,1200,1200,1200,1200,1200,1300,1400,1600,7200,14000,20000,21177,0,1200,1158.9088184959962,263.1223750067875,19881.93604099797,304.15276006988717
1777046529,100,,Aggregated,85.100000,0.000000,1200,1200,1200,1200,1200,1300,1400,1600,7200,14000,20000,21268,0,1200,1158.81009437924,263.1223750067875,19881.93604099797,304.1528117359413
1777046530,100,,Aggregated,85.900000,0.000000,1200,1200,1200,1200,1200,1300,1400,1600,7200,14000,20000,21357,0,1200,1158.7365256379046,263.1223750067875,19881.93604099797,304.15259633843704
1777046531,100,,Aggregated,85.900000,0.000000,1200,1200,1200,1200,1200,1300,1400,1600,7200,14000,20000,21436,0,1200,1158.796065478193,263.1223750067875,19881.93604099797,304.1523605150215
1777046532,100,,Aggregated,85.900000,0.000000,1200,1200,1200,1200,1200,1300,1400,1600,7200,14000,20000,21526,0,1200,1158.6259550024415,263.1223750067875,19881.93604099797,304.15255969525225
1777046533,100,,Aggregated,85.900000,0.000000,1200,1200,1200,1200,1200,1300,1400,1600,7200,14000,20000,21617,0,1200,1158.6381840066897,263.1223750067875,19881.93604099797,304.1519637322478
1777046534,100,,Aggregated,86.100000,0.000000,1200,1200,1200,1200,1200,1300,1400,1600,7200,14000,20000,21702,0,1200,1158.6726161456443,263.1223750067875,19881.93604099797,304.1515989309741
1777046535,100,,Aggregated,85.900000,0.000000,1200,1200,1200,1200,1200,1300,1400,1600,7200,14000,20000,21789,0,1200,1158.7085501022882,263.1223750067875,19881.93604099797,304.15195740970216
1777046536,100,,Aggregated,85.900000,0.000000,1200,1200,1200,1200,1200,1300,1400,1600,7200,14000,20000,21873,0,1200,1158.7535802001876,263.1223750067875,19881.93604099797,304.15137383989395
1777046537,100,,Aggregated,85.800000,0.000000,1200,1200,1200,1200,1200,1300,1400,1600,7200,14000,20000,21959,0,1200,1158.7987004480913,263.1223750067875,19881.93604099797,304.1515096315861
1777046538,100,,Aggregated,86.800000,0.000000,1200,1200,1200,1200,1200,1300,1400,1600,7000,14000,20000,22045,0,1200,1158.786930653864,263.1223750067875,19881.93604099797,304.1517350873214
1777046539,100,,Aggregated,86.800000,0.000000,1200,1200,1200,1200,1200,1300,1400,1600,7000,14000,20000,22133,0,1200,1158.7848418075453,263.1223750067875,19881.93604099797,304.15131251976686
1777046540,100,,Aggregated,86.100000,0.000000,1200,1200,1200,1200,1200,1300,1400,1600,7000,14000,20000,22223,0,1200,1158.727096743885,263.1223750067875,19881.93604099797,304.15114970976015
1777046541,100,,Aggregated,86.000000,0.000000,1200,1200,1200,1200,1200,1300,1400,1600,7000,14000,20000,22310,0,1200,1158.6240927229649,263.1223750067875,19881.93604099797,304.1511429852084
1777046542,100,,Aggregated,86.600000,0.000000,1200,1200,1200,1200,1200,1300,1400,1600,7000,14000,20000,22395,0,1200,1158.6293310685148,263.1223750067875,19881.93604099797,304.1501674480911
1777046543,100,,Aggregated,86.000000,0.000000,1200,1200,1200,1200,1200,1300,1400,1600,7000,14000,20000,22471,0,1200,1158.7604420825685,263.1223750067875,19881.93604099797,304.1500155756308
1777046544,100,,Aggregated,86.000000,0.000000,1200,1200,1200,1200,1200,1300,1400,1600,7000,14000,20000,22562,0,1200,1158.8068463585873,263.1223750067875,19881.93604099797,304.1508731495435
1777046545,100,,Aggregated,85.800000,0.000000,1200,1200,1200,1200,1200,1300,1400,1600,7000,14000,20000,22649,0,1200,1158.8604596890643,263.1223750067875,19881.93604099797,304.150867587973
1777046546,100,,Aggregated,85.100000,0.000000,1200,1200,1200,1200,1200,1300,1400,1600,7000,14000,20000,22738,0,1200,1158.9004368822968,263.1223750067875,19881.93604099797,304.1515524672355
1777046547,100,,Aggregated,85.100000,0.000000,1200,1200,1200,1200,1200,1300,1400,1600,7000,14000,20000,22820,0,1200,1158.9075887268102,263.1223750067875,19881.93604099797,304.15170902716915
1777046548,100,,Aggregated,85.900000,0.000000,1200,1200,1200,1200,1200,1300,1400,1600,7000,14000,20000,22917,0,1200,1158.6982864395327,263.1223750067875,19881.93604099797,304.15180870096435
1777046549,100,,Aggregated,86.600000,0.000000,1200,1200,1200,1200,1200,1300,1400,1600,7000,14000,20000,23002,0,1200,1158.502486662541,263.1223750067875,19881.93604099797,304.1514650899922
1777046550,100,,Aggregated,86.900000,0.000000,1200,1200,1200,1200,1200,1300,1400,1600,7000,14000,20000,23088,0,1200,1158.5128389207312,263.1223750067875,19881.93604099797,304.15176715176716
1777046551,100,,Aggregated,86.600000,0.000000,1200,1200,1200,1200,1200,1300,1400,1600,7000,14000,20000,23175,0,1200,1158.573642583553,263.1223750067875,19881.93604099797,304.15132686084144
1777046552,100,,Aggregated,86.500000,0.000000,1200,1200,1200,1200,1200,1300,1400,1600,7000,14000,20000,23256,0,1200,1158.6956318135876,263.1223750067875,19881.93604099797,304.1511867905057
1777046553,100,,Aggregated,86.800000,0.000000,1200,1200,1200,1200,1200,1300,1400,1600,7000,14000,20000,23345,0,1200,1158.679135897996,263.1223750067875,19881.93604099797,304.15159563075605
1777046554,100,,Aggregated,85.100000,0.000000,1200,1200,1200,1200,1200,1300,1400,1600,7000,14000,20000,23432,0,1200,1158.646547609372,263.1223750067875,19881.93604099797,304.15167292591326
1777046555,100,,Aggregated,86.700000,0.000000,1200,1200,1200,1200,1200,1300,1400,1600,7000,14000,20000,23516,0,1200,1158.6629878718568,263.1223750067875,19881.93604099797,304.15121619323014
1777046556,100,,Aggregated,87.300000,0.000000,1200,1200,1200,1200,1200,1300,1400,1600,7000,14000,20000,23605,0,1200,1158.6462627974015,263.1223750067875,19881.93604099797,304.15170514721456
1777046557,100,,Aggregated,87.300000,0.000000,1200,1200,1200,1200,1200,1300,1400,1600,7000,14000,20000,23693,0,1200,1158.6320633132816,263.1223750067875,19881.93604099797,304.15181699236064
1777046558,100,,Aggregated,86.700000,0.000000,1200,1200,1200,1200,1200,1300,1400,1600,7000,14000,20000,23780,0,1200,1158.6026642115455,263.1223750067875,19881.93604099797,304.1520605550883
1777046559,100,,Aggregated,86.200000,0.000000,1200,1200,1200,1200,1200,1300,1400,1600,7000,14000,20000,23859,0,1200,1158.6536081840204,263.1223750067875,19881.93604099797,304.1521857579949
1777046560,100,,Aggregated,85.900000,0.000000,1200,1200,1200,1200,1200,1300,1400,1600,7000,14000,20000,23951,0,1200,1158.7529895355758,263.1223750067875,19881.93604099797,304.15218571249636
1777046561,100,,Aggregated,85.200000,0.000000,1200,1200,1200,1200,1200,1300,1400,1600,7000,14000,20000,24028,0,1200,1158.8312170745658,263.1223750067875,19881.93604099797,304.1518228733145
1777046562,100,,Aggregated,85.600000,0.000000,1200,1200,1200,1200,1200,1300,1400,1600,7000,14000,20000,24115,0,1200,1158.9438118006867,263.1223750067875,19881.93604099797,304.15189715944433
1777046563,100,,Aggregated,84.700000,0.000000,1200,1200,1200,1200,1200,1300,1400,1600,7000,14000,20000,24203,0,1200,1158.7883848036001,263.1223750067875,19881.93604099797,304.15225385282815
1777046564,100,,Aggregated,87.400000,0.000000,1200,1200,1200,1200,1200,1300,1400,1600,7000,14000,20000,24293,0,1200,1158.8207752585708,263.1223750067875,19881.93604099797,304.1520191001523
1777046565,100,,Aggregated,85.800000,0.000000,1200,1200,1200,1200,1200,1300,1400,1600,7000,14000,20000,24382,0,1200,1158.7652475093266,263.1223750067875,19881.93604099797,304.1520794028382
1777046566,100,,Aggregated,86.100000,0.000000,1200,1200,1200,1200,1200,1300,1400,1600,7000,14000,20000,24461,0,1200,1158.7420029529626,263.1223750067875,19881.93604099797,304.15203793794205
1777046567,100,,Aggregated,86.200000,0.000000,1200,1200,1200,1200,1200,1300,1400,1600,7000,14000,20000,24552,0,1200,1158.7835574168034,263.1223750067875,19881.93604099797,304.1520853698273
1777046568,100,,Aggregated,86.000000,0.000000,1200,1200,1200,1200,1200,1300,1400,1600,7000,14000,20000,24643,0,1200,1158.7759919255564,263.1223750067875,19881.93604099797,304.1520512924563
1777046569,100,,Aggregated,85.900000,0.000000,1200,1200,1200,1200,1200,1300,1400,1600,7000,14000,20000,24728,0,1200,1158.7721556646136,263.1223750067875,19881.93604099797,304.15148819152375
1777046570,100,,Aggregated,85.900000,0.000000,1200,1200,1200,1200,1200,1300,1400,1600,7000,14000,20000,24814,0,1200,1158.7964741872145,263.1223750067875,19881.93604099797,304.151688562908
1777046571,100,,Aggregated,86.600000,0.000000,1200,1200,1200,1200,1200,1300,1400,1600,7000,14000,20000,24898,0,1200,1158.8603199931965,263.1223750067875,19881.93604099797,304.15141778456103
1777046572,100,,Aggregated,86.200000,0.000000,1200,1200,1200,1200,1200,1300,1400,1600,7000,14000,20000,24982,0,1200,1158.9265139060699,263.1223750067875,19881.93604099797,304.15138900008003
1777046573,100,,Aggregated,87.000000,0.000000,1200,1200,1200,1200,1200,1300,1400,1600,6900,14000,20000,25071,0,1200,1158.9551738440578,263.1223750067875,19881.93604099797,304.1508914682302
1777046574,100,,Aggregated,85.600000,0.000000,1200,1200,1200,1200,1200,1300,1400,1600,6900,14000,20000,25158,0,1200,1158.9102168241682,263.1223750067875,19881.93604099797,304.1511248906908
1777046575,100,,Aggregated,85.200000,0.000000,1200,1200,1200,1200,1200,1300,1400,1600,6900,14000,20000,25245,0,1200,1158.8738401956218,263.1223750067875,19881.93604099797,304.1508021390374
1777046576,100,,Aggregated,85.500000,0.000000,1200,1200,1200,1200,1200,1300,1400,1600,6900,14000,20000,25331,0,1200,1158.9380173335962,263.1223750067875,19881.93604099797,304.1506849315069
1777046577,100,,Aggregated,85.800000,0.000000,1200,1200,1200,1200,1200,1300,1400,1600,6900,14000,20000,25418,0,1200,1158.9536885013915,263.1223750067875,19881.93604099797,304.1504445668424
1777046578,100,,Aggregated,85.800000,0.000000,1200,1200,1200,1200,1200,1300,1400,1600,6900,14000,20000,25498,0,1200,1158.9856731408581,263.1223750067875,19881.93604099797,304.15075692211155
1777046579,100,,Aggregated,85.800000,0.000000,1200,1200,1200,1200,1200,1300,1400,1600,6900,14000,20000,25588,0,1200,1158.9866392513475,263.1223750067875,19881.93604099797,304.15061747694233
1777046580,100,,Aggregated,85.900000,0.000000,1200,1200,1200,1200,1200,1300,1400,1600,6900,14000,20000,25676,0,1200,1159.0323552390726,263.1223750067875,19881.93604099797,304.15072441190216
1777046581,100,,Aggregated,86.000000,0.000000,1200,1200,1200,1200,1200,1300,1400,1600,6900,14000,20000,25765,0,1200,1159.0597125586062,263.1223750067875,19881.93604099797,304.1507859499321
1777046582,100,,Aggregated,84.800000,0.000000,1200,1200,1200,1200,1200,1300,1400,1600,6900,14000,20000,25851,0,1200,1158.8943543653045,263.1223750067875,19881.93604099797,304.15198638350546
1777046583,100,,Aggregated,85.300000,0.000000,1200,1200,1200,1200,1200,1300,1400,1600,6900,14000,20000,25938,0,1200,1158.8958038973458,263.1223750067875,19881.93604099797,304.1520549001465
1777046584,100,,Aggregated,86.200000,0.000000,1200,1200,1200,1200,1200,1300,1400,1600,6400,14000,20000,26026,0,1200,1158.8334698693047,263.1223750067875,19881.93604099797,304.1521555367709
1777046585,100,,Aggregated,87.100000,0.000000,1200,1200,1200,1200,1200,1300,1400,1600,6400,14000,20000,26112,0,1200,1158.7875208504352,263.1223750067875,19881.93604099797,304.15234375
1777046586,100,,Aggregated,85.900000,0.000000,1200,1200,1200,1200,1200,1300,1400,1600,6400,14000,20000,26200,0,1200,1158.7262751921226,263.1223750067875,19881.93604099797,304.15259541984733
1777046587,100,,Aggregated,86.100000,0.000000,1200,1200,1200,1200,1200,1300,1400,1500,6400,14000,20000,26285,0,1200,1158.7589469720172,263.1223750067875,19881.93604099797,304.15252044892526
1777046588,100,,Aggregated,86.600000,0.000000,1200,1200,1200,1200,1200,1300,1400,1500,6400,14000,20000,26372,0,1200,1158.7824460392271,263.1223750067875,19881.93604099797,304.1528135901714
1777046589,100,,Aggregated,86.400000,0.000000,1200,1200,1200,1200,1200,1300,1400,1500,6400,14000,20000,26456,0,1200,1158.7827828637617,263.1223750067875,19881.93604099797,304.15247958875113
1777046590,100,,Aggregated,86.400000,0.000000,1200,1200,1200,1200,1200,1300,1400,1500,6400,14000,20000,26541,0,1200,1158.7661305381375,263.1223750067875,19881.93604099797,304.15255642213936
1777046591,100,,Aggregated,86.400000,0.000000,1200,1200,1200,1200,1200,1300,1400,1500,6400,14000,20000,26631,0,1200,1158.7447998927837,263.1223750067875,19881.93604099797,304.1524914573242
1777046592,100,,Aggregated,87.800000,0.000000,1200,1200,1200,1200,1200,1300,1400,1500,6400,14000,20000,26719,0,1200,1158.7319178856098,263.1223750067875,19881.93604099797,304.15206407425427
1777046593,100,,Aggregated,87.500000,0.000000,1200,1200,1200,1200,1200,1300,1400,1500,6400,14000,20000,26806,0,1200,1158.8737926206265,263.1223750067875,19881.93604099797,304.15198089979856
1777046594,100,,Aggregated,86.700000,0.000000,1200,1200,1200,1200,1200,1300,1400,1500,6400,14000,20000,26882,0,1200,1158.8884007184947,263.1223750067875,19881.93604099797,304.15162562309354
1777046595,100,,Aggregated,86.200000,0.000000,1200,1200,1200,1200,1200,1300,1400,1500,6400,14000,20000,26974,0,1200,1158.8965429207342,263.1223750067875,19881.93604099797,304.1514792021947
1777046596,100,,Aggregated,87.000000,0.000000,1200,1200,1200,1200,1200,1300,1400,1500,6400,14000,20000,27059,0,1200,1158.8433981144155,263.1223750067875,19881.93604099797,304.15118814442513
1777046597,100,,Aggregated,85.900000,0.000000,1200,1200,1200,1200,1200,1300,1400,1500,6400,14000,20000,27142,0,1200,1159.0385448363804,263.1223750067875,19881.93604099797,304.1522363864122
1777046598,100,,Aggregated,86.000000,0.000000,1200,1200,1200,1200,1200,1300,1400,1600,6400,14000,20000,27236,0,1200,1159.2039832018982,263.1223750067875,19881.93604099797,304.1523718607725
1777046599,100,,Aggregated,85.600000,0.000000,1200,1200,1200,1200,1200,1300,1400,1600,6400,14000,20000,27328,0,1200,1158.7486521967535,263.1223750067875,19881.93604099797,304.15200526932085
1777046600,100,,Aggregated,85.400000,0.000000,1200,1200,1200,1200,1200,1300,1400,1600,6400,14000,20000,27416,0,1200,1158.667111698242,263.1223750067875,19881.93604099797,304.1522468631456
1777046601,100,,Aggregated,86.300000,0.000000,1200,1200,1200,1200,1200,1300,1400,1600,6400,14000,20000,27504,0,1200,1158.5909939322305,263.1223750067875,19881.93604099797,304.15248691099475
1777046602,100,,Aggregated,86.400000,0.000000,1200,1200,1200,1200,1200,1300,1400,1600,6400,14000,20000,27585,0,1200,1158.5269932234903,263.1223750067875,19881.93604099797,304.1517128874388
1777046603,100,,Aggregated,86.500000,0.000000,1200,1200,1200,1200,1200,1300,1400,1600,6400,14000,20000,27679,0,1200,1158.471572289675,263.1223750067875,19881.93604099797,304.15184797138625
1777046604,100,,Aggregated,86.700000,0.000000,1200,1200,1200,1200,1200,1300,1400,1600,6400,14000,20000,27766,0,1200,1158.4153355567896,263.1223750067875,19881.93604099797,304.1520564719441
1777046605,100,,Aggregated,87.100000,0.000000,1200,1200,1200,1200,1200,1300,1400,1600,6400,14000,20000,27853,0,1200,1158.431024404763,263.1223750067875,19881.93604099797,304.1519046422288
1777046606,100,,Aggregated,87.000000,0.000000,1200,1200,1200,1200,1200,1300,1400,1600,6400,14000,20000,27939,0,1200,1158.428695169157,263.1223750067875,19881.93604099797,304.15186656644835
1777046607,100,,Aggregated,87.700000,0.000000,1200,1200,1200,1200,1200,1300,1400,1600,6300,14000,20000,28025,0,1200,1158.466042317609,263.1223750067875,19881.93604099797,304.1521855486173
1777046608,100,,Aggregated,86.700000,0.000000,1200,1200,1200,1200,1200,1300,1400,1600,6300,14000,20000,28112,0,1200,1158.4750951860015,263.1223750067875,19881.93604099797,304.1523192942516
1777046609,100,,Aggregated,87.600000,0.000000,1200,1200,1200,1200,1200,1300,1400,1600,6300,14000,20000,28185,0,1200,1158.4939020990223,263.1223750067875,19881.93604099797,304.15210218201173
1777046610,100,,Aggregated,87.700000,0.000000,1200,1200,1200,1200,1200,1300,1400,1600,6300,14000,20000,28277,0,1200,1158.8380755426251,263.1223750067875,19881.93604099797,304.1521024153906
1777046611,100,,Aggregated,86.800000,0.000000,1200,1200,1200,1200,1200,1300,1400,1600,6300,14000,20000,28364,0,1200,1158.5667804357515,263.1223750067875,19881.93604099797,304.1518121562544
1777046612,100,,Aggregated,85.600000,0.000000,1200,1200,1200,1200,1200,1300,1400,1600,6300,14000,20000,28451,0,1200,1158.5862770050849,263.1223750067875,19881.93604099797,304.1518751537732
1777046613,100,,Aggregated,86.300000,0.000000,1200,1200,1200,1200,1200,1300,1400,1600,6300,14000,20000,28541,0,1200,1158.5868466251245,263.1223750067875,19881.93604099797,304.1521670579167
1777046614,100,,Aggregated,86.100000,0.000000,1200,1200,1200,1200,1200,1300,1400,1600,6300,14000,20000,28621,0,1200,1158.6345868356364,263.1223750067875,19881.93604099797,304.1526501519863
1777046615,100,,Aggregated,85.600000,0.000000,1200,1200,1200,1200,1200,1300,1400,1600,6300,14000,20000,28717,0,1200,1158.5390081916557,263.1223750067875,19881.93604099797,304.15290594421424
1777046616,100,,Aggregated,85.600000,0.000000,1200,1200,1200,1200,1200,1300,1400,1600,6300,14000,20000,28808,0,1200,1158.4316006213503,263.1223750067875,19881.93604099797,304.15329075256875
1777046617,100,,Aggregated,86.200000,0.000000,1200,1200,1200,1200,1200,1300,1400,1600,6300,14000,20000,28894,0,1200,1158.446457708649,263.1223750067875,19881.93604099797,304.1534574652177
1777046618,100,,Aggregated,86.700000,0.000000,1200,1200,1200,1200,1200,1300,1400,1600,6300,14000,20000,28979,0,1200,1158.4634095735755,263.1223750067875,19881.93604099797,304.153455950861
1777046619,100,,Aggregated,85.900000,0.000000,1200,1200,1200,1200,1200,1300,1400,1600,6100,14000,20000,29066,0,1200,1158.4632695499718,263.1223750067875,19881.93604099797,304.1535126952453
1777046620,100,,Aggregated,86.400000,0.000000,1200,1200,1200,1200,1200,1300,1400,1600,6100,14000,20000,29152,0,1200,1158.4886107868213,263.1223750067875,19881.93604099797,304.1534028540066
1777046621,100,,Aggregated,86.300000,0.000000,1200,1200,1200,1200,1200,1300,1400,1600,6100,14000,20000,29238,0,1200,1158.4947614988873,263.1223750067875,19881.93604099797,304.15267802175254
1777046622,100,,Aggregated,87.300000,0.000000,1200,1200,1200,1200,1200,1300,1400,1600,6100,14000,20000,29323,0,1200,1158.518440448951,263.1223750067875,19881.93604099797,304.15281519626234
1777046623,100,,Aggregated,86.400000,0.000000,1200,1200,1200,1200,1200,1300,1400,1600,6100,14000,20000,29407,0,1200,1158.562800404383,263.1223750067875,19881.93604099797,304.15258271840037
1777046624,100,,Aggregated,86.200000,0.000000,1200,1200,1200,1200,1200,1300,1400,1600,6100,14000,20000,29493,0,1200,1158.6363292500816,263.1223750067875,19881.93604099797,304.1526124843183
1777046625,100,,Aggregated,86.600000,0.000000,1200,1200,1200,1200,1200,1300,1400,1500,6100,14000,20000,29578,0,1200,1158.69942565389,263.1223750067875,19881.93604099797,304.15274866454797
1777046626,100,,Aggregated,86.400000,0.000000,1200,1200,1200,1200,1200,1300,1400,1500,6100,14000,20000,29657,0,1200,1158.7974618059764,263.1223750067875,19881.93604099797,304.1531173078868
1777046627,100,,Aggregated,85.400000,0.000000,1200,1200,1200,1200,1200,1300,1400,1600,6100,14000,20000,29741,0,1200,1158.9850097643955,263.1223750067875,19881.93604099797,304.1528865875391
1777046628,100,,Aggregated,85.400000,0.000000,1200,1200,1200,1200,1200,1300,1400,1600,6100,14000,20000,29836,0,1200,1159.0322185639172,263.1223750067875,19881.93604099797,304.1529695669661
1777046629,100,,Aggregated,84.100000,0.000000,1200,1200,1200,1200,1200,1300,1400,1600,6100,14000,20000,29925,0,1200,1158.90922982159,263.1223750067875,19881.93604099797,304.15294903926485
1777046630,100,,Aggregated,84.700000,0.000000,1200,1200,1200,1200,1200,1300,1400,1600,6000,13000,20000,30009,0,1200,1158.838466150092,263.1223750067875,19881.93604099797,304.1533206704655
1777046631,100,,Aggregated,84.900000,0.000000,1200,1200,1200,1200,1200,1300,1400,1600,6000,13000,20000,30088,0,1200,1158.8653197546898,263.1223750067875,19881.93604099797,304.1538154746078
1777046632,100,,Aggregated,85.200000,0.000000,1200,1200,1200,1200,1200,1300,1400,1600,6000,13000,20000,30183,0,1200,1158.8101815450434,263.1223750067875,19881.93604099797,304.1531656892953
1777046633,100,,Aggregated,84.600000,0.000000,1200,1200,1200,1200,1200,1300,1400,1600,6000,13000,20000,30269,0,1200,1158.7703563957577,263.1223750067875,19881.93604099797,304.1527965905712
1777046634,100,,Aggregated,85.700000,0.000000,1200,1200,1200,1200,1200,1300,1400,1600,6000,13000,20000,30357,0,1200,1158.7663638861886,263.1223750067875,19881.93604099797,304.1528148367757
1777046635,100,,Aggregated,85.700000,0.000000,1200,1200,1200,1200,1200,1300,1400,1600,6000,13000,20000,30443,0,1200,1158.7434817171768,263.1223750067875,19881.93604099797,304.1527116250041
1777046636,100,,Aggregated,85.700000,0.000000,1200,1200,1200,1200,1200,1300,1400,1600,6000,13000,20000,30529,0,1200,1158.770545200267,263.1223750067875,19881.93604099797,304.1527400176881
1777046637,100,,Aggregated,86.300000,0.000000,1200,1200,1200,1200,1200,1300,1400,1500,6000,13000,20000,30617,0,1200,1158.7643408170006,263.1223750067875,19881.93604099797,304.15301956429437
1777046638,100,,Aggregated,86.100000,0.000000,1200,1200,1200,1200,1200,1300,1400,1500,6000,13000,20000,30698,0,1200,1158.758616025448,263.1223750067875,19881.93604099797,304.1529089842987
1777046639,100,,Aggregated,87.900000,0.000000,1200,1200,1200,1200,1200,1300,1400,1500,6000,13000,20000,30788,0,1200,1158.7812929835732,263.1223750067875,19881.93604099797,304.15337144341953
1777046640,100,,Aggregated,86.300000,0.000000,1200,1200,1200,1200,1200,1300,1400,1500,6000,13000,20000,30877,0,1200,1158.7313144939683,263.1223750067875,19881.93604099797,304.1534151633902
1777046641,100,,Aggregated,86.400000,0.000000,1200,1200,1200,1200,1200,1300,1400,1500,6000,13000,20000,30963,0,1200,1158.767296336537,263.1223750067875,19881.93604099797,304.1536349836902
1777046642,100,,Aggregated,86.600000,0.000000,1200,1200,1200,1200,1200,1300,1400,1500,6000,13000,20000,31051,0,1200,1158.735991631162,263.1223750067875,19881.93604099797,304.1534572155486
1777046643,100,,Aggregated,87.000000,0.000000,1200,1200,1200,1200,1200,1300,1400,1500,6000,13000,20000,31132,0,1200,1158.7855445432365,263.1223750067875,19881.93604099797,304.15373249389694
1777046644,100,,Aggregated,86.300000,0.000000,1200,1200,1200,1200,1200,1300,1400,1500,6000,13000,20000,31223,0,1200,1158.7981011182812,263.1223750067875,19881.93604099797,304.15331646542614
1777046645,100,,Aggregated,85.300000,0.000000,1200,1200,1200,1200,1200,1300,1400,1500,6000,13000,20000,31309,0,1200,1158.7766532483963,263.1223750067875,19881.93604099797,304.1535341275671
1777046646,100,,Aggregated,86.500000,0.000000,1200,1200,1200,1200,1200,1300,1400,1500,6000,13000,20000,31392,0,1200,1158.9296245821836,263.1223750067875,19881.93604099797,304.15398827726807
1777046647,100,,Aggregated,85.100000,0.000000,1200,1200,1200,1200,1200,1300,1400,1500,6000,13000,20000,31480,0,1200,1158.845766224997,263.1223750067875,19881.93604099797,304.15368487928845
1777046648,100,,Aggregated,85.400000,0.000000,1200,1200,1200,1200,1200,1300,1400,1500,6000,13000,20000,31575,0,1200,1158.7150601218002,263.1223750067875,19881.93604099797,304.1537608867775
1777046649,100,,Aggregated,85.400000,0.000000,1200,1200,1200,1200,1200,1300,1400,1500,6000,13000,20000,31661,0,1200,1158.6144523178934,263.1223750067875,19881.93604099797,304.1539117526294
1777046650,100,,Aggregated,87.200000,0.000000,1200,1200,1200,1200,1200,1300,1400,1500,6000,13000,20000,31742,0,1200,1158.6045972782363,263.1223750067875,19881.93604099797,304.15367651691764
1777046651,100,,Aggregated,86.200000,0.000000,1200,1200,1200,1200,1200,1300,1400,1500,6000,13000,20000,31832,0,1200,1158.5902005690416,263.1223750067875,19881.93604099797,304.1537446594622
1777046652,100,,Aggregated,86.300000,0.000000,1200,1200,1200,1200,1200,1300,1400,1500,6000,13000,20000,31921,0,1200,1158.5799810043784,263.1223750067875,19881.93604099797,304.1540365276777
1777046653,100,,Aggregated,86.700000,0.000000,1200,1200,1200,1200,1200,1300,1400,1500,6000,13000,20000,32011,0,1200,1158.5534068346462,263.1223750067875,19881.93604099797,304.1537908843835
1777046654,100,,Aggregated,86.500000,0.000000,1200,1200,1200,1200,1200,1300,1400,1500,6000,13000,20000,32097,0,1200,1158.5174054810338,263.1223750067875,19881.93604099797,304.1535657538088
1777046655,100,,Aggregated,87.700000,0.000000,1200,1200,1200,1200,1200,1300,1400,1500,6000,13000,20000,32183,0,1200,1158.5783681827943,263.1223750067875,19881.93604099797,304.1531553925986
1777046656,100,,Aggregated,86.700000,0.000000,1200,1200,1200,1200,1200,1300,1400,1500,6000,13000,20000,32270,0,1200,1158.5514252252485,263.1223750067875,19881.93604099797,304.15295940502017
1777046657,100,,Aggregated,87.600000,0.000000,1200,1200,1200,1200,1200,1300,1400,1500,6000,13000,20000,32358,0,1200,1158.4922364245854,263.1223750067875,19881.93604099797,304.15248161196615
1777046658,100,,Aggregated,87.500000,0.000000,1200,1200,1200,1200,1200,1300,1400,1500,6000,13000,20000,32445,0,1200,1158.456548807607,263.1223750067875,19881.93604099797,304.152411773771
1777046659,100,,Aggregated,87.700000,0.000000,1200,1200,1200,1200,1200,1300,1400,1500,6000,13000,20000,32525,0,1200,1158.4765320888162,263.1223750067875,19881.93604099797,304.152282859339
1777046660,100,,Aggregated,86.700000,0.000000,1200,1200,1200,1200,1200,1300,1400,1500,6000,13000,20000,32610,0,1200,1158.5860793077516,263.1223750067875,19881.93604099797,304.15191659000305
1777046661,100,,Aggregated,87.300000,0.000000,1200,1200,1200,1200,1200,1300,1400,1500,6000,13000,20000,32692,0,1200,1158.5741122730558,263.1223750067875,19881.93604099797,304.15135201272483
1777046662,100,,Aggregated,86.800000,0.000000,1200,1200,1200,1200,1200,1300,1400,1500,6000,13000,20000,32788,0,1200,1158.776078717146,263.1223750067875,19881.93604099797,304.15188483591555
1777046663,100,,Aggregated,85.900000,0.000000,1200,1200,1200,1200,1200,1300,1400,1500,6000,13000,20000,32879,0,1200,1158.5724328541546,263.1223750067875,19881.93604099797,304.1524073116579
1777046664,100,,Aggregated,85.700000,0.000000,1200,1200,1200,1200,1200,1300,1400,1500,6000,13000,20000,32962,0,1200,1158.5261472296245,263.1223750067875,19881.93604099797,304.15302469510345
1777046665,100,,Aggregated,86.400000,0.000000,1200,1200,1200,1200,1200,1300,1400,1500,6000,13000,20000,33052,0,1200,1158.4504244266814,263.1223750067875,19881.93604099797,304.153515672274
1777046666,100,,Aggregated,86.200000,0.000000,1200,1200,1200,1200,1200,1300,1400,1500,6000,13000,20000,33143,0,1200,1158.384894815341,263.1223750067875,19881.93604099797,304.1530639954138
1777046667,100,,Aggregated,86.600000,0.000000,1200,1200,1200,1200,1200,1300,1400,1500,6000,13000,20000,33228,0,1200,1158.3854791211263,263.1223750067875,19881.93604099797,304.1534248224389
1777046668,100,,Aggregated,86.800000,0.000000,1200,1200,1200,1200,1200,1300,1400,1500,6000,13000,20000,33317,0,1200,1158.3546529797675,263.1223750067875,19881.93604099797,304.1535252273614
1777046669,100,,Aggregated,86.600000,0.000000,1200,1200,1200,1200,1200,1300,1400,1500,6000,13000,20000,33404,0,1200,1158.3215557304268,263.1223750067875,19881.93604099797,304.1540534067776
1777046670,100,,Aggregated,86.400000,0.000000,1200,1200,1200,1200,1200,1300,1400,1500,6000,13000,20000,33491,0,1200,1158.2712420337461,263.1223750067875,19881.93604099797,304.1548774297572
1777046671,100,,Aggregated,86.700000,0.000000,1200,1200,1200,1200,1200,1300,1400,1500,6000,13000,20000,33579,0,1200,1158.2339431525734,263.1223750067875,19881.93604099797,304.155007594032
1777046672,100,,Aggregated,86.700000,0.000000,1200,1200,1200,1200,1200,1300,1400,1500,6000,13000,20000,33668,0,1200,1158.170456036128,263.1223750067875,19881.93604099797,304.15522157538317
1777046673,100,,Aggregated,87.600000,0.000000,1200,1200,1200,1200,1200,1300,1400,1500,6000,13000,20000,33754,0,1200,1158.145706033425,263.1223750067875,19881.93604099797,304.1552408603425
1777046674,100,,Aggregated,87.400000,0.000000,1200,1200,1200,1200,1200,1300,1400,1500,6000,13000,20000,33842,0,1200,1158.135097889702,263.1223750067875,19881.93604099797,304.1551326753738
1777046675,100,,Aggregated,87.000000,0.000000,1200,1200,1200,1200,1200,1300,1400,1500,6000,13000,20000,33931,0,1200,1158.0826698996884,263.1223750067875,19881.93604099797,304.15504995431905
1777046676,100,,Aggregated,87.300000,0.000000,1200,1200,1200,1200,1200,1300,1400,1500,5900,13000,20000,34012,0,1200,1158.0892578939909,263.1223750067875,19881.93604099797,304.1555921439492
1777046677,100,,Aggregated,87.300000,0.000000,1200,1200,1200,1200,1200,1300,1400,1500,5900,13000,20000,34101,0,1200,1158.1746454499405,263.1223750067875,19881.93604099797,304.15562593472333
1777046678,100,,Aggregated,87.300000,0.000000,1200,1200,1200,1200,1200,1300,1400,1500,5900,13000,20000,34187,0,1200,1158.3104137424891,263.1223750067875,19881.93604099797,304.15581946353876
1777046679,100,,Aggregated,86.900000,0.000000,1200,1200,1200,1200,1200,1300,1400,1500,5900,13000,20000,34280,0,1200,1158.3224292732043,263.1223750067875,19881.93604099797,304.15495915985997
1777046680,100,,Aggregated,86.600000,0.000000,1200,1200,1200,1200,1200,1300,1400,1500,5900,13000,20000,34366,0,1200,1158.0969749384967,263.1223750067875,19881.93604099797,304.15515334924055
1777046681,100,,Aggregated,85.700000,0.000000,1200,1200,1200,1200,1200,1300,1400,1500,5900,13000,20000,34442,0,1200,1158.1217518349486,263.1223750067875,19881.93604099797,304.1555658788688
1777046682,100,,Aggregated,86.500000,0.000000,1200,1200,1200,1200,1200,1300,1400,1500,5900,13000,20000,34540,0,1200,1158.1088156013661,263.1223750067875,19881.93604099797,304.155529820498
1777046683,100,,Aggregated,86.600000,0.000000,1200,1200,1200,1200,1200,1300,1400,1500,5900,13000,20000,34628,0,1200,1157.9737282796914,263.1223750067875,19881.93604099797,304.1558276539217
1777046684,100,,Aggregated,86.900000,0.000000,1200,1200,1200,1200,1200,1300,1400,1500,5900,13000,20000,34715,0,1200,1157.9445785329451,263.1223750067875,19881.93604099797,304.1560420567478
1777046685,100,,Aggregated,86.400000,0.000000,1200,1200,1200,1200,1200,1300,1400,1500,5900,13000,20000,34802,0,1200,1157.92081226723,263.1223750067875,19881.93604099797,304.15568070800526
1777046686,100,,Aggregated,86.700000,0.000000,1200,1200,1200,1200,1200,1300,1400,1500,5900,13000,20000,34889,0,1200,1157.9064768069668,263.1223750067875,19881.93604099797,304.1559517326378
1777046687,100,,Aggregated,86.800000,0.000000,1200,1200,1200,1200,1200,1300,1400,1500,5900,13000,20000,34975,0,1200,1157.9171790930234,263.1223750067875,19881.93604099797,304.15608291636886
1777046688,100,,Aggregated,86.600000,0.000000,1200,1200,1200,1200,1200,1300,1400,1500,5400,13000,20000,35057,0,1200,1157.9077519310488,263.1223750067875,19881.93604099797,304.156459480275
1777046689,100,,Aggregated,87.000000,0.000000,1200,1200,1200,1200,1200,1300,1400,1500,5400,13000,20000,35146,0,1200,1157.912914220615,263.1223750067875,19881.93604099797,304.15626244807373
1777046690,100,,Aggregated,87.100000,0.000000,1200,1200,1200,1200,1200,1300,1400,1500,5400,13000,20000,35237,0,1200,1157.8954118407878,263.1223750067875,19881.93604099797,304.156568379828
1777046691,100,,Aggregated,88.000000,0.000000,1200,1200,1200,1200,1200,1300,1400,1500,5400,13000,20000,35323,0,1200,1157.902138658203,263.1223750067875,19881.93604099797,304.15624380715116
1777046692,100,,Aggregated,87.100000,0.000000,1200,1200,1200,1200,1200,1300,1400,1500,5400,13000,20000,35410,0,1200,1157.9047400601492,263.1223750067875,19881.93604099797,304.15622705450437
1777046693,100,,Aggregated,86.900000,0.000000,1200,1200,1200,1200,1200,1300,1400,1500,5400,13000,20000,35489,0,1200,1157.9844871538198,263.1223750067875,19881.93604099797,304.15630195271774
1777046694,100,,Aggregated,86.900000,0.000000,1200,1200,1200,1200,1200,1300,1400,1500,5400,13000,20000,35580,0,1200,1157.9918441625318,263.1223750067875,19881.93604099797,304.1560989319843
1777046695,100,,Aggregated,86.200000,0.000000,1200,1200,1200,1200,1200,1300,1400,1500,5400,13000,20000,35659,0,1200,1158.0202096234023,263.1223750067875,19881.93604099797,304.156061583331
1777046696,100,,Aggregated,86.000000,0.000000,1200,1200,1200,1200,1200,1300,1400,1500,5400,13000,20000,35742,0,1200,1158.3012331699954,263.1223750067875,19881.93604099797,304.15561524257174
1777046697,100,,Aggregated,86.300000,0.000000,1200,1200,1200,1200,1200,1300,1400,1500,5400,13000,20000,35832,0,1200,1158.1320802346006,263.1223750067875,19881.93604099797,304.1555034605939
1777046698,100,,Aggregated,85.100000,0.000000,1200,1200,1200,1200,1200,1300,1400,1500,5400,13000,20000,35924,0,1200,1158.1373721422501,263.1223750067875,19881.93604099797,304.1553279144861
1777046699,100,,Aggregated,84.800000,0.000000,1200,1200,1200,1200,1200,1300,1400,1500,5300,13000,20000,36012,0,1200,1158.1021311254663,263.1223750067875,19881.93604099797,304.15494835054983
1777046700,100,,Aggregated,85.500000,0.000000,1200,1200,1200,1200,1200,1300,1400,1500,5300,13000,20000,36091,0,1200,1158.0724664148545,263.1223750067875,19881.93604099797,304.1552464603364
1777046701,100,,Aggregated,85.600000,0.000000,1200,1200,1200,1200,1200,1300,1400,1500,5300,13000,20000,36179,0,1200,1158.123142998411,263.1223750067875,19881.93604099797,304.1550899693192
1777046702,100,,Aggregated,85.800000,0.000000,1200,1200,1200,1200,1200,1300,1400,1500,5300,13000,20000,36271,0,1200,1158.1249341058826,263.1223750067875,19881.93604099797,304.1550825728543
1777046703,100,,Aggregated,85.500000,0.000000,1200,1200,1200,1200,1200,1300,1400,1500,5300,13000,20000,36358,0,1200,1158.1083255551882,263.1223750067875,19881.93604099797,304.15512404422685
1777046704,100,,Aggregated,85.500000,0.000000,1200,1200,1200,1200,1200,1300,1400,1500,5300,13000,20000,36444,0,1200,1158.0866615776126,263.1223750067875,19881.93604099797,304.1551421358797
1777046705,100,,Aggregated,86.400000,0.000000,1200,1200,1200,1200,1200,1300,1400,1500,5300,13000,20000,36531,0,1200,1158.1025073530786,263.1223750067875,19881.93604099797,304.1545810407599
1777046706,100,,Aggregated,85.600000,0.000000,1200,1200,1200,1200,1200,1300,1400,1500,5300,13000,20000,36618,0,1200,1158.0983117770336,263.1223750067875,19881.93604099797,304.15451417335737
1777046707,100,,Aggregated,85.300000,0.000000,1200,1200,1200,1200,1200,1300,1400,1500,5300,13000,20000,36703,0,1200,1158.1179828099432,263.1223750067875,19881.93604099797,304.15467400484977
1777046708,100,,Aggregated,86.800000,0.000000,1200,1200,1200,1200,1200,1300,1400,1500,5300,13000,20000,36790,0,1200,1158.1245817622776,263.1223750067875,19881.93604099797,304.1549877684153
1777046709,100,,Aggregated,87.000000,0.000000,1200,1200,1200,1200,1200,1300,1400,1500,5300,13000,20000,36871,0,1200,1158.111263006784,263.1223750067875,19881.93604099797,304.15483713487566
1777046710,100,,Aggregated,86.500000,0.000000,1200,1200,1200,1200,1200,1300,1400,1500,5300,13000,20000,36957,0,1200,1158.1811571181422,263.1223750067875,19881.93604099797,304.1548015260979
1777046711,100,,Aggregated,86.300000,0.000000,1200,1200,1200,1200,1200,1300,1400,1500,5300,13000,20000,37051,0,1200,1158.2872638772524,263.1223750067875,19881.93604099797,304.1539769506896
1777046712,100,,Aggregated,85.600000,0.000000,1200,1200,1200,1200,1200,1300,1400,1500,5300,13000,20000,37123,0,1200,1158.1955432637762,263.1223750067875,19881.93604099797,304.1540015623737
1777046713,100,,Aggregated,84.800000,0.000000,1200,1200,1200,1200,1200,1300,1400,1500,5300,13000,20000,37220,0,1200,1158.2758815164425,263.1223750067875,19881.93604099797,304.1537882858678
1777046714,100,,Aggregated,85.700000,0.000000,1200,1200,1200,1200,1200,1300,1400,1500,5300,13000,20000,37309,0,1200,1158.2414176418515,263.1223750067875,19881.93604099797,304.153609048755
1777046715,100,,Aggregated,85.200000,0.000000,1200,1200,1200,1200,1200,1300,1400,1500,5300,13000,20000,37397,0,1200,1158.1821990616552,263.1223750067875,19881.93604099797,304.1534615076076
1777046716,100,,Aggregated,86.500000,0.000000,1200,1200,1200,1200,1200,1300,1400,1500,5300,13000,20000,37483,0,1200,1158.1300206132846,263.1223750067875,19881.93604099797,304.1533761972094
1777046717,100,,Aggregated,85.700000,0.000000,1200,1200,1200,1200,1200,1300,1400,1500,5300,13000,20000,37570,0,1200,1158.126399776468,263.1223750067875,19881.93604099797,304.15352675006653
1777046718,100,,Aggregated,86.000000,0.000000,1200,1200,1200,1200,1200,1300,1400,1500,5300,13000,20000,37656,0,1200,1158.1347700846582,263.1223750067875,19881.93604099797,304.15397280645846
1777046719,100,,Aggregated,86.200000,0.000000,1200,1200,1200,1200,1200,1300,1400,1500,5300,13000,20000,37742,0,1200,1158.130965406945,263.1223750067875,19881.93604099797,304.15409888188225
1777046720,100,,Aggregated,86.100000,0.000000,1200,1200,1200,1200,1200,1300,1400,1500,5300,13000,20000,37829,0,1200,1158.1269028449044,263.1223750067875,19881.93604099797,304.1540881334426
1777046721,100,,Aggregated,86.100000,0.000000,1200,1200,1200,1200,1200,1300,1400,1500,5300,13000,20000,37916,0,1200,1158.1289968353142,263.1223750067875,19881.93604099797,304.15397193796815
1777046722,100,,Aggregated,86.700000,0.000000,1200,1200,1200,1200,1200,1300,1400,1500,5300,13000,20000,38003,0,1200,1158.1150657668845,263.1223750067875,19881.93604099797,304.1542246664737
1777046723,100,,Aggregated,87.700000,0.000000,1200,1200,1200,1200,1200,1300,1400,1500,5300,13000,20000,38090,0,1200,1158.121168924619,263.1223750067875,19881.93604099797,304.15421370438435
1777046724,100,,Aggregated,86.900000,0.000000,1200,1200,1200,1200,1200,1300,1400,1500,5300,13000,20000,38171,0,1200,1158.098532366575,263.1223750067875,19881.93604099797,304.1542270309921
1777046725,100,,Aggregated,87.200000,0.000000,1200,1200,1200,1200,1200,1300,1400,1500,5300,13000,20000,38262,0,1200,1158.0805726669698,263.1223750067875,19881.93604099797,304.15451361664316
1777046726,100,,Aggregated,86.600000,0.000000,1200,1200,1200,1200,1200,1300,1400,1500,5300,13000,20000,38352,0,1200,1158.103743019882,263.1223750067875,19881.93604099797,304.154046725073
1777046727,100,,Aggregated,87.100000,0.000000,1200,1200,1200,1200,1200,1300,1400,1500,5300,13000,20000,38434,0,1200,1158.2146440641998,263.1223750067875,19881.93604099797,304.15356195035645
1777046729,100,,Aggregated,86.100000,0.000000,1200,1200,1200,1200,1200,1300,1400,1500,5300,13000,20000,38520,0,1200,1158.241412009069,263.1223750067875,19881.93604099797,304.15379023883696
1777046730,100,,Aggregated,86.300000,0.000000,1200,1200,1200,1200,1200,1300,1400,1500,5300,13000,20000,38617,0,1200,1158.0814956692195,263.1223750067875,19881.93604099797,304.15363699924904
1777046731,100,,Aggregated,86.000000,0.000000,1200,1200,1200,1200,1200,1300,1400,1500,5300,13000,20000,38700,0,1200,1157.981223491761,263.1223750067875,19881.93604099797,304.1535400516796
1777046732,100,,Aggregated,86.900000,0.000000,1200,1200,1200,1200,1200,1300,1400,1500,5300,13000,20000,38770,0,1200,1158.014807379165,263.1223750067875,19881.93604099797,304.1537271085891
1777046733,100,,Aggregated,86.600000,0.000000,1200,1200,1200,1200,1200,1300,1400,1500,5300,13000,20000,38878,0,1200,1158.04836448434,263.1223750067875,19881.93604099797,304.15360872472866
1777046734,100,,Aggregated,84.800000,0.000000,1200,1200,1200,1200,1200,1300,1400,1500,5300,13000,20000,38968,0,1200,1157.843420471467,263.1223750067875,19881.93604099797,304.153921166085
1777046735,100,,Aggregated,87.000000,0.000000,1200,1200,1200,1200,1200,1300,1400,1500,5300,13000,20000,39055,0,1200,1157.8126442306566,263.1223750067875,19881.93604099797,304.15401357060557
1777046736,100,,Aggregated,87.100000,0.000000,1200,1200,1200,1200,1200,1300,1400,1500,5300,13000,20000,39142,0,1200,1157.794250936828,263.1223750067875,19881.93604099797,304.1540033723366
1777046737,100,,Aggregated,87.100000,0.000000,1200,1200,1200,1200,1200,1300,1400,1500,5300,13000,20000,39222,0,1200,1157.7813229693631,263.1223750067875,19881.93604099797,304.15425016572334
1777046738,100,,Aggregated,87.200000,0.000000,1200,1200,1200,1200,1200,1300,1400,1500,5300,13000,20000,39311,0,1200,1157.774741711491,263.1223750067875,19881.93604099797,304.1541298873089
1777046739,100,,Aggregated,87.000000,0.000000,1200,1200,1200,1200,1200,1300,1400,1500,5300,13000,20000,39402,0,1200,1157.7888013256832,263.1223750067875,19881.93604099797,304.1539515760621
1777046740,100,,Aggregated,87.700000,0.000000,1200,1200,1200,1200,1200,1300,1400,1500,5300,13000,20000,39489,0,1200,1157.778090549483,263.1223750067875,19881.93604099797,304.15368836891287
1777046741,100,,Aggregated,87.800000,0.000000,1200,1200,1200,1200,1200,1300,1400,1500,5300,13000,20000,39576,0,1200,1157.7781547941288,263.1223750067875,19881.93604099797,304.1538811400849
1777046742,100,,Aggregated,86.700000,0.000000,1200,1200,1200,1200,1200,1300,1400,1500,5300,13000,20000,39665,0,1200,1157.7557739621698,263.1223750067875,19881.93604099797,304.15391403000126
1777046743,100,,Aggregated,87.100000,0.000000,1200,1200,1200,1200,1200,1300,1400,1500,5300,13000,20000,39753,0,1200,1157.6864710453212,263.1223750067875,19881.93604099797,304.15417704324204
1777046744,100,,Aggregated,89.200000,0.000000,1200,1200,1200,1200,1200,1300,1400,1500,5300,13000,20000,39841,0,1200,1157.723642229046,263.1223750067875,19881.93604099797,304.1543384955197
1777046745,100,,Aggregated,89.200000,0.000000,1200,1200,1200,1200,1200,1300,1400,1500,5300,13000,20000,39917,0,1200,1157.6792426901673,263.1223750067875,19881.93604099797,304.1542450584964
1777046746,100,,Aggregated,87.000000,0.000000,1200,1200,1200,1200,1200,1300,1400,1500,5300,13000,20000,40008,0,1200,1157.6739292976454,263.1223750067875,19881.93604099797,304.15371925614875
1777046747,100,,Aggregated,86.500000,0.000000,1200,1200,1200,1200,1200,1300,1400,1500,5300,13000,20000,40097,0,1200,1157.6575523273818,263.1223750067875,19881.93604099797,304.1541511833803
1777046748,100,,Aggregated,86.900000,0.000000,1200,1200,1200,1200,1200,1300,1400,1500,5300,13000,20000,40190,0,1200,1157.645463968001,263.1223750067875,19881.93604099797,304.15446628514553
1777046749,100,,Aggregated,86.500000,0.000000,1200,1200,1200,1200,1200,1300,1400,1500,5300,13000,20000,40280,0,1200,1157.6123165808526,263.1223750067875,19881.93604099797,304.15382323733866
1777046750,100,,Aggregated,86.800000,0.000000,1200,1200,1200,1200,1200,1300,1400,1500,5300,13000,20000,40361,0,1200,1157.5165577435034,263.1223750067875,19881.93604099797,304.153737518892
1777046751,100,,Aggregated,87.200000,0.000000,1200,1200,1200,1200,1200,1300,1400,1500,5300,13000,20000,40452,0,1200,1157.502115056255,263.1223750067875,19881.93604099797,304.1534658360526
1777046752,100,,Aggregated,87.200000,0.000000,1200,1200,1200,1200,1200,1300,1400,1500,5300,13000,20000,40542,0,1200,1157.4796483061439,263.1223750067875,19881.93604099797,304.1535198066203
1777046753,100,,Aggregated,87.100000,0.000000,1200,1200,1200,1200,1200,1300,1400,1500,5300,13000,20000,40629,0,1200,1157.459873892554,263.1223750067875,19881.93604099797,304.1540525240592
1777046754,100,,Aggregated,87.000000,0.000000,1200,1200,1200,1200,1200,1300,1400,1500,5300,13000,20000,40715,0,1200,1157.4647216781702,263.1223750067875,19881.93604099797,304.1537762495395
1777046755,100,,Aggregated,87.100000,0.000000,1200,1200,1200,1200,1200,1300,1400,1500,5300,13000,20000,40801,0,1200,1157.46106328987,263.1223750067875,19881.93604099797,304.15389328692925
1777046756,100,,Aggregated,87.600000,0.000000,1200,1200,1200,1200,1200,1300,1400,1500,5300,13000,20000,40891,0,1200,1157.4478589185148,263.1223750067875,19881.93604099797,304.15379912450175
1777046757,100,,Aggregated,87.200000,0.000000,1200,1200,1200,1200,1200,1300,1400,1500,5300,13000,20000,40974,0,1200,1157.4446999395727,263.1223750067875,19881.93604099797,304.15385366329866
1777046758,100,,Aggregated,86.900000,0.000000,1200,1200,1200,1200,1200,1300,1400,1500,5300,13000,20000,41062,0,1200,1157.4602803176224,263.1223750067875,19881.93604099797,304.15342652574157
1777046759,100,,Aggregated,87.400000,0.000000,1200,1200,1200,1200,1200,1300,1400,1500,5300,13000,20000,41147,0,1200,1157.470330038917,263.1223750067875,19881.93604099797,304.15357134177464
1777046760,100,,Aggregated,86.300000,0.000000,1200,1200,1200,1200,1200,1300,1400,1500,5300,13000,20000,41231,0,1200,1157.5317744170734,263.1223750067875,19881.93604099797,304.1535495137154
1777046761,100,,Aggregated,86.100000,0.000000,1200,1200,1200,1200,1200,1300,1400,1500,5300,13000,20000,41317,0,1200,1157.665957865073,263.1223750067875,19881.93604099797,304.15342353026597
1777046762,100,,Aggregated,86.200000,0.000000,1200,1200,1200,1200,1200,1300,1400,1500,5300,13000,20000,41399,0,1200,1157.6716021719658,263.1223750067875,19881.93604099797,304.1530713302254
1777046763,100,,Aggregated,85.500000,0.000000,1200,1200,1200,1200,1200,1300,1400,1500,5300,13000,20000,41488,0,1200,1157.6723076939186,263.1223750067875,19881.93604099797,304.1528634785962
1777046764,100,,Aggregated,85.100000,0.000000,1200,1200,1200,1200,1200,1300,1400,1500,5300,13000,20000,41576,0,1200,1157.6944939933255,263.1223750067875,19881.93604099797,304.1529247642871
1777046765,100,,Aggregated,85.300000,0.000000,1200,1200,1200,1200,1200,1300,1400,1500,5300,13000,20000,41660,0,1200,1157.7389736543555,263.1223750067875,19881.93604099797,304.1529524723956
1777046766,100,,Aggregated,85.600000,0.000000,1200,1200,1200,1200,1200,1300,1400,1500,5300,13000,20000,41746,0,1200,1157.730899941177,263.1223750067875,19881.93604099797,304.15234992574136
1777046767,100,,Aggregated,84.500000,0.000000,1200,1200,1200,1200,1200,1300,1400,1500,5300,13000,20000,41833,0,1200,1157.7305360865166,263.1223750067875,19881.93604099797,304.15229603423137
1777046768,100,,Aggregated,85.300000,0.000000,1200,1200,1200,1200,1200,1300,1400,1500,5300,13000,20000,41917,0,1200,1157.7320384942911,263.1223750067875,19881.93604099797,304.1521339790539
1777046769,100,,Aggregated,85.400000,0.000000,1200,1200,1200,1200,1200,1300,1400,1500,5200,13000,20000,42003,0,1200,1157.8162583749759,263.1223750067875,19881.93604099797,304.15225102968833
1777046770,100,,Aggregated,86.000000,0.000000,1200,1200,1200,1200,1200,1300,1400,1500,5200,13000,20000,42089,0,1200,1157.7916747253682,263.1223750067875,19881.93604099797,304.1523200836323
1777046771,100,,Aggregated,84.800000,0.000000,1200,1200,1200,1200,1200,1300,1400,1500,5200,13000,20000,42174,0,1200,1157.8261084182188,263.1223750067875,19881.93604099797,304.152179067672
1777046772,100,,Aggregated,85.200000,0.000000,1200,1200,1200,1200,1200,1300,1400,1500,5200,13000,20000,42259,0,1200,1157.8754854284748,263.1223750067875,19881.93604099797,304.152085946189
1777046773,100,,Aggregated,86.000000,0.000000,1200,1200,1200,1200,1200,1300,1400,1500,5200,13000,20000,42345,0,1200,1157.904050949812,263.1223750067875,19881.93604099797,304.1524383044043
1777046774,100,,Aggregated,86.000000,0.000000,1200,1200,1200,1200,1200,1300,1400,1500,5200,13000,20000,42426,0,1200,1157.927309563769,263.1223750067875,19881.93604099797,304.152265120445
1777046775,100,,Aggregated,85.700000,0.000000,1200,1200,1200,1200,1200,1300,1400,1500,5200,13000,20000,42517,0,1200,1157.9647463585748,263.1223750067875,19881.93604099797,304.15248018439684
1777046776,100,,Aggregated,85.200000,0.000000,1200,1200,1200,1200,1200,1300,1400,1500,5200,13000,20000,42604,0,1200,1157.9700169070125,263.1223750067875,19881.93604099797,304.15266172190405
1777046777,100,,Aggregated,86.200000,0.000000,1200,1200,1200,1200,1200,1300,1400,1500,5200,13000,20000,42690,0,1200,1158.025148809453,263.1223750067875,19881.93604099797,304.1527758257203
1777046778,100,,Aggregated,85.200000,0.000000,1200,1200,1200,1200,1200,1300,1400,1500,5200,13000,20000,42775,0,1200,1158.0757576819283,263.1223750067875,19881.93604099797,304.1529631794272
1777046779,100,,Aggregated,84.700000,0.000000,1200,1200,1200,1200,1200,1300,1400,1500,5200,13000,20000,42861,0,1200,1158.087624834083,263.1223750067875,19881.93604099797,304.15293623573876
1777046780,100,,Aggregated,85.000000,0.000000,1200,1200,1200,1200,1200,1300,1400,1500,5200,13000,20000,42946,0,1200,1158.119858608475,263.1223750067875,19881.93604099797,304.1527965351837
1777046781,100,,Aggregated,85.900000,0.000000,1200,1200,1200,1200,1200,1300,1400,1500,5200,13000,20000,43013,0,1200,1158.1192042311059,263.1223750067875,19881.93604099797,304.15272127031363
1777046782,100,,Aggregated,84.900000,0.000000,1200,1200,1200,1200,1200,1300,1400,1500,5200,13000,20000,43106,0,1200,1158.2431376096276,263.1223750067875,19881.93604099797,304.1530645385793
1777046783,100,,Aggregated,84.900000,0.000000,1200,1200,1200,1200,1200,1300,1400,1500,5200,13000,20000,43205,0,1200,1158.1269274342483,263.1223750067875,19881.93604099797,304.1528295336188
1777046784,100,,Aggregated,84.900000,0.000000,1200,1200,1200,1200,1200,1300,1400,1500,5200,13000,20000,43293,0,1200,1158.0798490160955,263.1223750067875,19881.93604099797,304.1525650798051
1777046785,100,,Aggregated,85.600000,0.000000,1200,1200,1200,1200,1200,1300,1400,1500,5200,13000,20000,43371,0,1200,1158.08852667192,263.1223750067875,19881.93604099797,304.1524290424477
1777046786,100,,Aggregated,85.700000,0.000000,1200,1200,1200,1200,1200,1300,1400,1500,5200,13000,20000,43459,0,1200,1158.1168902529255,263.1223750067875,19881.93604099797,304.15198232817136
1777046787,100,,Aggregated,85.700000,0.000000,1200,1200,1200,1200,1200,1300,1400,1500,5200,13000,20000,43548,0,1200,1158.1486320304195,263.1223750067875,19881.93604099797,304.1522917240746
1777046788,100,,Aggregated,85.700000,0.000000,1200,1200,1200,1200,1200,1300,1400,1500,5200,13000,20000,43636,0,1200,1158.1579041204632,263.1223750067875,19881.93604099797,304.15248877073975
1777046789,100,,Aggregated,86.200000,0.000000,1200,1200,1200,1200,1200,1300,1400,1500,5200,13000,20000,43723,0,1200,1158.1550432234878,263.1223750067875,19881.93604099797,304.15239118999153
1777046790,100,,Aggregated,85.900000,0.000000,1200,1200,1200,1200,1200,1300,1400,1500,5200,13000,20000,43810,0,1200,1158.127307844225,263.1223750067875,19881.93604099797,304.15270486190366
1777046791,100,,Aggregated,85.900000,0.000000,1200,1200,1200,1200,1200,1300,1400,1500,5200,13000,20000,43897,0,1200,1158.1139148422558,263.1223750067875,19881.93604099797,304.1525616784746
1777046792,100,,Aggregated,86.600000,0.000000,1200,1200,1200,1200,1200,1300,1400,1500,5200,13000,20000,43984,0,1200,1158.106528612529,263.1223750067875,19881.93604099797,304.1523735903965
1777046793,100,,Aggregated,86.100000,0.000000,1200,1200,1200,1200,1200,1300,1400,1500,5100,13000,20000,44070,0,1200,1158.209677664159,263.1223750067875,19881.93604099797,304.1525300658044
1777046794,100,,Aggregated,86.700000,0.000000,1200,1200,1200,1200,1200,1300,1400,1500,5100,13000,20000,44159,0,1200,1158.1190748722706,263.1223750067875,19881.93604099797,304.15215471364843
1777046795,100,,Aggregated,86.000000,0.000000,1200,1200,1200,1200,1200,1300,1400,1500,5100,13000,20000,44236,0,1200,1158.109713301774,263.1223750067875,19881.93604099797,304.1519124694819
1777046796,100,,Aggregated,86.400000,0.000000,1200,1200,1200,1200,1200,1300,1400,1500,5100,13000,20000,44325,0,1200,1158.151452441112,263.1223750067875,19881.93604099797,304.15176536943034
1777046797,100,,Aggregated,86.600000,0.000000,1200,1200,1200,1200,1200,1300,1400,1500,5100,13000,20000,44418,0,1200,1158.2204758493901,263.1223750067875,19881.93604099797,304.15138007114234
1777046798,100,,Aggregated,86.000000,0.000000,1200,1200,1200,1200,1200,1300,1400,1500,5100,13000,20000,44501,0,1200,1158.1900453133492,263.1223750067875,19881.93604099797,304.15147974202824
1777046799,100,,Aggregated,85.700000,0.000000,1200,1200,1200,1200,1200,1300,1400,1500,5100,13000,20000,44589,0,1200,1158.1734999867533,263.1223750067875,19881.93604099797,304.1510462221624
1777046800,100,,Aggregated,85.700000,0.000000,1200,1200,1200,1200,1200,1300,1400,1500,5100,13000,20000,44679,0,1200,1157.9970412253692,263.1223750067875,19881.93604099797,304.15096577810607
1777046801,100,,Aggregated,85.800000,0.000000,1200,1200,1200,1200,1200,1300,1400,1500,5100,13000,20000,44770,0,1200,1157.9677295518702,263.1223750067875,19881.93604099797,304.15126200580744
1777046802,100,,Aggregated,86.600000,0.000000,1200,1200,1200,1200,1200,1300,1400,1500,5100,13000,20000,44858,0,1200,1157.918368580409,263.1223750067875,19881.93604099797,304.1514111195327
1777046803,100,,Aggregated,87.100000,0.000000,1200,1200,1200,1200,1200,1300,1400,1500,5100,13000,20000,44947,0,1200,1157.9001388920278,263.1223750067875,19881.93604099797,304.15122255100454
1777046804,100,,Aggregated,87.100000,0.000000,1200,1200,1200,1200,1200,1300,1400,1500,5000,13000,20000,45035,0,1200,1157.839203202731,263.1223750067875,19881.93604099797,304.15110469634726
1777046805,100,,Aggregated,86.700000,0.000000,1200,1200,1200,1200,1200,1300,1400,1500,5000,13000,20000,45124,0,1200,1157.7889614881708,263.1223750067875,19881.93604099797,304.15109476110274
1777046806,100,,Aggregated,87.100000,0.000000,1200,1200,1200,1200,1200,1300,1400,1500,5000,13000,20000,45210,0,1200,1157.8578219150234,263.1223750067875,19881.93604099797,304.15133819951336
1777046807,100,,Aggregated,87.200000,0.000000,1200,1200,1200,1200,1200,1300,1400,1500,5000,13000,20000,45301,0,1200,1157.7246031018337,263.1223750067875,19881.93604099797,304.1512328646167
1777046808,100,,Aggregated,87.200000,0.000000,1200,1200,1200,1200,1200,1300,1400,1500,5000,13000,20000,45388,0,1200,1157.6840015108894,263.1223750067875,19881.93604099797,304.1509650127787
1777046809,100,,Aggregated,88.500000,0.000000,1200,1200,1200,1200,1200,1300,1400,1500,5000,13000,20000,45477,0,1200,1157.6348995085204,263.1223750067875,19881.93604099797,304.1508674714691
1777046810,100,,Aggregated,88.500000,0.000000,1200,1200,1200,1200,1200,1300,1400,1500,5000,13000,20000,45563,0,1200,1157.6305091911881,263.1223750067875,19881.93604099797,304.150494919123
1777046811,100,,Aggregated,88.600000,0.000000,1200,1200,1200,1200,1200,1300,1400,1500,5000,13000,20000,45642,0,1200,1157.6480282821517,263.1223750067875,19881.93604099797,304.1503878007099
1777046812,100,,Aggregated,87.700000,0.000000,1200,1200,1200,1200,1200,1300,1400,1500,5000,13000,20000,45735,0,1200,1157.643876971115,263.1223750067875,19881.93604099797,304.15032251011263
1777046813,100,,Aggregated,87.400000,0.000000,1200,1200,1200,1200,1200,1300,1400,1500,5000,13000,20000,45827,0,1200,1157.5906207717912,263.1223750067875,19881.93604099797,304.1501080149257
1777046814,100,,Aggregated,87.600000,0.000000,1200,1200,1200,1200,1200,1300,1400,1500,5000,13000,20000,45916,0,1200,1157.532931475843,263.1223750067875,19881.93604099797,304.1500566251416
1777046815,100,,Aggregated,87.500000,0.000000,1200,1200,1200,1200,1200,1300,1400,1500,5000,13000,20000,45991,0,1200,1157.5159956027635,263.1223750067875,19881.93604099797,304.14987714987717
1777046816,100,,Aggregated,87.300000,0.000000,1200,1200,1200,1200,1200,1300,1400,1500,4500,13000,20000,46093,0,1200,1157.50974339144,263.1223750067875,19881.93604099797,304.14993599895865
1777046817,100,,Aggregated,87.600000,0.000000,1200,1200,1200,1200,1200,1300,1400,1500,4500,13000,20000,46180,0,1200,1157.3421110883457,263.1223750067875,19881.93604099797,304.150411433521
1777046818,100,,Aggregated,88.500000,0.000000,1200,1200,1200,1200,1200,1300,1400,1500,4500,13000,20000,46267,0,1200,1157.3130268948216,263.1223750067875,19881.93604099797,304.1503663518274
1777046819,100,,Aggregated,87.700000,0.000000,1200,1200,1200,1200,1200,1300,1400,1500,4500,13000,20000,46356,0,1200,1157.3059642102182,263.1223750067875,19881.93604099797,304.15031495383556
1777046820,100,,Aggregated,87.800000,0.000000,1200,1200,1200,1200,1200,1300,1400,1500,4500,13000,20000,46442,0,1200,1157.274990396857,263.1223750067875,19881.93604099797,304.15007966926487
1777046821,100,,Aggregated,87.700000,0.000000,1200,1200,1200,1200,1200,1300,1400,1500,4500,13000,20000,46530,0,1200,1157.2636538212046,263.1223750067875,19881.93604099797,304.1496238985601
1777046822,100,,Aggregated,87.700000,0.000000,1200,1200,1200,1200,1200,1300,1400,1500,4500,13000,20000,46618,0,1200,1157.2462843432068,263.1223750067875,19881.93604099797,304.1497275730405
1777046823,100,,Aggregated,87.900000,0.000000,1200,1200,1200,1200,1200,1300,1400,1500,4500,13000,20000,46702,0,1200,1157.181467498147,263.1223750067875,19881.93604099797,304.1501006380883
1777046824,100,,Aggregated,87.500000,0.000000,1200,1200,1200,1200,1200,1300,1400,1500,4500,13000,20000,46794,0,1200,1157.1397338460179,263.1223750067875,19881.93604099797,304.150019233235
1777046825,100,,Aggregated,88.300000,0.000000,1200,1200,1200,1200,1200,1300,1400,1500,4500,13000,20000,46883,0,1200,1157.1122734583673,263.1223750067875,19881.93604099797,304.15005439071734
1777046826,100,,Aggregated,87.300000,0.000000,1200,1200,1200,1200,1200,1300,1400,1500,4500,13000,20000,46970,0,1200,1157.108170456563,263.1223750067875,19881.93604099797,304.1501809665744
1777046827,100,,Aggregated,87.300000,0.000000,1200,1200,1200,1200,1200,1300,1400,1500,4500,13000,20000,47047,0,1200,1157.1740939745728,263.1223750067875,19881.93604099797,304.1502540013178
1777046828,100,,Aggregated,87.300000,0.000000,1200,1200,1200,1200,1200,1300,1400,1500,4500,13000,20000,47147,0,1200,1157.1212272760652,263.1223750067875,19881.93604099797,304.1499777292299
1777046829,100,,Aggregated,87.200000,0.000000,1200,1200,1200,1200,1200,1300,1400,1500,4500,13000,20000,47233,0,1200,1157.083475465708,263.1223750067875,19881.93604099797,304.15012808841277
1777046830,100,,Aggregated,86.500000,0.000000,1200,1200,1200,1200,1200,1300,1400,1500,4500,13000,20000,47308,0,1200,1157.0576018126278,263.1223750067875,19881.93604099797,304.1499534962374
1777046831,100,,Aggregated,86.900000,0.000000,1200,1200,1200,1200,1200,1300,1400,1500,4500,13000,20000,47401,0,1200,1157.0308514116318,263.1223750067875,19881.93604099797,304.14997573890844
1777046832,100,,Aggregated,87.400000,0.000000,1200,1200,1200,1200,1200,1300,1400,1500,4500,13000,20000,47485,0,1200,1157.012025257486,263.1223750067875,19881.93604099797,304.150089501948
1777046833,100,,Aggregated,86.500000,0.000000,1200,1200,1200,1200,1200,1300,1400,1500,4500,13000,20000,47585,0,1200,1157.007459635789,263.1223750067875,19881.93604099797,304.14973205842176
1777046834,100,,Aggregated,86.900000,0.000000,1200,1200,1200,1200,1200,1300,1400,1500,4500,13000,20000,47672,0,1200,1156.9106882861001,263.1223750067875,19881.93604099797,304.1497734519215
1777046835,100,,Aggregated,87.200000,0.000000,1200,1200,1200,1200,1200,1300,1400,1500,4500,13000,20000,47756,0,1200,1156.8748600407084,263.1223750067875,19881.93604099797,304.14997068431194
1777046836,100,,Aggregated,88.000000,0.000000,1200,1200,1200,1200,1200,1300,1400,1500,4500,13000,20000,47846,0,1200,1156.8538992293616,263.1223750067875,19881.93604099797,304.15035739664756
1777046837,100,,Aggregated,87.000000,0.000000,1200,1200,1200,1200,1200,1300,1400,1500,4500,13000,20000,47935,0,1200,1156.8486408884548,263.1223750067875,19881.93604099797,304.15064149368936
1777046838,100,,Aggregated,87.200000,0.000000,1200,1200,1200,1200,1200,1300,1400,1500,4400,13000,20000,48023,0,1200,1156.8183394143643,263.1223750067875,19881.93604099797,304.1505736834433
1777046839,100,,Aggregated,87.500000,0.000000,1200,1200,1200,1200,1200,1300,1400,1500,4400,13000,20000,48111,0,1200,1156.777560273656,263.1223750067875,19881.93604099797,304.15021512751764
1777046840,100,,Aggregated,88.000000,0.000000,1200,1200,1200,1200,1200,1300,1400,1500,4400,13000,20000,48200,0,1200,1156.7519092607479,263.1223750067875,19881.93604099797,304.14995850622404
1777046841,100,,Aggregated,87.800000,0.000000,1200,1200,1200,1200,1200,1300,1400,1500,4400,13000,20000,48285,0,1200,1156.7392681455106,263.1223750067875,19881.93604099797,304.1496323910117
1777046842,100,,Aggregated,87.400000,0.000000,1200,1200,1200,1200,1200,1300,1400,1500,4400,13000,20000,48373,0,1200,1156.7359199456312,263.1223750067875,19881.93604099797,304.14977363405205
1777046843,100,,Aggregated,88.300000,0.000000,1200,1200,1200,1200,1200,1300,1400,1500,4400,13000,20000,48459,0,1200,1156.7191315439654,263.1223750067875,19881.93604099797,304.1500443674034
1777046844,100,,Aggregated,87.800000,0.000000,1200,1200,1200,1200,1200,1300,1400,1500,4400,13000,20000,48544,0,1200,1156.7212350596576,263.1223750067875,19881.93604099797,304.15037903757417
1777046845,100,,Aggregated,87.400000,0.000000,1200,1200,1200,1200,1200,1300,1400,1500,4400,13000,20000,48635,0,1200,1156.7402611688913,263.1223750067875,19881.93604099797,304.15057057674517
1777046846,100,,Aggregated,86.900000,0.000000,1200,1200,1200,1200,1200,1300,1400,1500,4400,13000,20000,48714,0,1200,1156.7630727364192,263.1223750067875,19881.93604099797,304.1503058668966
1777046847,100,,Aggregated,87.800000,0.000000,1200,1200,1200,1200,1200,1300,1400,1500,4400,13000,20000,48805,0,1200,1156.7653256931435,263.1223750067875,19881.93604099797,304.1502100194652
1777046848,100,,Aggregated,86.500000,0.000000,1200,1200,1200,1200,1200,1300,1400,1500,4400,13000,20000,48896,0,1200,1156.7338994471484,263.1223750067875,19881.93604099797,304.15048265706804
1777046849,100,,Aggregated,86.500000,0.000000,1200,1200,1200,1200,1200,1300,1400,1500,4400,13000,20000,48983,0,1200,1156.7056969694931,263.1223750067875,19881.93604099797,304.1505624400302
1777046850,100,,Aggregated,87.100000,0.000000,1200,1200,1200,1200,1200,1300,1400,1500,4300,13000,20000,49069,0,1200,1156.648356762692,263.1223750067875,19881.93604099797,304.1509099431413
1777046851,100,,Aggregated,85.800000,0.000000,1200,1200,1200,1200,1200,1300,1400,1500,4300,13000,20000,49157,0,1200,1156.6508929584081,263.1223750067875,19881.93604099797,304.1505584148748
1777046852,100,,Aggregated,86.800000,0.000000,1200,1200,1200,1200,1200,1300,1400,1500,4300,13000,20000,49243,0,1200,1156.6236296823986,263.1223750067875,19881.93604099797,304.15078285238513
1777046853,100,,Aggregated,86.800000,0.000000,1200,1200,1200,1200,1200,1300,1400,1500,4300,13000,20000,49333,0,1200,1156.6009107314858,263.1223750067875,19881.93604099797,304.15107534510366
1777046854,100,,Aggregated,86.700000,0.000000,1200,1200,1200,1200,1200,1300,1400,1500,4300,13000,20000,49420,0,1200,1156.5790351171481,263.1223750067875,19881.93604099797,304.151315256981
1777046855,100,,Aggregated,86.800000,0.000000,1200,1200,1200,1200,1200,1300,1400,1500,4300,13000,20000,49507,0,1200,1156.552270744303,263.1223750067875,19881.93604099797,304.15127153735835
1777046856,100,,Aggregated,87.000000,0.000000,1200,1200,1200,1200,1200,1300,1400,1500,4300,13000,20000,49579,0,1200,1156.5579714796618,263.1223750067875,19881.93604099797,304.15117287561264
1777046857,100,,Aggregated,86.800000,0.000000,1200,1200,1200,1200,1200,1300,1400,1500,4300,13000,20000,49672,0,1200,1156.9559262862194,263.1223750067875,19881.93604099797,304.15095023353194
1777046858,100,,Aggregated,87.700000,0.000000,1200,1200,1200,1200,1200,1300,1400,1500,4300,13000,20000,49762,0,1200,1156.6100790962835,263.1223750067875,19881.93604099797,304.1512399019332
1777046859,100,,Aggregated,84.600000,0.000000,1200,1200,1200,1200,1200,1300,1400,1500,4300,13000,20000,49852,0,1200,1156.5201065761314,263.1223750067875,19881.93604099797,304.15100698066277
1777046860,100,,Aggregated,86.600000,0.000000,1200,1200,1200,1200,1200,1300,1400,1500,4300,13000,20000,49943,0,1200,1156.5164473106636,263.1223750067875,19881.93604099797,304.1513925875498
1777046861,100,,Aggregated,88.000000,0.000000,1200,1200,1200,1200,1200,1300,1400,1500,4200,11000,20000,50026,0,1200,1156.5744304043744,263.1223750067875,19881.93604099797,304.1512813337065
1777046862,100,,Aggregated,86.900000,0.000000,1200,1200,1200,1200,1200,1300,1400,1500,4200,11000,20000,50106,0,1200,1156.5871878050382,263.1223750067875,19881.93604099797,304.1514788648066
1777046863,100,,Aggregated,85.600000,0.000000,1200,1200,1200,1200,1200,1300,1400,1500,4200,11000,20000,50197,0,1200,1156.5521120010167,263.1223750067875,19881.93604099797,304.15142339183615
1777046864,100,,Aggregated,87.000000,0.000000,1200,1200,1200,1200,1200,1300,1400,1500,4200,11000,20000,50288,0,1200,1156.5491698257013,263.1223750067875,19881.93604099797,304.15148743238944
1777046865,100,,Aggregated,86.700000,0.000000,1200,1200,1200,1200,1200,1300,1400,1500,4200,11000,20000,50379,0,1200,1156.5562449703416,263.1223750067875,19881.93604099797,304.15159094066973
1777046866,100,,Aggregated,85.900000,0.000000,1200,1200,1200,1200,1200,1300,1400,1500,4200,11000,20000,50466,0,1200,1156.5210166330778,263.1223750067875,19881.93604099797,304.1518249910831
1777046867,100,,Aggregated,86.200000,0.000000,1200,1200,1200,1200,1200,1300,1400,1500,4200,11000,20000,50554,0,1200,1156.4405153266582,263.1223750067875,19881.93604099797,304.15175851564663
1777046868,100,,Aggregated,86.600000,0.000000,1200,1200,1200,1200,1200,1300,1400,1500,4200,11000,20000,50641,0,1200,1156.4246222887975,263.1223750067875,19881.93604099797,304.1517150135266
1777046869,100,,Aggregated,89.000000,0.000000,1200,1200,1200,1200,1200,1300,1400,1500,4200,11000,20000,50731,0,1200,1156.416593407563,263.1223750067875,19881.93604099797,304.1514852851314
1777046870,100,,Aggregated,86.800000,0.000000,1200,1200,1200,1200,1200,1300,1400,1500,4200,11000,20000,50811,0,1200,1156.373014237173,263.1223750067875,19881.93604099797,304.1512861388282
1777046871,100,,Aggregated,86.800000,0.000000,1200,1200,1200,1200,1200,1300,1400,1500,4200,11000,20000,50903,0,1200,1156.3407268430349,263.1223750067875,19881.93604099797,304.1507376775436
1777046872,100,,Aggregated,87.000000,0.000000,1200,1200,1200,1200,1200,1300,1400,1500,4200,11000,20000,50993,0,1200,1156.3232926028845,263.1223750067875,19881.93604099797,304.15074618084833
1777046873,100,,Aggregated,88.200000,0.000000,1200,1200,1200,1200,1200,1300,1400,1500,4100,11000,20000,51082,0,1200,1156.299306064872,263.1223750067875,19881.93604099797,304.1508946399906
1777046874,100,,Aggregated,87.200000,0.000000,1200,1200,1200,1200,1200,1300,1400,1500,4100,11000,20000,51169,0,1200,1156.255314914556,263.1223750067875,19881.93604099797,304.15085305556096
1777046875,100,,Aggregated,87.200000,0.000000,1200,1200,1200,1200,1200,1300,1400,1500,4100,11000,20000,51257,0,1200,1156.2474474101637,263.1223750067875,19881.93604099797,304.1510232748698
1777046876,100,,Aggregated,88.400000,0.000000,1200,1200,1200,1200,1200,1300,1400,1500,4100,11000,20000,51344,0,1200,1156.2231853986395,263.1223750067875,19881.93604099797,304.15090370832036
1777046877,100,,Aggregated,87.900000,0.000000,1200,1200,1200,1200,1200,1300,1400,1500,4100,11000,20000,51425,0,1200,1156.2207856301168,263.1223750067875,19881.93604099797,304.15068546426835
1777046878,100,,Aggregated,87.500000,0.000000,1200,1200,1200,1200,1200,1300,1400,1500,4100,11000,20000,51506,0,1200,1156.2568899623882,263.1223750067875,19881.93604099797,304.1507008892168
1777046879,100,,Aggregated,88.100000,0.000000,1200,1200,1200,1200,1200,1300,1400,1500,4100,11000,20000,51601,0,1200,1156.2342238154422,263.1223750067875,19881.93604099797,304.15067537450824
1777046880,100,,Aggregated,87.200000,0.000000,1200,1200,1200,1200,1200,1300,1400,1500,4100,11000,20000,51687,0,1200,1156.198607047624,263.1223750067875,19881.93604099797,304.1506181438273
1777046881,100,,Aggregated,87.200000,0.000000,1200,1200,1200,1200,1200,1300,1400,1500,4100,11000,20000,51784,0,1200,1156.2009427360472,263.1223750067875,19881.93604099797,304.15066429785264
1777046882,100,,Aggregated,87.300000,0.000000,1200,1200,1200,1200,1200,1300,1400,1500,4100,11000,20000,51865,0,1200,1156.1524863527127,263.1223750067875,19881.93604099797,304.1509495806421
1777046883,100,,Aggregated,87.600000,0.000000,1200,1200,1200,1200,1200,1300,1400,1500,4100,11000,20000,51956,0,1200,1156.0834790915856,263.1223750067875,19881.93604099797,304.15097390099316
1777046884,100,,Aggregated,87.300000,0.000000,1200,1200,1200,1200,1200,1300,1400,1500,4100,11000,20000,52047,0,1200,1156.0442888146365,263.1223750067875,19881.93604099797,304.1505754414279
1777046885,100,,Aggregated,87.000000,0.000000,1200,1200,1200,1200,1200,1300,1400,1500,4100,11000,20000,52135,0,1200,1156.0282221791385,263.1223750067875,19881.93604099797,304.15058981490364
1777046886,100,,Aggregated,87.300000,0.000000,1200,1200,1200,1200,1200,1300,1400,1500,4100,11000,20000,52220,0,1200,1156.0316039619393,263.1223750067875,19881.93604099797,304.15051704327846
1777046887,100,,Aggregated,87.400000,0.000000,1200,1200,1200,1200,1200,1300,1400,1500,4100,11000,20000,52309,0,1200,1156.0223029907197,263.1223750067875,19881.93604099797,304.1505859412338
1777046888,100,,Aggregated,87.300000,0.000000,1200,1200,1200,1200,1200,1300,1400,1500,4100,11000,20000,52398,0,1200,1155.9892137434197,263.1223750067875,19881.93604099797,304.15076911332494
1777046889,100,,Aggregated,87.100000,0.000000,1200,1200,1200,1200,1200,1300,1400,1500,4100,11000,20000,52486,0,1200,1155.9579160502003,263.1223750067875,19881.93604099797,304.15082117136
1777046890,100,,Aggregated,87.900000,0.000000,1200,1200,1200,1200,1200,1300,1400,1500,4100,11000,20000,52573,0,1200,1155.941633604242,263.1223750067875,19881.93604099797,304.1506286496871
1777046891,100,,Aggregated,87.000000,0.000000,1200,1200,1200,1200,1200,1300,1400,1500,4100,11000,20000,52660,0,1200,1155.9222795498815,263.1223750067875,19881.93604099797,304.15070262058487
1777046892,100,,Aggregated,87.200000,0.000000,1200,1200,1200,1200,1200,1300,1400,1500,4100,11000,20000,52748,0,1200,1155.9183225030263,263.1223750067875,19881.93604099797,304.1504891180708
1777046893,100,,Aggregated,87.200000,0.000000,1200,1200,1200,1200,1200,1300,1400,1500,4100,11000,20000,52837,0,1200,1155.8790991140029,263.1223750067875,19881.93604099797,304.1505195223044
1777046894,100,,Aggregated,87.200000,0.000000,1200,1200,1200,1200,1200,1300,1400,1500,4100,11000,20000,52918,0,1200,1155.8581010805083,263.1223750067875,19881.93604099797,304.1504214067047
1777046895,100,,Aggregated,87.700000,0.000000,1200,1200,1200,1200,1200,1300,1400,1500,4100,11000,20000,53009,0,1200,1155.843305031944,263.1223750067875,19881.93604099797,304.1505593389802
1777046896,100,,Aggregated,87.400000,0.000000,1200,1200,1200,1200,1200,1300,1400,1500,4100,11000,20000,53095,0,1200,1155.9147385304136,263.1223750067875,19881.93604099797,304.1504661455881
1777046897,100,,Aggregated,87.400000,0.000000,1200,1200,1200,1200,1200,1300,1400,1500,4100,11000,20000,53190,0,1200,1155.8580486107576,263.1223750067875,19881.93604099797,304.1502538071066
1777046898,100,,Aggregated,86.400000,0.000000,1200,1200,1200,1200,1200,1300,1400,1500,4100,11000,20000,53277,0,1200,1155.7818687860631,263.1223750067875,19881.93604099797,304.15021491450347
1777046899,100,,Aggregated,87.100000,0.000000,1200,1200,1200,1200,1200,1300,1400,1500,4100,11000,20000,53362,0,1200,1155.787731878117,263.1223750067875,19881.93604099797,304.14995689816726
1777046900,100,,Aggregated,87.300000,0.000000,1200,1200,1200,1200,1200,1300,1400,1500,4100,11000,20000,53450,0,1200,1155.7247574084577,263.1223750067875,19881.93604099797,304.14993451824137
1777046901,100,,Aggregated,88.200000,0.000000,1200,1200,1200,1200,1200,1300,1400,1500,4100,11000,20000,53535,0,1200,1155.7300099222996,263.1223750067875,19881.93604099797,304.14960306341646
1777046902,100,,Aggregated,87.000000,0.000000,1200,1200,1200,1200,1200,1300,1400,1500,4100,11000,20000,53623,0,1200,1155.7329902876254,263.1223750067875,19881.93604099797,304.14973052608025
1777046903,100,,Aggregated,87.300000,0.000000,1200,1200,1200,1200,1200,1300,1400,1500,4100,11000,20000,53711,0,1200,1155.7172454063466,263.1223750067875,19881.93604099797,304.1495969168327
1777046904,100,,Aggregated,87.300000,0.000000,1200,1200,1200,1200,1200,1300,1400,1500,4100,11000,20000,53799,0,1200,1155.6987886319125,263.1223750067875,19881.93604099797,304.14942656926706
1777046905,100,,Aggregated,87.300000,0.000000,1200,1200,1200,1200,1200,1200,1400,1500,4100,11000,20000,53885,0,1200,1155.7031422756843,263.1223750067875,19881.93604099797,304.1492252018187
1777046906,100,,Aggregated,87.000000,0.000000,1200,1200,1200,1200,1200,1300,1400,1500,4100,11000,20000,53958,0,1200,1155.7181563489416,263.1223750067875,19881.93604099797,304.1493013084251
1777046907,100,,Aggregated,86.800000,0.000000,1200,1200,1200,1200,1200,1300,1400,1500,4100,11000,20000,54058,0,1200,1155.7137518996856,263.1223750067875,19881.93604099797,304.14909911576456
1777046908,100,,Aggregated,88.000000,0.000000,1200,1200,1200,1200,1200,1300,1400,1500,4100,11000,20000,54148,0,1200,1155.6495631799182,263.1223750067875,19881.93604099797,304.14936839772474
1777046909,100,,Aggregated,87.100000,0.000000,1200,1200,1200,1200,1200,1200,1400,1500,4100,11000,20000,54235,0,1200,1155.636890607015,263.1223750067875,19881.93604099797,304.1495897483175
1777046910,100,,Aggregated,87.100000,0.000000,1200,1200,1200,1200,1200,1200,1400,1500,4100,11000,20000,54323,0,1200,1155.626934902978,263.1223750067875,19881.93604099797,304.1499364909891
1777046911,100,,Aggregated,86.700000,0.000000,1200,1200,1200,1200,1200,1200,1400,1500,4100,11000,20000,54406,0,1200,1155.6351220733623,263.1223750067875,19881.93604099797,304.1496158511929
1777046912,100,,Aggregated,87.500000,0.000000,1200,1200,1200,1200,1200,1200,1400,1500,4100,11000,20000,54497,0,1200,1155.6218585644576,263.1223750067875,19881.93604099797,304.14938436978184
1777046913,100,,Aggregated,86.700000,0.000000,1200,1200,1200,1200,1200,1200,1400,1500,4100,11000,20000,54587,0,1200,1155.6273223628925,263.1223750067875,19881.93604099797,304.14950446076904
1777046914,100,,Aggregated,87.200000,0.000000,1200,1200,1200,1200,1200,1200,1400,1500,4100,11000,20000,54666,0,1200,1155.5886256103283,263.1223750067875,19881.93604099797,304.1495262137343
1777046915,100,,Aggregated,87.100000,0.000000,1200,1200,1200,1200,1200,1200,1400,1500,4100,11000,20000,54759,0,1200,1155.535290155394,263.1223750067875,19881.93604099797,304.14950966964335
1777046916,100,,Aggregated,86.100000,0.000000,1200,1200,1200,1200,1200,1200,1400,1500,4100,11000,20000,54854,0,1200,1155.5174405214993,263.1223750067875,19881.93604099797,304.1493054289569
1777046917,100,,Aggregated,86.900000,0.000000,1200,1200,1200,1200,1200,1200,1400,1500,4100,11000,20000,54941,0,1200,1155.4056657655017,263.1223750067875,19881.93604099797,304.1491236053221
1777046918,100,,Aggregated,87.500000,0.000000,1200,1200,1200,1200,1200,1200,1400,1500,4100,11000,20000,55024,0,1200,1155.378958461898,263.1223750067875,19881.93604099797,304.1495347484734
1777046919,100,,Aggregated,88.000000,0.000000,1200,1200,1200,1200,1200,1200,1400,1500,4100,11000,20000,55116,0,1200,1155.3485168286438,263.1223750067875,19881.93604099797,304.1497931635097
1777046920,100,,Aggregated,87.800000,0.000000,1200,1200,1200,1200,1200,1200,1400,1500,4100,11000,20000,55205,0,1200,1155.3321683389272,263.1223750067875,19881.93604099797,304.14971469975546
1777046921,100,,Aggregated,88.000000,0.000000,1200,1200,1200,1200,1200,1200,1400,1500,4100,11000,20000,55291,0,1200,1155.3312674264598,263.1223750067875,19881.93604099797,304.14966269374764
1777046922,100,,Aggregated,87.900000,0.000000,1200,1200,1200,1200,1200,1200,1400,1500,4100,11000,20000,55376,0,1200,1155.3512295968342,263.1223750067875,19881.93604099797,304.1490898584224
1777046923,100,,Aggregated,87.400000,0.000000,1200,1200,1200,1200,1200,1200,1400,1500,4100,11000,20000,55465,0,1200,1155.3596727468184,263.1223750067875,19881.93604099797,304.14915712611554
1777046924,100,,Aggregated,87.200000,0.000000,1200,1200,1200,1200,1200,1200,1400,1500,4100,11000,20000,55551,0,1200,1155.3491711067193,263.1223750067875,19881.93604099797,304.14889020899716
1777046925,100,,Aggregated,87.300000,0.000000,1200,1200,1200,1200,1200,1200,1400,1500,4100,11000,20000,55639,0,1200,1155.3403015642139,263.1223750067875,19881.93604099797,304.1490141807006
1777046926,100,,Aggregated,88.400000,0.000000,1200,1200,1200,1200,1200,1200,1400,1500,4100,11000,20000,55725,0,1200,1155.3396579905682,263.1223750067875,19881.93604099797,304.1489995513683
1777046927,100,,Aggregated,87.700000,0.000000,1200,1200,1200,1200,1200,1200,1400,1500,4100,11000,20000,55812,0,1200,1155.3269768564717,263.1223750067875,19881.93604099797,304.1492152225328
1777046928,100,,Aggregated,87.100000,0.000000,1200,1200,1200,1200,1200,1200,1400,1500,4100,11000,20000,55891,0,1200,1155.39360635541,263.1223750067875,19881.93604099797,304.14905798786924
1777046929,100,,Aggregated,86.800000,0.000000,1200,1200,1200,1200,1200,1200,1400,1500,4100,11000,20000,55987,0,1200,1155.4277901428036,263.1223750067875,19881.93604099797,304.14898101344954
1777046930,100,,Aggregated,86.300000,0.000000,1200,1200,1200,1200,1200,1200,1400,1500,4100,11000,20000,56072,0,1200,1155.332232491567,263.1223750067875,19881.93604099797,304.14955771151375
1777046931,100,,Aggregated,84.900000,0.000000,1200,1200,1200,1200,1200,1200,1400,1500,4100,11000,20000,56162,0,1200,1155.2845905753904,263.1223750067875,19881.93604099797,304.1494604892988
1777046932,100,,Aggregated,86.000000,0.000000,1200,1200,1200,1200,1200,1200,1400,1500,4100,11000,20000,56252,0,1200,1155.2928686242642,263.1223750067875,19881.93604099797,304.1498613382635
1777046933,100,,Aggregated,87.600000,0.000000,1200,1200,1200,1200,1200,1200,1400,1500,4100,11000,20000,56342,0,1200,1155.2129180173786,263.1223750067875,19881.93604099797,304.1497639416421
1777046934,100,,Aggregated,86.500000,0.000000,1200,1200,1200,1200,1200,1200,1400,1500,4100,11000,20000,56430,0,1200,1155.1581603634615,263.1223750067875,19881.93604099797,304.1499202551834
1777046935,100,,Aggregated,86.900000,0.000000,1200,1200,1200,1200,1200,1200,1400,1500,4100,11000,20000,56517,0,1200,1155.1423356523726,263.1223750067875,19881.93604099797,304.1498841056673
1777046936,100,,Aggregated,87.300000,0.000000,1200,1200,1200,1200,1200,1200,1400,1500,4100,11000,20000,56603,0,1200,1155.1409684356338,263.1223750067875,19881.93604099797,304.1500450506157
1777046937,100,,Aggregated,87.500000,0.000000,1200,1200,1200,1200,1200,1200,1400,1500,4100,11000,20000,56691,0,1200,1155.1386319401859,263.1223750067875,19881.93604099797,304.1501649291775
1777046938,100,,Aggregated,87.300000,0.000000,1200,1200,1200,1200,1200,1200,1400,1500,4100,11000,20000,56778,0,1200,1155.1347350086694,263.1223750067875,19881.93604099797,304.1500933460143
1777046939,100,,Aggregated,87.400000,0.000000,1200,1200,1200,1200,1200,1200,1400,1500,4100,11000,20000,56864,0,1200,1155.1372024140942,263.1223750067875,19881.93604099797,304.1502180641531
1777046940,100,,Aggregated,87.700000,0.000000,1200,1200,1200,1200,1200,1200,1400,1500,4100,11000,20000,56950,0,1200,1155.133618301758,263.1223750067875,19881.93604099797,304.15034240561897
1777046941,100,,Aggregated,89.000000,0.000000,1200,1200,1200,1200,1200,1200,1400,1500,4000,11000,20000,57038,0,1200,1155.1303515075076,263.1223750067875,19881.93604099797,304.1503208387391
1777046942,100,,Aggregated,87.800000,0.000000,1200,1200,1200,1200,1200,1200,1400,1500,4000,11000,20000,57122,0,1200,1155.1105508952824,263.1223750067875,19881.93604099797,304.1503448758797
1777046943,100,,Aggregated,87.000000,0.000000,1200,1200,1200,1200,1200,1200,1400,1500,4000,11000,20000,57214,0,1200,1155.0890233783907,263.1223750067875,19881.93604099797,304.14996329569686
1777046944,100,,Aggregated,87.900000,0.000000,1200,1200,1200,1200,1200,1200,1400,1500,4000,11000,20000,57304,0,1200,1155.0937524240758,263.1223750067875,19881.93604099797,304.1498673740053
1777046946,100,,Aggregated,86.800000,0.000000,1200,1200,1200,1200,1200,1200,1400,1500,4000,11000,20000,57391,0,1200,1155.0672284881298,263.1223750067875,19881.93604099797,304.1497621578296
1777046947,100,,Aggregated,86.800000,0.000000,1200,1200,1200,1200,1200,1200,1400,1500,4000,11000,20000,57472,0,1200,1155.1553226874682,263.1223750067875,19881.93604099797,304.14970768374167
1777046948,100,,Aggregated,87.100000,0.000000,1200,1200,1200,1200,1200,1200,1400,1500,4000,11000,20000,57554,0,1200,1155.2180714646122,263.1223750067875,19881.93604099797,304.1497028877228
1777046949,100,,Aggregated,87.100000,0.000000,1200,1200,1200,1200,1200,1200,1400,1500,4000,11000,20000,57650,0,1200,1155.129022410911,263.1223750067875,19881.93604099797,304.14980052038163
1777046950,100,,Aggregated,85.600000,0.000000,1200,1200,1200,1200,1200,1200,1400,1500,4000,11000,20000,57730,0,1200,1155.0571451055412,263.1223750067875,19881.93604099797,304.1499047289104
1777046951,100,,Aggregated,86.900000,0.000000,1200,1200,1200,1200,1200,1200,1400,1500,4000,11000,20000,57828,0,1200,1155.0030870473468,263.1223750067875,19881.93604099797,304.14996195614583
1777046952,100,,Aggregated,86.200000,0.000000,1200,1200,1200,1200,1200,1200,1400,1500,4000,11000,20000,57904,0,1200,1155.0140884658745,263.1223750067875,19881.93604099797,304.15007598784194
1777046953,100,,Aggregated,87.300000,0.000000,1200,1200,1200,1200,1200,1200,1400,1500,4000,11000,20000,58003,0,1200,1155.000933280416,263.1223750067875,19881.93604099797,304.1499405203179
1777046954,100,,Aggregated,87.300000,0.000000,1200,1200,1200,1200,1200,1200,1400,1500,4000,11000,20000,58084,0,1200,1154.9348772048245,263.1223750067875,19881.93604099797,304.149886371462
1777046955,100,,Aggregated,85.900000,0.000000,1200,1200,1200,1200,1200,1200,1400,1500,4000,11000,20000,58175,0,1200,1154.904987557164,263.1223750067875,19881.93604099797,304.14987537602065
1777046956,100,,Aggregated,87.000000,0.000000,1200,1200,1200,1200,1200,1200,1400,1500,4000,11000,20000,58267,0,1200,1154.8886651580847,263.1223750067875,19881.93604099797,304.1498790052689
1777046957,100,,Aggregated,87.100000,0.000000,1200,1200,1200,1200,1200,1200,1400,1500,4000,11000,20000,58355,0,1200,1154.8563656493718,263.1223750067875,19881.93604099797,304.1502356267672
1777046958,100,,Aggregated,87.300000,0.000000,1200,1200,1200,1200,1200,1200,1400,1500,4000,11000,20000,58442,0,1200,1154.8497354587812,263.1223750067875,19881.93604099797,304.1500633106328
1777046959,100,,Aggregated,87.900000,0.000000,1200,1200,1200,1200,1200,1200,1400,1500,4000,11000,20000,58530,0,1200,1154.8432377237523,263.1223750067875,19881.93604099797,304.15007688364943
1777046960,100,,Aggregated,88.800000,0.000000,1200,1200,1200,1200,1200,1200,1400,1500,4000,11000,20000,58619,0,1200,1154.8257513124636,263.1223750067875,19881.93604099797,304.1502413893106
1777046961,100,,Aggregated,87.500000,0.000000,1200,1200,1200,1200,1200,1200,1400,1500,4000,11000,20000,58706,0,1200,1154.7785104315926,263.1223750067875,19881.93604099797,304.1504105202194
1777046962,100,,Aggregated,87.500000,0.000000,1200,1200,1200,1200,1200,1200,1400,1500,4000,11000,20000,58783,0,1200,1154.78566728583,263.1223750067875,19881.93604099797,304.15053671979996
1777046963,100,,Aggregated,88.500000,0.000000,1200,1200,1200,1200,1200,1200,1400,1500,4000,11000,20000,58870,0,1200,1154.8230418227768,263.1223750067875,19881.93604099797,304.15036521148295
1777046964,100,,Aggregated,88.300000,0.000000,1200,1200,1200,1200,1200,1200,1400,1500,4000,11000,20000,58961,0,1200,1154.879506915229,263.1223750067875,19881.93604099797,304.1507945930361
1777046965,100,,Aggregated,86.900000,0.000000,1200,1200,1200,1200,1200,1200,1400,1500,3900,11000,20000,59051,0,1200,1154.861054748908,263.1223750067875,19881.93604099797,304.15073411119204
1777046966,100,,Aggregated,87.400000,0.000000,1200,1200,1200,1200,1200,1200,1400,1500,3900,11000,20000,59140,0,1200,1154.865482915216,263.1223750067875,19881.93604099797,304.1507270882651
1777046967,100,,Aggregated,86.600000,0.000000,1200,1200,1200,1200,1200,1200,1400,1500,3900,11000,20000,59218,0,1200,1154.9119064674921,263.1223750067875,19881.93604099797,304.1509338376845
1777046968,100,,Aggregated,86.800000,0.000000,1200,1200,1200,1200,1200,1200,1400,1500,3900,11000,20000,59312,0,1200,1154.8084958619638,263.1223750067875,19881.93604099797,304.1509306717022
1777046969,100,,Aggregated,86.200000,0.000000,1200,1200,1200,1200,1200,1200,1400,1500,3900,11000,20000,59404,0,1200,1154.7760175364265,263.1223750067875,19881.93604099797,304.15086526159854
1777046970,100,,Aggregated,86.900000,0.000000,1200,1200,1200,1200,1200,1200,1400,1500,3900,11000,20000,59491,0,1200,1154.761564415656,263.1223750067875,19881.93604099797,304.15086315577145
1777046971,100,,Aggregated,86.800000,0.000000,1200,1200,1200,1200,1200,1200,1400,1500,3900,11000,20000,59577,0,1200,1154.752185590089,263.1223750067875,19881.93604099797,304.1507796632929
1777046972,100,,Aggregated,86.700000,0.000000,1200,1200,1200,1200,1200,1200,1400,1500,3900,11000,20000,59665,0,1200,1154.7603533551758,263.1223750067875,19881.93604099797,304.15102656498783
1777046973,100,,Aggregated,86.600000,0.000000,1200,1200,1200,1200,1200,1200,1400,1500,3900,11000,20000,59751,0,1200,1154.7538752729947,263.1223750067875,19881.93604099797,304.15104349717996
1777046974,100,,Aggregated,87.100000,0.000000,1200,1200,1200,1200,1200,1200,1400,1500,3900,11000,20000,59838,0,1200,1154.7585163554893,263.1223750067875,19881.93604099797,304.1509742972693
1777046975,100,,Aggregated,86.800000,0.000000,1200,1200,1200,1200,1200,1200,1400,1500,3900,11000,20000,59926,0,1200,1154.753544849993,263.1223750067875,19881.93604099797,304.150752594867
1777046976,100,,Aggregated,86.800000,0.000000,1200,1200,1200,1200,1200,1200,1400,1500,3800,10000,20000,60012,0,1200,1154.7516658683878,263.1223750067875,19881.93604099797,304.1510364593748
1777046977,100,,Aggregated,86.400000,0.000000,1200,1200,1200,1200,1200,1200,1400,1500,3800,10000,20000,60098,0,1200,1154.771008528584,263.1223750067875,19881.93604099797,304.1512196745316
1777046978,100,,Aggregated,86.400000,0.000000,1200,1200,1200,1200,1200,1200,1400,1500,3800,10000,20000,60186,0,1200,1154.770396709198,263.1223750067875,19881.93604099797,304.1511314923736
1777046979,100,,Aggregated,87.200000,0.000000,1200,1200,1200,1200,1200,1200,1400,1500,3800,10000,20000,60265,0,1200,1154.816712227424,263.1223750067875,19881.93604099797,304.15101634447853
1777046980,100,,Aggregated,86.500000,0.000000,1200,1200,1200,1200,1200,1200,1400,1500,3800,10000,20000,60358,0,1200,1154.8303987921665,263.1223750067875,19881.93604099797,304.15123098843566
1777046981,100,,Aggregated,85.500000,0.000000,1200,1200,1200,1200,1200,1200,1400,1500,3800,10000,20000,60442,0,1200,1154.8220061161574,263.1223750067875,19881.93604099797,304.1510539029152
1777046982,100,,Aggregated,85.800000,0.000000,1200,1200,1200,1200,1200,1200,1400,1500,3800,10000,20000,60517,0,1200,1154.8638214876441,263.1223750067875,19881.93604099797,304.1509162714609
1777046983,100,,Aggregated,86.400000,0.000000,1200,1200,1200,1200,1200,1200,1400,1500,3800,10000,20000,60607,0,1200,1154.9234366403841,263.1223750067875,19881.93604099797,304.150857161714
1777046984,100,,Aggregated,86.000000,0.000000,1200,1200,1200,1200,1200,1200,1400,1500,3800,10000,20000,60703,0,1200,1154.902004027867,263.1223750067875,19881.93604099797,304.1509480585803
1777046985,100,,Aggregated,85.800000,0.000000,1200,1200,1200,1200,1200,1200,1400,1500,3800,10000,20000,60794,0,1200,1154.769487697612,263.1223750067875,19881.93604099797,304.1507385597263
1777046986,100,,Aggregated,86.200000,0.000000,1200,1200,1200,1200,1200,1200,1400,1500,3800,10000,20000,60882,0,1200,1154.7639199579323,263.1223750067875,19881.93604099797,304.15071778193885
1777046987,100,,Aggregated,87.200000,0.000000,1200,1200,1200,1200,1200,1200,1400,1500,3800,10000,20000,60968,0,1200,1154.753596907996,263.1223750067875,19881.93604099797,304.15063639942264
1777046988,100,,Aggregated,86.000000,0.000000,1200,1200,1200,1200,1200,1200,1400,1500,3800,10000,20000,61054,0,1200,1154.7462008433183,263.1223750067875,19881.93604099797,304.150522488289
1777046989,100,,Aggregated,86.200000,0.000000,1200,1200,1200,1200,1200,1200,1400,1500,3800,10000,20000,61139,0,1200,1154.77316427995,263.1223750067875,19881.93604099797,304.15052585092985
1777046990,100,,Aggregated,86.500000,0.000000,1200,1200,1200,1200,1200,1200,1400,1500,3800,10000,20000,61223,0,1200,1154.7871903633581,263.1223750067875,19881.93604099797,304.1505806641295
1777046991,100,,Aggregated,87.500000,0.000000,1200,1200,1200,1200,1200,1200,1400,1500,3800,10000,20000,61310,0,1200,1154.7787512312161,263.1223750067875,19881.93604099797,304.15057902462894
1777046992,100,,Aggregated,87.000000,0.000000,1200,1200,1200,1200,1200,1200,1400,1500,3800,10000,20000,61401,0,1200,1154.7674016442045,263.1223750067875,19881.93604099797,304.15076301688896
1777046993,100,,Aggregated,86.600000,0.000000,1200,1200,1200,1200,1200,1200,1400,1500,3800,10000,20000,61490,0,1200,1154.7624725541698,263.1223750067875,19881.93604099797,304.15072369490974
1777046994,100,,Aggregated,86.800000,0.000000,1200,1200,1200,1200,1200,1200,1400,1500,3800,10000,20000,61578,0,1200,1154.7541753741582,263.1223750067875,19881.93604099797,304.1508006106077
1777046995,100,,Aggregated,87.400000,0.000000,1200,1200,1200,1200,1200,1200,1400,1500,3800,10000,20000,61664,0,1200,1154.770931961061,263.1223750067875,19881.93604099797,304.1506551634665
1777046996,100,,Aggregated,87.000000,0.000000,1200,1200,1200,1200,1200,1200,1400,1500,3800,10000,20000,61751,0,1200,1154.7937222153955,263.1223750067875,19881.93604099797,304.15084775955046
1777046997,100,,Aggregated,86.300000,0.000000,1200,1200,1200,1200,1200,1200,1400,1500,3800,10000,20000,61831,0,1200,1154.8259816674756,263.1223750067875,19881.93604099797,304.1508143164432
1777046998,100,,Aggregated,87.400000,0.000000,1200,1200,1200,1200,1200,1200,1400,1500,3800,10000,20000,61911,0,1200,1154.8760283590427,263.1223750067875,19881.93604099797,304.1509747863869
1777046999,100,,Aggregated,85.600000,0.000000,1200,1200,1200,1200,1200,1200,1400,1500,3800,10000,20000,61996,0,1200,1154.8671394422981,263.1223750067875,19881.93604099797,304.15084844183497
1777047000,100,,Aggregated,86.000000,0.000000,1200,1200,1200,1200,1200,1200,1400,1500,3500,10000,20000,62089,0,1200,1154.8612743265255,263.1223750067875,19881.93604099797,304.15079965855466
1777047001,100,,Aggregated,86.000000,0.000000,1200,1200,1200,1200,1200,1200,1400,1500,3500,10000,20000,62188,0,1200,1154.7684980970437,263.1223750067875,19881.93604099797,304.15080079758155
1777047002,100,,Aggregated,85.600000,0.000000,1200,1200,1200,1200,1200,1200,1400,1500,3500,10000,20000,62266,0,1200,1154.6991694656638,263.1223750067875,19881.93604099797,304.15064401117786
1777047003,100,,Aggregated,86.700000,0.000000,1200,1200,1200,1200,1200,1200,1400,1500,3500,10000,20000,62357,0,1200,1154.7052183915375,263.1223750067875,19881.93604099797,304.1509213079526
1777047004,100,,Aggregated,86.900000,0.000000,1200,1200,1200,1200,1200,1200,1400,1500,3500,10000,20000,62447,0,1200,1154.7120709239514,263.1223750067875,19881.93604099797,304.15099204125096
1777047005,100,,Aggregated,86.800000,0.000000,1200,1200,1200,1200,1200,1200,1400,1500,3500,10000,20000,62533,0,1200,1154.7236823607848,263.1223750067875,19881.93604099797,304.15107223386053
1777047006,100,,Aggregated,86.400000,0.000000,1200,1200,1200,1200,1200,1200,1400,1500,3500,10000,20000,62619,0,1200,1154.743325008284,263.1223750067875,19881.93604099797,304.1511522061994
1777047007,100,,Aggregated,86.900000,0.000000,1200,1200,1200,1200,1200,1200,1400,1500,3500,10000,20000,62704,0,1200,1154.7697776688055,263.1223750067875,19881.93604099797,304.1513779025262
1777047008,100,,Aggregated,86.300000,0.000000,1200,1200,1200,1200,1200,1200,1400,1500,3500,10000,20000,62789,0,1200,1154.805051625059,263.1223750067875,19881.93604099797,304.1514755769323
1777047009,100,,Aggregated,87.700000,0.000000,1200,1200,1200,1200,1200,1200,1400,1500,3500,10000,20000,62876,0,1200,1154.820676128173,263.1223750067875,19881.93604099797,304.15179082638844
1777047010,100,,Aggregated,86.200000,0.000000,1200,1200,1200,1200,1200,1200,1400,1500,3500,10000,20000,62963,0,1200,1154.8290079866085,263.1223750067875,19881.93604099797,304.1519146165208
1777047011,100,,Aggregated,86.500000,0.000000,1200,1200,1200,1200,1200,1200,1400,1500,3500,10000,20000,63049,0,1200,1154.829783950339,263.1223750067875,19881.93604099797,304.1517708448984
1777047012,100,,Aggregated,87.100000,0.000000,1200,1200,1200,1200,1200,1200,1400,1500,3500,10000,20000,63132,0,1200,1154.860143872377,263.1223750067875,19881.93604099797,304.1514604321105
1777047013,100,,Aggregated,86.000000,0.000000,1200,1200,1200,1200,1200,1200,1400,1500,3500,10000,20000,63221,0,1200,1154.8873655067455,263.1223750067875,19881.93604099797,304.1514844750953
1777047014,100,,Aggregated,84.800000,0.000000,1200,1200,1200,1200,1200,1200,1400,1500,3500,10000,20000,63302,0,1200,1154.8855200269034,263.1223750067875,19881.93604099797,304.15190673280466
1777047015,100,,Aggregated,85.600000,0.000000,1200,1200,1200,1200,1200,1200,1400,1500,3500,10000,20000,63392,0,1200,1154.8916949798884,263.1223750067875,19881.93604099797,304.1519119131752
1777047016,100,,Aggregated,85.800000,0.000000,1200,1200,1200,1200,1200,1200,1400,1500,3500,10000,20000,63483,0,1200,1154.9015511022455,263.1223750067875,19881.93604099797,304.15180442008096
1777047017,100,,Aggregated,84.700000,0.000000,1200,1200,1200,1200,1200,1200,1400,1500,3500,10000,20000,63571,0,1200,1154.8601684253033,263.1223750067875,19881.93604099797,304.15175158484215
1777047018,100,,Aggregated,85.300000,0.000000,1200,1200,1200,1200,1200,1200,1400,1500,3500,10000,20000,63657,0,1200,1154.804135685027,263.1223750067875,19881.93604099797,304.15160940666385
1777047019,100,,Aggregated,86.000000,0.000000,1200,1200,1200,1200,1200,1200,1400,1500,3500,10000,20000,63745,0,1200,1154.8161093164777,263.1223750067875,19881.93604099797,304.1516197348812
1777047020,100,,Aggregated,86.900000,0.000000,1200,1200,1200,1200,1200,1200,1400,1500,3500,10000,20000,63831,0,1200,1154.813287690025,263.1223750067875,19881.93604099797,304.15172878381975
1777047021,100,,Aggregated,86.300000,0.000000,1200,1200,1200,1200,1200,1200,1400,1500,3500,10000,20000,63918,0,1200,1154.8078487371652,263.1223750067875,19881.93604099797,304.1515066178541
1777047022,100,,Aggregated,86.500000,0.000000,1200,1200,1200,1200,1200,1200,1400,1500,3400,10000,20000,64005,0,1200,1154.805973290525,263.1223750067875,19881.93604099797,304.151722521678
1777047023,100,,Aggregated,86.500000,0.000000,1200,1200,1200,1200,1200,1200,1400,1500,3400,10000,20000,64094,0,1200,1154.7832731613278,263.1223750067875,19881.93604099797,304.15162105657316
1777047024,100,,Aggregated,87.600000,0.000000,1200,1200,1200,1200,1200,1200,1400,1500,3400,10000,20000,64181,0,1200,1154.7626631427393,263.1223750067875,19881.93604099797,304.1514622707655
1777047025,100,,Aggregated,86.900000,0.000000,1200,1200,1200,1200,1200,1200,1400,1500,3400,10000,20000,64269,0,1200,1154.7504195847007,263.1223750067875,19881.93604099797,304.1513482394311
1777047026,100,,Aggregated,87.200000,0.000000,1200,1200,1200,1200,1200,1200,1400,1500,3400,10000,20000,64350,0,1200,1154.7441257892324,263.1223750067875,19881.93604099797,304.1515151515151
1777047027,100,,Aggregated,88.200000,0.000000,1200,1200,1200,1200,1200,1200,1400,1500,3400,10000,20000,64441,0,1200,1154.7457044344278,263.1223750067875,19881.93604099797,304.15153396129796
1777047028,100,,Aggregated,87.800000,0.000000,1200,1200,1200,1200,1200,1200,1400,1500,3400,10000,20000,64533,0,1200,1154.7327403440258,263.1223750067875,19881.93604099797,304.15141090604806
1777047029,100,,Aggregated,87.100000,0.000000,1200,1200,1200,1200,1200,1200,1400,1500,3400,10000,20000,64623,0,1200,1154.7308851073299,263.1223750067875,19881.93604099797,304.1513238320722
1777047030,100,,Aggregated,87.100000,0.000000,1200,1200,1200,1200,1200,1200,1400,1500,3400,10000,20000,64699,0,1200,1154.695225116816,263.1223750067875,19881.93604099797,304.1508987774154
1777047031,100,,Aggregated,87.000000,0.000000,1200,1200,1200,1200,1200,1200,1400,1500,3400,10000,20000,64789,0,1200,1154.712150707158,263.1223750067875,19881.93604099797,304.15090524626095
1777047032,100,,Aggregated,87.200000,0.000000,1200,1200,1200,1200,1200,1200,1400,1500,3400,10000,20000,64878,0,1200,1154.729652691702,263.1223750067875,19881.93604099797,304.1510219180616
1777047033,100,,Aggregated,87.400000,0.000000,1200,1200,1200,1200,1200,1200,1400,1500,3400,10000,20000,64967,0,1200,1154.8126249762186,263.1223750067875,19881.93604099797,304.1509227761787
1777047034,100,,Aggregated,87.300000,0.000000,1200,1200,1200,1200,1200,1200,1400,1500,3400,10000,20000,65058,0,1200,1154.6893013392826,263.1223750067875,19881.93604099797,304.15085001075965
1777047035,100,,Aggregated,85.700000,0.000000,1200,1200,1200,1200,1200,1200,1400,1500,3400,10000,20000,65145,0,1200,1154.6122194993006,263.1223750067875,19881.93604099797,304.1510937140226
1777047036,100,,Aggregated,86.500000,0.000000,1200,1200,1200,1200,1200,1200,1400,1500,3400,10000,20000,65233,0,1200,1154.5967382842232,263.1223750067875,19881.93604099797,304.15119648030907
1777047037,100,,Aggregated,87.300000,0.000000,1200,1200,1200,1200,1200,1200,1400,1500,3400,10000,20000,65322,0,1200,1154.5799227340367,263.1223750067875,19881.93604099797,304.15115887449866
1777047038,100,,Aggregated,87.300000,0.000000,1200,1200,1200,1200,1200,1200,1400,1500,3400,10000,20000,65402,0,1200,1154.5564610580664,263.1223750067875,19881.93604099797,304.1512186171677
1777047039,100,,Aggregated,87.500000,0.000000,1200,1200,1200,1200,1200,1200,1400,1500,3400,10000,20000,65494,0,1200,1154.566450015138,263.1223750067875,19881.93604099797,304.1513726448224
1777047040,100,,Aggregated,87.400000,0.000000,1200,1200,1200,1200,1200,1200,1400,1500,3400,10000,20000,65583,0,1200,1154.5566383665516,263.1223750067875,19881.93604099797,304.1514874281445
1777047041,100,,Aggregated,87.900000,0.000000,1200,1200,1200,1200,1200,1200,1400,1500,3400,10000,20000,65670,0,1200,1154.564537965563,263.1223750067875,19881.93604099797,304.1515151515151
1777047042,100,,Aggregated,86.700000,0.000000,1200,1200,1200,1200,1200,1200,1400,1500,3400,10000,20000,65756,0,1200,1154.58120440765,263.1223750067875,19881.93604099797,304.15140823651075
1777047043,100,,Aggregated,86.700000,0.000000,1200,1200,1200,1200,1200,1200,1400,1500,3400,10000,20000,65843,0,1200,1154.5845219295354,263.1223750067875,19881.93604099797,304.1513448658172
1777047044,100,,Aggregated,86.800000,0.000000,1200,1200,1200,1200,1200,1200,1400,1500,3400,10000,20000,65932,0,1200,1154.559879926659,263.1223750067875,19881.93604099797,304.1512770733483
1777047045,100,,Aggregated,88.500000,0.000000,1200,1200,1200,1200,1200,1200,1400,1500,3300,10000,20000,66016,0,1200,1154.560696719892,263.1223750067875,19881.93604099797,304.1512057682986
1777047046,100,,Aggregated,87.500000,0.000000,1200,1200,1200,1200,1200,1200,1400,1500,3300,10000,20000,66091,0,1200,1154.5934338070442,263.1223750067875,19881.93604099797,304.1513821851689
1777047047,100,,Aggregated,86.800000,0.000000,1200,1200,1200,1200,1200,1200,1400,1500,3300,10000,20000,66181,0,1200,1154.62142807154,263.1223750067875,19881.93604099797,304.15135764041037
1777047048,100,,Aggregated,86.800000,0.000000,1200,1200,1200,1200,1200,1200,1400,1500,3300,10000,20000,66272,0,1200,1154.615867006345,263.1223750067875,19881.93604099797,304.15140632544666
1777047049,100,,Aggregated,85.500000,0.000000,1200,1200,1200,1200,1200,1200,1400,1500,3300,10000,20000,66369,0,1200,1154.580867139091,263.1223750067875,19881.93604099797,304.15144118489053
1777047050,100,,Aggregated,85.800000,0.000000,1200,1200,1200,1200,1200,1200,1400,1500,3300,10000,20000,66447,0,1200,1154.5596845572738,263.1223750067875,19881.93604099797,304.1513838096528
1777047051,100,,Aggregated,86.400000,0.000000,1200,1200,1200,1200,1200,1200,1400,1500,3300,10000,20000,66540,0,1200,1154.583854190805,263.1223750067875,19881.93604099797,304.15136759843705
1777047052,100,,Aggregated,87.400000,0.000000,1200,1200,1200,1200,1200,1200,1400,1500,3300,10000,20000,66631,0,1200,1154.5149532333912,263.1223750067875,19881.93604099797,304.15132595938826
1777047053,100,,Aggregated,86.300000,0.000000,1200,1200,1200,1200,1200,1200,1400,1500,3300,10000,20000,66717,0,1200,1154.491021876312,263.1223750067875,19881.93604099797,304.15152060194555
1777047054,100,,Aggregated,86.900000,0.000000,1200,1200,1200,1200,1200,1200,1400,1500,3300,10000,20000,66805,0,1200,1154.4989031681469,263.1223750067875,19881.93604099797,304.1515305740588
1777047055,100,,Aggregated,86.900000,0.000000,1200,1200,1200,1200,1200,1200,1400,1500,3300,10000,20000,66892,0,1200,1154.5092092767322,263.1223750067875,19881.93604099797,304.15164743168094
1777047056,100,,Aggregated,86.800000,0.000000,1200,1200,1200,1200,1200,1200,1400,1500,3300,10000,20000,66976,0,1200,1154.5016387303963,263.1223750067875,19881.93604099797,304.1518155757286
1777047057,100,,Aggregated,86.600000,0.000000,1200,1200,1200,1200,1200,1200,1400,1500,3200,10000,20000,67063,0,1200,1154.5127562159487,263.1223750067875,19881.93604099797,304.1520510564693
1777047058,100,,Aggregated,86.900000,0.000000,1200,1200,1200,1200,1200,1200,1400,1500,3200,10000,20000,67153,0,1200,1154.5022868465605,263.1223750067875,19881.93604099797,304.1520557532798
1777047059,100,,Aggregated,87.800000,0.000000,1200,1200,1200,1200,1200,1200,1400,1500,3200,10000,20000,67239,0,1200,1154.4963172511334,263.1223750067875,19881.93604099797,304.1518017817041
1777047060,100,,Aggregated,87.500000,0.000000,1200,1200,1200,1200,1200,1200,1400,1500,3200,10000,20000,67326,0,1200,1154.4913677138125,263.1223750067875,19881.93604099797,304.15165017972254
1777047061,100,,Aggregated,86.900000,0.000000,1200,1200,1200,1200,1200,1200,1400,1500,3200,10000,20000,67413,0,1200,1154.4987386556331,263.1223750067875,19881.93604099797,304.1514989690416
1777047062,100,,Aggregated,86.600000,0.000000,1200,1200,1200,1200,1200,1200,1400,1500,3200,10000,20000,67492,0,1200,1154.5190000357527,263.1223750067875,19881.93604099797,304.15139572097434
1777047063,100,,Aggregated,87.400000,0.000000,1200,1200,1200,1200,1200,1200,1400,1500,3200,10000,20000,67586,0,1200,1154.5266079630833,263.1223750067875,19881.93604099797,304.15148107596247
1777047064,100,,Aggregated,86.200000,0.000000,1200,1200,1200,1200,1200,1200,1400,1500,3200,10000,20000,67675,0,1200,1154.504817806958,263.1223750067875,19881.93604099797,304.15132619135574
1777047065,100,,Aggregated,86.500000,0.000000,1200,1200,1200,1200,1200,1200,1400,1500,3200,10000,20000,67762,0,1200,1154.5036784364063,263.1223750067875,19881.93604099797,304.15126472063986
1777047066,100,,Aggregated,86.700000,0.000000,1200,1200,1200,1200,1200,1200,1400,1500,3200,10000,20000,67842,0,1200,1154.5368366978362,263.1223750067875,19881.93604099797,304.151292709531
1777047067,100,,Aggregated,85.800000,0.000000,1200,1200,1200,1200,1200,1200,1400,1500,3200,10000,20000,67916,0,1200,1154.6403833725128,263.1223750067875,19881.93604099797,304.15130455268275
1777047068,100,,Aggregated,85.900000,0.000000,1200,1200,1200,1200,1200,1200,1400,1500,3200,10000,20000,68020,0,1200,1154.550375134892,263.1223750067875,19881.93604099797,304.1511026168774
1777047069,100,,Aggregated,85.800000,0.000000,1200,1200,1200,1200,1200,1200,1400,1500,3200,10000,20000,68106,0,1200,1154.515258478924,263.1223750067875,19881.93604099797,304.15102927789036
1777047070,100,,Aggregated,86.600000,0.000000,1200,1200,1200,1200,1200,1200,1400,1500,3200,10000,20000,68193,0,1200,1154.5180722221885,263.1223750067875,19881.93604099797,304.1508219318698
1777047071,100,,Aggregated,86.500000,0.000000,1200,1200,1200,1200,1200,1200,1400,1500,3200,10000,20000,68278,0,1200,1154.5265694477819,263.1223750067875,19881.93604099797,304.1507659861156
1777047072,100,,Aggregated,86.400000,0.000000,1200,1200,1200,1200,1200,1200,1400,1500,3200,10000,20000,68364,0,1200,1154.5732830548059,263.1223750067875,19881.93604099797,304.1508396231935
1777047073,100,,Aggregated,86.400000,0.000000,1200,1200,1200,1200,1200,1200,1400,1500,3200,10000,20000,68451,0,1200,1154.5747130167963,263.1223750067875,19881.93604099797,304.1508670435786
1777047074,100,,Aggregated,86.600000,0.000000,1200,1200,1200,1200,1200,1200,1400,1500,3200,10000,20000,68531,0,1200,1154.572179168399,263.1223750067875,19881.93604099797,304.151011950796
1777047075,100,,Aggregated,85.600000,0.000000,1200,1200,1200,1200,1200,1200,1400,1500,3200,10000,20000,68620,0,1200,1154.601745396755,263.1223750067875,19881.93604099797,304.1512969979598
1777047076,100,,Aggregated,86.000000,0.000000,1200,1200,1200,1200,1200,1200,1400,1500,3200,10000,20000,68708,0,1200,1154.6244733680717,263.1223750067875,19881.93604099797,304.1514525237236
1777047077,100,,Aggregated,86.900000,0.000000,1200,1200,1200,1200,1200,1200,1400,1500,3200,10000,20000,68795,0,1200,1154.6289241328932,263.1223750067875,19881.93604099797,304.1514499600262
1777047078,100,,Aggregated,86.400000,0.000000,1200,1200,1200,1200,1200,1200,1400,1500,3200,10000,20000,68882,0,1200,1154.6221194586433,263.1223750067875,19881.93604099797,304.15153450828956
1777047079,100,,Aggregated,86.500000,0.000000,1200,1200,1200,1200,1200,1200,1400,1500,3200,10000,20000,68962,0,1200,1154.6612345398971,263.1223750067875,19881.93604099797,304.1514457237319
1777047080,100,,Aggregated,85.800000,0.000000,1200,1200,1200,1200,1200,1200,1400,1500,3200,10000,20000,69053,0,1200,1154.7107898751894,263.1223750067875,19881.93604099797,304.15137647893647
1777047081,100,,Aggregated,85.500000,0.000000,1200,1200,1200,1200,1200,1200,1400,1500,3200,10000,20000,69140,0,1200,1154.7250672036928,263.1223750067875,19881.93604099797,304.1512872432745
1777047082,100,,Aggregated,84.900000,0.000000,1200,1200,1200,1200,1200,1200,1400,1500,3200,10000,20000,69218,0,1200,1154.692982852457,263.1223750067875,19881.93604099797,304.15126123262735
1777047083,100,,Aggregated,84.800000,0.000000,1200,1200,1200,1200,1200,1200,1400,1500,3200,10000,20000,69308,0,1200,1154.7008742052471,263.1223750067875,19881.93604099797,304.15123795232876
1777047084,100,,Aggregated,86.000000,0.000000,1200,1200,1200,1200,1200,1200,1400,1500,3200,10000,20000,69399,0,1200,1154.7117151574541,263.1223750067875,19881.93604099797,304.15119814406546
1777047085,100,,Aggregated,85.900000,0.000000,1200,1200,1200,1200,1200,1200,1400,1500,3200,10000,20000,69488,0,1200,1154.6803458277868,263.1223750067875,19881.93604099797,304.1513067004375
1777047086,100,,Aggregated,85.600000,0.000000,1200,1200,1200,1200,1200,1200,1400,1500,3200,10000,20000,69570,0,1200,1154.6615145992844,263.1223750067875,19881.93604099797,304.1510708638781
1777047087,100,,Aggregated,86.000000,0.000000,1200,1200,1200,1200,1200,1200,1400,1500,3200,10000,20000,69661,0,1200,1154.6591664614925,263.1223750067875,19881.93604099797,304.1512898178321
1777047088,100,,Aggregated,86.200000,0.000000,1200,1200,1200,1200,1200,1200,1400,1500,3200,10000,20000,69748,0,1200,1154.65814082421,263.1223750067875,19881.93604099797,304.1514021907438
1777047089,100,,Aggregated,86.300000,0.000000,1200,1200,1200,1200,1200,1200,1400,1500,3200,10000,20000,69837,0,1200,1154.6498050173682,263.1223750067875,19881.93604099797,304.15148130647077
1777047090,100,,Aggregated,86.200000,0.000000,1200,1200,1200,1200,1200,1200,1400,1500,3200,10000,20000,69923,0,1200,1154.6500700186652,263.1223750067875,19881.93604099797,304.1515810248416
1777047091,100,,Aggregated,86.600000,0.000000,1200,1200,1200,1200,1200,1200,1400,1500,3000,10000,20000,70010,0,1200,1154.6438901329689,263.1223750067875,19881.93604099797,304.1514640765605
1777047092,100,,Aggregated,87.300000,0.000000,1200,1200,1200,1200,1200,1200,1400,1500,3000,10000,20000,70098,0,1200,1154.6414294155218,263.1223750067875,19881.93604099797,304.15110274187566
1777047093,100,,Aggregated,87.600000,0.000000,1200,1200,1200,1200,1200,1200,1400,1500,3000,10000,20000,70184,0,1200,1154.63093221266,263.1223750067875,19881.93604099797,304.1512025532885
1777047094,100,,Aggregated,86.500000,0.000000,1200,1200,1200,1200,1200,1200,1400,1500,3000,10000,20000,70271,0,1200,1154.6408351364487,263.1223750067875,19881.93604099797,304.1512857366481
1777047095,100,,Aggregated,87.200000,0.000000,1200,1200,1200,1200,1200,1200,1400,1500,3000,10000,20000,70353,0,1200,1154.6395141310156,263.1223750067875,19881.93604099797,304.1513652580558
1777047096,100,,Aggregated,86.400000,0.000000,1200,1200,1200,1200,1200,1200,1400,1500,3000,10000,20000,70441,0,1200,1154.670434573382,263.1223750067875,19881.93604099797,304.1513749094987
1777047097,100,,Aggregated,86.500000,0.000000,1200,1200,1200,1200,1200,1200,1400,1500,3000,10000,20000,70524,0,1200,1154.6733557038951,263.1223750067875,19881.93604099797,304.1514661675458
1777047098,100,,Aggregated,86.800000,0.000000,1200,1200,1200,1200,1200,1200,1400,1500,3000,10000,20000,70615,0,1200,1154.651496006449,263.1223750067875,19881.93604099797,304.1512001699356
1777047099,100,,Aggregated,86.900000,0.000000,1200,1200,1200,1200,1200,1200,1400,1500,3000,10000,20000,70702,0,1200,1154.6374136711054,263.1223750067875,19881.93604099797,304.15111312268397
1777047100,100,,Aggregated,86.900000,0.000000,1200,1200,1200,1200,1200,1200,1400,1500,3000,10000,20000,70788,0,1200,1154.6960148530504,263.1223750067875,19881.93604099797,304.15095778945584
1777047101,100,,Aggregated,86.900000,0.000000,1200,1200,1200,1200,1200,1200,1400,1500,3000,10000,20000,70884,0,1200,1154.6532115586954,263.1223750067875,19881.93604099797,304.1510637097229
1777047102,100,,Aggregated,86.200000,0.000000,1200,1200,1200,1200,1200,1200,1400,1500,3000,10000,20000,70970,0,1200,1154.5559488363067,263.1223750067875,19881.93604099797,304.151077920248
1777047103,100,,Aggregated,85.100000,0.000000,1200,1200,1200,1200,1200,1200,1400,1500,3000,10000,20000,71057,0,1200,1154.5667941306226,263.1223750067875,19881.93604099797,304.15082257905624
1777047104,100,,Aggregated,87.200000,0.000000,1200,1200,1200,1200,1200,1200,1400,1500,3000,10000,20000,71143,0,1200,1154.5654069274124,263.1223750067875,19881.93604099797,304.15080893411863
1777047105,100,,Aggregated,86.900000,0.000000,1200,1200,1200,1200,1200,1200,1400,1500,3000,10000,20000,71230,0,1200,1154.5624428113388,263.1223750067875,19881.93604099797,304.1507791660817
1777047106,100,,Aggregated,87.600000,0.000000,1200,1200,1200,1200,1200,1200,1400,1500,3000,10000,20000,71319,0,1200,1154.5521456611789,263.1223750067875,19881.93604099797,304.1506330711311
1777047107,100,,Aggregated,86.600000,0.000000,1200,1200,1200,1200,1200,1200,1400,1500,3000,10000,20000,71406,0,1200,1154.5451520068018,263.1223750067875,19881.93604099797,304.1504075287791
1777047108,100,,Aggregated,86.800000,0.000000,1200,1200,1200,1200,1200,1200,1400,1500,3000,10000,20000,71490,0,1200,1154.5540956752513,263.1223750067875,19881.93604099797,304.1501188977479
1777047109,100,,Aggregated,86.900000,0.000000,1200,1200,1200,1200,1200,1200,1400,1500,3000,10000,20000,71575,0,1200,1154.5416162194422,263.1223750067875,19881.93604099797,304.14992665036675
1777047110,100,,Aggregated,86.700000,0.000000,1200,1200,1200,1200,1200,1200,1400,1500,3000,10000,20000,71656,0,1200,1154.5105354005048,263.1223750067875,19881.93604099797,304.15002232890475
1777047111,100,,Aggregated,86.900000,0.000000,1200,1200,1200,1200,1200,1200,1400,1500,3000,10000,20000,71757,0,1200,1154.6082364031195,263.1223750067875,19881.93604099797,304.14979723232574
1777047112,100,,Aggregated,87.600000,0.000000,1200,1200,1200,1200,1200,1200,1400,1500,3000,10000,20000,71840,0,1200,1154.4918026685236,263.1223750067875,19881.93604099797,304.1497216035635
1777047113,100,,Aggregated,87.500000,0.000000,1200,1200,1200,1200,1200,1200,1400,1500,3000,10000,20000,71930,0,1200,1154.5549297041407,263.1223750067875,19881.93604099797,304.14992353677184
1777047114,100,,Aggregated,87.000000,0.000000,1200,1200,1200,1200,1200,1200,1400,1500,2900,10000,20000,72018,0,1200,1154.5065689206551,263.1223750067875,19881.93604099797,304.15024021772336
1777047115,100,,Aggregated,86.700000,0.000000,1200,1200,1200,1200,1200,1200,1400,1500,2900,10000,20000,72110,0,1200,1154.4493827836325,263.1223750067875,19881.93604099797,304.15057550963803
1777047116,100,,Aggregated,87.100000,0.000000,1200,1200,1200,1200,1200,1200,1400,1500,2900,10000,20000,72188,0,1200,1154.437092376059,263.1223750067875,19881.93604099797,304.15055133817253
1777047117,100,,Aggregated,88.000000,0.000000,1200,1200,1200,1200,1200,1200,1400,1500,2900,10000,20000,72269,0,1200,1154.4972697235296,263.1223750067875,19881.93604099797,304.1507008537547
1777047118,100,,Aggregated,87.200000,0.000000,1200,1200,1200,1200,1200,1200,1400,1500,2900,10000,20000,72373,0,1200,1154.3981531611214,263.1223750067875,19881.93604099797,304.150733008166
1777047119,100,,Aggregated,86.600000,0.000000,1200,1200,1200,1200,1200,1200,1400,1500,2900,10000,20000,72459,0,1200,1154.359641668927,263.1223750067875,19881.93604099797,304.150802522806
1777047120,100,,Aggregated,87.600000,0.000000,1200,1200,1200,1200,1200,1200,1400,1500,2900,10000,20000,72546,0,1200,1154.3601093089876,263.1223750067875,19881.93604099797,304.1509111460315
1777047121,100,,Aggregated,87.500000,0.000000,1200,1200,1200,1200,1200,1200,1400,1500,2900,10000,20000,72627,0,1200,1154.357111437108,263.1223750067875,19881.93604099797,304.1509218334779
1777047122,100,,Aggregated,87.500000,0.000000,1200,1200,1200,1200,1200,1200,1400,1500,2900,10000,20000,72718,0,1200,1154.3627144134007,263.1223750067875,19881.93604099797,304.1508017272202
1777047123,100,,Aggregated,88.600000,0.000000,1200,1200,1200,1200,1200,1200,1400,1500,2900,10000,20000,72807,0,1200,1154.3742850288247,263.1223750067875,19881.93604099797,304.15109810869836
1777047124,100,,Aggregated,87.300000,0.000000,1200,1200,1200,1200,1200,1200,1400,1500,2900,10000,20000,72894,0,1200,1154.3574742760945,263.1223750067875,19881.93604099797,304.1509589266606
1777047125,100,,Aggregated,87.600000,0.000000,1200,1200,1200,1200,1200,1200,1400,1500,2900,10000,20000,72982,0,1200,1154.353217354409,263.1223750067875,19881.93604099797,304.1512427721904
1777047126,100,,Aggregated,87.100000,0.000000,1200,1200,1200,1200,1200,1200,1400,1500,2600,10000,20000,73069,0,1200,1154.3434296367031,263.1223750067875,19881.93604099797,304.15124060819227
1777047127,100,,Aggregated,86.900000,0.000000,1200,1200,1200,1200,1200,1200,1400,1500,2600,10000,20000,73156,0,1200,1154.3303391496945,263.1223750067875,19881.93604099797,304.1511017551534
1777047128,100,,Aggregated,86.800000,0.000000,1200,1200,1200,1200,1200,1200,1400,1500,2600,10000,20000,73243,0,1200,1154.3254759937502,263.1223750067875,19881.93604099797,304.1511270701637
1777047129,100,,Aggregated,87.400000,0.000000,1200,1200,1200,1200,1200,1200,1400,1500,2600,10000,20000,73319,0,1200,1154.3606107836608,263.1223750067875,19881.93604099797,304.15094313888625
1777047130,100,,Aggregated,86.900000,0.000000,1200,1200,1200,1200,1200,1200,1400,1500,2600,10000,20000,73413,0,1200,1154.3528588840957,263.1223750067875,19881.93604099797,304.150940569109
1777047131,100,,Aggregated,86.600000,0.000000,1200,1200,1200,1200,1200,1200,1400,1500,2600,10000,20000,73502,0,1200,1154.3825802485103,263.1223750067875,19881.93604099797,304.15123398002777
1777047132,100,,Aggregated,85.900000,0.000000,1200,1200,1200,1200,1200,1200,1400,1500,2600,10000,20000,73591,0,1200,1154.4096756567787,263.1223750067875,19881.93604099797,304.1511461999429
1777047133,100,,Aggregated,86.100000,0.000000,1200,1200,1200,1200,1200,1200,1400,1500,2600,10000,20000,73667,0,1200,1154.4182446256928,263.1223750067875,19881.93604099797,304.1510174162108
1777047134,100,,Aggregated,85.900000,0.000000,1200,1200,1200,1200,1200,1200,1400,1500,2600,10000,20000,73764,0,1200,1154.4245494466268,263.1223750067875,19881.93604099797,304.1509950653435
1777047135,100,,Aggregated,86.300000,0.000000,1200,1200,1200,1200,1200,1200,1400,1500,2600,10000,20000,73853,0,1200,1154.3130155658648,263.1223750067875,19881.93604099797,304.1508537229361
1777047136,100,,Aggregated,85.600000,0.000000,1200,1200,1200,1200,1200,1200,1400,1500,2600,10000,20000,73940,0,1200,1154.3056930322377,263.1223750067875,19881.93604099797,304.15101433594805
1777047137,100,,Aggregated,86.700000,0.000000,1200,1200,1200,1200,1200,1200,1400,1500,2600,10000,20000,74027,0,1200,1154.3021404168016,263.1223750067875,19881.93604099797,304.1510394855931
1777047138,100,,Aggregated,87.200000,0.000000,1200,1200,1200,1200,1200,1200,1400,1500,2600,10000,20000,74115,0,1200,1154.3035586488354,263.1223750067875,19881.93604099797,304.15086014976725
1777047139,100,,Aggregated,86.200000,0.000000,1200,1200,1200,1200,1200,1200,1400,1500,2600,10000,20000,74200,0,1200,1154.308775093214,263.1223750067875,19881.93604099797,304.1506469002695
1777047140,100,,Aggregated,86.400000,0.000000,1200,1200,1200,1200,1200,1200,1400,1500,2600,10000,20000,74286,0,1200,1154.3118142696399,263.1223750067875,19881.93604099797,304.1502571143957
1777047141,100,,Aggregated,86.700000,0.000000,1200,1200,1200,1200,1200,1200,1400,1500,2600,10000,20000,74375,0,1200,1154.3197080022244,263.1223750067875,19881.93604099797,304.14992941176473
1777047142,100,,Aggregated,87.500000,0.000000,1200,1200,1200,1200,1200,1200,1400,1500,2600,10000,20000,74457,0,1200,1154.3110826635314,263.1223750067875,19881.93604099797,304.1501134883221
1777047143,100,,Aggregated,87.100000,0.000000,1200,1200,1200,1200,1200,1200,1400,1500,2600,10000,20000,74546,0,1200,1154.3932108832562,263.1223750067875,19881.93604099797,304.1503232903174
1777047144,100,,Aggregated,87.400000,0.000000,1200,1200,1200,1200,1200,1200,1400,1500,2600,10000,20000,74626,0,1200,1154.3282606828088,263.1223750067875,19881.93604099797,304.1501085412591
1777047145,100,,Aggregated,86.100000,0.000000,1200,1200,1200,1200,1200,1200,1400,1500,2600,10000,20000,74715,0,1200,1154.3352081215155,263.1223750067875,19881.93604099797,304.1501840326574
1777047146,100,,Aggregated,87.600000,0.000000,1200,1200,1200,1200,1200,1200,1400,1500,2600,10000,20000,74800,0,1200,1154.389852702273,263.1223750067875,19881.93604099797,304.1501871657754
1777047147,100,,Aggregated,86.500000,0.000000,1200,1200,1200,1200,1200,1200,1400,1500,2600,10000,20000,74887,0,1200,1154.4376420552446,263.1223750067875,19881.93604099797,304.15005274613753
1777047148,100,,Aggregated,85.900000,0.000000,1200,1200,1200,1200,1200,1200,1400,1500,2600,10000,20000,74980,0,1200,1154.4221124634453,263.1223750067875,19881.93604099797,304.15049346492395
1777047149,100,,Aggregated,86.600000,0.000000,1200,1200,1200,1200,1200,1200,1400,1500,2600,10000,20000,75058,0,1200,1154.410875977154,263.1223750067875,19881.93604099797,304.15068347144876
1777047150,100,,Aggregated,85.300000,0.000000,1200,1200,1200,1200,1200,1200,1400,1500,2600,10000,20000,75145,0,1200,1154.4301687822256,263.1223750067875,19881.93604099797,304.1506021691397
1777047151,100,,Aggregated,86.100000,0.000000,1200,1200,1200,1200,1200,1200,1400,1500,2600,10000,20000,75243,0,1200,1154.418709833639,263.1223750067875,19881.93604099797,304.1506186622011
1777047152,100,,Aggregated,85.800000,0.000000,1200,1200,1200,1200,1200,1200,1400,1500,2600,10000,20000,75330,0,1200,1154.315407028178,263.1223750067875,19881.93604099797,304.1507500331873
1777047153,100,,Aggregated,85.900000,0.000000,1200,1200,1200,1200,1200,1200,1400,1500,2600,10000,20000,75416,0,1200,1154.3173048289011,263.1223750067875,19881.93604099797,304.15063116580035
1777047154,100,,Aggregated,86.400000,0.000000,1200,1200,1200,1200,1200,1200,1400,1500,2600,10000,20000,75504,0,1200,1154.319989610611,263.1223750067875,19881.93604099797,304.1506145369782
1777047155,100,,Aggregated,87.500000,0.000000,1200,1200,1200,1200,1200,1200,1400,1500,2600,10000,20000,75591,0,1200,1154.318022301777,263.1223750067875,19881.93604099797,304.1508248336442
1777047156,100,,Aggregated,86.600000,0.000000,1200,1200,1200,1200,1200,1200,1400,1500,2600,10000,20000,75671,0,1200,1154.318056312611,263.1223750067875,19881.93604099797,304.1507182408056
1777047157,100,,Aggregated,86.500000,0.000000,1200,1200,1200,1200,1200,1200,1400,1500,2600,10000,20000,75760,0,1200,1154.325985026528,263.1223750067875,19881.93604099797,304.1506599788807
1777047158,100,,Aggregated,87.100000,0.000000,1200,1200,1200,1200,1200,1200,1400,1500,2600,10000,20000,75844,0,1200,1154.3831320723823,263.1223750067875,19881.93604099797,304.15062496703763
1777047159,100,,Aggregated,87.100000,0.000000,1200,1200,1200,1200,1200,1200,1400,1500,2600,10000,20000,75937,0,1200,1154.3497581139206,263.1223750067875,19881.93604099797,304.1505063407825
1777047160,100,,Aggregated,88.000000,0.000000,1200,1200,1200,1200,1200,1200,1400,1500,2500,10000,20000,76023,0,1200,1154.3570660488099,263.1223750067875,19881.93604099797,304.15038869815714
1777047161,100,,Aggregated,85.800000,0.000000,1200,1200,1200,1200,1200,1200,1400,1500,2500,10000,20000,76110,0,1200,1154.3525481986687,263.1223750067875,19881.93604099797,304.15059781894627
1777047162,100,,Aggregated,87.000000,0.000000,1200,1200,1200,1200,1200,1200,1400,1500,2500,10000,20000,76188,0,1200,1154.3430304453161,263.1223750067875,19881.93604099797,304.15067989709667
1777047163,100,,Aggregated,86.800000,0.000000,1200,1200,1200,1200,1200,1200,1400,1500,2500,10000,20000,76285,0,1200,1154.388862667218,263.1223750067875,19881.93604099797,304.15058006161104
1777047164,100,,Aggregated,86.400000,0.000000,1200,1200,1200,1200,1200,1200,1400,1500,2500,10000,20000,76361,0,1200,1154.3672770702033,263.1223750067875,19881.93604099797,304.15061353308624
1777047165,100,,Aggregated,85.100000,0.000000,1200,1200,1200,1200,1200,1200,1400,1500,2500,10000,20000,76453,0,1200,1154.350122138004,263.1223750067875,19881.93604099797,304.1506677305011
1777047166,100,,Aggregated,86.500000,0.000000,1200,1200,1200,1200,1200,1200,1400,1500,2500,10000,20000,76539,0,1200,1154.339344239377,263.1223750067875,19881.93604099797,304.15057683011275
1777047167,100,,Aggregated,86.700000,0.000000,1200,1200,1200,1200,1200,1200,1400,1500,2500,10000,20000,76627,0,1200,1154.4002140354798,263.1223750067875,19881.93604099797,304.15050830647164
1777047169,100,,Aggregated,85.600000,0.000000,1200,1200,1200,1200,1200,1200,1400,1500,2500,10000,20000,76722,0,1200,1154.3858432074333,263.1223750067875,19881.93604099797,304.1504653163369
1777047170,100,,Aggregated,85.700000,0.000000,1200,1200,1200,1200,1200,1200,1400,1500,2500,10000,20000,76805,0,1200,1154.2961965038437,263.1223750067875,19881.93604099797,304.1506021743376
1777047171,100,,Aggregated,85.700000,0.000000,1200,1200,1200,1200,1200,1200,1400,1500,2500,10000,20000,76896,0,1200,1154.2854716659724,263.1223750067875,19881.93604099797,304.1505669995839
1777047172,100,,Aggregated,86.400000,0.000000,1200,1200,1200,1200,1200,1200,1400,1500,2500,10000,20000,76984,0,1200,1154.3160781891365,263.1223750067875,19881.93604099797,304.15062870206793
1777047173,100,,Aggregated,87.100000,0.000000,1200,1200,1200,1200,1200,1200,1400,1500,2500,10000,20000,77071,0,1200,1154.2742704608415,263.1223750067875,19881.93604099797,304.1505754434223
1777047174,100,,Aggregated,86.900000,0.000000,1200,1200,1200,1200,1200,1200,1400,1500,2500,10000,20000,77160,0,1200,1154.2614189463252,263.1223750067875,19881.93604099797,304.150699844479
1777047175,100,,Aggregated,88.200000,0.000000,1200,1200,1200,1200,1200,1200,1400,1500,2500,10000,20000,77248,0,1200,1154.2466078989946,263.1223750067875,19881.93604099797,304.15068351284174
1777047176,100,,Aggregated,87.100000,0.000000,1200,1200,1200,1200,1200,1200,1400,1500,2500,10000,20000,77334,0,1200,1154.2457248529063,263.1223750067875,19881.93604099797,304.1505935293661
